device_id,device_type,os
1,Mobile,Windows
2,Mobile,iOS
3,Mobile,macOS
4,Mobile,iOS
5,Desktop,Android
6,Desktop,iOS
7,Mobile,Android
8,Mobile,Windows
9,Mobile,Android
10,Mobile,Windows
11,Desktop,Android
12,Mobile,iOS
13,Mobile,Android
14,Mobile,Android
15,Mobile,Windows
16,Mobile,macOS
17,Mobile,Android
18,Mobile,iOS
19,Desktop,Windows
20,Mobile,Android
21,Mobile,Windows
22,Desktop,iOS
23,Mobile,Windows
24,Mobile,Android
25,Desktop,macOS
26,Desktop,Windows
27,Desktop,macOS
28,Desktop,iOS
29,Mobile,Android
30,Mobile,Android
31,Mobile,iOS
32,Desktop,Android
33,Mobile,Android
34,Mobile,iOS
35,Mobile,iOS
36,Mobile,Windows
37,Mobile,Windows
38,Desktop,Windows
39,Tablet,Windows
40,Desktop,macOS
41,Desktop,iOS
42,Mobile,Android
43,Desktop,Android
44,Mobile,Android
45,Mobile,macOS
46,Desktop,iOS
47,Desktop,Android
48,Mobile,macOS
49,Mobile,iOS
50,Mobile,Android
51,Desktop,Windows
52,Mobile,macOS
53,Desktop,Android
54,Mobile,Windows
55,Mobile,iOS
56,Mobile,Windows
57,Mobile,Android
58,Desktop,Android
59,Tablet,Android
60,Tablet,Android
61,Mobile,iOS
62,Mobile,Android
63,Desktop,Android
64,Mobile,Windows
65,Mobile,macOS
66,Mobile,Android
67,Mobile,iOS
68,Tablet,Android
69,Mobile,Windows
70,Desktop,iOS
71,Mobile,iOS
72,Desktop,Windows
73,Mobile,Windows
74,Mobile,iOS
75,Tablet,Windows
76,Mobile,macOS
77,Mobile,iOS
78,Mobile,iOS
79,Tablet,Android
80,Desktop,Android
81,Mobile,Windows
82,Desktop,Android
83,Tablet,Windows
84,Mobile,Android
85,Mobile,macOS
86,Mobile,iOS
87,Mobile,iOS
88,Mobile,Android
89,Desktop,Windows
90,Mobile,Windows
91,Desktop,Windows
92,Desktop,iOS
93,Mobile,macOS
94,Mobile,Android
95,Desktop,Android
96,Mobile,Windows
97,Mobile,iOS
98,Mobile,iOS
99,Mobile,Windows
100,Desktop,iOS
101,Mobile,iOS
102,Mobile,Windows
103,Mobile,Android
104,Mobile,Android
105,Tablet,Android
106,Mobile,iOS
107,Mobile,iOS
108,Desktop,Android
109,Mobile,Android
110,Mobile,Android
111,Mobile,iOS
112,Tablet,Android
113,Mobile,iOS
114,Mobile,Android
115,Tablet,iOS
116,Mobile,Windows
117,Desktop,macOS
118,Mobile,macOS
119,Mobile,Android
120,Mobile,macOS
121,Mobile,iOS
122,Desktop,Windows
123,Mobile,iOS
124,Mobile,Windows
125,Mobile,macOS
126,Desktop,Windows
127,Tablet,Android
128,Mobile,Android
129,Desktop,Android
130,Desktop,Windows
131,Desktop,Android
132,Mobile,macOS
133,Desktop,Windows
134,Mobile,Android
135,Tablet,Windows
136,Mobile,iOS
137,Mobile,Android
138,Desktop,macOS
139,Desktop,iOS
140,Mobile,Android
141,Desktop,Windows
142,Desktop,Android
143,Desktop,macOS
144,Mobile,Android
145,Mobile,macOS
146,Mobile,Android
147,Desktop,iOS
148,Tablet,Android
149,Mobile,Android
150,Mobile,macOS
151,Mobile,Android
152,Desktop,Windows
153,Desktop,iOS
154,Mobile,iOS
155,Desktop,Android
156,Desktop,Windows
157,Mobile,Android
158,Mobile,Windows
159,Mobile,Android
160,Desktop,Android
161,Mobile,iOS
162,Desktop,Windows
163,Mobile,Android
164,Desktop,Windows
165,Desktop,Android
166,Desktop,iOS
167,Mobile,Android
168,Desktop,iOS
169,Mobile,Android
170,Mobile,iOS
171,Mobile,Windows
172,Tablet,Windows
173,Desktop,macOS
174,Mobile,iOS
175,Mobile,Windows
176,Mobile,Windows
177,Tablet,Windows
178,Tablet,Windows
179,Mobile,Android
180,Mobile,Android
181,Mobile,Windows
182,Desktop,Android
183,Mobile,Windows
184,Tablet,Android
185,Mobile,Android
186,Mobile,Android
187,Tablet,macOS
188,Tablet,iOS
189,Desktop,Android
190,Mobile,Windows
191,Tablet,Windows
192,Mobile,Windows
193,Mobile,Android
194,Mobile,Windows
195,Desktop,macOS
196,Desktop,Windows
197,Mobile,Android
198,Mobile,Android
199,Desktop,macOS
200,Mobile,iOS
201,Tablet,macOS
202,Tablet,iOS
203,Mobile,Windows
204,Desktop,iOS
205,Mobile,macOS
206,Mobile,Android
207,Mobile,Android
208,Desktop,Android
209,Mobile,iOS
210,Mobile,Android
211,Mobile,Android
212,Desktop,iOS
213,Mobile,Android
214,Mobile,Android
215,Desktop,Android
216,Mobile,iOS
217,Mobile,Android
218,Mobile,Android
219,Mobile,Android
220,Mobile,Android
221,Tablet,iOS
222,Mobile,Windows
223,Desktop,Windows
224,Tablet,Android
225,Mobile,Android
226,Desktop,iOS
227,Desktop,Windows
228,Mobile,Android
229,Desktop,macOS
230,Mobile,Android
231,Mobile,Android
232,Tablet,Android
233,Mobile,Android
234,Desktop,Windows
235,Mobile,Windows
236,Mobile,Android
237,Mobile,Android
238,Desktop,Windows
239,Mobile,macOS
240,Desktop,iOS
241,Mobile,Android
242,Mobile,iOS
243,Desktop,iOS
244,Mobile,Android
245,Desktop,Windows
246,Desktop,Android
247,Mobile,Android
248,Mobile,Android
249,Mobile,Windows
250,Desktop,Android
251,Desktop,Android
252,Mobile,iOS
253,Mobile,Windows
254,Mobile,Android
255,Desktop,Windows
256,Mobile,iOS
257,Mobile,macOS
258,Desktop,Windows
259,Desktop,Windows
260,Mobile,iOS
261,Desktop,iOS
262,Mobile,Windows
263,Mobile,Android
264,Tablet,iOS
265,Mobile,Android
266,Desktop,iOS
267,Mobile,Windows
268,Mobile,iOS
269,Mobile,Android
270,Desktop,iOS
271,Mobile,iOS
272,Mobile,iOS
273,Mobile,Windows
274,Desktop,Windows
275,Mobile,Android
276,Desktop,Android
277,Desktop,Android
278,Mobile,iOS
279,Mobile,iOS
280,Desktop,iOS
281,Desktop,Windows
282,Mobile,iOS
283,Mobile,Windows
284,Mobile,macOS
285,Desktop,macOS
286,Desktop,Android
287,Mobile,iOS
288,Mobile,iOS
289,Mobile,iOS
290,Desktop,Windows
291,Mobile,Windows
292,Mobile,iOS
293,Mobile,iOS
294,Mobile,Android
295,Tablet,Android
296,Tablet,iOS
297,Mobile,Windows
298,Tablet,Android
299,Mobile,Android
300,Desktop,iOS
301,Desktop,iOS
302,Mobile,Android
303,Desktop,macOS
304,Desktop,iOS
305,Tablet,iOS
306,Mobile,iOS
307,Mobile,Android
308,Mobile,iOS
309,Mobile,macOS
310,Tablet,Android
311,Mobile,macOS
312,Mobile,Windows
313,Mobile,iOS
314,Desktop,Android
315,Tablet,Android
316,Mobile,macOS
317,Tablet,Windows
318,Mobile,iOS
319,Desktop,macOS
320,Desktop,iOS
321,Mobile,Android
322,Mobile,Windows
323,Mobile,Android
324,Mobile,Windows
325,Desktop,Windows
326,Tablet,Android
327,Mobile,iOS
328,Mobile,Windows
329,Mobile,Android
330,Mobile,macOS
331,Mobile,iOS
332,Mobile,Android
333,Desktop,macOS
334,Mobile,macOS
335,Desktop,iOS
336,Mobile,Windows
337,Mobile,Android
338,Mobile,iOS
339,Desktop,iOS
340,Tablet,iOS
341,Mobile,Windows
342,Mobile,iOS
343,Mobile,Android
344,Mobile,Windows
345,Mobile,Android
346,Desktop,iOS
347,Mobile,Android
348,Desktop,Android
349,Mobile,Android
350,Mobile,Android
351,Tablet,Windows
352,Desktop,iOS
353,Mobile,Windows
354,Mobile,Windows
355,Desktop,Android
356,Mobile,Windows
357,Mobile,Android
358,Mobile,Android
359,Mobile,Android
360,Mobile,Android
361,Mobile,Windows
362,Desktop,iOS
363,Tablet,iOS
364,Mobile,iOS
365,Mobile,Windows
366,Desktop,macOS
367,Desktop,iOS
368,Mobile,iOS
369,Mobile,Android
370,Mobile,Android
371,Mobile,Windows
372,Desktop,Android
373,Desktop,Android
374,Mobile,Android
375,Desktop,iOS
376,Mobile,Android
377,Mobile,Windows
378,Mobile,Windows
379,Mobile,Android
380,Desktop,Android
381,Mobile,macOS
382,Desktop,iOS
383,Mobile,Android
384,Mobile,Android
385,Mobile,iOS
386,Mobile,Windows
387,Mobile,Windows
388,Mobile,Android
389,Mobile,Android
390,Mobile,Android
391,Mobile,Android
392,Mobile,Windows
393,Mobile,iOS
394,Desktop,iOS
395,Mobile,Android
396,Mobile,Windows
397,Mobile,Android
398,Mobile,macOS
399,Desktop,Windows
400,Mobile,iOS
401,Mobile,macOS
402,Desktop,Windows
403,Desktop,Android
404,Mobile,iOS
405,Mobile,Android
406,Mobile,iOS
407,Mobile,Android
408,Mobile,Android
409,Mobile,macOS
410,Mobile,iOS
411,Desktop,iOS
412,Mobile,Android
413,Mobile,iOS
414,Mobile,macOS
415,Mobile,Android
416,Mobile,Android
417,Desktop,Android
418,Desktop,iOS
419,Mobile,Windows
420,Mobile,Android
421,Desktop,Windows
422,Desktop,iOS
423,Mobile,Android
424,Desktop,Windows
425,Desktop,iOS
426,Mobile,iOS
427,Desktop,Android
428,Mobile,iOS
429,Tablet,Windows
430,Desktop,iOS
431,Mobile,Android
432,Desktop,Windows
433,Mobile,Android
434,Desktop,iOS
435,Mobile,Windows
436,Desktop,Android
437,Mobile,Android
438,Desktop,iOS
439,Mobile,Windows
440,Mobile,iOS
441,Mobile,Windows
442,Desktop,iOS
443,Mobile,macOS
444,Desktop,iOS
445,Desktop,Android
446,Mobile,macOS
447,Desktop,macOS
448,Mobile,macOS
449,Mobile,iOS
450,Desktop,Android
451,Desktop,Android
452,Mobile,Android
453,Mobile,iOS
454,Tablet,Android
455,Mobile,Windows
456,Mobile,Windows
457,Desktop,iOS
458,Mobile,iOS
459,Mobile,Android
460,Desktop,Windows
461,Tablet,Android
462,Desktop,Android
463,Desktop,iOS
464,Mobile,iOS
465,Mobile,Android
466,Mobile,Windows
467,Desktop,Android
468,Mobile,iOS
469,Mobile,iOS
470,Mobile,Windows
471,Desktop,Android
472,Mobile,Windows
473,Mobile,Android
474,Desktop,Android
475,Mobile,Android
476,Desktop,Android
477,Mobile,macOS
478,Desktop,Windows
479,Tablet,Android
480,Mobile,Android
481,Mobile,iOS
482,Mobile,macOS
483,Mobile,iOS
484,Mobile,Windows
485,Mobile,iOS
486,Tablet,iOS
487,Mobile,Windows
488,Desktop,Android
489,Mobile,iOS
490,Mobile,Windows
491,Desktop,iOS
492,Desktop,Windows
493,Mobile,Android
494,Mobile,Android
495,Mobile,iOS
496,Desktop,Windows
497,Mobile,iOS
498,Mobile,macOS
499,Desktop,Android
500,Desktop,macOS
501,Mobile,iOS
502,Mobile,iOS
503,Desktop,Android
504,Desktop,Android
505,Mobile,Android
506,Mobile,Windows
507,Desktop,macOS
508,Mobile,Windows
509,Mobile,iOS
510,Mobile,Android
511,Desktop,Android
512,Mobile,Android
513,Desktop,Android
514,Desktop,Windows
515,Desktop,Windows
516,Desktop,macOS
517,Mobile,iOS
518,Mobile,Android
519,Desktop,Windows
520,Mobile,iOS
521,Desktop,Android
522,Desktop,Windows
523,Mobile,iOS
524,Desktop,Android
525,Mobile,iOS
526,Tablet,Android
527,Mobile,Windows
528,Mobile,macOS
529,Mobile,Windows
530,Mobile,Windows
531,Mobile,Android
532,Mobile,Android
533,Desktop,macOS
534,Mobile,macOS
535,Desktop,iOS
536,Mobile,Android
537,Mobile,Android
538,Tablet,Android
539,Mobile,Android
540,Desktop,Android
541,Desktop,iOS
542,Mobile,Android
543,Tablet,iOS
544,Mobile,iOS
545,Desktop,Windows
546,Mobile,Android
547,Desktop,macOS
548,Desktop,Android
549,Mobile,Windows
550,Mobile,Android
551,Tablet,Windows
552,Mobile,iOS
553,Mobile,iOS
554,Mobile,macOS
555,Mobile,macOS
556,Mobile,Windows
557,Desktop,iOS
558,Tablet,iOS
559,Mobile,macOS
560,Mobile,iOS
561,Mobile,Android
562,Desktop,Android
563,Mobile,iOS
564,Mobile,Android
565,Mobile,Android
566,Desktop,iOS
567,Desktop,iOS
568,Desktop,Windows
569,Desktop,Windows
570,Mobile,Android
571,Mobile,Android
572,Desktop,iOS
573,Mobile,Android
574,Mobile,Windows
575,Desktop,iOS
576,Mobile,macOS
577,Desktop,Android
578,Mobile,Android
579,Mobile,iOS
580,Desktop,iOS
581,Desktop,iOS
582,Mobile,Android
583,Mobile,macOS
584,Tablet,Android
585,Mobile,iOS
586,Desktop,Android
587,Desktop,Android
588,Mobile,Android
589,Mobile,Windows
590,Desktop,Android
591,Mobile,iOS
592,Mobile,Windows
593,Mobile,Android
594,Desktop,Android
595,Tablet,Windows
596,Mobile,Android
597,Mobile,iOS
598,Mobile,Android
599,Desktop,iOS
600,Desktop,Android
601,Tablet,Android
602,Mobile,iOS
603,Mobile,Android
604,Mobile,Android
605,Mobile,iOS
606,Tablet,iOS
607,Mobile,iOS
608,Tablet,iOS
609,Mobile,Windows
610,Mobile,iOS
611,Mobile,iOS
612,Mobile,iOS
613,Desktop,Android
614,Desktop,iOS
615,Mobile,Android
616,Mobile,Windows
617,Mobile,Android
618,Mobile,Android
619,Mobile,Android
620,Desktop,iOS
621,Mobile,Android
622,Desktop,Android
623,Mobile,Android
624,Mobile,Android
625,Mobile,Windows
626,Mobile,Android
627,Desktop,Android
628,Desktop,Android
629,Mobile,iOS
630,Mobile,Android
631,Desktop,Windows
632,Desktop,macOS
633,Desktop,Windows
634,Desktop,Android
635,Mobile,Android
636,Desktop,Windows
637,Mobile,Android
638,Mobile,Android
639,Desktop,iOS
640,Mobile,iOS
641,Tablet,Android
642,Desktop,Android
643,Mobile,Windows
644,Desktop,iOS
645,Desktop,iOS
646,Mobile,Android
647,Mobile,iOS
648,Desktop,iOS
649,Mobile,Android
650,Desktop,Windows
651,Desktop,Android
652,Desktop,iOS
653,Desktop,Windows
654,Mobile,Android
655,Mobile,Windows
656,Tablet,iOS
657,Tablet,Windows
658,Mobile,Android
659,Mobile,Android
660,Mobile,iOS
661,Desktop,Windows
662,Mobile,Android
663,Desktop,Windows
664,Mobile,macOS
665,Desktop,iOS
666,Tablet,Android
667,Tablet,iOS
668,Desktop,Android
669,Mobile,Windows
670,Mobile,Android
671,Mobile,Windows
672,Tablet,macOS
673,Mobile,Windows
674,Desktop,Android
675,Mobile,Android
676,Tablet,iOS
677,Tablet,macOS
678,Mobile,iOS
679,Mobile,iOS
680,Mobile,Android
681,Desktop,Android
682,Desktop,Android
683,Mobile,Android
684,Desktop,Android
685,Desktop,Android
686,Mobile,Android
687,Desktop,Android
688,Mobile,Windows
689,Mobile,Android
690,Mobile,Android
691,Mobile,iOS
692,Mobile,macOS
693,Mobile,iOS
694,Desktop,Windows
695,Mobile,Windows
696,Mobile,Android
697,Mobile,iOS
698,Mobile,Android
699,Mobile,iOS
700,Mobile,Android
701,Mobile,Android
702,Mobile,macOS
703,Tablet,iOS
704,Tablet,Android
705,Mobile,Windows
706,Mobile,macOS
707,Mobile,Android
708,Mobile,Android
709,Desktop,Android
710,Desktop,Android
711,Desktop,Android
712,Mobile,iOS
713,Mobile,Windows
714,Mobile,iOS
715,Mobile,Android
716,Mobile,iOS
717,Desktop,Android
718,Mobile,macOS
719,Mobile,iOS
720,Desktop,iOS
721,Desktop,Android
722,Mobile,Android
723,Mobile,Android
724,Desktop,Android
725,Mobile,iOS
726,Mobile,Windows
727,Mobile,Windows
728,Mobile,iOS
729,Desktop,Android
730,Desktop,Android
731,Mobile,Windows
732,Desktop,macOS
733,Mobile,Android
734,Mobile,macOS
735,Mobile,Windows
736,Desktop,iOS
737,Mobile,iOS
738,Mobile,Windows
739,Desktop,macOS
740,Mobile,iOS
741,Mobile,iOS
742,Desktop,Windows
743,Mobile,Windows
744,Mobile,macOS
745,Mobile,Android
746,Mobile,Windows
747,Mobile,macOS
748,Mobile,Android
749,Mobile,Android
750,Desktop,macOS
751,Desktop,iOS
752,Mobile,iOS
753,Mobile,Android
754,Mobile,Android
755,Desktop,Windows
756,Mobile,Android
757,Mobile,iOS
758,Desktop,iOS
759,Mobile,Windows
760,Mobile,Android
761,Mobile,Android
762,Mobile,iOS
763,Desktop,Android
764,Mobile,Android
765,Mobile,Windows
766,Mobile,Android
767,Mobile,Android
768,Desktop,macOS
769,Mobile,Android
770,Mobile,iOS
771,Desktop,Android
772,Mobile,Windows
773,Mobile,Android
774,Mobile,Windows
775,Desktop,macOS
776,Mobile,Windows
777,Mobile,iOS
778,Mobile,Android
779,Mobile,macOS
780,Mobile,Windows
781,Mobile,Android
782,Mobile,Windows
783,Mobile,Windows
784,Mobile,iOS
785,Mobile,Android
786,Desktop,macOS
787,Mobile,macOS
788,Desktop,Android
789,Desktop,Android
790,Mobile,macOS
791,Tablet,Android
792,Mobile,Android
793,Mobile,Android
794,Tablet,iOS
795,Mobile,Windows
796,Mobile,Android
797,Mobile,iOS
798,Mobile,iOS
799,Mobile,Windows
800,Desktop,Android
801,Tablet,macOS
802,Desktop,Android
803,Desktop,Windows
804,Mobile,Windows
805,Mobile,Android
806,Mobile,iOS
807,Mobile,Android
808,Mobile,Android
809,Desktop,iOS
810,Desktop,iOS
811,Mobile,Android
812,Mobile,Windows
813,Mobile,macOS
814,Mobile,Windows
815,Desktop,macOS
816,Mobile,iOS
817,Tablet,Android
818,Desktop,Android
819,Desktop,macOS
820,Mobile,iOS
821,Mobile,Android
822,Desktop,macOS
823,Mobile,Android
824,Mobile,Windows
825,Desktop,Android
826,Mobile,Android
827,Mobile,iOS
828,Desktop,macOS
829,Mobile,Android
830,Mobile,Android
831,Desktop,Windows
832,Mobile,Android
833,Tablet,iOS
834,Mobile,Android
835,Mobile,Android
836,Mobile,iOS
837,Desktop,Android
838,Tablet,iOS
839,Mobile,iOS
840,Mobile,iOS
841,Mobile,Windows
842,Mobile,Android
843,Desktop,macOS
844,Mobile,Android
845,Desktop,macOS
846,Desktop,Windows
847,Tablet,iOS
848,Mobile,Windows
849,Mobile,iOS
850,Tablet,Android
851,Mobile,macOS
852,Mobile,Android
853,Mobile,Android
854,Mobile,Windows
855,Mobile,Android
856,Desktop,iOS
857,Mobile,Android
858,Desktop,Android
859,Mobile,iOS
860,Mobile,Android
861,Mobile,macOS
862,Desktop,Android
863,Desktop,Windows
864,Desktop,Android
865,Mobile,iOS
866,Desktop,Android
867,Desktop,Android
868,Desktop,iOS
869,Desktop,iOS
870,Desktop,Android
871,Desktop,Android
872,Desktop,Windows
873,Desktop,Android
874,Mobile,Windows
875,Desktop,Windows
876,Desktop,Android
877,Mobile,Windows
878,Mobile,Android
879,Mobile,iOS
880,Desktop,Android
881,Desktop,iOS
882,Desktop,Android
883,Mobile,iOS
884,Desktop,Windows
885,Mobile,Windows
886,Mobile,Windows
887,Mobile,Windows
888,Mobile,iOS
889,Mobile,iOS
890,Mobile,macOS
891,Desktop,macOS
892,Mobile,Android
893,Tablet,macOS
894,Mobile,iOS
895,Mobile,iOS
896,Desktop,Android
897,Mobile,macOS
898,Mobile,Android
899,Mobile,Windows
900,Mobile,iOS
901,Mobile,iOS
902,Mobile,iOS
903,Mobile,Android
904,Desktop,Android
905,Mobile,Android
906,Tablet,Windows
907,Mobile,iOS
908,Mobile,iOS
909,Desktop,Android
910,Mobile,Android
911,Mobile,Android
912,Tablet,Android
913,Desktop,iOS
914,Desktop,Android
915,Mobile,macOS
916,Desktop,Android
917,Mobile,Windows
918,Desktop,Android
919,Mobile,Android
920,Desktop,iOS
921,Mobile,Windows
922,Mobile,Android
923,Desktop,iOS
924,Desktop,Android
925,Desktop,Windows
926,Mobile,Windows
927,Mobile,iOS
928,Desktop,Android
929,Mobile,macOS
930,Mobile,iOS
931,Mobile,Android
932,Mobile,Android
933,Mobile,iOS
934,Tablet,iOS
935,Mobile,Windows
936,Mobile,iOS
937,Mobile,iOS
938,Mobile,Windows
939,Mobile,Android
940,Mobile,Android
941,Mobile,Android
942,Mobile,Android
943,Mobile,Windows
944,Mobile,Android
945,Tablet,iOS
946,Desktop,Android
947,Mobile,Android
948,Desktop,iOS
949,Tablet,iOS
950,Mobile,Android
951,Tablet,iOS
952,Desktop,Android
953,Mobile,Android
954,Desktop,Windows
955,Desktop,iOS
956,Mobile,Android
957,Mobile,Android
958,Mobile,Android
959,Mobile,Windows
960,Mobile,Android
961,Desktop,iOS
962,Desktop,Android
963,Mobile,Android
964,Mobile,iOS
965,Mobile,Windows
966,Mobile,Android
967,Tablet,Android
968,Mobile,iOS
969,Mobile,iOS
970,Mobile,Android
971,Mobile,Windows
972,Tablet,iOS
973,Desktop,macOS
974,Mobile,Android
975,Desktop,macOS
976,Desktop,iOS
977,Tablet,Android
978,Mobile,macOS
979,Mobile,iOS
980,Desktop,Windows
981,Desktop,macOS
982,Mobile,iOS
983,Desktop,macOS
984,Desktop,Windows
985,Mobile,macOS
986,Desktop,iOS
987,Desktop,Windows
988,Desktop,Windows
989,Desktop,Windows
990,Desktop,Android
991,Mobile,Android
992,Mobile,iOS
993,Mobile,Windows
994,Mobile,Windows
995,Desktop,iOS
996,Mobile,iOS
997,Tablet,Android
998,Mobile,Windows
999,Mobile,Windows
1000,Tablet,iOS
1001,Mobile,Windows
1002,Desktop,macOS
1003,Mobile,Android
1004,Desktop,Android
1005,Mobile,Windows
1006,Mobile,iOS
1007,Desktop,Android
1008,Mobile,Android
1009,Mobile,Android
1010,Mobile,iOS
1011,Desktop,Android
1012,Tablet,iOS
1013,Desktop,Windows
1014,Tablet,Android
1015,Desktop,macOS
1016,Mobile,Android
1017,Mobile,Android
1018,Desktop,iOS
1019,Desktop,iOS
1020,Desktop,Android
1021,Mobile,Android
1022,Desktop,iOS
1023,Desktop,Windows
1024,Mobile,Android
1025,Tablet,Android
1026,Desktop,iOS
1027,Mobile,iOS
1028,Tablet,iOS
1029,Mobile,Android
1030,Mobile,iOS
1031,Mobile,Windows
1032,Mobile,Android
1033,Desktop,Windows
1034,Desktop,iOS
1035,Desktop,Android
1036,Mobile,iOS
1037,Mobile,Android
1038,Tablet,Android
1039,Mobile,Android
1040,Desktop,Windows
1041,Mobile,Windows
1042,Mobile,iOS
1043,Mobile,macOS
1044,Mobile,iOS
1045,Tablet,Windows
1046,Desktop,Android
1047,Mobile,iOS
1048,Mobile,macOS
1049,Mobile,Windows
1050,Mobile,macOS
1051,Mobile,Android
1052,Mobile,Android
1053,Mobile,iOS
1054,Desktop,macOS
1055,Mobile,iOS
1056,Mobile,Windows
1057,Mobile,iOS
1058,Mobile,Android
1059,Mobile,iOS
1060,Mobile,Android
1061,Desktop,Windows
1062,Mobile,iOS
1063,Mobile,Android
1064,Mobile,Android
1065,Desktop,Android
1066,Mobile,Android
1067,Mobile,Android
1068,Desktop,Windows
1069,Desktop,iOS
1070,Mobile,macOS
1071,Desktop,iOS
1072,Desktop,Android
1073,Mobile,iOS
1074,Mobile,macOS
1075,Desktop,iOS
1076,Mobile,iOS
1077,Mobile,iOS
1078,Mobile,Android
1079,Desktop,iOS
1080,Desktop,Android
1081,Desktop,Windows
1082,Mobile,iOS
1083,Desktop,Android
1084,Tablet,Android
1085,Mobile,Android
1086,Desktop,Android
1087,Mobile,iOS
1088,Mobile,Windows
1089,Mobile,iOS
1090,Desktop,Windows
1091,Mobile,iOS
1092,Mobile,macOS
1093,Mobile,Android
1094,Mobile,Android
1095,Desktop,Windows
1096,Desktop,iOS
1097,Mobile,macOS
1098,Mobile,Android
1099,Mobile,Android
1100,Desktop,iOS
1101,Mobile,Android
1102,Mobile,iOS
1103,Tablet,iOS
1104,Desktop,Windows
1105,Mobile,Android
1106,Desktop,iOS
1107,Desktop,Android
1108,Mobile,iOS
1109,Mobile,macOS
1110,Desktop,Android
1111,Desktop,iOS
1112,Tablet,Android
1113,Mobile,Android
1114,Tablet,Windows
1115,Mobile,Android
1116,Desktop,Android
1117,Mobile,Android
1118,Desktop,Windows
1119,Mobile,Windows
1120,Mobile,iOS
1121,Mobile,Android
1122,Mobile,Android
1123,Mobile,macOS
1124,Mobile,macOS
1125,Mobile,Windows
1126,Desktop,Windows
1127,Desktop,Windows
1128,Mobile,macOS
1129,Mobile,Android
1130,Desktop,iOS
1131,Mobile,macOS
1132,Desktop,Android
1133,Desktop,Android
1134,Mobile,iOS
1135,Mobile,iOS
1136,Desktop,Windows
1137,Desktop,Windows
1138,Mobile,iOS
1139,Mobile,Android
1140,Desktop,Android
1141,Mobile,Android
1142,Mobile,Android
1143,Desktop,Android
1144,Mobile,Android
1145,Desktop,Windows
1146,Mobile,Android
1147,Desktop,macOS
1148,Tablet,Windows
1149,Mobile,Android
1150,Mobile,Android
1151,Mobile,macOS
1152,Desktop,iOS
1153,Desktop,Windows
1154,Mobile,Android
1155,Mobile,macOS
1156,Mobile,Android
1157,Mobile,Windows
1158,Mobile,Android
1159,Mobile,Windows
1160,Mobile,iOS
1161,Mobile,Android
1162,Mobile,Android
1163,Mobile,iOS
1164,Mobile,Android
1165,Tablet,Android
1166,Mobile,Windows
1167,Mobile,Windows
1168,Desktop,Android
1169,Mobile,Windows
1170,Mobile,Android
1171,Desktop,iOS
1172,Desktop,Windows
1173,Mobile,macOS
1174,Mobile,Windows
1175,Tablet,Android
1176,Mobile,iOS
1177,Mobile,Windows
1178,Desktop,iOS
1179,Desktop,iOS
1180,Mobile,Android
1181,Mobile,Android
1182,Desktop,Android
1183,Mobile,iOS
1184,Desktop,iOS
1185,Desktop,Windows
1186,Mobile,Android
1187,Desktop,iOS
1188,Desktop,Windows
1189,Desktop,Android
1190,Mobile,iOS
1191,Desktop,Windows
1192,Mobile,iOS
1193,Desktop,macOS
1194,Desktop,macOS
1195,Desktop,iOS
1196,Mobile,Android
1197,Desktop,iOS
1198,Desktop,macOS
1199,Mobile,Android
1200,Desktop,Android
1201,Mobile,Android
1202,Mobile,macOS
1203,Mobile,iOS
1204,Mobile,Windows
1205,Mobile,iOS
1206,Mobile,Windows
1207,Desktop,iOS
1208,Tablet,Android
1209,Mobile,Android
1210,Tablet,Android
1211,Desktop,Android
1212,Mobile,iOS
1213,Desktop,Android
1214,Desktop,iOS
1215,Mobile,Android
1216,Desktop,iOS
1217,Desktop,Android
1218,Desktop,Android
1219,Mobile,Android
1220,Desktop,iOS
1221,Mobile,iOS
1222,Mobile,Windows
1223,Mobile,iOS
1224,Desktop,Android
1225,Mobile,Windows
1226,Mobile,iOS
1227,Mobile,Windows
1228,Mobile,Windows
1229,Mobile,Windows
1230,Desktop,Android
1231,Tablet,Android
1232,Desktop,iOS
1233,Mobile,Windows
1234,Mobile,Android
1235,Mobile,Windows
1236,Mobile,macOS
1237,Mobile,Android
1238,Desktop,Windows
1239,Desktop,iOS
1240,Mobile,Windows
1241,Mobile,Android
1242,Desktop,iOS
1243,Mobile,macOS
1244,Desktop,Android
1245,Mobile,macOS
1246,Mobile,iOS
1247,Mobile,iOS
1248,Mobile,Windows
1249,Mobile,iOS
1250,Mobile,iOS
1251,Desktop,Android
1252,Desktop,macOS
1253,Mobile,macOS
1254,Tablet,iOS
1255,Desktop,iOS
1256,Mobile,iOS
1257,Mobile,Android
1258,Mobile,iOS
1259,Mobile,Android
1260,Mobile,Android
1261,Mobile,iOS
1262,Tablet,Android
1263,Mobile,Android
1264,Desktop,Windows
1265,Desktop,Android
1266,Desktop,Android
1267,Desktop,macOS
1268,Mobile,macOS
1269,Mobile,Android
1270,Mobile,iOS
1271,Desktop,Android
1272,Desktop,macOS
1273,Tablet,iOS
1274,Mobile,Windows
1275,Mobile,Windows
1276,Mobile,iOS
1277,Mobile,iOS
1278,Mobile,Android
1279,Mobile,Android
1280,Desktop,iOS
1281,Mobile,iOS
1282,Mobile,Android
1283,Mobile,Android
1284,Mobile,Windows
1285,Desktop,Android
1286,Mobile,Android
1287,Mobile,iOS
1288,Tablet,Android
1289,Mobile,Android
1290,Mobile,Android
1291,Mobile,Windows
1292,Mobile,macOS
1293,Desktop,Android
1294,Desktop,Android
1295,Desktop,Android
1296,Desktop,Android
1297,Desktop,Android
1298,Mobile,iOS
1299,Mobile,Android
1300,Mobile,iOS
1301,Mobile,Android
1302,Desktop,Windows
1303,Tablet,Android
1304,Tablet,macOS
1305,Mobile,Windows
1306,Tablet,macOS
1307,Mobile,Windows
1308,Desktop,Android
1309,Mobile,macOS
1310,Mobile,Android
1311,Mobile,Android
1312,Mobile,Android
1313,Desktop,Android
1314,Mobile,iOS
1315,Desktop,macOS
1316,Desktop,Windows
1317,Desktop,Android
1318,Mobile,iOS
1319,Mobile,Android
1320,Desktop,Android
1321,Mobile,iOS
1322,Mobile,Windows
1323,Mobile,Android
1324,Mobile,Windows
1325,Mobile,Windows
1326,Mobile,iOS
1327,Desktop,Windows
1328,Desktop,Windows
1329,Tablet,macOS
1330,Desktop,Android
1331,Mobile,Windows
1332,Mobile,Android
1333,Desktop,iOS
1334,Mobile,Windows
1335,Desktop,iOS
1336,Mobile,Android
1337,Mobile,Android
1338,Desktop,Windows
1339,Tablet,Android
1340,Desktop,Windows
1341,Mobile,Windows
1342,Desktop,Windows
1343,Mobile,iOS
1344,Mobile,Windows
1345,Tablet,Android
1346,Mobile,Windows
1347,Mobile,Android
1348,Mobile,Windows
1349,Tablet,Windows
1350,Mobile,iOS
1351,Desktop,Android
1352,Mobile,Android
1353,Desktop,macOS
1354,Mobile,Android
1355,Mobile,Android
1356,Mobile,Windows
1357,Mobile,Android
1358,Desktop,iOS
1359,Mobile,iOS
1360,Mobile,iOS
1361,Mobile,iOS
1362,Mobile,iOS
1363,Mobile,Android
1364,Mobile,iOS
1365,Tablet,Android
1366,Desktop,Android
1367,Desktop,Windows
1368,Mobile,macOS
1369,Mobile,Android
1370,Mobile,iOS
1371,Mobile,Android
1372,Desktop,Android
1373,Desktop,Windows
1374,Desktop,Android
1375,Desktop,Android
1376,Tablet,iOS
1377,Mobile,Android
1378,Mobile,Android
1379,Desktop,iOS
1380,Mobile,macOS
1381,Mobile,iOS
1382,Mobile,Android
1383,Mobile,macOS
1384,Mobile,Windows
1385,Mobile,Windows
1386,Tablet,iOS
1387,Desktop,Android
1388,Tablet,Windows
1389,Desktop,iOS
1390,Mobile,iOS
1391,Mobile,Android
1392,Mobile,Windows
1393,Desktop,macOS
1394,Tablet,iOS
1395,Tablet,iOS
1396,Mobile,Windows
1397,Mobile,iOS
1398,Desktop,Android
1399,Mobile,Android
1400,Desktop,iOS
1401,Mobile,iOS
1402,Mobile,Android
1403,Desktop,Windows
1404,Desktop,iOS
1405,Desktop,iOS
1406,Mobile,Android
1407,Desktop,Android
1408,Mobile,Android
1409,Desktop,macOS
1410,Desktop,Android
1411,Tablet,Android
1412,Mobile,Windows
1413,Mobile,iOS
1414,Tablet,Windows
1415,Mobile,iOS
1416,Mobile,macOS
1417,Mobile,Android
1418,Mobile,macOS
1419,Desktop,Android
1420,Mobile,macOS
1421,Desktop,Android
1422,Mobile,iOS
1423,Desktop,Windows
1424,Tablet,macOS
1425,Desktop,macOS
1426,Mobile,Windows
1427,Mobile,Android
1428,Desktop,iOS
1429,Mobile,iOS
1430,Mobile,Windows
1431,Desktop,Windows
1432,Mobile,Windows
1433,Mobile,Android
1434,Mobile,iOS
1435,Desktop,macOS
1436,Desktop,Android
1437,Mobile,iOS
1438,Mobile,Android
1439,Desktop,iOS
1440,Tablet,Windows
1441,Desktop,macOS
1442,Desktop,iOS
1443,Mobile,Android
1444,Desktop,iOS
1445,Mobile,Android
1446,Desktop,iOS
1447,Mobile,Windows
1448,Mobile,Windows
1449,Mobile,Android
1450,Mobile,Android
1451,Mobile,Android
1452,Mobile,iOS
1453,Mobile,macOS
1454,Mobile,Windows
1455,Mobile,iOS
1456,Mobile,macOS
1457,Mobile,iOS
1458,Mobile,Android
1459,Mobile,Windows
1460,Desktop,Android
1461,Mobile,Android
1462,Desktop,Android
1463,Mobile,iOS
1464,Mobile,Android
1465,Desktop,Windows
1466,Desktop,macOS
1467,Mobile,Windows
1468,Mobile,Android
1469,Desktop,iOS
1470,Mobile,Windows
1471,Tablet,Windows
1472,Desktop,Android
1473,Mobile,Android
1474,Mobile,iOS
1475,Mobile,Android
1476,Tablet,Android
1477,Mobile,Android
1478,Desktop,iOS
1479,Mobile,Windows
1480,Mobile,iOS
1481,Desktop,macOS
1482,Mobile,iOS
1483,Desktop,iOS
1484,Mobile,Windows
1485,Mobile,Android
1486,Mobile,Android
1487,Mobile,Android
1488,Desktop,Android
1489,Mobile,Android
1490,Mobile,Android
1491,Desktop,iOS
1492,Mobile,iOS
1493,Desktop,Android
1494,Desktop,iOS
1495,Mobile,iOS
1496,Mobile,iOS
1497,Mobile,Android
1498,Tablet,Android
1499,Mobile,iOS
1500,Desktop,Android
1501,Tablet,iOS
1502,Tablet,Windows
1503,Desktop,macOS
1504,Desktop,iOS
1505,Mobile,Android
1506,Mobile,Windows
1507,Tablet,macOS
1508,Mobile,Android
1509,Mobile,Android
1510,Desktop,iOS
1511,Mobile,Android
1512,Mobile,Android
1513,Mobile,Android
1514,Mobile,macOS
1515,Tablet,Windows
1516,Desktop,Windows
1517,Mobile,iOS
1518,Mobile,Windows
1519,Mobile,Android
1520,Mobile,iOS
1521,Mobile,macOS
1522,Desktop,iOS
1523,Mobile,Android
1524,Mobile,iOS
1525,Mobile,iOS
1526,Mobile,iOS
1527,Mobile,Android
1528,Mobile,macOS
1529,Mobile,Android
1530,Mobile,Android
1531,Mobile,Android
1532,Mobile,iOS
1533,Mobile,Android
1534,Desktop,iOS
1535,Desktop,macOS
1536,Mobile,iOS
1537,Mobile,Android
1538,Desktop,iOS
1539,Mobile,Android
1540,Desktop,Android
1541,Mobile,Android
1542,Desktop,Android
1543,Mobile,Android
1544,Mobile,Android
1545,Desktop,Android
1546,Mobile,Android
1547,Mobile,Android
1548,Mobile,Android
1549,Mobile,Android
1550,Desktop,Android
1551,Mobile,iOS
1552,Mobile,Android
1553,Mobile,iOS
1554,Mobile,macOS
1555,Mobile,Windows
1556,Desktop,iOS
1557,Desktop,iOS
1558,Mobile,Android
1559,Desktop,Android
1560,Mobile,Android
1561,Mobile,iOS
1562,Mobile,macOS
1563,Mobile,Android
1564,Desktop,Android
1565,Mobile,Android
1566,Mobile,iOS
1567,Mobile,Windows
1568,Desktop,Windows
1569,Mobile,Android
1570,Mobile,Android
1571,Desktop,iOS
1572,Mobile,Android
1573,Mobile,iOS
1574,Desktop,iOS
1575,Mobile,Windows
1576,Desktop,macOS
1577,Mobile,Android
1578,Desktop,Windows
1579,Desktop,iOS
1580,Mobile,macOS
1581,Mobile,Windows
1582,Mobile,Android
1583,Mobile,iOS
1584,Desktop,macOS
1585,Mobile,Android
1586,Mobile,Android
1587,Desktop,Windows
1588,Tablet,macOS
1589,Desktop,Android
1590,Tablet,Android
1591,Desktop,macOS
1592,Mobile,Android
1593,Desktop,iOS
1594,Mobile,Android
1595,Mobile,Android
1596,Mobile,Android
1597,Desktop,iOS
1598,Mobile,iOS
1599,Mobile,Android
1600,Mobile,macOS
1601,Mobile,Windows
1602,Mobile,Windows
1603,Mobile,iOS
1604,Mobile,iOS
1605,Mobile,Android
1606,Desktop,iOS
1607,Mobile,iOS
1608,Mobile,Android
1609,Desktop,Windows
1610,Mobile,iOS
1611,Mobile,Android
1612,Desktop,iOS
1613,Desktop,Android
1614,Mobile,Android
1615,Mobile,Android
1616,Mobile,Windows
1617,Mobile,Android
1618,Mobile,macOS
1619,Tablet,Android
1620,Mobile,Android
1621,Mobile,iOS
1622,Desktop,macOS
1623,Tablet,Android
1624,Desktop,Windows
1625,Mobile,Windows
1626,Tablet,Android
1627,Mobile,Android
1628,Desktop,Android
1629,Mobile,iOS
1630,Mobile,Windows
1631,Mobile,iOS
1632,Tablet,Android
1633,Mobile,Windows
1634,Mobile,macOS
1635,Desktop,Android
1636,Mobile,Android
1637,Mobile,Android
1638,Desktop,iOS
1639,Mobile,iOS
1640,Mobile,macOS
1641,Desktop,Windows
1642,Mobile,Android
1643,Mobile,iOS
1644,Mobile,macOS
1645,Desktop,Android
1646,Tablet,Android
1647,Mobile,iOS
1648,Mobile,Android
1649,Mobile,Android
1650,Mobile,macOS
1651,Mobile,Android
1652,Mobile,Android
1653,Tablet,macOS
1654,Tablet,iOS
1655,Desktop,iOS
1656,Mobile,macOS
1657,Tablet,iOS
1658,Mobile,Android
1659,Mobile,Android
1660,Desktop,iOS
1661,Mobile,iOS
1662,Desktop,iOS
1663,Mobile,macOS
1664,Mobile,iOS
1665,Desktop,Windows
1666,Mobile,Android
1667,Mobile,iOS
1668,Mobile,Windows
1669,Mobile,iOS
1670,Mobile,iOS
1671,Mobile,Windows
1672,Mobile,Windows
1673,Mobile,Windows
1674,Mobile,Android
1675,Mobile,Windows
1676,Mobile,Android
1677,Tablet,Android
1678,Desktop,Windows
1679,Mobile,iOS
1680,Desktop,Android
1681,Mobile,Android
1682,Mobile,iOS
1683,Mobile,Windows
1684,Mobile,iOS
1685,Tablet,macOS
1686,Mobile,iOS
1687,Desktop,iOS
1688,Mobile,macOS
1689,Mobile,iOS
1690,Mobile,Android
1691,Mobile,macOS
1692,Mobile,Android
1693,Desktop,Windows
1694,Mobile,Android
1695,Mobile,iOS
1696,Tablet,macOS
1697,Tablet,Android
1698,Desktop,Android
1699,Desktop,Windows
1700,Tablet,Windows
1701,Tablet,macOS
1702,Mobile,Windows
1703,Mobile,iOS
1704,Desktop,Android
1705,Mobile,macOS
1706,Mobile,macOS
1707,Tablet,Android
1708,Mobile,Windows
1709,Mobile,iOS
1710,Mobile,Android
1711,Mobile,Windows
1712,Mobile,Windows
1713,Mobile,Windows
1714,Mobile,iOS
1715,Tablet,Android
1716,Mobile,macOS
1717,Tablet,Android
1718,Mobile,macOS
1719,Tablet,Windows
1720,Desktop,Android
1721,Desktop,Android
1722,Mobile,Windows
1723,Mobile,iOS
1724,Mobile,Android
1725,Mobile,Android
1726,Mobile,Windows
1727,Mobile,Windows
1728,Desktop,iOS
1729,Mobile,Windows
1730,Desktop,Android
1731,Mobile,Windows
1732,Desktop,iOS
1733,Mobile,Windows
1734,Desktop,Android
1735,Mobile,Android
1736,Mobile,Windows
1737,Desktop,iOS
1738,Mobile,Windows
1739,Desktop,Android
1740,Mobile,Android
1741,Mobile,Android
1742,Desktop,Windows
1743,Tablet,Android
1744,Desktop,Android
1745,Mobile,Android
1746,Mobile,Android
1747,Mobile,Android
1748,Mobile,Android
1749,Mobile,Android
1750,Mobile,iOS
1751,Desktop,Android
1752,Desktop,Android
1753,Mobile,Android
1754,Desktop,Android
1755,Mobile,Android
1756,Mobile,Android
1757,Desktop,macOS
1758,Tablet,Android
1759,Tablet,Windows
1760,Mobile,iOS
1761,Desktop,Android
1762,Mobile,iOS
1763,Desktop,Android
1764,Mobile,Android
1765,Desktop,Android
1766,Mobile,iOS
1767,Mobile,iOS
1768,Desktop,Android
1769,Mobile,Android
1770,Desktop,iOS
1771,Mobile,iOS
1772,Mobile,macOS
1773,Mobile,Android
1774,Mobile,iOS
1775,Desktop,Android
1776,Desktop,Android
1777,Desktop,Android
1778,Desktop,Android
1779,Desktop,Android
1780,Tablet,Windows
1781,Desktop,Android
1782,Mobile,Windows
1783,Desktop,iOS
1784,Mobile,Android
1785,Mobile,Android
1786,Desktop,iOS
1787,Mobile,Android
1788,Mobile,iOS
1789,Desktop,Windows
1790,Mobile,Android
1791,Mobile,Android
1792,Mobile,Windows
1793,Mobile,Windows
1794,Mobile,Android
1795,Mobile,Windows
1796,Mobile,iOS
1797,Desktop,iOS
1798,Mobile,Windows
1799,Mobile,Android
1800,Desktop,iOS
1801,Desktop,Android
1802,Desktop,Android
1803,Mobile,iOS
1804,Mobile,macOS
1805,Desktop,iOS
1806,Mobile,Android
1807,Mobile,Android
1808,Mobile,Android
1809,Mobile,macOS
1810,Mobile,Android
1811,Desktop,Windows
1812,Mobile,iOS
1813,Mobile,iOS
1814,Mobile,iOS
1815,Mobile,Android
1816,Tablet,Android
1817,Desktop,Android
1818,Desktop,Android
1819,Tablet,Android
1820,Desktop,iOS
1821,Mobile,macOS
1822,Tablet,Windows
1823,Desktop,Android
1824,Mobile,Android
1825,Mobile,Android
1826,Desktop,Windows
1827,Desktop,Windows
1828,Mobile,Android
1829,Mobile,Android
1830,Desktop,macOS
1831,Tablet,Android
1832,Desktop,Windows
1833,Mobile,Windows
1834,Mobile,iOS
1835,Desktop,macOS
1836,Mobile,Android
1837,Desktop,iOS
1838,Mobile,Android
1839,Desktop,Android
1840,Mobile,Android
1841,Mobile,Android
1842,Mobile,Windows
1843,Mobile,iOS
1844,Desktop,iOS
1845,Desktop,Android
1846,Desktop,Windows
1847,Mobile,iOS
1848,Desktop,Windows
1849,Mobile,macOS
1850,Mobile,iOS
1851,Mobile,iOS
1852,Desktop,Android
1853,Mobile,macOS
1854,Desktop,Android
1855,Mobile,Android
1856,Mobile,iOS
1857,Mobile,Android
1858,Desktop,Android
1859,Mobile,Windows
1860,Mobile,Android
1861,Mobile,iOS
1862,Mobile,iOS
1863,Tablet,macOS
1864,Desktop,Android
1865,Mobile,Android
1866,Desktop,Windows
1867,Mobile,iOS
1868,Mobile,iOS
1869,Mobile,Android
1870,Mobile,Android
1871,Tablet,iOS
1872,Mobile,Android
1873,Mobile,macOS
1874,Mobile,Windows
1875,Desktop,Android
1876,Desktop,Android
1877,Mobile,macOS
1878,Desktop,Android
1879,Tablet,iOS
1880,Mobile,iOS
1881,Mobile,Android
1882,Mobile,macOS
1883,Desktop,Android
1884,Desktop,Android
1885,Mobile,Android
1886,Mobile,Android
1887,Mobile,Android
1888,Mobile,iOS
1889,Desktop,Android
1890,Mobile,Android
1891,Mobile,iOS
1892,Mobile,Android
1893,Mobile,Android
1894,Tablet,Android
1895,Desktop,Android
1896,Mobile,Android
1897,Desktop,Android
1898,Tablet,iOS
1899,Mobile,Windows
1900,Mobile,iOS
1901,Mobile,iOS
1902,Mobile,Android
1903,Desktop,iOS
1904,Mobile,Android
1905,Desktop,Android
1906,Mobile,Android
1907,Mobile,Android
1908,Mobile,macOS
1909,Mobile,iOS
1910,Mobile,Windows
1911,Desktop,Windows
1912,Mobile,macOS
1913,Desktop,Windows
1914,Mobile,iOS
1915,Desktop,Windows
1916,Mobile,macOS
1917,Mobile,Android
1918,Desktop,iOS
1919,Desktop,Windows
1920,Desktop,Android
1921,Tablet,macOS
1922,Mobile,Android
1923,Mobile,iOS
1924,Mobile,iOS
1925,Mobile,Android
1926,Mobile,Android
1927,Desktop,iOS
1928,Mobile,iOS
1929,Mobile,Windows
1930,Mobile,Android
1931,Tablet,Windows
1932,Mobile,Android
1933,Desktop,Android
1934,Desktop,Windows
1935,Mobile,iOS
1936,Mobile,iOS
1937,Mobile,Android
1938,Tablet,Android
1939,Desktop,Android
1940,Mobile,Android
1941,Desktop,Android
1942,Mobile,Windows
1943,Mobile,Windows
1944,Desktop,Android
1945,Mobile,iOS
1946,Desktop,Windows
1947,Desktop,iOS
1948,Tablet,Android
1949,Mobile,iOS
1950,Desktop,Windows
1951,Mobile,macOS
1952,Mobile,macOS
1953,Desktop,iOS
1954,Mobile,Windows
1955,Desktop,Android
1956,Desktop,Android
1957,Desktop,Android
1958,Desktop,Windows
1959,Mobile,Android
1960,Desktop,Windows
1961,Mobile,Windows
1962,Mobile,Windows
1963,Mobile,Android
1964,Mobile,Android
1965,Desktop,iOS
1966,Mobile,iOS
1967,Mobile,Android
1968,Mobile,iOS
1969,Desktop,iOS
1970,Mobile,iOS
1971,Mobile,Android
1972,Mobile,Android
1973,Desktop,Android
1974,Desktop,macOS
1975,Mobile,iOS
1976,Desktop,Android
1977,Mobile,iOS
1978,Desktop,iOS
1979,Mobile,Android
1980,Mobile,Android
1981,Desktop,macOS
1982,Mobile,macOS
1983,Desktop,Android
1984,Mobile,Android
1985,Mobile,iOS
1986,Mobile,Windows
1987,Desktop,iOS
1988,Mobile,iOS
1989,Mobile,iOS
1990,Mobile,iOS
1991,Tablet,Android
1992,Mobile,Android
1993,Mobile,iOS
1994,Mobile,iOS
1995,Mobile,Windows
1996,Mobile,iOS
1997,Desktop,Windows
1998,Desktop,Windows
1999,Mobile,Windows
2000,Mobile,Android
2001,Desktop,Android
2002,Mobile,iOS
2003,Tablet,Android
2004,Mobile,Android
2005,Mobile,macOS
2006,Mobile,Windows
2007,Desktop,Android
2008,Tablet,iOS
2009,Desktop,iOS
2010,Desktop,Android
2011,Mobile,iOS
2012,Mobile,Android
2013,Desktop,Android
2014,Mobile,Android
2015,Mobile,iOS
2016,Desktop,iOS
2017,Mobile,iOS
2018,Mobile,iOS
2019,Mobile,Windows
2020,Mobile,iOS
2021,Mobile,iOS
2022,Desktop,macOS
2023,Mobile,iOS
2024,Tablet,Android
2025,Mobile,Windows
2026,Desktop,Android
2027,Desktop,Android
2028,Desktop,Windows
2029,Mobile,Windows
2030,Mobile,Windows
2031,Desktop,Android
2032,Tablet,iOS
2033,Desktop,Windows
2034,Mobile,Android
2035,Mobile,Android
2036,Mobile,iOS
2037,Desktop,iOS
2038,Desktop,Windows
2039,Desktop,Android
2040,Tablet,iOS
2041,Tablet,Android
2042,Mobile,iOS
2043,Mobile,iOS
2044,Desktop,Android
2045,Desktop,Android
2046,Mobile,iOS
2047,Desktop,Windows
2048,Mobile,macOS
2049,Tablet,macOS
2050,Mobile,Android
2051,Mobile,iOS
2052,Desktop,Android
2053,Mobile,Android
2054,Desktop,Windows
2055,Mobile,macOS
2056,Mobile,iOS
2057,Desktop,macOS
2058,Mobile,iOS
2059,Desktop,iOS
2060,Mobile,Android
2061,Desktop,macOS
2062,Desktop,Android
2063,Mobile,macOS
2064,Mobile,macOS
2065,Mobile,Windows
2066,Mobile,Android
2067,Mobile,Windows
2068,Mobile,Windows
2069,Mobile,iOS
2070,Mobile,Android
2071,Desktop,Android
2072,Tablet,Windows
2073,Mobile,iOS
2074,Mobile,Android
2075,Mobile,Windows
2076,Mobile,iOS
2077,Mobile,Android
2078,Mobile,Windows
2079,Mobile,Android
2080,Mobile,Android
2081,Mobile,Android
2082,Mobile,macOS
2083,Mobile,iOS
2084,Mobile,Windows
2085,Mobile,iOS
2086,Mobile,iOS
2087,Mobile,Windows
2088,Desktop,iOS
2089,Mobile,iOS
2090,Mobile,Android
2091,Mobile,Android
2092,Desktop,Android
2093,Desktop,Android
2094,Tablet,Android
2095,Mobile,Windows
2096,Desktop,Android
2097,Desktop,Android
2098,Mobile,iOS
2099,Mobile,Android
2100,Desktop,macOS
2101,Mobile,Android
2102,Mobile,Windows
2103,Tablet,Android
2104,Mobile,Windows
2105,Mobile,macOS
2106,Desktop,Android
2107,Desktop,macOS
2108,Mobile,iOS
2109,Desktop,iOS
2110,Desktop,iOS
2111,Mobile,iOS
2112,Mobile,Android
2113,Desktop,iOS
2114,Desktop,iOS
2115,Mobile,Android
2116,Mobile,Windows
2117,Mobile,iOS
2118,Desktop,Android
2119,Desktop,Android
2120,Tablet,Android
2121,Desktop,Windows
2122,Tablet,iOS
2123,Tablet,Android
2124,Desktop,Android
2125,Mobile,iOS
2126,Mobile,iOS
2127,Mobile,iOS
2128,Desktop,iOS
2129,Desktop,iOS
2130,Mobile,Android
2131,Mobile,Android
2132,Mobile,Windows
2133,Mobile,Windows
2134,Tablet,Windows
2135,Mobile,Windows
2136,Mobile,Android
2137,Mobile,Android
2138,Desktop,Android
2139,Mobile,Android
2140,Mobile,Windows
2141,Desktop,iOS
2142,Mobile,iOS
2143,Mobile,iOS
2144,Desktop,Android
2145,Desktop,Android
2146,Mobile,Android
2147,Mobile,Android
2148,Desktop,Android
2149,Mobile,Windows
2150,Desktop,iOS
2151,Desktop,Android
2152,Desktop,Android
2153,Mobile,iOS
2154,Tablet,Windows
2155,Mobile,Android
2156,Tablet,Android
2157,Desktop,Android
2158,Mobile,Windows
2159,Mobile,iOS
2160,Mobile,iOS
2161,Desktop,Android
2162,Mobile,Windows
2163,Mobile,iOS
2164,Mobile,iOS
2165,Mobile,iOS
2166,Desktop,macOS
2167,Mobile,iOS
2168,Desktop,iOS
2169,Mobile,Windows
2170,Desktop,Windows
2171,Mobile,Windows
2172,Desktop,macOS
2173,Mobile,iOS
2174,Mobile,Android
2175,Mobile,Windows
2176,Mobile,Windows
2177,Mobile,Windows
2178,Mobile,iOS
2179,Mobile,macOS
2180,Mobile,macOS
2181,Mobile,Android
2182,Desktop,iOS
2183,Mobile,Windows
2184,Mobile,iOS
2185,Mobile,Windows
2186,Desktop,Android
2187,Mobile,Windows
2188,Mobile,Android
2189,Desktop,macOS
2190,Mobile,Windows
2191,Desktop,Android
2192,Desktop,Windows
2193,Mobile,iOS
2194,Mobile,Android
2195,Mobile,Android
2196,Mobile,macOS
2197,Mobile,Windows
2198,Mobile,iOS
2199,Desktop,Android
2200,Mobile,Windows
2201,Mobile,Android
2202,Mobile,Android
2203,Mobile,Android
2204,Desktop,Windows
2205,Desktop,Windows
2206,Tablet,iOS
2207,Desktop,iOS
2208,Tablet,Android
2209,Desktop,Windows
2210,Mobile,Windows
2211,Mobile,iOS
2212,Mobile,iOS
2213,Mobile,Android
2214,Desktop,Windows
2215,Desktop,iOS
2216,Mobile,iOS
2217,Desktop,Android
2218,Mobile,iOS
2219,Mobile,Android
2220,Mobile,macOS
2221,Tablet,iOS
2222,Desktop,Android
2223,Desktop,Windows
2224,Desktop,Windows
2225,Mobile,iOS
2226,Mobile,Android
2227,Desktop,iOS
2228,Mobile,Windows
2229,Mobile,iOS
2230,Mobile,Android
2231,Mobile,Android
2232,Mobile,iOS
2233,Mobile,iOS
2234,Desktop,iOS
2235,Mobile,Android
2236,Desktop,Android
2237,Mobile,macOS
2238,Desktop,iOS
2239,Desktop,Android
2240,Mobile,Android
2241,Desktop,macOS
2242,Desktop,Android
2243,Mobile,iOS
2244,Mobile,Windows
2245,Mobile,iOS
2246,Mobile,macOS
2247,Desktop,iOS
2248,Mobile,Android
2249,Mobile,Android
2250,Desktop,iOS
2251,Mobile,iOS
2252,Mobile,Android
2253,Desktop,iOS
2254,Mobile,Android
2255,Tablet,iOS
2256,Mobile,macOS
2257,Mobile,Windows
2258,Mobile,Windows
2259,Tablet,Android
2260,Mobile,iOS
2261,Mobile,iOS
2262,Mobile,iOS
2263,Mobile,iOS
2264,Tablet,Android
2265,Mobile,Android
2266,Mobile,iOS
2267,Desktop,Android
2268,Mobile,Android
2269,Desktop,macOS
2270,Tablet,iOS
2271,Mobile,Android
2272,Mobile,Android
2273,Desktop,Windows
2274,Desktop,Windows
2275,Mobile,Android
2276,Desktop,Android
2277,Mobile,Windows
2278,Mobile,iOS
2279,Desktop,Android
2280,Mobile,macOS
2281,Mobile,Android
2282,Mobile,Android
2283,Mobile,Android
2284,Desktop,Windows
2285,Desktop,Android
2286,Mobile,Android
2287,Desktop,Android
2288,Desktop,Android
2289,Mobile,Windows
2290,Mobile,Android
2291,Mobile,macOS
2292,Desktop,Windows
2293,Mobile,iOS
2294,Tablet,Android
2295,Mobile,Android
2296,Mobile,Android
2297,Mobile,iOS
2298,Mobile,iOS
2299,Desktop,Android
2300,Mobile,Android
2301,Desktop,iOS
2302,Mobile,iOS
2303,Mobile,Android
2304,Desktop,macOS
2305,Desktop,Android
2306,Mobile,Android
2307,Tablet,Windows
2308,Desktop,iOS
2309,Mobile,iOS
2310,Mobile,Windows
2311,Mobile,iOS
2312,Mobile,Android
2313,Mobile,Android
2314,Mobile,Android
2315,Mobile,Android
2316,Mobile,iOS
2317,Desktop,Windows
2318,Mobile,Android
2319,Mobile,Android
2320,Mobile,Windows
2321,Tablet,Android
2322,Desktop,macOS
2323,Mobile,Android
2324,Mobile,Android
2325,Mobile,Android
2326,Mobile,iOS
2327,Mobile,Android
2328,Mobile,Android
2329,Mobile,Android
2330,Desktop,iOS
2331,Mobile,macOS
2332,Desktop,Windows
2333,Mobile,Windows
2334,Mobile,macOS
2335,Mobile,Android
2336,Mobile,Windows
2337,Mobile,iOS
2338,Desktop,macOS
2339,Tablet,macOS
2340,Mobile,iOS
2341,Mobile,Windows
2342,Mobile,iOS
2343,Desktop,Windows
2344,Mobile,macOS
2345,Mobile,iOS
2346,Desktop,Windows
2347,Mobile,iOS
2348,Mobile,iOS
2349,Desktop,iOS
2350,Mobile,Windows
2351,Mobile,Android
2352,Mobile,iOS
2353,Desktop,Android
2354,Desktop,Windows
2355,Mobile,Windows
2356,Mobile,Android
2357,Mobile,iOS
2358,Mobile,Android
2359,Mobile,Android
2360,Desktop,iOS
2361,Desktop,macOS
2362,Desktop,Android
2363,Mobile,iOS
2364,Mobile,Android
2365,Mobile,Android
2366,Mobile,Android
2367,Mobile,Android
2368,Mobile,Android
2369,Mobile,Windows
2370,Mobile,Android
2371,Desktop,Android
2372,Mobile,Android
2373,Desktop,macOS
2374,Desktop,Android
2375,Mobile,Android
2376,Desktop,Android
2377,Mobile,Android
2378,Desktop,Windows
2379,Mobile,Windows
2380,Mobile,Windows
2381,Desktop,Windows
2382,Desktop,Android
2383,Mobile,macOS
2384,Mobile,Android
2385,Tablet,Android
2386,Mobile,macOS
2387,Mobile,macOS
2388,Mobile,Windows
2389,Mobile,Windows
2390,Desktop,iOS
2391,Mobile,Android
2392,Desktop,Android
2393,Desktop,Android
2394,Mobile,iOS
2395,Desktop,iOS
2396,Mobile,Android
2397,Desktop,iOS
2398,Mobile,Android
2399,Mobile,Windows
2400,Tablet,Android
2401,Mobile,Android
2402,Desktop,Android
2403,Desktop,Windows
2404,Desktop,macOS
2405,Mobile,macOS
2406,Mobile,macOS
2407,Tablet,Android
2408,Mobile,Android
2409,Mobile,Windows
2410,Mobile,Android
2411,Mobile,Android
2412,Mobile,iOS
2413,Mobile,Windows
2414,Desktop,Android
2415,Mobile,iOS
2416,Desktop,macOS
2417,Desktop,macOS
2418,Mobile,macOS
2419,Mobile,Windows
2420,Mobile,Windows
2421,Mobile,Android
2422,Mobile,iOS
2423,Desktop,macOS
2424,Mobile,Windows
2425,Mobile,Android
2426,Mobile,Android
2427,Mobile,iOS
2428,Mobile,Windows
2429,Mobile,iOS
2430,Mobile,Android
2431,Mobile,iOS
2432,Desktop,Android
2433,Mobile,Android
2434,Desktop,Windows
2435,Mobile,macOS
2436,Tablet,Android
2437,Mobile,Android
2438,Mobile,iOS
2439,Mobile,Android
2440,Mobile,Android
2441,Mobile,iOS
2442,Mobile,Android
2443,Mobile,Windows
2444,Mobile,Windows
2445,Desktop,Android
2446,Mobile,Android
2447,Mobile,Android
2448,Mobile,Android
2449,Desktop,iOS
2450,Mobile,macOS
2451,Desktop,Windows
2452,Mobile,macOS
2453,Mobile,iOS
2454,Mobile,Windows
2455,Mobile,iOS
2456,Desktop,Android
2457,Tablet,Windows
2458,Desktop,iOS
2459,Mobile,iOS
2460,Mobile,Android
2461,Desktop,Windows
2462,Desktop,Android
2463,Desktop,iOS
2464,Tablet,Android
2465,Mobile,Android
2466,Desktop,Android
2467,Mobile,iOS
2468,Desktop,iOS
2469,Mobile,macOS
2470,Mobile,Windows
2471,Mobile,iOS
2472,Mobile,macOS
2473,Mobile,Windows
2474,Tablet,Android
2475,Mobile,Android
2476,Mobile,Windows
2477,Mobile,iOS
2478,Desktop,Android
2479,Mobile,iOS
2480,Desktop,Android
2481,Mobile,iOS
2482,Desktop,Android
2483,Mobile,iOS
2484,Mobile,iOS
2485,Desktop,Android
2486,Tablet,Android
2487,Mobile,Android
2488,Desktop,Windows
2489,Desktop,Android
2490,Mobile,iOS
2491,Tablet,Windows
2492,Mobile,iOS
2493,Mobile,Android
2494,Tablet,Android
2495,Mobile,Windows
2496,Desktop,Android
2497,Mobile,iOS
2498,Tablet,Android
2499,Desktop,macOS
2500,Desktop,iOS
2501,Mobile,iOS
2502,Mobile,Android
2503,Mobile,iOS
2504,Desktop,Windows
2505,Mobile,Android
2506,Mobile,Android
2507,Mobile,Android
2508,Mobile,Android
2509,Tablet,Windows
2510,Mobile,Android
2511,Desktop,Android
2512,Mobile,Windows
2513,Mobile,iOS
2514,Desktop,iOS
2515,Desktop,Android
2516,Desktop,iOS
2517,Desktop,iOS
2518,Tablet,iOS
2519,Desktop,iOS
2520,Mobile,Windows
2521,Mobile,iOS
2522,Desktop,Android
2523,Desktop,iOS
2524,Mobile,macOS
2525,Desktop,Android
2526,Mobile,Android
2527,Mobile,Windows
2528,Mobile,Android
2529,Desktop,Android
2530,Mobile,iOS
2531,Mobile,Android
2532,Mobile,Android
2533,Desktop,macOS
2534,Desktop,Android
2535,Tablet,Android
2536,Mobile,Android
2537,Desktop,Android
2538,Desktop,Android
2539,Mobile,iOS
2540,Mobile,iOS
2541,Mobile,macOS
2542,Mobile,iOS
2543,Mobile,Windows
2544,Desktop,iOS
2545,Tablet,Windows
2546,Desktop,macOS
2547,Desktop,iOS
2548,Tablet,Android
2549,Mobile,macOS
2550,Mobile,Android
2551,Mobile,macOS
2552,Mobile,Android
2553,Desktop,iOS
2554,Mobile,iOS
2555,Mobile,Android
2556,Desktop,iOS
2557,Mobile,iOS
2558,Mobile,macOS
2559,Desktop,Windows
2560,Mobile,macOS
2561,Desktop,iOS
2562,Desktop,Windows
2563,Mobile,Android
2564,Desktop,iOS
2565,Desktop,Windows
2566,Mobile,Android
2567,Mobile,Android
2568,Mobile,Android
2569,Mobile,Android
2570,Mobile,Android
2571,Mobile,Windows
2572,Mobile,macOS
2573,Mobile,iOS
2574,Mobile,iOS
2575,Mobile,macOS
2576,Mobile,macOS
2577,Mobile,Android
2578,Mobile,Android
2579,Mobile,Android
2580,Mobile,iOS
2581,Mobile,macOS
2582,Mobile,iOS
2583,Mobile,Android
2584,Mobile,Android
2585,Desktop,macOS
2586,Desktop,iOS
2587,Tablet,iOS
2588,Desktop,Windows
2589,Mobile,iOS
2590,Mobile,Android
2591,Mobile,Android
2592,Mobile,iOS
2593,Desktop,iOS
2594,Mobile,Android
2595,Mobile,Android
2596,Mobile,iOS
2597,Mobile,iOS
2598,Mobile,macOS
2599,Tablet,Windows
2600,Mobile,Windows
2601,Mobile,iOS
2602,Desktop,Android
2603,Tablet,Windows
2604,Mobile,iOS
2605,Desktop,Android
2606,Mobile,iOS
2607,Mobile,Windows
2608,Mobile,macOS
2609,Mobile,Android
2610,Desktop,macOS
2611,Desktop,macOS
2612,Desktop,Android
2613,Mobile,Windows
2614,Mobile,Android
2615,Mobile,Windows
2616,Mobile,Windows
2617,Mobile,macOS
2618,Mobile,iOS
2619,Mobile,Android
2620,Mobile,Android
2621,Mobile,Windows
2622,Mobile,Windows
2623,Tablet,iOS
2624,Mobile,Windows
2625,Mobile,Windows
2626,Mobile,Windows
2627,Tablet,Windows
2628,Mobile,Windows
2629,Mobile,iOS
2630,Desktop,Android
2631,Mobile,iOS
2632,Mobile,Windows
2633,Mobile,macOS
2634,Mobile,Windows
2635,Mobile,Windows
2636,Mobile,Android
2637,Mobile,iOS
2638,Mobile,Windows
2639,Mobile,Windows
2640,Mobile,Windows
2641,Mobile,Windows
2642,Desktop,macOS
2643,Tablet,macOS
2644,Tablet,Windows
2645,Mobile,Android
2646,Mobile,Android
2647,Mobile,Android
2648,Mobile,Android
2649,Desktop,iOS
2650,Mobile,macOS
2651,Desktop,iOS
2652,Desktop,Android
2653,Desktop,macOS
2654,Desktop,Android
2655,Desktop,Windows
2656,Desktop,iOS
2657,Desktop,macOS
2658,Mobile,iOS
2659,Desktop,Windows
2660,Desktop,macOS
2661,Mobile,Android
2662,Mobile,Android
2663,Mobile,Android
2664,Mobile,Android
2665,Mobile,Windows
2666,Desktop,Windows
2667,Mobile,iOS
2668,Mobile,iOS
2669,Desktop,Android
2670,Mobile,macOS
2671,Mobile,Windows
2672,Mobile,Android
2673,Mobile,Android
2674,Mobile,Windows
2675,Tablet,iOS
2676,Desktop,iOS
2677,Mobile,Windows
2678,Desktop,Android
2679,Mobile,iOS
2680,Mobile,macOS
2681,Mobile,iOS
2682,Mobile,Android
2683,Mobile,Android
2684,Mobile,macOS
2685,Desktop,iOS
2686,Mobile,Windows
2687,Tablet,Android
2688,Desktop,Windows
2689,Mobile,iOS
2690,Mobile,Android
2691,Mobile,Windows
2692,Mobile,Windows
2693,Tablet,Android
2694,Desktop,iOS
2695,Mobile,iOS
2696,Tablet,iOS
2697,Desktop,Windows
2698,Mobile,Windows
2699,Mobile,Windows
2700,Mobile,Android
2701,Mobile,iOS
2702,Mobile,Android
2703,Mobile,Android
2704,Desktop,Windows
2705,Mobile,Android
2706,Desktop,iOS
2707,Mobile,macOS
2708,Mobile,iOS
2709,Tablet,iOS
2710,Desktop,Windows
2711,Desktop,Android
2712,Desktop,iOS
2713,Mobile,macOS
2714,Desktop,iOS
2715,Desktop,Android
2716,Desktop,iOS
2717,Tablet,macOS
2718,Tablet,Android
2719,Mobile,Android
2720,Desktop,macOS
2721,Mobile,Android
2722,Mobile,Android
2723,Desktop,Windows
2724,Mobile,Android
2725,Mobile,Android
2726,Mobile,Windows
2727,Mobile,Android
2728,Mobile,Windows
2729,Mobile,Android
2730,Mobile,Windows
2731,Desktop,iOS
2732,Desktop,iOS
2733,Tablet,iOS
2734,Mobile,Windows
2735,Desktop,Android
2736,Mobile,Android
2737,Mobile,Windows
2738,Desktop,macOS
2739,Mobile,iOS
2740,Mobile,Android
2741,Mobile,Windows
2742,Mobile,Android
2743,Mobile,Windows
2744,Mobile,Android
2745,Mobile,iOS
2746,Mobile,Windows
2747,Tablet,Android
2748,Mobile,iOS
2749,Mobile,Windows
2750,Mobile,Windows
2751,Mobile,Android
2752,Desktop,Android
2753,Mobile,macOS
2754,Mobile,Android
2755,Mobile,Android
2756,Mobile,iOS
2757,Mobile,Android
2758,Mobile,Android
2759,Desktop,iOS
2760,Mobile,macOS
2761,Mobile,Windows
2762,Desktop,Android
2763,Mobile,Android
2764,Mobile,macOS
2765,Mobile,Windows
2766,Desktop,Android
2767,Mobile,Windows
2768,Mobile,Android
2769,Mobile,Android
2770,Desktop,Android
2771,Mobile,iOS
2772,Desktop,Android
2773,Desktop,Android
2774,Tablet,Android
2775,Mobile,iOS
2776,Desktop,iOS
2777,Tablet,Android
2778,Desktop,Android
2779,Mobile,macOS
2780,Mobile,Android
2781,Mobile,Android
2782,Mobile,macOS
2783,Desktop,Windows
2784,Mobile,Android
2785,Tablet,Android
2786,Desktop,Android
2787,Desktop,Android
2788,Desktop,iOS
2789,Mobile,Android
2790,Mobile,Android
2791,Mobile,Android
2792,Desktop,Android
2793,Mobile,iOS
2794,Desktop,Windows
2795,Mobile,Android
2796,Mobile,Windows
2797,Mobile,Windows
2798,Desktop,iOS
2799,Tablet,Android
2800,Mobile,Android
2801,Mobile,Android
2802,Mobile,macOS
2803,Mobile,iOS
2804,Desktop,Windows
2805,Desktop,Android
2806,Desktop,macOS
2807,Mobile,Windows
2808,Mobile,Windows
2809,Mobile,Android
2810,Mobile,Android
2811,Mobile,Android
2812,Mobile,Android
2813,Desktop,Windows
2814,Tablet,iOS
2815,Mobile,Windows
2816,Mobile,Windows
2817,Desktop,macOS
2818,Mobile,Android
2819,Mobile,iOS
2820,Desktop,Android
2821,Mobile,iOS
2822,Mobile,Windows
2823,Tablet,Android
2824,Desktop,Android
2825,Tablet,iOS
2826,Mobile,Android
2827,Mobile,Windows
2828,Mobile,iOS
2829,Mobile,macOS
2830,Mobile,Android
2831,Desktop,Android
2832,Mobile,Windows
2833,Mobile,Android
2834,Desktop,Android
2835,Desktop,Android
2836,Desktop,iOS
2837,Desktop,iOS
2838,Mobile,iOS
2839,Mobile,Android
2840,Mobile,Android
2841,Mobile,iOS
2842,Desktop,Android
2843,Desktop,iOS
2844,Mobile,Windows
2845,Mobile,Android
2846,Mobile,Windows
2847,Mobile,Android
2848,Mobile,Android
2849,Desktop,Windows
2850,Tablet,macOS
2851,Mobile,Android
2852,Desktop,iOS
2853,Mobile,Windows
2854,Mobile,Windows
2855,Mobile,Windows
2856,Desktop,Windows
2857,Mobile,Windows
2858,Desktop,Android
2859,Desktop,macOS
2860,Mobile,iOS
2861,Desktop,Windows
2862,Mobile,Android
2863,Mobile,iOS
2864,Mobile,Android
2865,Mobile,iOS
2866,Mobile,iOS
2867,Desktop,Android
2868,Mobile,Android
2869,Mobile,Windows
2870,Desktop,Android
2871,Mobile,Android
2872,Mobile,iOS
2873,Tablet,iOS
2874,Desktop,iOS
2875,Mobile,Windows
2876,Mobile,macOS
2877,Mobile,iOS
2878,Desktop,iOS
2879,Mobile,Windows
2880,Desktop,macOS
2881,Desktop,macOS
2882,Desktop,Windows
2883,Mobile,Windows
2884,Mobile,Android
2885,Mobile,iOS
2886,Mobile,Android
2887,Desktop,macOS
2888,Mobile,macOS
2889,Desktop,macOS
2890,Mobile,Android
2891,Tablet,Android
2892,Mobile,macOS
2893,Mobile,Windows
2894,Mobile,Android
2895,Desktop,iOS
2896,Mobile,macOS
2897,Mobile,Windows
2898,Mobile,Android
2899,Mobile,Android
2900,Mobile,Windows
2901,Mobile,Android
2902,Desktop,Android
2903,Mobile,Windows
2904,Tablet,Windows
2905,Mobile,iOS
2906,Mobile,macOS
2907,Mobile,iOS
2908,Desktop,iOS
2909,Mobile,Android
2910,Tablet,iOS
2911,Mobile,Android
2912,Mobile,macOS
2913,Mobile,iOS
2914,Mobile,Android
2915,Mobile,Windows
2916,Tablet,iOS
2917,Mobile,iOS
2918,Mobile,iOS
2919,Mobile,iOS
2920,Mobile,iOS
2921,Tablet,iOS
2922,Mobile,Windows
2923,Desktop,iOS
2924,Mobile,Android
2925,Desktop,iOS
2926,Mobile,macOS
2927,Mobile,iOS
2928,Desktop,Android
2929,Mobile,Android
2930,Desktop,Windows
2931,Mobile,Windows
2932,Mobile,Android
2933,Mobile,iOS
2934,Mobile,Android
2935,Mobile,iOS
2936,Mobile,Windows
2937,Mobile,Android
2938,Mobile,Android
2939,Mobile,Windows
2940,Desktop,Windows
2941,Tablet,macOS
2942,Mobile,Android
2943,Desktop,Android
2944,Mobile,iOS
2945,Mobile,Windows
2946,Mobile,Android
2947,Mobile,Android
2948,Mobile,Windows
2949,Desktop,Windows
2950,Mobile,Android
2951,Mobile,iOS
2952,Desktop,Android
2953,Desktop,iOS
2954,Mobile,Android
2955,Mobile,iOS
2956,Desktop,Android
2957,Desktop,Android
2958,Desktop,iOS
2959,Desktop,Windows
2960,Mobile,iOS
2961,Mobile,Android
2962,Mobile,iOS
2963,Mobile,Android
2964,Mobile,iOS
2965,Mobile,Android
2966,Mobile,Android
2967,Mobile,Android
2968,Tablet,iOS
2969,Mobile,macOS
2970,Desktop,Android
2971,Mobile,Android
2972,Mobile,Windows
2973,Desktop,iOS
2974,Mobile,macOS
2975,Mobile,iOS
2976,Mobile,macOS
2977,Mobile,iOS
2978,Tablet,Android
2979,Mobile,Windows
2980,Mobile,Android
2981,Tablet,iOS
2982,Desktop,Windows
2983,Mobile,Windows
2984,Desktop,iOS
2985,Mobile,macOS
2986,Mobile,iOS
2987,Mobile,Windows
2988,Desktop,macOS
2989,Desktop,Android
2990,Mobile,Android
2991,Tablet,Windows
2992,Mobile,macOS
2993,Mobile,Android
2994,Mobile,Android
2995,Mobile,Android
2996,Mobile,iOS
2997,Desktop,iOS
2998,Tablet,Android
2999,Mobile,iOS
3000,Mobile,Android
3001,Desktop,macOS
3002,Desktop,Android
3003,Desktop,iOS
3004,Tablet,Android
3005,Mobile,macOS
3006,Desktop,Windows
3007,Mobile,macOS
3008,Desktop,Android
3009,Mobile,iOS
3010,Desktop,Android
3011,Desktop,macOS
3012,Desktop,Windows
3013,Mobile,iOS
3014,Desktop,Android
3015,Mobile,macOS
3016,Mobile,iOS
3017,Mobile,macOS
3018,Mobile,Android
3019,Mobile,macOS
3020,Mobile,Android
3021,Mobile,Windows
3022,Mobile,Android
3023,Tablet,Android
3024,Mobile,iOS
3025,Mobile,Windows
3026,Mobile,Android
3027,Tablet,Android
3028,Mobile,iOS
3029,Mobile,iOS
3030,Desktop,Android
3031,Mobile,Android
3032,Desktop,Android
3033,Mobile,Android
3034,Mobile,Android
3035,Mobile,iOS
3036,Mobile,Android
3037,Tablet,Windows
3038,Desktop,Android
3039,Mobile,Android
3040,Mobile,iOS
3041,Mobile,Android
3042,Mobile,iOS
3043,Tablet,Android
3044,Mobile,Windows
3045,Desktop,Android
3046,Mobile,Android
3047,Mobile,macOS
3048,Mobile,Windows
3049,Mobile,Android
3050,Mobile,iOS
3051,Mobile,Android
3052,Mobile,Windows
3053,Mobile,Android
3054,Mobile,macOS
3055,Mobile,Android
3056,Mobile,Android
3057,Mobile,macOS
3058,Mobile,iOS
3059,Mobile,Android
3060,Mobile,macOS
3061,Mobile,Android
3062,Desktop,Android
3063,Desktop,iOS
3064,Mobile,iOS
3065,Desktop,Windows
3066,Mobile,Android
3067,Mobile,iOS
3068,Mobile,iOS
3069,Tablet,Android
3070,Mobile,Android
3071,Mobile,Android
3072,Desktop,iOS
3073,Mobile,Android
3074,Mobile,Android
3075,Mobile,iOS
3076,Desktop,iOS
3077,Mobile,Android
3078,Mobile,macOS
3079,Mobile,iOS
3080,Mobile,Windows
3081,Desktop,Android
3082,Mobile,Android
3083,Mobile,Windows
3084,Mobile,Android
3085,Desktop,Windows
3086,Mobile,iOS
3087,Desktop,Android
3088,Mobile,iOS
3089,Mobile,macOS
3090,Desktop,iOS
3091,Mobile,macOS
3092,Mobile,Android
3093,Mobile,Android
3094,Tablet,Windows
3095,Mobile,macOS
3096,Desktop,iOS
3097,Mobile,Windows
3098,Tablet,Android
3099,Desktop,iOS
3100,Mobile,Android
3101,Desktop,iOS
3102,Mobile,Android
3103,Tablet,iOS
3104,Tablet,Android
3105,Mobile,Windows
3106,Desktop,Android
3107,Desktop,Android
3108,Mobile,Android
3109,Tablet,iOS
3110,Mobile,Android
3111,Mobile,iOS
3112,Mobile,Android
3113,Mobile,Android
3114,Mobile,Android
3115,Mobile,Android
3116,Mobile,Android
3117,Mobile,iOS
3118,Desktop,iOS
3119,Desktop,Windows
3120,Tablet,Windows
3121,Mobile,Android
3122,Mobile,Android
3123,Mobile,macOS
3124,Desktop,iOS
3125,Desktop,Windows
3126,Desktop,Windows
3127,Mobile,iOS
3128,Mobile,Windows
3129,Mobile,Android
3130,Desktop,Android
3131,Mobile,iOS
3132,Mobile,Windows
3133,Desktop,Windows
3134,Tablet,iOS
3135,Mobile,Android
3136,Mobile,Android
3137,Mobile,Android
3138,Desktop,Windows
3139,Mobile,Android
3140,Mobile,Windows
3141,Desktop,iOS
3142,Mobile,iOS
3143,Mobile,iOS
3144,Tablet,iOS
3145,Desktop,macOS
3146,Mobile,Android
3147,Mobile,iOS
3148,Desktop,Windows
3149,Desktop,Android
3150,Mobile,Android
3151,Desktop,iOS
3152,Mobile,macOS
3153,Mobile,macOS
3154,Mobile,Android
3155,Mobile,iOS
3156,Mobile,iOS
3157,Mobile,Windows
3158,Mobile,Android
3159,Desktop,iOS
3160,Mobile,iOS
3161,Mobile,Windows
3162,Desktop,iOS
3163,Mobile,iOS
3164,Mobile,Android
3165,Mobile,macOS
3166,Mobile,Windows
3167,Mobile,Android
3168,Mobile,Android
3169,Mobile,Android
3170,Mobile,Android
3171,Mobile,Windows
3172,Desktop,Windows
3173,Tablet,iOS
3174,Tablet,Windows
3175,Mobile,Android
3176,Desktop,iOS
3177,Mobile,iOS
3178,Mobile,macOS
3179,Mobile,Android
3180,Desktop,Android
3181,Mobile,macOS
3182,Mobile,Android
3183,Desktop,Android
3184,Desktop,macOS
3185,Mobile,macOS
3186,Mobile,Windows
3187,Mobile,Android
3188,Mobile,iOS
3189,Mobile,iOS
3190,Mobile,Windows
3191,Mobile,Windows
3192,Mobile,macOS
3193,Mobile,iOS
3194,Mobile,Android
3195,Desktop,iOS
3196,Tablet,iOS
3197,Desktop,Android
3198,Mobile,Android
3199,Mobile,Android
3200,Mobile,Android
3201,Mobile,Android
3202,Mobile,Android
3203,Mobile,macOS
3204,Mobile,Windows
3205,Desktop,Windows
3206,Mobile,iOS
3207,Desktop,Windows
3208,Mobile,Windows
3209,Mobile,Android
3210,Mobile,Android
3211,Tablet,Windows
3212,Desktop,Windows
3213,Tablet,Android
3214,Desktop,iOS
3215,Desktop,Android
3216,Desktop,Windows
3217,Mobile,Android
3218,Mobile,macOS
3219,Mobile,macOS
3220,Tablet,iOS
3221,Mobile,Android
3222,Desktop,iOS
3223,Mobile,iOS
3224,Mobile,Windows
3225,Tablet,Windows
3226,Mobile,Windows
3227,Desktop,Android
3228,Mobile,iOS
3229,Mobile,macOS
3230,Mobile,Android
3231,Mobile,macOS
3232,Mobile,macOS
3233,Tablet,Windows
3234,Mobile,Android
3235,Mobile,Android
3236,Desktop,Android
3237,Mobile,Windows
3238,Mobile,iOS
3239,Mobile,Android
3240,Mobile,iOS
3241,Desktop,iOS
3242,Tablet,Android
3243,Mobile,Android
3244,Mobile,Windows
3245,Desktop,Windows
3246,Mobile,iOS
3247,Mobile,iOS
3248,Mobile,macOS
3249,Mobile,Windows
3250,Desktop,macOS
3251,Desktop,Windows
3252,Mobile,iOS
3253,Mobile,Android
3254,Mobile,iOS
3255,Mobile,Windows
3256,Desktop,Windows
3257,Desktop,Android
3258,Desktop,Android
3259,Mobile,Android
3260,Mobile,Windows
3261,Tablet,Windows
3262,Mobile,Windows
3263,Mobile,Android
3264,Mobile,Android
3265,Mobile,iOS
3266,Mobile,Android
3267,Mobile,Android
3268,Desktop,macOS
3269,Mobile,Android
3270,Mobile,iOS
3271,Mobile,Windows
3272,Desktop,macOS
3273,Mobile,Android
3274,Mobile,Android
3275,Desktop,iOS
3276,Mobile,Android
3277,Tablet,Windows
3278,Tablet,iOS
3279,Mobile,Android
3280,Mobile,Android
3281,Mobile,Windows
3282,Mobile,iOS
3283,Mobile,Android
3284,Mobile,Windows
3285,Desktop,Android
3286,Mobile,Android
3287,Desktop,macOS
3288,Desktop,iOS
3289,Mobile,Android
3290,Desktop,iOS
3291,Mobile,iOS
3292,Desktop,macOS
3293,Mobile,iOS
3294,Desktop,Windows
3295,Mobile,iOS
3296,Mobile,Android
3297,Desktop,Android
3298,Mobile,Android
3299,Mobile,macOS
3300,Mobile,Android
3301,Mobile,Windows
3302,Desktop,Windows
3303,Tablet,iOS
3304,Mobile,iOS
3305,Mobile,Android
3306,Desktop,macOS
3307,Mobile,iOS
3308,Tablet,Android
3309,Mobile,Windows
3310,Mobile,Windows
3311,Mobile,Android
3312,Mobile,macOS
3313,Mobile,Android
3314,Mobile,iOS
3315,Desktop,Android
3316,Mobile,iOS
3317,Mobile,Windows
3318,Mobile,Android
3319,Mobile,Android
3320,Mobile,Windows
3321,Mobile,Android
3322,Mobile,Android
3323,Mobile,Android
3324,Mobile,iOS
3325,Desktop,Android
3326,Mobile,Android
3327,Desktop,iOS
3328,Desktop,Android
3329,Tablet,Android
3330,Mobile,Android
3331,Desktop,iOS
3332,Desktop,Android
3333,Mobile,iOS
3334,Mobile,iOS
3335,Mobile,Android
3336,Mobile,iOS
3337,Desktop,Android
3338,Mobile,Android
3339,Desktop,iOS
3340,Mobile,iOS
3341,Tablet,Windows
3342,Mobile,Android
3343,Desktop,Android
3344,Mobile,iOS
3345,Desktop,Android
3346,Mobile,iOS
3347,Mobile,Android
3348,Mobile,iOS
3349,Mobile,Android
3350,Mobile,iOS
3351,Desktop,Android
3352,Mobile,iOS
3353,Mobile,Windows
3354,Mobile,iOS
3355,Desktop,Android
3356,Mobile,iOS
3357,Mobile,iOS
3358,Mobile,Windows
3359,Mobile,iOS
3360,Mobile,iOS
3361,Mobile,macOS
3362,Mobile,Android
3363,Mobile,Android
3364,Desktop,Windows
3365,Mobile,macOS
3366,Mobile,Android
3367,Mobile,Windows
3368,Mobile,Android
3369,Desktop,Android
3370,Desktop,macOS
3371,Mobile,Android
3372,Tablet,Windows
3373,Desktop,iOS
3374,Desktop,Android
3375,Mobile,Android
3376,Mobile,iOS
3377,Mobile,macOS
3378,Mobile,Android
3379,Mobile,Windows
3380,Mobile,Android
3381,Mobile,Windows
3382,Mobile,iOS
3383,Mobile,Android
3384,Mobile,Android
3385,Mobile,Android
3386,Desktop,Windows
3387,Desktop,Android
3388,Mobile,Android
3389,Desktop,macOS
3390,Tablet,Android
3391,Mobile,iOS
3392,Mobile,Android
3393,Mobile,Android
3394,Desktop,Android
3395,Mobile,iOS
3396,Desktop,Windows
3397,Mobile,iOS
3398,Mobile,Android
3399,Desktop,Windows
3400,Mobile,Android
3401,Tablet,Android
3402,Mobile,Windows
3403,Mobile,macOS
3404,Tablet,macOS
3405,Mobile,Android
3406,Mobile,iOS
3407,Desktop,iOS
3408,Mobile,Android
3409,Desktop,Android
3410,Desktop,macOS
3411,Tablet,Android
3412,Mobile,iOS
3413,Mobile,Windows
3414,Mobile,Windows
3415,Mobile,Windows
3416,Desktop,Android
3417,Tablet,Android
3418,Mobile,Windows
3419,Mobile,macOS
3420,Mobile,iOS
3421,Mobile,Android
3422,Mobile,Android
3423,Mobile,iOS
3424,Mobile,iOS
3425,Mobile,Android
3426,Mobile,Android
3427,Desktop,macOS
3428,Desktop,Windows
3429,Mobile,iOS
3430,Mobile,iOS
3431,Tablet,Android
3432,Mobile,macOS
3433,Desktop,iOS
3434,Tablet,iOS
3435,Desktop,Android
3436,Mobile,iOS
3437,Desktop,macOS
3438,Desktop,iOS
3439,Mobile,macOS
3440,Mobile,Windows
3441,Desktop,macOS
3442,Desktop,Android
3443,Desktop,iOS
3444,Desktop,Windows
3445,Mobile,Android
3446,Desktop,iOS
3447,Desktop,Android
3448,Desktop,iOS
3449,Mobile,iOS
3450,Desktop,Android
3451,Mobile,iOS
3452,Desktop,Android
3453,Mobile,iOS
3454,Mobile,iOS
3455,Desktop,Android
3456,Mobile,Android
3457,Desktop,Android
3458,Mobile,Windows
3459,Mobile,Windows
3460,Mobile,iOS
3461,Desktop,iOS
3462,Mobile,Windows
3463,Desktop,iOS
3464,Mobile,Android
3465,Mobile,Windows
3466,Mobile,Android
3467,Mobile,Android
3468,Mobile,Windows
3469,Desktop,macOS
3470,Mobile,Android
3471,Desktop,Android
3472,Mobile,Windows
3473,Mobile,iOS
3474,Tablet,iOS
3475,Mobile,Android
3476,Mobile,Android
3477,Mobile,Android
3478,Desktop,Android
3479,Desktop,Windows
3480,Mobile,Android
3481,Desktop,Android
3482,Mobile,macOS
3483,Desktop,iOS
3484,Desktop,iOS
3485,Mobile,macOS
3486,Mobile,Android
3487,Desktop,Android
3488,Desktop,Android
3489,Mobile,Android
3490,Tablet,Android
3491,Mobile,Windows
3492,Desktop,Windows
3493,Desktop,Windows
3494,Mobile,Windows
3495,Mobile,Android
3496,Desktop,Android
3497,Mobile,iOS
3498,Mobile,Android
3499,Tablet,Android
3500,Mobile,Windows
3501,Mobile,Android
3502,Desktop,Android
3503,Mobile,iOS
3504,Desktop,Windows
3505,Desktop,Windows
3506,Mobile,macOS
3507,Mobile,Android
3508,Mobile,Windows
3509,Desktop,Android
3510,Mobile,Android
3511,Desktop,Android
3512,Mobile,Windows
3513,Mobile,iOS
3514,Desktop,iOS
3515,Desktop,Android
3516,Mobile,Windows
3517,Mobile,Android
3518,Desktop,Android
3519,Mobile,Android
3520,Mobile,Windows
3521,Mobile,Windows
3522,Mobile,Android
3523,Mobile,Android
3524,Mobile,Android
3525,Mobile,Android
3526,Mobile,iOS
3527,Desktop,Android
3528,Mobile,iOS
3529,Mobile,Windows
3530,Desktop,iOS
3531,Mobile,iOS
3532,Mobile,Android
3533,Mobile,iOS
3534,Desktop,Android
3535,Mobile,Android
3536,Mobile,Android
3537,Mobile,iOS
3538,Mobile,iOS
3539,Mobile,Windows
3540,Mobile,iOS
3541,Mobile,Windows
3542,Mobile,iOS
3543,Tablet,iOS
3544,Desktop,Windows
3545,Mobile,iOS
3546,Mobile,iOS
3547,Mobile,macOS
3548,Mobile,Windows
3549,Mobile,iOS
3550,Desktop,macOS
3551,Mobile,iOS
3552,Mobile,Android
3553,Mobile,iOS
3554,Mobile,macOS
3555,Mobile,Android
3556,Desktop,Android
3557,Desktop,Windows
3558,Mobile,macOS
3559,Mobile,Windows
3560,Tablet,Android
3561,Desktop,Android
3562,Mobile,Android
3563,Desktop,Android
3564,Mobile,Android
3565,Mobile,iOS
3566,Desktop,Android
3567,Mobile,macOS
3568,Mobile,Android
3569,Mobile,Android
3570,Mobile,Windows
3571,Desktop,Android
3572,Tablet,iOS
3573,Desktop,Windows
3574,Desktop,Android
3575,Mobile,macOS
3576,Mobile,iOS
3577,Mobile,iOS
3578,Mobile,iOS
3579,Desktop,Android
3580,Mobile,Android
3581,Mobile,Windows
3582,Desktop,Android
3583,Desktop,iOS
3584,Mobile,Android
3585,Tablet,Windows
3586,Mobile,Android
3587,Mobile,iOS
3588,Desktop,Android
3589,Mobile,Android
3590,Desktop,Android
3591,Desktop,macOS
3592,Mobile,Android
3593,Mobile,iOS
3594,Mobile,Windows
3595,Tablet,Android
3596,Mobile,Windows
3597,Mobile,Android
3598,Desktop,Android
3599,Mobile,Windows
3600,Mobile,iOS
3601,Mobile,iOS
3602,Mobile,Android
3603,Mobile,iOS
3604,Desktop,Android
3605,Desktop,iOS
3606,Mobile,iOS
3607,Desktop,iOS
3608,Mobile,Android
3609,Mobile,Android
3610,Desktop,Android
3611,Desktop,iOS
3612,Mobile,Windows
3613,Mobile,Android
3614,Mobile,Windows
3615,Mobile,Android
3616,Mobile,Android
3617,Tablet,iOS
3618,Mobile,iOS
3619,Mobile,Windows
3620,Desktop,iOS
3621,Desktop,Windows
3622,Mobile,iOS
3623,Mobile,Windows
3624,Mobile,iOS
3625,Mobile,iOS
3626,Mobile,Android
3627,Tablet,iOS
3628,Mobile,iOS
3629,Desktop,Android
3630,Desktop,iOS
3631,Mobile,Windows
3632,Mobile,Android
3633,Desktop,iOS
3634,Mobile,iOS
3635,Mobile,Windows
3636,Desktop,Windows
3637,Desktop,iOS
3638,Mobile,Android
3639,Desktop,Android
3640,Mobile,iOS
3641,Mobile,iOS
3642,Tablet,macOS
3643,Mobile,Windows
3644,Desktop,iOS
3645,Mobile,Android
3646,Tablet,Android
3647,Desktop,iOS
3648,Mobile,iOS
3649,Desktop,Windows
3650,Desktop,iOS
3651,Mobile,iOS
3652,Mobile,Windows
3653,Desktop,macOS
3654,Mobile,Android
3655,Desktop,iOS
3656,Tablet,Windows
3657,Mobile,Android
3658,Mobile,macOS
3659,Mobile,Android
3660,Mobile,iOS
3661,Desktop,Android
3662,Mobile,iOS
3663,Mobile,Android
3664,Mobile,Android
3665,Mobile,Android
3666,Desktop,macOS
3667,Desktop,iOS
3668,Mobile,iOS
3669,Tablet,Windows
3670,Mobile,iOS
3671,Mobile,Android
3672,Mobile,Windows
3673,Tablet,iOS
3674,Mobile,Android
3675,Mobile,Android
3676,Mobile,Windows
3677,Mobile,iOS
3678,Desktop,Windows
3679,Mobile,Android
3680,Tablet,iOS
3681,Mobile,Android
3682,Mobile,Windows
3683,Mobile,iOS
3684,Mobile,Windows
3685,Mobile,iOS
3686,Mobile,macOS
3687,Mobile,Android
3688,Desktop,Android
3689,Desktop,Android
3690,Desktop,iOS
3691,Mobile,iOS
3692,Mobile,Windows
3693,Desktop,iOS
3694,Tablet,Android
3695,Desktop,Android
3696,Desktop,iOS
3697,Tablet,Android
3698,Desktop,Android
3699,Mobile,macOS
3700,Mobile,Windows
3701,Mobile,Android
3702,Mobile,Windows
3703,Mobile,iOS
3704,Mobile,Android
3705,Mobile,iOS
3706,Mobile,Android
3707,Mobile,Android
3708,Desktop,Android
3709,Desktop,Android
3710,Mobile,Android
3711,Mobile,iOS
3712,Mobile,Android
3713,Desktop,Android
3714,Desktop,macOS
3715,Mobile,iOS
3716,Mobile,Windows
3717,Desktop,Windows
3718,Tablet,Windows
3719,Mobile,iOS
3720,Mobile,iOS
3721,Mobile,Windows
3722,Mobile,macOS
3723,Mobile,Android
3724,Desktop,Windows
3725,Tablet,Android
3726,Mobile,Android
3727,Mobile,Android
3728,Mobile,Windows
3729,Mobile,macOS
3730,Desktop,Android
3731,Mobile,iOS
3732,Desktop,iOS
3733,Mobile,Android
3734,Mobile,Android
3735,Desktop,iOS
3736,Desktop,macOS
3737,Tablet,Android
3738,Desktop,Android
3739,Desktop,iOS
3740,Mobile,iOS
3741,Desktop,macOS
3742,Mobile,Android
3743,Mobile,Android
3744,Desktop,Android
3745,Mobile,iOS
3746,Mobile,Android
3747,Tablet,Android
3748,Tablet,Windows
3749,Desktop,Android
3750,Mobile,iOS
3751,Mobile,iOS
3752,Mobile,iOS
3753,Tablet,Windows
3754,Mobile,iOS
3755,Mobile,Windows
3756,Mobile,macOS
3757,Mobile,Windows
3758,Mobile,macOS
3759,Mobile,Android
3760,Desktop,Android
3761,Mobile,Android
3762,Desktop,Android
3763,Desktop,iOS
3764,Mobile,Android
3765,Desktop,iOS
3766,Mobile,Android
3767,Mobile,Android
3768,Mobile,Android
3769,Mobile,Windows
3770,Mobile,iOS
3771,Mobile,iOS
3772,Desktop,iOS
3773,Desktop,Windows
3774,Desktop,Android
3775,Mobile,iOS
3776,Desktop,Android
3777,Desktop,iOS
3778,Mobile,Android
3779,Mobile,iOS
3780,Mobile,Android
3781,Desktop,Android
3782,Desktop,Android
3783,Tablet,iOS
3784,Desktop,macOS
3785,Desktop,Android
3786,Desktop,macOS
3787,Mobile,Android
3788,Desktop,Windows
3789,Mobile,Android
3790,Mobile,Android
3791,Desktop,Windows
3792,Mobile,iOS
3793,Tablet,macOS
3794,Mobile,Android
3795,Mobile,iOS
3796,Desktop,Android
3797,Tablet,Android
3798,Desktop,Windows
3799,Mobile,Windows
3800,Mobile,iOS
3801,Desktop,Android
3802,Mobile,Android
3803,Desktop,Android
3804,Mobile,iOS
3805,Desktop,Windows
3806,Tablet,Windows
3807,Mobile,iOS
3808,Mobile,iOS
3809,Mobile,Windows
3810,Mobile,Android
3811,Mobile,iOS
3812,Desktop,macOS
3813,Mobile,Android
3814,Mobile,iOS
3815,Mobile,Android
3816,Desktop,Android
3817,Mobile,Windows
3818,Mobile,Android
3819,Desktop,Android
3820,Mobile,iOS
3821,Desktop,Windows
3822,Mobile,Windows
3823,Mobile,Android
3824,Mobile,macOS
3825,Tablet,iOS
3826,Mobile,Android
3827,Mobile,Android
3828,Mobile,Android
3829,Desktop,iOS
3830,Mobile,Windows
3831,Mobile,iOS
3832,Mobile,Windows
3833,Mobile,Android
3834,Mobile,Windows
3835,Desktop,Windows
3836,Mobile,Android
3837,Mobile,Android
3838,Mobile,Android
3839,Mobile,Android
3840,Mobile,Windows
3841,Mobile,Windows
3842,Desktop,Android
3843,Mobile,iOS
3844,Mobile,iOS
3845,Mobile,Windows
3846,Desktop,iOS
3847,Mobile,Windows
3848,Mobile,iOS
3849,Desktop,Android
3850,Desktop,macOS
3851,Desktop,Android
3852,Tablet,Android
3853,Desktop,macOS
3854,Mobile,iOS
3855,Desktop,Windows
3856,Desktop,Android
3857,Desktop,iOS
3858,Desktop,Android
3859,Mobile,Android
3860,Desktop,Android
3861,Mobile,Android
3862,Mobile,Android
3863,Desktop,Windows
3864,Mobile,iOS
3865,Mobile,Android
3866,Desktop,iOS
3867,Mobile,Windows
3868,Tablet,Android
3869,Mobile,iOS
3870,Desktop,Windows
3871,Mobile,iOS
3872,Desktop,iOS
3873,Mobile,Windows
3874,Mobile,iOS
3875,Desktop,Android
3876,Mobile,macOS
3877,Mobile,Android
3878,Mobile,Android
3879,Mobile,iOS
3880,Mobile,iOS
3881,Mobile,Android
3882,Tablet,iOS
3883,Mobile,iOS
3884,Mobile,Android
3885,Desktop,iOS
3886,Mobile,Windows
3887,Mobile,Windows
3888,Desktop,Android
3889,Desktop,Windows
3890,Desktop,Android
3891,Desktop,Windows
3892,Desktop,Windows
3893,Mobile,Windows
3894,Desktop,Windows
3895,Tablet,Android
3896,Desktop,Android
3897,Mobile,macOS
3898,Mobile,Windows
3899,Mobile,Windows
3900,Mobile,Android
3901,Desktop,Windows
3902,Mobile,Android
3903,Mobile,Android
3904,Desktop,iOS
3905,Desktop,macOS
3906,Desktop,Android
3907,Tablet,iOS
3908,Desktop,Android
3909,Desktop,Windows
3910,Mobile,Android
3911,Tablet,iOS
3912,Mobile,iOS
3913,Desktop,iOS
3914,Desktop,iOS
3915,Mobile,Android
3916,Mobile,Android
3917,Desktop,iOS
3918,Mobile,iOS
3919,Desktop,iOS
3920,Mobile,Android
3921,Mobile,Android
3922,Desktop,Android
3923,Desktop,macOS
3924,Mobile,Android
3925,Mobile,iOS
3926,Mobile,Android
3927,Mobile,Android
3928,Mobile,Android
3929,Mobile,Android
3930,Mobile,Android
3931,Mobile,Android
3932,Mobile,Android
3933,Mobile,Android
3934,Mobile,Android
3935,Mobile,Windows
3936,Desktop,Windows
3937,Desktop,iOS
3938,Desktop,iOS
3939,Desktop,Android
3940,Mobile,Windows
3941,Mobile,macOS
3942,Mobile,Android
3943,Desktop,Android
3944,Desktop,Windows
3945,Desktop,Windows
3946,Mobile,iOS
3947,Mobile,iOS
3948,Desktop,Android
3949,Tablet,macOS
3950,Tablet,Windows
3951,Mobile,iOS
3952,Desktop,Windows
3953,Mobile,Windows
3954,Mobile,Windows
3955,Mobile,Android
3956,Desktop,Android
3957,Tablet,macOS
3958,Mobile,Android
3959,Mobile,iOS
3960,Mobile,iOS
3961,Desktop,iOS
3962,Desktop,iOS
3963,Mobile,Android
3964,Mobile,Android
3965,Mobile,Android
3966,Tablet,iOS
3967,Mobile,iOS
3968,Mobile,iOS
3969,Mobile,Android
3970,Mobile,iOS
3971,Desktop,iOS
3972,Mobile,Android
3973,Mobile,iOS
3974,Mobile,Windows
3975,Mobile,Windows
3976,Mobile,iOS
3977,Mobile,iOS
3978,Desktop,Windows
3979,Desktop,iOS
3980,Desktop,Android
3981,Mobile,Windows
3982,Mobile,Android
3983,Mobile,Windows
3984,Tablet,macOS
3985,Desktop,Windows
3986,Desktop,macOS
3987,Mobile,Android
3988,Mobile,Windows
3989,Desktop,iOS
3990,Desktop,Windows
3991,Desktop,Android
3992,Mobile,Android
3993,Tablet,Android
3994,Mobile,macOS
3995,Mobile,Windows
3996,Desktop,iOS
3997,Desktop,Android
3998,Mobile,Android
3999,Mobile,Windows
4000,Desktop,iOS
4001,Desktop,Android
4002,Mobile,macOS
4003,Mobile,Android
4004,Desktop,iOS
4005,Desktop,iOS
4006,Mobile,Android
4007,Mobile,Android
4008,Mobile,Android
4009,Mobile,iOS
4010,Mobile,macOS
4011,Desktop,Windows
4012,Desktop,Windows
4013,Mobile,iOS
4014,Mobile,Android
4015,Desktop,iOS
4016,Tablet,iOS
4017,Mobile,Android
4018,Mobile,Windows
4019,Mobile,Android
4020,Desktop,iOS
4021,Mobile,Android
4022,Mobile,Android
4023,Mobile,iOS
4024,Tablet,iOS
4025,Mobile,Android
4026,Mobile,Android
4027,Mobile,Android
4028,Mobile,macOS
4029,Mobile,Android
4030,Mobile,iOS
4031,Tablet,Android
4032,Mobile,iOS
4033,Mobile,iOS
4034,Mobile,iOS
4035,Mobile,iOS
4036,Mobile,Android
4037,Mobile,iOS
4038,Desktop,Windows
4039,Desktop,Windows
4040,Desktop,macOS
4041,Mobile,iOS
4042,Mobile,Android
4043,Desktop,Windows
4044,Tablet,Windows
4045,Mobile,iOS
4046,Mobile,Android
4047,Desktop,Android
4048,Mobile,Windows
4049,Mobile,Android
4050,Desktop,Windows
4051,Mobile,macOS
4052,Mobile,iOS
4053,Mobile,Windows
4054,Desktop,Windows
4055,Mobile,Windows
4056,Mobile,iOS
4057,Mobile,iOS
4058,Mobile,Android
4059,Mobile,Windows
4060,Mobile,iOS
4061,Mobile,iOS
4062,Desktop,Android
4063,Mobile,Windows
4064,Desktop,iOS
4065,Mobile,iOS
4066,Mobile,iOS
4067,Desktop,Android
4068,Mobile,macOS
4069,Mobile,Android
4070,Desktop,macOS
4071,Mobile,iOS
4072,Mobile,Android
4073,Desktop,Windows
4074,Mobile,iOS
4075,Tablet,iOS
4076,Mobile,Android
4077,Desktop,Windows
4078,Desktop,Windows
4079,Mobile,macOS
4080,Mobile,Android
4081,Mobile,Windows
4082,Desktop,macOS
4083,Mobile,Windows
4084,Mobile,macOS
4085,Mobile,Android
4086,Desktop,iOS
4087,Desktop,Android
4088,Mobile,Windows
4089,Mobile,Windows
4090,Desktop,Android
4091,Mobile,Android
4092,Mobile,Android
4093,Mobile,Android
4094,Mobile,Android
4095,Mobile,Android
4096,Mobile,Android
4097,Mobile,Android
4098,Mobile,iOS
4099,Desktop,Android
4100,Desktop,Windows
4101,Mobile,macOS
4102,Mobile,Android
4103,Mobile,Android
4104,Mobile,macOS
4105,Mobile,Windows
4106,Mobile,iOS
4107,Tablet,Android
4108,Desktop,iOS
4109,Mobile,Android
4110,Mobile,Windows
4111,Mobile,Windows
4112,Tablet,Windows
4113,Desktop,Android
4114,Mobile,iOS
4115,Desktop,macOS
4116,Desktop,iOS
4117,Desktop,Android
4118,Mobile,Windows
4119,Mobile,Android
4120,Desktop,iOS
4121,Mobile,iOS
4122,Mobile,Android
4123,Desktop,Windows
4124,Mobile,Android
4125,Desktop,macOS
4126,Mobile,Windows
4127,Desktop,Windows
4128,Desktop,Windows
4129,Tablet,Android
4130,Mobile,macOS
4131,Mobile,Windows
4132,Desktop,Windows
4133,Mobile,iOS
4134,Mobile,Windows
4135,Desktop,macOS
4136,Mobile,Android
4137,Desktop,Windows
4138,Mobile,Android
4139,Desktop,iOS
4140,Mobile,iOS
4141,Mobile,Android
4142,Desktop,Windows
4143,Mobile,Android
4144,Mobile,iOS
4145,Desktop,Android
4146,Desktop,Android
4147,Mobile,Android
4148,Tablet,Windows
4149,Mobile,Windows
4150,Mobile,iOS
4151,Mobile,Android
4152,Mobile,Windows
4153,Mobile,Android
4154,Mobile,Android
4155,Desktop,Android
4156,Desktop,Android
4157,Mobile,Windows
4158,Mobile,Windows
4159,Desktop,iOS
4160,Mobile,Android
4161,Mobile,iOS
4162,Desktop,iOS
4163,Mobile,Windows
4164,Tablet,Windows
4165,Desktop,Android
4166,Desktop,iOS
4167,Mobile,Windows
4168,Mobile,macOS
4169,Mobile,iOS
4170,Mobile,Android
4171,Desktop,Windows
4172,Mobile,Windows
4173,Desktop,Android
4174,Tablet,Android
4175,Mobile,Windows
4176,Mobile,Android
4177,Desktop,Windows
4178,Mobile,iOS
4179,Desktop,Android
4180,Mobile,Android
4181,Mobile,Windows
4182,Mobile,Windows
4183,Desktop,Android
4184,Mobile,iOS
4185,Desktop,Windows
4186,Mobile,Android
4187,Desktop,macOS
4188,Mobile,Windows
4189,Desktop,macOS
4190,Mobile,iOS
4191,Mobile,iOS
4192,Mobile,iOS
4193,Mobile,iOS
4194,Tablet,Android
4195,Mobile,Windows
4196,Mobile,Windows
4197,Mobile,macOS
4198,Mobile,Android
4199,Desktop,Windows
4200,Mobile,Android
4201,Mobile,macOS
4202,Desktop,Android
4203,Mobile,Android
4204,Tablet,iOS
4205,Mobile,Android
4206,Desktop,Android
4207,Mobile,iOS
4208,Mobile,Android
4209,Mobile,Android
4210,Mobile,iOS
4211,Mobile,Windows
4212,Desktop,iOS
4213,Mobile,macOS
4214,Desktop,iOS
4215,Tablet,Windows
4216,Mobile,Windows
4217,Mobile,macOS
4218,Mobile,Windows
4219,Desktop,iOS
4220,Mobile,iOS
4221,Mobile,iOS
4222,Desktop,Windows
4223,Desktop,macOS
4224,Mobile,Windows
4225,Desktop,Windows
4226,Mobile,macOS
4227,Mobile,Android
4228,Desktop,Windows
4229,Mobile,Android
4230,Desktop,Android
4231,Mobile,Android
4232,Mobile,iOS
4233,Desktop,iOS
4234,Desktop,iOS
4235,Mobile,iOS
4236,Desktop,Windows
4237,Mobile,Android
4238,Mobile,iOS
4239,Mobile,macOS
4240,Mobile,iOS
4241,Desktop,macOS
4242,Mobile,Android
4243,Mobile,Windows
4244,Desktop,Android
4245,Mobile,Android
4246,Tablet,Android
4247,Mobile,Android
4248,Desktop,iOS
4249,Mobile,Windows
4250,Mobile,iOS
4251,Mobile,Android
4252,Desktop,macOS
4253,Mobile,macOS
4254,Mobile,iOS
4255,Mobile,Android
4256,Mobile,iOS
4257,Mobile,iOS
4258,Mobile,Android
4259,Desktop,Android
4260,Mobile,iOS
4261,Mobile,Windows
4262,Desktop,macOS
4263,Desktop,iOS
4264,Mobile,Android
4265,Desktop,Android
4266,Desktop,Windows
4267,Mobile,Android
4268,Desktop,Android
4269,Mobile,Android
4270,Mobile,macOS
4271,Mobile,iOS
4272,Desktop,Windows
4273,Mobile,iOS
4274,Mobile,Windows
4275,Desktop,iOS
4276,Mobile,iOS
4277,Mobile,Android
4278,Mobile,Android
4279,Tablet,macOS
4280,Desktop,Android
4281,Mobile,Android
4282,Mobile,Android
4283,Mobile,Windows
4284,Desktop,macOS
4285,Mobile,Android
4286,Mobile,iOS
4287,Mobile,Android
4288,Tablet,iOS
4289,Mobile,iOS
4290,Mobile,iOS
4291,Mobile,Android
4292,Mobile,Android
4293,Mobile,macOS
4294,Desktop,Windows
4295,Mobile,iOS
4296,Mobile,Android
4297,Tablet,Windows
4298,Mobile,macOS
4299,Mobile,Android
4300,Mobile,Android
4301,Mobile,iOS
4302,Mobile,iOS
4303,Mobile,Android
4304,Mobile,Android
4305,Mobile,Android
4306,Mobile,Windows
4307,Desktop,Windows
4308,Mobile,iOS
4309,Desktop,Android
4310,Mobile,Android
4311,Mobile,macOS
4312,Tablet,macOS
4313,Desktop,Android
4314,Desktop,Android
4315,Mobile,iOS
4316,Mobile,iOS
4317,Mobile,Android
4318,Desktop,Windows
4319,Mobile,iOS
4320,Mobile,Windows
4321,Mobile,iOS
4322,Mobile,Android
4323,Desktop,Windows
4324,Mobile,macOS
4325,Desktop,Android
4326,Desktop,Android
4327,Mobile,Android
4328,Desktop,iOS
4329,Desktop,Android
4330,Desktop,Android
4331,Desktop,macOS
4332,Desktop,Android
4333,Desktop,macOS
4334,Mobile,Android
4335,Mobile,Windows
4336,Mobile,iOS
4337,Mobile,Android
4338,Mobile,Windows
4339,Mobile,iOS
4340,Mobile,Windows
4341,Mobile,iOS
4342,Mobile,Android
4343,Mobile,Android
4344,Desktop,Android
4345,Tablet,iOS
4346,Desktop,iOS
4347,Mobile,Android
4348,Desktop,Android
4349,Mobile,Android
4350,Mobile,Android
4351,Mobile,Android
4352,Mobile,Android
4353,Mobile,iOS
4354,Desktop,Android
4355,Mobile,Android
4356,Mobile,iOS
4357,Mobile,iOS
4358,Mobile,iOS
4359,Mobile,Android
4360,Mobile,iOS
4361,Mobile,Windows
4362,Mobile,Android
4363,Mobile,iOS
4364,Mobile,macOS
4365,Desktop,macOS
4366,Mobile,Android
4367,Mobile,iOS
4368,Mobile,Windows
4369,Mobile,Android
4370,Mobile,iOS
4371,Mobile,Android
4372,Mobile,Android
4373,Tablet,iOS
4374,Tablet,Android
4375,Mobile,Windows
4376,Mobile,Windows
4377,Desktop,Android
4378,Tablet,Android
4379,Mobile,macOS
4380,Mobile,Windows
4381,Mobile,iOS
4382,Mobile,Windows
4383,Mobile,Windows
4384,Desktop,Android
4385,Mobile,Android
4386,Desktop,Android
4387,Mobile,Windows
4388,Mobile,Android
4389,Desktop,iOS
4390,Desktop,iOS
4391,Mobile,macOS
4392,Desktop,iOS
4393,Desktop,Android
4394,Mobile,iOS
4395,Mobile,Windows
4396,Mobile,Android
4397,Mobile,Android
4398,Mobile,Windows
4399,Desktop,iOS
4400,Mobile,Android
4401,Mobile,iOS
4402,Tablet,Android
4403,Mobile,Android
4404,Tablet,Android
4405,Desktop,Android
4406,Mobile,iOS
4407,Desktop,Android
4408,Mobile,iOS
4409,Mobile,iOS
4410,Mobile,Windows
4411,Tablet,Android
4412,Mobile,Android
4413,Desktop,macOS
4414,Mobile,iOS
4415,Mobile,Android
4416,Mobile,Android
4417,Mobile,Android
4418,Desktop,macOS
4419,Mobile,Windows
4420,Tablet,Android
4421,Desktop,Windows
4422,Mobile,iOS
4423,Tablet,Android
4424,Tablet,Android
4425,Mobile,iOS
4426,Tablet,iOS
4427,Mobile,Windows
4428,Desktop,macOS
4429,Desktop,iOS
4430,Mobile,Android
4431,Mobile,Windows
4432,Mobile,Windows
4433,Desktop,iOS
4434,Mobile,Android
4435,Desktop,Windows
4436,Desktop,Windows
4437,Mobile,Android
4438,Mobile,Windows
4439,Mobile,macOS
4440,Desktop,macOS
4441,Mobile,Android
4442,Mobile,Windows
4443,Mobile,iOS
4444,Desktop,Android
4445,Mobile,Android
4446,Mobile,Windows
4447,Tablet,iOS
4448,Mobile,iOS
4449,Desktop,Windows
4450,Tablet,Windows
4451,Desktop,Android
4452,Desktop,Android
4453,Desktop,iOS
4454,Mobile,iOS
4455,Mobile,Windows
4456,Desktop,Windows
4457,Desktop,Android
4458,Tablet,iOS
4459,Mobile,Android
4460,Desktop,Android
4461,Desktop,Android
4462,Desktop,iOS
4463,Desktop,Android
4464,Mobile,Android
4465,Mobile,macOS
4466,Mobile,Windows
4467,Mobile,Android
4468,Mobile,Android
4469,Desktop,Windows
4470,Mobile,iOS
4471,Mobile,Android
4472,Desktop,iOS
4473,Mobile,Android
4474,Tablet,Android
4475,Desktop,iOS
4476,Mobile,iOS
4477,Mobile,macOS
4478,Mobile,iOS
4479,Mobile,Android
4480,Mobile,macOS
4481,Mobile,Android
4482,Tablet,Android
4483,Tablet,iOS
4484,Desktop,macOS
4485,Mobile,macOS
4486,Mobile,Android
4487,Desktop,Windows
4488,Mobile,Android
4489,Tablet,Windows
4490,Mobile,Android
4491,Mobile,iOS
4492,Mobile,macOS
4493,Mobile,macOS
4494,Desktop,iOS
4495,Desktop,Android
4496,Mobile,Android
4497,Desktop,iOS
4498,Mobile,Windows
4499,Desktop,Android
4500,Tablet,Android
4501,Mobile,Android
4502,Desktop,Android
4503,Desktop,Android
4504,Mobile,Android
4505,Desktop,Windows
4506,Mobile,Android
4507,Tablet,macOS
4508,Mobile,Android
4509,Mobile,macOS
4510,Desktop,Android
4511,Mobile,Android
4512,Tablet,Android
4513,Desktop,iOS
4514,Desktop,Windows
4515,Mobile,Android
4516,Desktop,Windows
4517,Mobile,iOS
4518,Tablet,Android
4519,Mobile,iOS
4520,Mobile,Windows
4521,Mobile,iOS
4522,Mobile,iOS
4523,Mobile,Android
4524,Mobile,iOS
4525,Desktop,Android
4526,Mobile,Android
4527,Mobile,iOS
4528,Mobile,Windows
4529,Tablet,iOS
4530,Mobile,macOS
4531,Mobile,Windows
4532,Mobile,Android
4533,Mobile,Android
4534,Mobile,Android
4535,Mobile,macOS
4536,Mobile,iOS
4537,Desktop,macOS
4538,Mobile,iOS
4539,Tablet,macOS
4540,Mobile,Android
4541,Mobile,Android
4542,Mobile,iOS
4543,Mobile,Windows
4544,Mobile,macOS
4545,Mobile,macOS
4546,Mobile,Windows
4547,Desktop,Android
4548,Mobile,Windows
4549,Mobile,Android
4550,Mobile,Windows
4551,Desktop,Android
4552,Mobile,iOS
4553,Desktop,Android
4554,Mobile,Android
4555,Mobile,Windows
4556,Mobile,iOS
4557,Mobile,macOS
4558,Mobile,iOS
4559,Desktop,Android
4560,Desktop,iOS
4561,Desktop,iOS
4562,Desktop,Windows
4563,Mobile,Android
4564,Mobile,Android
4565,Mobile,iOS
4566,Desktop,iOS
4567,Desktop,iOS
4568,Mobile,Android
4569,Mobile,Windows
4570,Tablet,Android
4571,Desktop,Android
4572,Mobile,Windows
4573,Mobile,Android
4574,Mobile,Windows
4575,Tablet,Android
4576,Mobile,Android
4577,Mobile,Android
4578,Desktop,iOS
4579,Mobile,Windows
4580,Mobile,Android
4581,Desktop,Windows
4582,Desktop,iOS
4583,Desktop,Android
4584,Desktop,iOS
4585,Mobile,macOS
4586,Mobile,iOS
4587,Mobile,Android
4588,Mobile,Windows
4589,Desktop,Android
4590,Mobile,Android
4591,Desktop,Android
4592,Desktop,Windows
4593,Desktop,iOS
4594,Tablet,Android
4595,Mobile,Android
4596,Mobile,iOS
4597,Mobile,Android
4598,Mobile,Android
4599,Mobile,Android
4600,Desktop,iOS
4601,Desktop,Android
4602,Tablet,Windows
4603,Mobile,iOS
4604,Mobile,Android
4605,Mobile,iOS
4606,Mobile,macOS
4607,Desktop,Android
4608,Mobile,Windows
4609,Mobile,Android
4610,Mobile,Android
4611,Desktop,Android
4612,Desktop,Windows
4613,Mobile,Android
4614,Mobile,iOS
4615,Mobile,Windows
4616,Mobile,Android
4617,Mobile,Android
4618,Mobile,Android
4619,Mobile,macOS
4620,Mobile,iOS
4621,Desktop,iOS
4622,Desktop,Windows
4623,Desktop,Android
4624,Mobile,iOS
4625,Mobile,Windows
4626,Desktop,Android
4627,Mobile,iOS
4628,Mobile,macOS
4629,Mobile,iOS
4630,Mobile,Android
4631,Tablet,Android
4632,Mobile,iOS
4633,Desktop,Android
4634,Mobile,macOS
4635,Desktop,Android
4636,Mobile,Windows
4637,Mobile,iOS
4638,Mobile,iOS
4639,Mobile,Android
4640,Mobile,Android
4641,Mobile,Windows
4642,Mobile,iOS
4643,Mobile,Android
4644,Mobile,Android
4645,Desktop,Android
4646,Desktop,Windows
4647,Mobile,Android
4648,Desktop,iOS
4649,Mobile,iOS
4650,Mobile,iOS
4651,Desktop,iOS
4652,Mobile,Windows
4653,Mobile,Android
4654,Desktop,Android
4655,Mobile,iOS
4656,Desktop,iOS
4657,Mobile,iOS
4658,Mobile,Android
4659,Mobile,Android
4660,Mobile,Android
4661,Mobile,macOS
4662,Desktop,Android
4663,Mobile,Android
4664,Mobile,macOS
4665,Mobile,macOS
4666,Mobile,macOS
4667,Mobile,Windows
4668,Mobile,iOS
4669,Tablet,iOS
4670,Desktop,Android
4671,Mobile,Android
4672,Mobile,Android
4673,Desktop,Windows
4674,Mobile,Android
4675,Mobile,Android
4676,Tablet,Windows
4677,Tablet,Windows
4678,Mobile,Android
4679,Mobile,Android
4680,Mobile,Android
4681,Mobile,Android
4682,Mobile,iOS
4683,Mobile,Windows
4684,Mobile,Android
4685,Desktop,Windows
4686,Mobile,iOS
4687,Mobile,Windows
4688,Desktop,iOS
4689,Mobile,macOS
4690,Desktop,iOS
4691,Desktop,Windows
4692,Desktop,iOS
4693,Mobile,Android
4694,Desktop,iOS
4695,Mobile,iOS
4696,Mobile,Windows
4697,Desktop,Android
4698,Desktop,iOS
4699,Mobile,Windows
4700,Tablet,Android
4701,Mobile,Windows
4702,Mobile,iOS
4703,Mobile,Android
4704,Mobile,Android
4705,Desktop,macOS
4706,Mobile,iOS
4707,Mobile,iOS
4708,Tablet,macOS
4709,Desktop,Android
4710,Desktop,Android
4711,Desktop,iOS
4712,Mobile,Android
4713,Desktop,Android
4714,Mobile,Android
4715,Mobile,Android
4716,Mobile,iOS
4717,Desktop,macOS
4718,Mobile,Windows
4719,Tablet,iOS
4720,Desktop,macOS
4721,Mobile,iOS
4722,Tablet,macOS
4723,Mobile,iOS
4724,Mobile,iOS
4725,Mobile,Android
4726,Mobile,iOS
4727,Mobile,Android
4728,Desktop,macOS
4729,Mobile,iOS
4730,Mobile,Android
4731,Tablet,iOS
4732,Mobile,Android
4733,Mobile,iOS
4734,Mobile,Android
4735,Mobile,iOS
4736,Mobile,Windows
4737,Mobile,Windows
4738,Desktop,iOS
4739,Desktop,Android
4740,Desktop,macOS
4741,Mobile,Android
4742,Mobile,Android
4743,Mobile,Android
4744,Desktop,Windows
4745,Tablet,Android
4746,Desktop,Android
4747,Mobile,Android
4748,Mobile,macOS
4749,Mobile,iOS
4750,Desktop,iOS
4751,Tablet,Android
4752,Mobile,iOS
4753,Mobile,iOS
4754,Mobile,Android
4755,Desktop,Android
4756,Mobile,iOS
4757,Desktop,iOS
4758,Desktop,iOS
4759,Mobile,Android
4760,Desktop,Windows
4761,Tablet,iOS
4762,Mobile,Windows
4763,Mobile,Windows
4764,Desktop,iOS
4765,Mobile,Android
4766,Mobile,iOS
4767,Mobile,Windows
4768,Mobile,Android
4769,Mobile,iOS
4770,Desktop,iOS
4771,Mobile,Windows
4772,Mobile,Windows
4773,Mobile,iOS
4774,Mobile,Windows
4775,Desktop,Android
4776,Desktop,iOS
4777,Desktop,Android
4778,Mobile,macOS
4779,Mobile,iOS
4780,Mobile,Android
4781,Desktop,Android
4782,Desktop,iOS
4783,Mobile,Windows
4784,Mobile,iOS
4785,Mobile,Android
4786,Desktop,iOS
4787,Desktop,Android
4788,Mobile,Windows
4789,Mobile,Windows
4790,Mobile,Android
4791,Desktop,Android
4792,Mobile,iOS
4793,Tablet,macOS
4794,Mobile,Windows
4795,Desktop,iOS
4796,Desktop,Android
4797,Tablet,Android
4798,Mobile,Android
4799,Mobile,Android
4800,Desktop,Windows
4801,Mobile,Android
4802,Tablet,iOS
4803,Mobile,Android
4804,Mobile,Windows
4805,Mobile,macOS
4806,Desktop,macOS
4807,Desktop,Windows
4808,Tablet,Android
4809,Mobile,Android
4810,Desktop,Android
4811,Desktop,iOS
4812,Mobile,macOS
4813,Desktop,Windows
4814,Mobile,iOS
4815,Desktop,iOS
4816,Tablet,macOS
4817,Mobile,iOS
4818,Mobile,Windows
4819,Mobile,iOS
4820,Mobile,iOS
4821,Desktop,Android
4822,Mobile,Android
4823,Mobile,Android
4824,Desktop,iOS
4825,Desktop,Windows
4826,Mobile,Android
4827,Mobile,Android
4828,Mobile,iOS
4829,Mobile,iOS
4830,Desktop,iOS
4831,Mobile,Windows
4832,Mobile,macOS
4833,Desktop,macOS
4834,Desktop,Android
4835,Mobile,iOS
4836,Desktop,iOS
4837,Mobile,Android
4838,Mobile,Android
4839,Mobile,Android
4840,Mobile,Android
4841,Mobile,Android
4842,Mobile,iOS
4843,Mobile,macOS
4844,Desktop,Android
4845,Desktop,macOS
4846,Tablet,macOS
4847,Mobile,iOS
4848,Mobile,Android
4849,Tablet,Android
4850,Desktop,Windows
4851,Mobile,iOS
4852,Mobile,Android
4853,Mobile,iOS
4854,Mobile,iOS
4855,Tablet,Android
4856,Desktop,iOS
4857,Mobile,iOS
4858,Desktop,Android
4859,Mobile,Android
4860,Tablet,Android
4861,Mobile,iOS
4862,Desktop,iOS
4863,Desktop,iOS
4864,Mobile,iOS
4865,Mobile,iOS
4866,Mobile,Android
4867,Mobile,iOS
4868,Tablet,iOS
4869,Mobile,Android
4870,Mobile,macOS
4871,Desktop,Android
4872,Desktop,Android
4873,Mobile,Windows
4874,Mobile,Windows
4875,Mobile,macOS
4876,Mobile,Windows
4877,Mobile,Android
4878,Desktop,Android
4879,Desktop,Android
4880,Mobile,Windows
4881,Mobile,Windows
4882,Mobile,Android
4883,Mobile,Windows
4884,Mobile,Windows
4885,Mobile,Android
4886,Mobile,Android
4887,Mobile,Windows
4888,Mobile,Windows
4889,Mobile,macOS
4890,Tablet,Android
4891,Mobile,Android
4892,Mobile,Android
4893,Mobile,iOS
4894,Mobile,Windows
4895,Tablet,Android
4896,Desktop,Android
4897,Tablet,iOS
4898,Mobile,Windows
4899,Desktop,Windows
4900,Mobile,Android
4901,Mobile,Windows
4902,Desktop,Windows
4903,Mobile,iOS
4904,Mobile,macOS
4905,Mobile,iOS
4906,Mobile,Android
4907,Mobile,Android
4908,Desktop,iOS
4909,Mobile,Android
4910,Mobile,iOS
4911,Mobile,Android
4912,Desktop,macOS
4913,Mobile,Android
4914,Desktop,Android
4915,Mobile,Android
4916,Mobile,Windows
4917,Desktop,iOS
4918,Tablet,Android
4919,Desktop,Windows
4920,Mobile,iOS
4921,Mobile,Windows
4922,Desktop,Windows
4923,Mobile,macOS
4924,Mobile,Android
4925,Tablet,Windows
4926,Mobile,iOS
4927,Tablet,Android
4928,Mobile,iOS
4929,Mobile,iOS
4930,Mobile,Windows
4931,Mobile,Windows
4932,Mobile,macOS
4933,Desktop,iOS
4934,Desktop,Windows
4935,Desktop,macOS
4936,Mobile,Windows
4937,Mobile,iOS
4938,Desktop,Android
4939,Mobile,iOS
4940,Mobile,Android
4941,Mobile,Windows
4942,Mobile,Android
4943,Mobile,Android
4944,Mobile,Android
4945,Desktop,Android
4946,Mobile,Windows
4947,Mobile,iOS
4948,Mobile,iOS
4949,Desktop,macOS
4950,Mobile,Windows
4951,Mobile,macOS
4952,Desktop,macOS
4953,Desktop,Windows
4954,Desktop,Android
4955,Mobile,macOS
4956,Mobile,iOS
4957,Mobile,iOS
4958,Mobile,iOS
4959,Desktop,Android
4960,Mobile,Android
4961,Mobile,iOS
4962,Mobile,Android
4963,Desktop,Windows
4964,Mobile,iOS
4965,Mobile,iOS
4966,Desktop,Windows
4967,Mobile,iOS
4968,Mobile,iOS
4969,Mobile,iOS
4970,Desktop,Android
4971,Mobile,Windows
4972,Mobile,Windows
4973,Mobile,Android
4974,Mobile,Android
4975,Desktop,macOS
4976,Desktop,iOS
4977,Desktop,Android
4978,Mobile,macOS
4979,Mobile,Android
4980,Mobile,Windows
4981,Tablet,Android
4982,Mobile,macOS
4983,Mobile,Android
4984,Mobile,Windows
4985,Mobile,macOS
4986,Desktop,iOS
4987,Mobile,Android
4988,Mobile,Android
4989,Mobile,iOS
4990,Mobile,Android
4991,Mobile,macOS
4992,Mobile,Android
4993,Mobile,iOS
4994,Mobile,iOS
4995,Mobile,iOS
4996,Desktop,Android
4997,Mobile,iOS
4998,Mobile,Windows
4999,Mobile,iOS
5000,Mobile,Android
5001,Mobile,iOS
5002,Mobile,iOS
5003,Mobile,Android
5004,Mobile,Android
5005,Desktop,Android
5006,Mobile,iOS
5007,Mobile,Android
5008,Desktop,iOS
5009,Mobile,macOS
5010,Tablet,macOS
5011,Mobile,iOS
5012,Mobile,macOS
5013,Mobile,iOS
5014,Desktop,Android
5015,Mobile,iOS
5016,Desktop,iOS
5017,Desktop,iOS
5018,Desktop,Android
5019,Mobile,Windows
5020,Mobile,Android
5021,Desktop,Android
5022,Mobile,Android
5023,Desktop,Android
5024,Desktop,macOS
5025,Mobile,Windows
5026,Mobile,Android
5027,Tablet,iOS
5028,Tablet,Android
5029,Desktop,Android
5030,Mobile,Android
5031,Mobile,Android
5032,Desktop,Windows
5033,Mobile,Android
5034,Desktop,iOS
5035,Mobile,Windows
5036,Tablet,macOS
5037,Mobile,macOS
5038,Mobile,iOS
5039,Mobile,Android
5040,Desktop,Windows
5041,Tablet,iOS
5042,Desktop,iOS
5043,Mobile,Windows
5044,Desktop,Windows
5045,Desktop,Android
5046,Mobile,iOS
5047,Mobile,Windows
5048,Desktop,Android
5049,Desktop,iOS
5050,Mobile,Android
5051,Desktop,Android
5052,Mobile,iOS
5053,Mobile,Android
5054,Mobile,Android
5055,Mobile,Windows
5056,Desktop,macOS
5057,Mobile,iOS
5058,Desktop,Android
5059,Mobile,macOS
5060,Mobile,macOS
5061,Mobile,Windows
5062,Mobile,Android
5063,Mobile,Android
5064,Desktop,Windows
5065,Desktop,Android
5066,Tablet,iOS
5067,Mobile,Android
5068,Mobile,Android
5069,Mobile,Android
5070,Mobile,iOS
5071,Mobile,iOS
5072,Mobile,macOS
5073,Mobile,Windows
5074,Desktop,Windows
5075,Desktop,Android
5076,Mobile,macOS
5077,Mobile,Android
5078,Desktop,Android
5079,Desktop,iOS
5080,Desktop,Android
5081,Mobile,Android
5082,Desktop,Android
5083,Mobile,Windows
5084,Desktop,iOS
5085,Desktop,Android
5086,Mobile,Windows
5087,Desktop,Windows
5088,Desktop,Android
5089,Mobile,Android
5090,Desktop,iOS
5091,Mobile,Windows
5092,Desktop,Windows
5093,Desktop,iOS
5094,Mobile,Windows
5095,Mobile,Android
5096,Mobile,Android
5097,Mobile,macOS
5098,Mobile,iOS
5099,Tablet,Android
5100,Mobile,Windows
5101,Desktop,iOS
5102,Mobile,Android
5103,Desktop,Android
5104,Mobile,Android
5105,Mobile,iOS
5106,Mobile,Windows
5107,Desktop,Android
5108,Mobile,Android
5109,Mobile,macOS
5110,Desktop,Android
5111,Mobile,iOS
5112,Mobile,Windows
5113,Mobile,iOS
5114,Desktop,Windows
5115,Desktop,macOS
5116,Mobile,Android
5117,Desktop,Android
5118,Mobile,iOS
5119,Desktop,iOS
5120,Tablet,iOS
5121,Desktop,Windows
5122,Desktop,iOS
5123,Mobile,macOS
5124,Mobile,Android
5125,Mobile,Windows
5126,Mobile,Android
5127,Mobile,macOS
5128,Mobile,Windows
5129,Mobile,Android
5130,Mobile,iOS
5131,Desktop,iOS
5132,Desktop,Windows
5133,Desktop,Windows
5134,Mobile,Android
5135,Mobile,Android
5136,Desktop,Android
5137,Desktop,Android
5138,Mobile,iOS
5139,Mobile,iOS
5140,Mobile,iOS
5141,Mobile,Windows
5142,Mobile,Android
5143,Mobile,Windows
5144,Desktop,Android
5145,Tablet,macOS
5146,Mobile,Windows
5147,Desktop,iOS
5148,Mobile,macOS
5149,Mobile,macOS
5150,Desktop,Windows
5151,Mobile,Android
5152,Tablet,Android
5153,Mobile,iOS
5154,Tablet,iOS
5155,Desktop,iOS
5156,Mobile,iOS
5157,Desktop,Android
5158,Mobile,iOS
5159,Desktop,Android
5160,Mobile,Windows
5161,Mobile,Windows
5162,Mobile,Android
5163,Desktop,iOS
5164,Mobile,iOS
5165,Desktop,Android
5166,Mobile,Windows
5167,Desktop,iOS
5168,Desktop,iOS
5169,Mobile,macOS
5170,Mobile,Android
5171,Mobile,Windows
5172,Mobile,iOS
5173,Desktop,Android
5174,Tablet,Android
5175,Desktop,iOS
5176,Mobile,Windows
5177,Desktop,Android
5178,Mobile,Windows
5179,Tablet,Android
5180,Tablet,Android
5181,Mobile,Android
5182,Mobile,iOS
5183,Mobile,Android
5184,Mobile,Windows
5185,Desktop,Android
5186,Mobile,iOS
5187,Mobile,Windows
5188,Mobile,iOS
5189,Desktop,Android
5190,Mobile,Android
5191,Mobile,iOS
5192,Desktop,macOS
5193,Mobile,Android
5194,Mobile,Android
5195,Tablet,macOS
5196,Tablet,Android
5197,Desktop,macOS
5198,Mobile,iOS
5199,Mobile,Android
5200,Mobile,Windows
5201,Mobile,Android
5202,Tablet,Windows
5203,Mobile,Android
5204,Desktop,Android
5205,Desktop,Android
5206,Desktop,Android
5207,Desktop,Android
5208,Mobile,Windows
5209,Mobile,Windows
5210,Mobile,Windows
5211,Mobile,Android
5212,Mobile,Android
5213,Desktop,Windows
5214,Desktop,macOS
5215,Mobile,Android
5216,Mobile,Android
5217,Mobile,Windows
5218,Mobile,Android
5219,Mobile,iOS
5220,Mobile,Android
5221,Desktop,Windows
5222,Desktop,Windows
5223,Mobile,Android
5224,Mobile,Android
5225,Mobile,Windows
5226,Mobile,Windows
5227,Mobile,iOS
5228,Mobile,Windows
5229,Mobile,Windows
5230,Mobile,Windows
5231,Mobile,iOS
5232,Mobile,macOS
5233,Desktop,iOS
5234,Mobile,Windows
5235,Mobile,iOS
5236,Tablet,Android
5237,Mobile,iOS
5238,Mobile,Android
5239,Desktop,macOS
5240,Mobile,Android
5241,Mobile,iOS
5242,Mobile,Android
5243,Mobile,Android
5244,Mobile,iOS
5245,Mobile,iOS
5246,Tablet,macOS
5247,Mobile,iOS
5248,Desktop,iOS
5249,Desktop,Android
5250,Mobile,iOS
5251,Desktop,iOS
5252,Desktop,Windows
5253,Tablet,Windows
5254,Mobile,Android
5255,Mobile,Android
5256,Mobile,Windows
5257,Desktop,Android
5258,Mobile,Android
5259,Mobile,Android
5260,Mobile,iOS
5261,Mobile,Android
5262,Mobile,Android
5263,Mobile,Android
5264,Desktop,iOS
5265,Tablet,iOS
5266,Desktop,Android
5267,Mobile,Android
5268,Mobile,Windows
5269,Mobile,iOS
5270,Mobile,macOS
5271,Mobile,iOS
5272,Mobile,Android
5273,Desktop,Windows
5274,Desktop,Android
5275,Desktop,iOS
5276,Desktop,iOS
5277,Mobile,Windows
5278,Tablet,Android
5279,Mobile,Windows
5280,Desktop,Windows
5281,Mobile,Windows
5282,Desktop,iOS
5283,Mobile,iOS
5284,Mobile,Android
5285,Mobile,Android
5286,Mobile,macOS
5287,Desktop,iOS
5288,Mobile,iOS
5289,Tablet,Android
5290,Mobile,Android
5291,Mobile,Windows
5292,Mobile,Windows
5293,Desktop,Windows
5294,Mobile,macOS
5295,Tablet,Android
5296,Mobile,iOS
5297,Mobile,Android
5298,Mobile,macOS
5299,Mobile,iOS
5300,Mobile,Windows
5301,Desktop,Android
5302,Desktop,Windows
5303,Mobile,Windows
5304,Desktop,Android
5305,Mobile,iOS
5306,Desktop,Android
5307,Mobile,macOS
5308,Desktop,macOS
5309,Desktop,Android
5310,Mobile,Android
5311,Mobile,Android
5312,Mobile,iOS
5313,Desktop,macOS
5314,Mobile,Android
5315,Mobile,macOS
5316,Mobile,Android
5317,Mobile,Windows
5318,Mobile,Windows
5319,Mobile,Android
5320,Mobile,Windows
5321,Mobile,iOS
5322,Mobile,Windows
5323,Mobile,iOS
5324,Desktop,macOS
5325,Mobile,iOS
5326,Desktop,macOS
5327,Desktop,macOS
5328,Desktop,iOS
5329,Mobile,Windows
5330,Mobile,Windows
5331,Mobile,Android
5332,Desktop,iOS
5333,Mobile,Android
5334,Mobile,Android
5335,Desktop,iOS
5336,Desktop,Windows
5337,Desktop,iOS
5338,Mobile,Windows
5339,Mobile,Android
5340,Mobile,Windows
5341,Mobile,Windows
5342,Mobile,Android
5343,Desktop,Windows
5344,Mobile,iOS
5345,Mobile,iOS
5346,Mobile,iOS
5347,Mobile,Windows
5348,Mobile,iOS
5349,Mobile,iOS
5350,Mobile,Android
5351,Mobile,Windows
5352,Mobile,Android
5353,Mobile,Android
5354,Desktop,macOS
5355,Mobile,Windows
5356,Mobile,iOS
5357,Desktop,Windows
5358,Mobile,Android
5359,Tablet,Android
5360,Tablet,Android
5361,Tablet,iOS
5362,Desktop,Windows
5363,Mobile,Android
5364,Desktop,Android
5365,Mobile,Android
5366,Mobile,iOS
5367,Mobile,Android
5368,Mobile,Android
5369,Tablet,macOS
5370,Desktop,Android
5371,Mobile,iOS
5372,Desktop,Windows
5373,Desktop,Windows
5374,Mobile,Android
5375,Mobile,Android
5376,Mobile,Android
5377,Mobile,Windows
5378,Mobile,Android
5379,Mobile,Android
5380,Desktop,Android
5381,Mobile,Windows
5382,Mobile,Windows
5383,Mobile,Android
5384,Mobile,Windows
5385,Tablet,Android
5386,Mobile,Windows
5387,Mobile,Android
5388,Mobile,iOS
5389,Mobile,Android
5390,Desktop,Android
5391,Mobile,Windows
5392,Mobile,Windows
5393,Desktop,Windows
5394,Mobile,Android
5395,Desktop,Android
5396,Mobile,Android
5397,Mobile,Android
5398,Desktop,Android
5399,Mobile,macOS
5400,Mobile,Windows
5401,Mobile,iOS
5402,Desktop,iOS
5403,Mobile,Windows
5404,Mobile,Android
5405,Tablet,macOS
5406,Desktop,Windows
5407,Mobile,Android
5408,Mobile,iOS
5409,Mobile,Android
5410,Mobile,iOS
5411,Mobile,iOS
5412,Desktop,Windows
5413,Mobile,macOS
5414,Desktop,Android
5415,Mobile,iOS
5416,Mobile,Android
5417,Mobile,iOS
5418,Desktop,iOS
5419,Mobile,Android
5420,Mobile,macOS
5421,Mobile,iOS
5422,Mobile,Android
5423,Tablet,Android
5424,Mobile,iOS
5425,Desktop,iOS
5426,Mobile,iOS
5427,Desktop,macOS
5428,Mobile,Windows
5429,Desktop,Windows
5430,Mobile,Android
5431,Tablet,iOS
5432,Desktop,Windows
5433,Mobile,iOS
5434,Desktop,Android
5435,Desktop,Android
5436,Mobile,macOS
5437,Mobile,Android
5438,Mobile,iOS
5439,Desktop,Android
5440,Mobile,Android
5441,Desktop,Android
5442,Desktop,Android
5443,Mobile,iOS
5444,Mobile,Android
5445,Mobile,Windows
5446,Desktop,iOS
5447,Mobile,Android
5448,Mobile,macOS
5449,Mobile,iOS
5450,Mobile,Windows
5451,Mobile,Android
5452,Desktop,iOS
5453,Mobile,Android
5454,Mobile,Android
5455,Mobile,iOS
5456,Desktop,Android
5457,Mobile,iOS
5458,Desktop,Android
5459,Mobile,iOS
5460,Tablet,iOS
5461,Mobile,Android
5462,Mobile,Windows
5463,Mobile,Windows
5464,Mobile,Windows
5465,Desktop,Android
5466,Mobile,Android
5467,Mobile,Android
5468,Desktop,macOS
5469,Mobile,macOS
5470,Tablet,Windows
5471,Tablet,iOS
5472,Mobile,Android
5473,Mobile,iOS
5474,Desktop,iOS
5475,Mobile,iOS
5476,Mobile,Windows
5477,Desktop,Android
5478,Mobile,Android
5479,Mobile,iOS
5480,Tablet,Android
5481,Mobile,Android
5482,Mobile,Windows
5483,Mobile,iOS
5484,Mobile,iOS
5485,Mobile,iOS
5486,Mobile,iOS
5487,Mobile,Android
5488,Mobile,iOS
5489,Mobile,Windows
5490,Mobile,Android
5491,Mobile,Android
5492,Mobile,Android
5493,Mobile,Android
5494,Mobile,iOS
5495,Desktop,Android
5496,Mobile,Android
5497,Desktop,Windows
5498,Mobile,Windows
5499,Mobile,iOS
5500,Mobile,Android
5501,Tablet,Android
5502,Mobile,iOS
5503,Desktop,Windows
5504,Desktop,Android
5505,Desktop,Windows
5506,Mobile,macOS
5507,Mobile,macOS
5508,Mobile,Android
5509,Mobile,Android
5510,Mobile,iOS
5511,Mobile,Windows
5512,Desktop,Android
5513,Mobile,iOS
5514,Desktop,iOS
5515,Mobile,Android
5516,Desktop,Android
5517,Mobile,Windows
5518,Mobile,iOS
5519,Mobile,Android
5520,Mobile,Android
5521,Mobile,macOS
5522,Mobile,iOS
5523,Desktop,iOS
5524,Desktop,Android
5525,Mobile,Android
5526,Mobile,macOS
5527,Tablet,iOS
5528,Mobile,Windows
5529,Mobile,Android
5530,Mobile,iOS
5531,Desktop,Android
5532,Mobile,Android
5533,Mobile,Android
5534,Mobile,Windows
5535,Mobile,iOS
5536,Mobile,Windows
5537,Mobile,Android
5538,Mobile,Android
5539,Mobile,Android
5540,Desktop,Android
5541,Desktop,iOS
5542,Tablet,Android
5543,Mobile,macOS
5544,Tablet,iOS
5545,Mobile,Android
5546,Desktop,iOS
5547,Mobile,Windows
5548,Desktop,Android
5549,Desktop,Android
5550,Mobile,iOS
5551,Mobile,Windows
5552,Desktop,Windows
5553,Mobile,iOS
5554,Mobile,Android
5555,Mobile,Windows
5556,Desktop,Windows
5557,Mobile,Android
5558,Desktop,iOS
5559,Mobile,Android
5560,Mobile,Android
5561,Mobile,Windows
5562,Mobile,Windows
5563,Mobile,Android
5564,Mobile,Android
5565,Mobile,Windows
5566,Desktop,iOS
5567,Desktop,Android
5568,Mobile,Windows
5569,Desktop,Android
5570,Mobile,Android
5571,Mobile,Android
5572,Mobile,iOS
5573,Mobile,iOS
5574,Mobile,Windows
5575,Desktop,macOS
5576,Tablet,macOS
5577,Desktop,Windows
5578,Desktop,Android
5579,Desktop,Android
5580,Desktop,Android
5581,Mobile,iOS
5582,Tablet,Android
5583,Tablet,iOS
5584,Mobile,Android
5585,Desktop,Windows
5586,Desktop,iOS
5587,Mobile,Android
5588,Desktop,Android
5589,Mobile,iOS
5590,Mobile,Android
5591,Mobile,iOS
5592,Desktop,iOS
5593,Mobile,Android
5594,Desktop,Android
5595,Mobile,macOS
5596,Mobile,Android
5597,Mobile,Windows
5598,Mobile,iOS
5599,Mobile,iOS
5600,Mobile,iOS
5601,Mobile,Android
5602,Mobile,iOS
5603,Mobile,Windows
5604,Mobile,iOS
5605,Desktop,iOS
5606,Mobile,Android
5607,Desktop,Windows
5608,Mobile,Android
5609,Mobile,Windows
5610,Mobile,Android
5611,Mobile,iOS
5612,Mobile,Android
5613,Mobile,Windows
5614,Mobile,Android
5615,Desktop,Windows
5616,Desktop,Android
5617,Mobile,Android
5618,Mobile,Android
5619,Desktop,Windows
5620,Mobile,Android
5621,Desktop,Android
5622,Mobile,Android
5623,Mobile,Android
5624,Mobile,Windows
5625,Mobile,Android
5626,Mobile,Windows
5627,Desktop,Android
5628,Mobile,Android
5629,Desktop,Windows
5630,Mobile,Windows
5631,Desktop,Windows
5632,Tablet,Android
5633,Mobile,macOS
5634,Mobile,iOS
5635,Desktop,Android
5636,Mobile,Android
5637,Mobile,Android
5638,Mobile,iOS
5639,Mobile,iOS
5640,Mobile,iOS
5641,Tablet,Android
5642,Mobile,Android
5643,Mobile,Android
5644,Mobile,iOS
5645,Mobile,iOS
5646,Mobile,Android
5647,Tablet,Windows
5648,Mobile,Android
5649,Desktop,Android
5650,Mobile,iOS
5651,Mobile,Android
5652,Mobile,Android
5653,Mobile,iOS
5654,Desktop,Windows
5655,Mobile,Android
5656,Tablet,Android
5657,Mobile,Windows
5658,Desktop,Android
5659,Desktop,Android
5660,Mobile,Windows
5661,Mobile,Android
5662,Mobile,iOS
5663,Mobile,Android
5664,Mobile,Android
5665,Desktop,iOS
5666,Tablet,Android
5667,Mobile,Android
5668,Desktop,Android
5669,Desktop,macOS
5670,Tablet,iOS
5671,Mobile,Android
5672,Mobile,Windows
5673,Mobile,Windows
5674,Tablet,iOS
5675,Mobile,Android
5676,Mobile,Windows
5677,Mobile,iOS
5678,Mobile,Android
5679,Mobile,Windows
5680,Tablet,iOS
5681,Mobile,Android
5682,Mobile,iOS
5683,Desktop,Android
5684,Desktop,Windows
5685,Mobile,Windows
5686,Mobile,iOS
5687,Mobile,Android
5688,Desktop,Windows
5689,Desktop,Android
5690,Mobile,Android
5691,Desktop,Windows
5692,Desktop,iOS
5693,Mobile,iOS
5694,Mobile,iOS
5695,Mobile,Windows
5696,Desktop,Android
5697,Mobile,Windows
5698,Mobile,macOS
5699,Desktop,Android
5700,Desktop,Windows
5701,Desktop,Android
5702,Tablet,iOS
5703,Desktop,Windows
5704,Desktop,Windows
5705,Mobile,Windows
5706,Tablet,Android
5707,Mobile,iOS
5708,Desktop,Android
5709,Mobile,macOS
5710,Mobile,Android
5711,Mobile,Windows
5712,Mobile,Android
5713,Mobile,iOS
5714,Desktop,Windows
5715,Desktop,Android
5716,Mobile,iOS
5717,Desktop,Windows
5718,Desktop,Android
5719,Mobile,Android
5720,Desktop,iOS
5721,Mobile,macOS
5722,Mobile,Android
5723,Desktop,iOS
5724,Desktop,Android
5725,Mobile,Android
5726,Mobile,Windows
5727,Mobile,Android
5728,Mobile,Windows
5729,Desktop,Android
5730,Tablet,Android
5731,Mobile,Android
5732,Mobile,Windows
5733,Mobile,Windows
5734,Desktop,iOS
5735,Desktop,Android
5736,Mobile,Android
5737,Desktop,Android
5738,Mobile,Android
5739,Mobile,Android
5740,Mobile,iOS
5741,Desktop,macOS
5742,Mobile,Android
5743,Desktop,Android
5744,Mobile,Windows
5745,Mobile,iOS
5746,Mobile,Android
5747,Tablet,Windows
5748,Mobile,Android
5749,Desktop,Android
5750,Desktop,iOS
5751,Mobile,Android
5752,Mobile,iOS
5753,Tablet,Android
5754,Desktop,iOS
5755,Desktop,iOS
5756,Desktop,macOS
5757,Tablet,Windows
5758,Mobile,macOS
5759,Mobile,Windows
5760,Mobile,Windows
5761,Mobile,iOS
5762,Mobile,iOS
5763,Mobile,iOS
5764,Mobile,Android
5765,Mobile,macOS
5766,Desktop,Android
5767,Mobile,iOS
5768,Mobile,Android
5769,Desktop,Android
5770,Desktop,iOS
5771,Desktop,Android
5772,Desktop,Windows
5773,Desktop,iOS
5774,Desktop,Windows
5775,Mobile,Windows
5776,Desktop,iOS
5777,Mobile,Android
5778,Mobile,Windows
5779,Desktop,macOS
5780,Mobile,Android
5781,Mobile,Android
5782,Mobile,Android
5783,Mobile,Android
5784,Mobile,Android
5785,Desktop,Android
5786,Mobile,Android
5787,Desktop,Android
5788,Mobile,iOS
5789,Mobile,iOS
5790,Mobile,iOS
5791,Mobile,macOS
5792,Desktop,iOS
5793,Desktop,Android
5794,Mobile,Android
5795,Mobile,Android
5796,Tablet,Android
5797,Desktop,iOS
5798,Mobile,Android
5799,Desktop,Windows
5800,Desktop,iOS
5801,Mobile,Windows
5802,Mobile,Windows
5803,Mobile,iOS
5804,Desktop,Android
5805,Mobile,Android
5806,Desktop,Windows
5807,Mobile,Android
5808,Mobile,iOS
5809,Mobile,iOS
5810,Mobile,Android
5811,Desktop,Android
5812,Tablet,Android
5813,Tablet,Windows
5814,Mobile,Android
5815,Mobile,Android
5816,Mobile,iOS
5817,Mobile,iOS
5818,Tablet,Android
5819,Mobile,iOS
5820,Mobile,Android
5821,Tablet,iOS
5822,Mobile,Windows
5823,Mobile,iOS
5824,Mobile,Windows
5825,Desktop,iOS
5826,Mobile,iOS
5827,Desktop,Windows
5828,Desktop,Android
5829,Mobile,iOS
5830,Desktop,Windows
5831,Mobile,Android
5832,Tablet,Android
5833,Desktop,Windows
5834,Desktop,Windows
5835,Mobile,iOS
5836,Mobile,Android
5837,Desktop,iOS
5838,Mobile,Android
5839,Desktop,iOS
5840,Mobile,Android
5841,Mobile,Android
5842,Desktop,Android
5843,Desktop,Android
5844,Desktop,iOS
5845,Mobile,Android
5846,Mobile,iOS
5847,Tablet,iOS
5848,Mobile,Windows
5849,Mobile,Android
5850,Mobile,Windows
5851,Mobile,iOS
5852,Desktop,Android
5853,Mobile,Android
5854,Mobile,iOS
5855,Mobile,iOS
5856,Mobile,Android
5857,Desktop,Android
5858,Desktop,iOS
5859,Mobile,Android
5860,Desktop,Android
5861,Mobile,macOS
5862,Mobile,Android
5863,Mobile,iOS
5864,Mobile,iOS
5865,Mobile,iOS
5866,Mobile,macOS
5867,Mobile,iOS
5868,Tablet,Android
5869,Mobile,Android
5870,Desktop,Windows
5871,Desktop,Android
5872,Mobile,Windows
5873,Desktop,Android
5874,Desktop,Android
5875,Mobile,Windows
5876,Desktop,Android
5877,Mobile,Windows
5878,Mobile,Windows
5879,Tablet,Windows
5880,Mobile,Android
5881,Desktop,iOS
5882,Mobile,iOS
5883,Mobile,Android
5884,Desktop,Windows
5885,Mobile,iOS
5886,Desktop,Android
5887,Mobile,Android
5888,Mobile,Android
5889,Mobile,Android
5890,Desktop,macOS
5891,Mobile,iOS
5892,Mobile,iOS
5893,Mobile,iOS
5894,Mobile,iOS
5895,Mobile,iOS
5896,Mobile,Windows
5897,Tablet,Windows
5898,Mobile,iOS
5899,Desktop,Android
5900,Tablet,Windows
5901,Mobile,iOS
5902,Mobile,Android
5903,Desktop,iOS
5904,Tablet,Android
5905,Mobile,iOS
5906,Mobile,iOS
5907,Desktop,iOS
5908,Desktop,Windows
5909,Tablet,Android
5910,Mobile,iOS
5911,Tablet,iOS
5912,Mobile,iOS
5913,Mobile,macOS
5914,Desktop,Windows
5915,Mobile,Windows
5916,Desktop,Android
5917,Mobile,Android
5918,Mobile,Windows
5919,Mobile,Windows
5920,Desktop,iOS
5921,Mobile,iOS
5922,Mobile,Windows
5923,Desktop,Windows
5924,Mobile,iOS
5925,Mobile,iOS
5926,Desktop,iOS
5927,Mobile,Android
5928,Mobile,Android
5929,Mobile,Android
5930,Mobile,Windows
5931,Desktop,Android
5932,Desktop,Windows
5933,Mobile,iOS
5934,Desktop,iOS
5935,Mobile,Android
5936,Tablet,Android
5937,Mobile,Windows
5938,Desktop,macOS
5939,Desktop,Android
5940,Mobile,Windows
5941,Mobile,macOS
5942,Mobile,Android
5943,Desktop,iOS
5944,Mobile,Android
5945,Mobile,Android
5946,Desktop,iOS
5947,Mobile,Windows
5948,Desktop,iOS
5949,Desktop,iOS
5950,Mobile,macOS
5951,Mobile,Android
5952,Mobile,macOS
5953,Mobile,iOS
5954,Mobile,macOS
5955,Desktop,Windows
5956,Desktop,Android
5957,Desktop,iOS
5958,Desktop,iOS
5959,Desktop,Android
5960,Desktop,Android
5961,Mobile,iOS
5962,Mobile,iOS
5963,Mobile,Android
5964,Mobile,Windows
5965,Mobile,iOS
5966,Desktop,Android
5967,Mobile,Windows
5968,Desktop,Windows
5969,Tablet,Android
5970,Mobile,iOS
5971,Mobile,iOS
5972,Mobile,Android
5973,Mobile,iOS
5974,Tablet,Android
5975,Mobile,Android
5976,Tablet,iOS
5977,Mobile,Android
5978,Mobile,iOS
5979,Mobile,Android
5980,Mobile,Android
5981,Mobile,Android
5982,Mobile,macOS
5983,Desktop,Windows
5984,Desktop,Windows
5985,Mobile,iOS
5986,Desktop,iOS
5987,Mobile,iOS
5988,Tablet,macOS
5989,Desktop,Android
5990,Mobile,iOS
5991,Desktop,iOS
5992,Desktop,Windows
5993,Mobile,Android
5994,Mobile,Windows
5995,Mobile,Android
5996,Mobile,Windows
5997,Desktop,iOS
5998,Mobile,iOS
5999,Tablet,Windows
6000,Mobile,macOS
6001,Mobile,iOS
6002,Mobile,Android
6003,Mobile,Android
6004,Desktop,Android
6005,Mobile,Android
6006,Mobile,Windows
6007,Desktop,Android
6008,Mobile,Windows
6009,Mobile,iOS
6010,Tablet,Windows
6011,Tablet,Android
6012,Desktop,Windows
6013,Mobile,Android
6014,Mobile,Android
6015,Desktop,Windows
6016,Desktop,Android
6017,Mobile,Windows
6018,Mobile,iOS
6019,Mobile,Windows
6020,Mobile,iOS
6021,Desktop,iOS
6022,Mobile,iOS
6023,Desktop,iOS
6024,Desktop,Android
6025,Desktop,Android
6026,Mobile,Android
6027,Desktop,Android
6028,Mobile,macOS
6029,Mobile,Windows
6030,Mobile,Android
6031,Desktop,Android
6032,Desktop,iOS
6033,Tablet,Android
6034,Desktop,iOS
6035,Mobile,Android
6036,Desktop,Windows
6037,Tablet,Windows
6038,Mobile,macOS
6039,Mobile,iOS
6040,Desktop,Android
6041,Desktop,iOS
6042,Mobile,Windows
6043,Desktop,iOS
6044,Mobile,Windows
6045,Mobile,macOS
6046,Mobile,Android
6047,Mobile,Android
6048,Mobile,iOS
6049,Mobile,Android
6050,Desktop,Android
6051,Mobile,Android
6052,Mobile,iOS
6053,Desktop,Android
6054,Mobile,Windows
6055,Mobile,macOS
6056,Mobile,Android
6057,Mobile,iOS
6058,Desktop,Windows
6059,Mobile,Android
6060,Tablet,iOS
6061,Mobile,Android
6062,Mobile,Android
6063,Mobile,macOS
6064,Mobile,Windows
6065,Desktop,Windows
6066,Mobile,Android
6067,Desktop,Android
6068,Mobile,Windows
6069,Mobile,Android
6070,Desktop,Android
6071,Mobile,Android
6072,Mobile,Android
6073,Mobile,Android
6074,Mobile,iOS
6075,Mobile,Windows
6076,Mobile,Windows
6077,Tablet,Android
6078,Mobile,iOS
6079,Mobile,iOS
6080,Tablet,iOS
6081,Desktop,iOS
6082,Desktop,Android
6083,Desktop,Android
6084,Mobile,Android
6085,Mobile,Android
6086,Mobile,Android
6087,Mobile,macOS
6088,Desktop,Android
6089,Mobile,Android
6090,Tablet,iOS
6091,Mobile,macOS
6092,Mobile,Android
6093,Mobile,iOS
6094,Mobile,Windows
6095,Mobile,iOS
6096,Tablet,iOS
6097,Mobile,Windows
6098,Mobile,macOS
6099,Mobile,Windows
6100,Desktop,macOS
6101,Desktop,Android
6102,Mobile,iOS
6103,Desktop,iOS
6104,Mobile,Android
6105,Mobile,Android
6106,Desktop,Android
6107,Mobile,Android
6108,Tablet,iOS
6109,Mobile,iOS
6110,Mobile,macOS
6111,Desktop,iOS
6112,Mobile,Android
6113,Mobile,Windows
6114,Mobile,Windows
6115,Mobile,Android
6116,Mobile,Android
6117,Mobile,Windows
6118,Mobile,macOS
6119,Mobile,Android
6120,Mobile,macOS
6121,Desktop,Android
6122,Desktop,iOS
6123,Desktop,Android
6124,Mobile,iOS
6125,Desktop,iOS
6126,Mobile,Android
6127,Mobile,Android
6128,Desktop,Android
6129,Mobile,macOS
6130,Mobile,Android
6131,Desktop,Windows
6132,Mobile,Android
6133,Desktop,Windows
6134,Tablet,Android
6135,Desktop,Android
6136,Mobile,iOS
6137,Desktop,iOS
6138,Desktop,iOS
6139,Mobile,iOS
6140,Mobile,iOS
6141,Mobile,iOS
6142,Mobile,Android
6143,Mobile,iOS
6144,Mobile,Windows
6145,Desktop,Android
6146,Tablet,Windows
6147,Desktop,Android
6148,Tablet,iOS
6149,Mobile,iOS
6150,Desktop,Android
6151,Mobile,Android
6152,Mobile,Android
6153,Desktop,iOS
6154,Mobile,macOS
6155,Mobile,iOS
6156,Mobile,Windows
6157,Tablet,Windows
6158,Mobile,Windows
6159,Mobile,iOS
6160,Tablet,Android
6161,Mobile,Windows
6162,Tablet,Windows
6163,Mobile,Android
6164,Mobile,Windows
6165,Mobile,Android
6166,Mobile,Android
6167,Mobile,Android
6168,Mobile,Android
6169,Mobile,iOS
6170,Mobile,Windows
6171,Desktop,Android
6172,Mobile,iOS
6173,Mobile,iOS
6174,Mobile,Android
6175,Desktop,iOS
6176,Tablet,macOS
6177,Mobile,iOS
6178,Mobile,iOS
6179,Desktop,Android
6180,Desktop,iOS
6181,Mobile,iOS
6182,Mobile,Android
6183,Desktop,macOS
6184,Mobile,Android
6185,Mobile,iOS
6186,Mobile,Android
6187,Desktop,Windows
6188,Mobile,iOS
6189,Mobile,Android
6190,Desktop,iOS
6191,Mobile,Android
6192,Tablet,Android
6193,Desktop,iOS
6194,Mobile,Android
6195,Mobile,iOS
6196,Desktop,iOS
6197,Mobile,Android
6198,Desktop,iOS
6199,Desktop,iOS
6200,Mobile,iOS
6201,Tablet,macOS
6202,Desktop,macOS
6203,Desktop,Android
6204,Desktop,Android
6205,Mobile,iOS
6206,Desktop,Windows
6207,Mobile,Android
6208,Mobile,iOS
6209,Mobile,macOS
6210,Mobile,Windows
6211,Desktop,Android
6212,Tablet,Android
6213,Mobile,iOS
6214,Tablet,iOS
6215,Desktop,Android
6216,Mobile,iOS
6217,Mobile,Android
6218,Desktop,iOS
6219,Mobile,iOS
6220,Mobile,Android
6221,Tablet,iOS
6222,Desktop,Android
6223,Mobile,Android
6224,Mobile,iOS
6225,Desktop,Windows
6226,Mobile,Android
6227,Desktop,Android
6228,Mobile,Android
6229,Mobile,iOS
6230,Desktop,Android
6231,Mobile,Windows
6232,Mobile,iOS
6233,Mobile,macOS
6234,Desktop,Windows
6235,Mobile,Android
6236,Mobile,iOS
6237,Desktop,Windows
6238,Mobile,iOS
6239,Mobile,iOS
6240,Mobile,iOS
6241,Tablet,Android
6242,Mobile,iOS
6243,Desktop,iOS
6244,Mobile,Android
6245,Desktop,Android
6246,Mobile,Android
6247,Desktop,Windows
6248,Mobile,macOS
6249,Mobile,Windows
6250,Mobile,Android
6251,Mobile,Android
6252,Desktop,iOS
6253,Desktop,macOS
6254,Mobile,iOS
6255,Mobile,Android
6256,Desktop,Android
6257,Mobile,Android
6258,Desktop,iOS
6259,Desktop,Windows
6260,Desktop,Android
6261,Mobile,iOS
6262,Mobile,Windows
6263,Mobile,Android
6264,Mobile,Android
6265,Mobile,macOS
6266,Mobile,iOS
6267,Desktop,Windows
6268,Mobile,iOS
6269,Mobile,Android
6270,Mobile,macOS
6271,Desktop,iOS
6272,Mobile,iOS
6273,Tablet,macOS
6274,Desktop,iOS
6275,Desktop,Android
6276,Mobile,Android
6277,Mobile,Android
6278,Mobile,iOS
6279,Tablet,iOS
6280,Mobile,iOS
6281,Mobile,Android
6282,Desktop,Android
6283,Mobile,Android
6284,Desktop,iOS
6285,Mobile,Android
6286,Desktop,macOS
6287,Desktop,Android
6288,Mobile,iOS
6289,Desktop,iOS
6290,Mobile,Windows
6291,Mobile,iOS
6292,Mobile,iOS
6293,Desktop,iOS
6294,Mobile,Android
6295,Mobile,Android
6296,Desktop,Windows
6297,Desktop,Android
6298,Desktop,iOS
6299,Tablet,iOS
6300,Desktop,Android
6301,Mobile,Windows
6302,Mobile,iOS
6303,Mobile,Android
6304,Desktop,Android
6305,Tablet,Windows
6306,Desktop,Android
6307,Mobile,Windows
6308,Mobile,iOS
6309,Desktop,Android
6310,Mobile,Android
6311,Mobile,Android
6312,Desktop,iOS
6313,Mobile,macOS
6314,Desktop,Android
6315,Mobile,Android
6316,Mobile,Android
6317,Desktop,Android
6318,Desktop,Android
6319,Desktop,Windows
6320,Mobile,Android
6321,Desktop,Android
6322,Desktop,iOS
6323,Mobile,Android
6324,Desktop,Windows
6325,Desktop,Android
6326,Mobile,iOS
6327,Tablet,Android
6328,Desktop,Windows
6329,Mobile,Windows
6330,Desktop,iOS
6331,Mobile,iOS
6332,Tablet,Android
6333,Mobile,iOS
6334,Mobile,Android
6335,Mobile,Android
6336,Mobile,Android
6337,Mobile,iOS
6338,Desktop,Android
6339,Mobile,Windows
6340,Tablet,iOS
6341,Mobile,Windows
6342,Mobile,Windows
6343,Tablet,Android
6344,Mobile,iOS
6345,Mobile,Windows
6346,Mobile,Android
6347,Mobile,Android
6348,Mobile,Android
6349,Desktop,Android
6350,Tablet,Android
6351,Desktop,macOS
6352,Mobile,iOS
6353,Desktop,Windows
6354,Mobile,iOS
6355,Desktop,Android
6356,Mobile,macOS
6357,Mobile,Windows
6358,Mobile,iOS
6359,Mobile,Android
6360,Mobile,Android
6361,Mobile,iOS
6362,Mobile,macOS
6363,Mobile,Android
6364,Desktop,iOS
6365,Desktop,Windows
6366,Mobile,iOS
6367,Mobile,Android
6368,Mobile,Android
6369,Mobile,iOS
6370,Mobile,Android
6371,Mobile,Windows
6372,Mobile,Windows
6373,Mobile,macOS
6374,Desktop,iOS
6375,Mobile,iOS
6376,Mobile,Windows
6377,Desktop,macOS
6378,Tablet,iOS
6379,Desktop,iOS
6380,Desktop,Android
6381,Desktop,Windows
6382,Mobile,macOS
6383,Mobile,Android
6384,Mobile,iOS
6385,Desktop,Android
6386,Desktop,macOS
6387,Desktop,Android
6388,Mobile,Android
6389,Mobile,macOS
6390,Mobile,Android
6391,Mobile,Android
6392,Mobile,iOS
6393,Mobile,iOS
6394,Mobile,Android
6395,Mobile,Android
6396,Desktop,macOS
6397,Mobile,Android
6398,Tablet,Android
6399,Desktop,Android
6400,Mobile,iOS
6401,Mobile,iOS
6402,Tablet,Windows
6403,Mobile,Android
6404,Desktop,Android
6405,Desktop,iOS
6406,Mobile,iOS
6407,Mobile,Android
6408,Desktop,Android
6409,Mobile,Android
6410,Mobile,iOS
6411,Mobile,Android
6412,Mobile,iOS
6413,Mobile,macOS
6414,Desktop,iOS
6415,Mobile,iOS
6416,Mobile,iOS
6417,Mobile,macOS
6418,Mobile,Android
6419,Desktop,iOS
6420,Mobile,Android
6421,Mobile,Android
6422,Mobile,Windows
6423,Tablet,Android
6424,Mobile,Windows
6425,Desktop,Android
6426,Mobile,macOS
6427,Mobile,Android
6428,Mobile,Windows
6429,Mobile,iOS
6430,Mobile,Windows
6431,Desktop,Android
6432,Mobile,Windows
6433,Desktop,Android
6434,Tablet,Windows
6435,Mobile,iOS
6436,Desktop,Android
6437,Desktop,Windows
6438,Desktop,iOS
6439,Mobile,Android
6440,Mobile,Android
6441,Mobile,Android
6442,Mobile,Android
6443,Mobile,Windows
6444,Tablet,macOS
6445,Mobile,iOS
6446,Mobile,Android
6447,Mobile,Windows
6448,Mobile,iOS
6449,Mobile,Android
6450,Desktop,iOS
6451,Mobile,Android
6452,Desktop,Android
6453,Mobile,Android
6454,Mobile,Android
6455,Mobile,iOS
6456,Mobile,Android
6457,Desktop,iOS
6458,Mobile,Android
6459,Desktop,Windows
6460,Desktop,Android
6461,Mobile,macOS
6462,Tablet,iOS
6463,Desktop,iOS
6464,Mobile,iOS
6465,Desktop,Windows
6466,Mobile,Windows
6467,Desktop,Android
6468,Mobile,iOS
6469,Mobile,Android
6470,Mobile,Windows
6471,Mobile,Android
6472,Mobile,macOS
6473,Desktop,Android
6474,Mobile,iOS
6475,Desktop,macOS
6476,Mobile,Android
6477,Desktop,Android
6478,Desktop,Android
6479,Mobile,Android
6480,Desktop,Windows
6481,Mobile,iOS
6482,Mobile,iOS
6483,Desktop,Android
6484,Mobile,macOS
6485,Desktop,Android
6486,Desktop,Android
6487,Mobile,iOS
6488,Desktop,Android
6489,Mobile,Android
6490,Mobile,iOS
6491,Mobile,Android
6492,Mobile,iOS
6493,Mobile,Windows
6494,Mobile,iOS
6495,Mobile,macOS
6496,Mobile,Android
6497,Mobile,macOS
6498,Mobile,Android
6499,Desktop,Android
6500,Desktop,iOS
6501,Mobile,Android
6502,Mobile,Windows
6503,Mobile,iOS
6504,Mobile,iOS
6505,Mobile,iOS
6506,Mobile,Android
6507,Mobile,Android
6508,Mobile,Android
6509,Mobile,Windows
6510,Mobile,iOS
6511,Mobile,iOS
6512,Desktop,Windows
6513,Mobile,iOS
6514,Mobile,Windows
6515,Mobile,Android
6516,Desktop,iOS
6517,Mobile,Android
6518,Mobile,Windows
6519,Mobile,Android
6520,Desktop,Android
6521,Mobile,macOS
6522,Mobile,Android
6523,Mobile,iOS
6524,Mobile,Windows
6525,Desktop,Windows
6526,Mobile,macOS
6527,Mobile,Android
6528,Mobile,iOS
6529,Mobile,macOS
6530,Mobile,Windows
6531,Desktop,iOS
6532,Desktop,iOS
6533,Desktop,Windows
6534,Mobile,iOS
6535,Desktop,Android
6536,Desktop,Android
6537,Mobile,Android
6538,Tablet,Android
6539,Mobile,iOS
6540,Mobile,Windows
6541,Mobile,Android
6542,Mobile,Windows
6543,Mobile,iOS
6544,Mobile,Android
6545,Mobile,Android
6546,Mobile,Android
6547,Desktop,iOS
6548,Mobile,Windows
6549,Desktop,iOS
6550,Mobile,iOS
6551,Mobile,iOS
6552,Desktop,Android
6553,Desktop,iOS
6554,Mobile,iOS
6555,Mobile,iOS
6556,Mobile,Windows
6557,Desktop,iOS
6558,Desktop,macOS
6559,Mobile,Android
6560,Mobile,Windows
6561,Mobile,iOS
6562,Mobile,iOS
6563,Mobile,Windows
6564,Mobile,Windows
6565,Mobile,Android
6566,Mobile,iOS
6567,Mobile,iOS
6568,Desktop,iOS
6569,Mobile,iOS
6570,Mobile,iOS
6571,Mobile,macOS
6572,Desktop,macOS
6573,Tablet,Android
6574,Desktop,iOS
6575,Desktop,iOS
6576,Mobile,iOS
6577,Mobile,macOS
6578,Mobile,Android
6579,Mobile,Android
6580,Mobile,Windows
6581,Desktop,Windows
6582,Mobile,Android
6583,Desktop,Android
6584,Desktop,Android
6585,Mobile,Android
6586,Mobile,Android
6587,Mobile,Android
6588,Desktop,iOS
6589,Mobile,Android
6590,Desktop,Android
6591,Mobile,Windows
6592,Mobile,Android
6593,Desktop,iOS
6594,Desktop,iOS
6595,Mobile,iOS
6596,Tablet,Android
6597,Desktop,iOS
6598,Mobile,iOS
6599,Mobile,macOS
6600,Desktop,Android
6601,Desktop,Windows
6602,Mobile,iOS
6603,Mobile,Windows
6604,Mobile,Android
6605,Mobile,Windows
6606,Mobile,iOS
6607,Mobile,Android
6608,Mobile,iOS
6609,Mobile,Android
6610,Mobile,iOS
6611,Mobile,Android
6612,Desktop,Android
6613,Mobile,Windows
6614,Mobile,Android
6615,Mobile,iOS
6616,Desktop,iOS
6617,Mobile,Windows
6618,Mobile,Windows
6619,Mobile,Android
6620,Mobile,macOS
6621,Desktop,Windows
6622,Desktop,iOS
6623,Mobile,Windows
6624,Desktop,macOS
6625,Mobile,Android
6626,Desktop,Android
6627,Desktop,Windows
6628,Tablet,Android
6629,Mobile,Android
6630,Mobile,Android
6631,Desktop,iOS
6632,Desktop,Android
6633,Mobile,Android
6634,Tablet,iOS
6635,Mobile,iOS
6636,Desktop,Windows
6637,Mobile,Android
6638,Mobile,Windows
6639,Desktop,iOS
6640,Mobile,Windows
6641,Mobile,Android
6642,Mobile,Android
6643,Mobile,macOS
6644,Mobile,Windows
6645,Mobile,iOS
6646,Mobile,Android
6647,Desktop,Android
6648,Mobile,macOS
6649,Desktop,Android
6650,Mobile,iOS
6651,Mobile,Android
6652,Desktop,Android
6653,Mobile,Windows
6654,Tablet,Android
6655,Mobile,Android
6656,Mobile,Windows
6657,Mobile,Android
6658,Mobile,macOS
6659,Desktop,Windows
6660,Desktop,Windows
6661,Mobile,Android
6662,Desktop,Android
6663,Desktop,iOS
6664,Mobile,Android
6665,Mobile,iOS
6666,Mobile,Android
6667,Tablet,Windows
6668,Mobile,iOS
6669,Mobile,Android
6670,Mobile,iOS
6671,Mobile,macOS
6672,Mobile,Windows
6673,Mobile,Windows
6674,Desktop,iOS
6675,Mobile,Windows
6676,Mobile,Android
6677,Mobile,Android
6678,Desktop,Android
6679,Mobile,Android
6680,Mobile,Android
6681,Desktop,iOS
6682,Mobile,Windows
6683,Mobile,Windows
6684,Mobile,iOS
6685,Desktop,Android
6686,Desktop,Android
6687,Desktop,iOS
6688,Mobile,Android
6689,Mobile,Android
6690,Desktop,Windows
6691,Mobile,iOS
6692,Mobile,iOS
6693,Mobile,macOS
6694,Tablet,Windows
6695,Mobile,Android
6696,Mobile,Windows
6697,Mobile,iOS
6698,Mobile,Android
6699,Mobile,iOS
6700,Desktop,Android
6701,Tablet,macOS
6702,Desktop,Android
6703,Desktop,Android
6704,Desktop,Windows
6705,Mobile,Android
6706,Mobile,iOS
6707,Mobile,Android
6708,Mobile,Android
6709,Mobile,iOS
6710,Desktop,Windows
6711,Desktop,Android
6712,Tablet,Android
6713,Mobile,Windows
6714,Mobile,Windows
6715,Mobile,Windows
6716,Desktop,Android
6717,Mobile,iOS
6718,Mobile,iOS
6719,Desktop,macOS
6720,Mobile,Windows
6721,Desktop,iOS
6722,Desktop,Android
6723,Mobile,iOS
6724,Mobile,iOS
6725,Mobile,Windows
6726,Mobile,Android
6727,Desktop,Android
6728,Mobile,Android
6729,Desktop,iOS
6730,Mobile,Android
6731,Mobile,Windows
6732,Desktop,Android
6733,Desktop,Windows
6734,Mobile,Android
6735,Mobile,macOS
6736,Mobile,iOS
6737,Mobile,Windows
6738,Mobile,Windows
6739,Desktop,iOS
6740,Desktop,iOS
6741,Mobile,macOS
6742,Desktop,Android
6743,Desktop,iOS
6744,Mobile,iOS
6745,Mobile,Windows
6746,Desktop,Android
6747,Mobile,Android
6748,Mobile,macOS
6749,Mobile,Android
6750,Mobile,Android
6751,Tablet,macOS
6752,Mobile,Android
6753,Mobile,iOS
6754,Mobile,Android
6755,Mobile,Android
6756,Mobile,Android
6757,Mobile,iOS
6758,Desktop,Windows
6759,Desktop,Android
6760,Mobile,Android
6761,Mobile,iOS
6762,Desktop,macOS
6763,Tablet,Android
6764,Mobile,Android
6765,Mobile,iOS
6766,Mobile,Android
6767,Mobile,Windows
6768,Mobile,Android
6769,Mobile,Windows
6770,Mobile,Android
6771,Desktop,iOS
6772,Mobile,Android
6773,Mobile,iOS
6774,Desktop,Android
6775,Mobile,Android
6776,Mobile,Android
6777,Mobile,Android
6778,Mobile,iOS
6779,Mobile,iOS
6780,Desktop,Windows
6781,Mobile,iOS
6782,Mobile,Windows
6783,Desktop,iOS
6784,Mobile,Android
6785,Mobile,Android
6786,Desktop,Android
6787,Mobile,macOS
6788,Desktop,Android
6789,Desktop,Windows
6790,Desktop,iOS
6791,Desktop,macOS
6792,Mobile,Android
6793,Mobile,Android
6794,Desktop,Android
6795,Mobile,iOS
6796,Mobile,macOS
6797,Mobile,Android
6798,Mobile,iOS
6799,Desktop,Windows
6800,Tablet,Android
6801,Mobile,Android
6802,Desktop,iOS
6803,Tablet,Android
6804,Mobile,macOS
6805,Desktop,Android
6806,Desktop,Android
6807,Tablet,Windows
6808,Mobile,Android
6809,Desktop,iOS
6810,Mobile,Android
6811,Mobile,Android
6812,Mobile,Android
6813,Desktop,Android
6814,Mobile,macOS
6815,Mobile,iOS
6816,Mobile,Android
6817,Desktop,iOS
6818,Mobile,Android
6819,Mobile,iOS
6820,Desktop,Windows
6821,Mobile,Android
6822,Desktop,iOS
6823,Mobile,Windows
6824,Desktop,Android
6825,Desktop,Android
6826,Desktop,iOS
6827,Desktop,Android
6828,Desktop,Windows
6829,Desktop,iOS
6830,Mobile,macOS
6831,Tablet,iOS
6832,Desktop,iOS
6833,Mobile,Windows
6834,Desktop,iOS
6835,Desktop,macOS
6836,Desktop,iOS
6837,Mobile,Android
6838,Desktop,Android
6839,Mobile,macOS
6840,Mobile,iOS
6841,Mobile,Android
6842,Mobile,Android
6843,Mobile,Windows
6844,Mobile,Android
6845,Mobile,Windows
6846,Mobile,iOS
6847,Desktop,iOS
6848,Desktop,iOS
6849,Desktop,macOS
6850,Desktop,Android
6851,Mobile,iOS
6852,Mobile,Android
6853,Mobile,iOS
6854,Mobile,Android
6855,Desktop,Android
6856,Mobile,Windows
6857,Desktop,iOS
6858,Mobile,Windows
6859,Mobile,Android
6860,Mobile,Android
6861,Tablet,Android
6862,Mobile,Windows
6863,Desktop,Android
6864,Mobile,Android
6865,Mobile,Android
6866,Tablet,Windows
6867,Mobile,Windows
6868,Desktop,Android
6869,Desktop,Android
6870,Mobile,iOS
6871,Desktop,macOS
6872,Mobile,Android
6873,Desktop,Android
6874,Mobile,iOS
6875,Mobile,iOS
6876,Mobile,Android
6877,Mobile,Android
6878,Mobile,Android
6879,Mobile,Windows
6880,Desktop,macOS
6881,Mobile,Windows
6882,Mobile,Android
6883,Mobile,Android
6884,Mobile,iOS
6885,Mobile,Android
6886,Desktop,Windows
6887,Mobile,Android
6888,Desktop,Windows
6889,Desktop,Android
6890,Desktop,iOS
6891,Mobile,Windows
6892,Mobile,Windows
6893,Desktop,iOS
6894,Mobile,Android
6895,Tablet,Android
6896,Desktop,Windows
6897,Desktop,Windows
6898,Mobile,iOS
6899,Desktop,macOS
6900,Desktop,iOS
6901,Tablet,Windows
6902,Mobile,Android
6903,Desktop,Android
6904,Desktop,iOS
6905,Desktop,macOS
6906,Mobile,Android
6907,Desktop,macOS
6908,Mobile,Windows
6909,Mobile,Android
6910,Mobile,iOS
6911,Mobile,macOS
6912,Mobile,Android
6913,Desktop,Windows
6914,Mobile,iOS
6915,Mobile,Windows
6916,Tablet,iOS
6917,Desktop,Android
6918,Desktop,macOS
6919,Mobile,macOS
6920,Mobile,Android
6921,Mobile,Android
6922,Tablet,Windows
6923,Mobile,Android
6924,Mobile,Android
6925,Mobile,Android
6926,Desktop,iOS
6927,Mobile,Windows
6928,Mobile,Android
6929,Tablet,iOS
6930,Mobile,Android
6931,Mobile,Android
6932,Mobile,Android
6933,Mobile,Android
6934,Desktop,Android
6935,Tablet,Android
6936,Mobile,Android
6937,Mobile,Android
6938,Mobile,Windows
6939,Mobile,iOS
6940,Desktop,iOS
6941,Mobile,macOS
6942,Desktop,iOS
6943,Mobile,Windows
6944,Mobile,Android
6945,Mobile,macOS
6946,Mobile,iOS
6947,Mobile,Android
6948,Desktop,Android
6949,Mobile,Android
6950,Mobile,iOS
6951,Mobile,Windows
6952,Mobile,Android
6953,Desktop,Windows
6954,Desktop,Windows
6955,Tablet,Android
6956,Tablet,Windows
6957,Mobile,Android
6958,Tablet,iOS
6959,Mobile,Windows
6960,Tablet,iOS
6961,Mobile,Android
6962,Mobile,macOS
6963,Desktop,Windows
6964,Mobile,iOS
6965,Mobile,iOS
6966,Mobile,Windows
6967,Mobile,Android
6968,Mobile,Android
6969,Mobile,macOS
6970,Mobile,iOS
6971,Mobile,iOS
6972,Mobile,Android
6973,Mobile,Windows
6974,Mobile,iOS
6975,Mobile,Windows
6976,Mobile,Android
6977,Mobile,Android
6978,Mobile,iOS
6979,Mobile,Android
6980,Desktop,Android
6981,Desktop,Android
6982,Mobile,Windows
6983,Mobile,iOS
6984,Mobile,iOS
6985,Mobile,iOS
6986,Desktop,Android
6987,Mobile,macOS
6988,Mobile,Android
6989,Mobile,iOS
6990,Mobile,Windows
6991,Mobile,iOS
6992,Desktop,iOS
6993,Desktop,Android
6994,Desktop,Android
6995,Mobile,Android
6996,Mobile,Android
6997,Desktop,iOS
6998,Mobile,iOS
6999,Desktop,Android
7000,Desktop,Android
7001,Mobile,Android
7002,Mobile,Android
7003,Mobile,Android
7004,Mobile,iOS
7005,Mobile,Android
7006,Mobile,Android
7007,Mobile,Android
7008,Mobile,macOS
7009,Mobile,iOS
7010,Mobile,iOS
7011,Desktop,macOS
7012,Mobile,iOS
7013,Mobile,iOS
7014,Desktop,Android
7015,Mobile,Windows
7016,Desktop,Android
7017,Mobile,Android
7018,Tablet,iOS
7019,Mobile,Windows
7020,Mobile,Windows
7021,Mobile,iOS
7022,Desktop,iOS
7023,Mobile,Android
7024,Mobile,iOS
7025,Desktop,Windows
7026,Desktop,Android
7027,Tablet,iOS
7028,Desktop,Windows
7029,Desktop,Windows
7030,Mobile,Android
7031,Desktop,Android
7032,Tablet,Android
7033,Mobile,Android
7034,Mobile,Windows
7035,Desktop,Android
7036,Mobile,macOS
7037,Mobile,iOS
7038,Mobile,Android
7039,Tablet,iOS
7040,Desktop,iOS
7041,Desktop,Windows
7042,Tablet,iOS
7043,Mobile,Android
7044,Desktop,Windows
7045,Mobile,iOS
7046,Desktop,Android
7047,Mobile,Windows
7048,Desktop,Windows
7049,Mobile,Android
7050,Mobile,iOS
7051,Desktop,Android
7052,Desktop,Windows
7053,Desktop,iOS
7054,Desktop,Windows
7055,Desktop,Android
7056,Desktop,Android
7057,Mobile,macOS
7058,Mobile,Android
7059,Desktop,Android
7060,Tablet,Windows
7061,Mobile,Android
7062,Mobile,Windows
7063,Mobile,iOS
7064,Desktop,iOS
7065,Mobile,macOS
7066,Mobile,Android
7067,Desktop,Windows
7068,Mobile,Windows
7069,Desktop,macOS
7070,Desktop,iOS
7071,Mobile,iOS
7072,Desktop,iOS
7073,Desktop,Android
7074,Mobile,iOS
7075,Mobile,iOS
7076,Mobile,macOS
7077,Desktop,Android
7078,Mobile,Android
7079,Mobile,Android
7080,Mobile,macOS
7081,Mobile,macOS
7082,Mobile,iOS
7083,Mobile,Android
7084,Desktop,Android
7085,Mobile,Android
7086,Mobile,Android
7087,Mobile,macOS
7088,Desktop,Android
7089,Mobile,iOS
7090,Mobile,Android
7091,Mobile,iOS
7092,Mobile,Android
7093,Mobile,Android
7094,Mobile,iOS
7095,Tablet,Windows
7096,Mobile,Windows
7097,Desktop,Windows
7098,Mobile,Android
7099,Desktop,macOS
7100,Mobile,macOS
7101,Mobile,Android
7102,Tablet,Android
7103,Mobile,iOS
7104,Desktop,Android
7105,Mobile,Windows
7106,Mobile,Windows
7107,Mobile,Android
7108,Mobile,iOS
7109,Mobile,Android
7110,Tablet,Windows
7111,Tablet,Android
7112,Tablet,Android
7113,Mobile,Android
7114,Desktop,Windows
7115,Mobile,Android
7116,Mobile,Android
7117,Mobile,Android
7118,Mobile,iOS
7119,Mobile,Android
7120,Mobile,iOS
7121,Mobile,Android
7122,Mobile,Windows
7123,Tablet,Android
7124,Mobile,Android
7125,Desktop,iOS
7126,Mobile,Android
7127,Mobile,Android
7128,Desktop,Android
7129,Mobile,iOS
7130,Mobile,iOS
7131,Mobile,macOS
7132,Desktop,Android
7133,Desktop,iOS
7134,Desktop,iOS
7135,Mobile,Android
7136,Mobile,Android
7137,Mobile,iOS
7138,Tablet,Windows
7139,Desktop,Android
7140,Mobile,iOS
7141,Desktop,Android
7142,Mobile,iOS
7143,Desktop,iOS
7144,Mobile,Android
7145,Mobile,Windows
7146,Mobile,iOS
7147,Mobile,Android
7148,Mobile,iOS
7149,Desktop,iOS
7150,Mobile,iOS
7151,Tablet,Android
7152,Mobile,Android
7153,Mobile,iOS
7154,Mobile,Android
7155,Desktop,Windows
7156,Mobile,iOS
7157,Mobile,macOS
7158,Mobile,iOS
7159,Mobile,macOS
7160,Desktop,iOS
7161,Mobile,Android
7162,Mobile,Windows
7163,Mobile,Android
7164,Desktop,macOS
7165,Desktop,Android
7166,Mobile,Android
7167,Mobile,Android
7168,Tablet,Android
7169,Desktop,Android
7170,Desktop,Android
7171,Mobile,Windows
7172,Mobile,iOS
7173,Mobile,Android
7174,Desktop,Android
7175,Mobile,iOS
7176,Mobile,iOS
7177,Mobile,Android
7178,Desktop,Android
7179,Mobile,iOS
7180,Desktop,iOS
7181,Mobile,iOS
7182,Mobile,macOS
7183,Desktop,Android
7184,Desktop,macOS
7185,Mobile,Android
7186,Desktop,Windows
7187,Desktop,iOS
7188,Tablet,Windows
7189,Mobile,Android
7190,Desktop,Windows
7191,Desktop,macOS
7192,Mobile,iOS
7193,Desktop,iOS
7194,Mobile,Android
7195,Mobile,iOS
7196,Mobile,Windows
7197,Mobile,Windows
7198,Mobile,Android
7199,Mobile,iOS
7200,Desktop,iOS
7201,Mobile,macOS
7202,Mobile,Android
7203,Desktop,Android
7204,Desktop,Windows
7205,Mobile,iOS
7206,Tablet,Windows
7207,Tablet,macOS
7208,Mobile,iOS
7209,Mobile,Android
7210,Desktop,Android
7211,Desktop,Windows
7212,Mobile,Windows
7213,Mobile,Android
7214,Tablet,iOS
7215,Desktop,Windows
7216,Desktop,Android
7217,Mobile,Android
7218,Mobile,Android
7219,Mobile,iOS
7220,Mobile,Android
7221,Mobile,iOS
7222,Desktop,iOS
7223,Mobile,Android
7224,Desktop,Windows
7225,Mobile,Android
7226,Mobile,Android
7227,Desktop,Android
7228,Mobile,Windows
7229,Tablet,Android
7230,Desktop,Windows
7231,Mobile,Android
7232,Desktop,Android
7233,Mobile,iOS
7234,Mobile,iOS
7235,Mobile,iOS
7236,Mobile,iOS
7237,Desktop,Windows
7238,Tablet,Android
7239,Tablet,iOS
7240,Desktop,macOS
7241,Desktop,iOS
7242,Mobile,Android
7243,Desktop,Android
7244,Mobile,iOS
7245,Mobile,iOS
7246,Mobile,iOS
7247,Mobile,iOS
7248,Mobile,Android
7249,Mobile,iOS
7250,Mobile,Android
7251,Desktop,Android
7252,Mobile,Windows
7253,Desktop,iOS
7254,Mobile,iOS
7255,Mobile,macOS
7256,Mobile,iOS
7257,Mobile,macOS
7258,Mobile,Android
7259,Mobile,macOS
7260,Mobile,Android
7261,Mobile,macOS
7262,Mobile,Android
7263,Desktop,macOS
7264,Tablet,iOS
7265,Mobile,macOS
7266,Mobile,Android
7267,Mobile,iOS
7268,Mobile,Android
7269,Tablet,macOS
7270,Mobile,Android
7271,Mobile,Android
7272,Desktop,Android
7273,Mobile,Android
7274,Mobile,Android
7275,Tablet,Android
7276,Mobile,macOS
7277,Mobile,iOS
7278,Tablet,Windows
7279,Mobile,Android
7280,Desktop,Android
7281,Mobile,Android
7282,Mobile,Windows
7283,Mobile,Android
7284,Mobile,iOS
7285,Desktop,Android
7286,Mobile,iOS
7287,Mobile,Android
7288,Desktop,iOS
7289,Mobile,Windows
7290,Tablet,macOS
7291,Mobile,macOS
7292,Mobile,macOS
7293,Desktop,iOS
7294,Mobile,Android
7295,Mobile,Windows
7296,Mobile,Android
7297,Mobile,macOS
7298,Mobile,Windows
7299,Mobile,iOS
7300,Mobile,macOS
7301,Desktop,iOS
7302,Mobile,Android
7303,Tablet,iOS
7304,Mobile,iOS
7305,Mobile,Android
7306,Mobile,iOS
7307,Tablet,iOS
7308,Mobile,Windows
7309,Mobile,Android
7310,Mobile,Android
7311,Mobile,Android
7312,Mobile,iOS
7313,Desktop,Android
7314,Mobile,Windows
7315,Mobile,iOS
7316,Mobile,iOS
7317,Tablet,macOS
7318,Mobile,macOS
7319,Mobile,Android
7320,Desktop,Android
7321,Mobile,iOS
7322,Desktop,iOS
7323,Mobile,iOS
7324,Mobile,Android
7325,Mobile,iOS
7326,Mobile,macOS
7327,Mobile,Windows
7328,Tablet,Windows
7329,Mobile,Windows
7330,Mobile,Android
7331,Mobile,Windows
7332,Tablet,Android
7333,Desktop,Android
7334,Desktop,iOS
7335,Mobile,iOS
7336,Tablet,Windows
7337,Mobile,iOS
7338,Desktop,Android
7339,Tablet,Windows
7340,Mobile,iOS
7341,Desktop,Android
7342,Mobile,Android
7343,Mobile,macOS
7344,Mobile,Android
7345,Mobile,iOS
7346,Mobile,Windows
7347,Mobile,Windows
7348,Tablet,Android
7349,Desktop,Android
7350,Mobile,Android
7351,Mobile,iOS
7352,Desktop,iOS
7353,Mobile,Android
7354,Mobile,iOS
7355,Desktop,Android
7356,Desktop,macOS
7357,Desktop,Windows
7358,Mobile,Android
7359,Mobile,Android
7360,Mobile,Windows
7361,Mobile,iOS
7362,Mobile,Windows
7363,Mobile,Android
7364,Mobile,Windows
7365,Mobile,iOS
7366,Desktop,Windows
7367,Desktop,Windows
7368,Mobile,Windows
7369,Desktop,Android
7370,Tablet,macOS
7371,Desktop,iOS
7372,Mobile,Android
7373,Tablet,Android
7374,Mobile,macOS
7375,Mobile,iOS
7376,Desktop,iOS
7377,Desktop,iOS
7378,Mobile,macOS
7379,Mobile,Windows
7380,Mobile,Android
7381,Mobile,macOS
7382,Tablet,iOS
7383,Desktop,Android
7384,Mobile,Android
7385,Mobile,Android
7386,Mobile,Android
7387,Mobile,Android
7388,Mobile,Android
7389,Mobile,iOS
7390,Mobile,Android
7391,Desktop,Windows
7392,Mobile,Android
7393,Mobile,Android
7394,Mobile,iOS
7395,Mobile,Windows
7396,Desktop,iOS
7397,Mobile,Windows
7398,Mobile,iOS
7399,Mobile,iOS
7400,Mobile,iOS
7401,Desktop,macOS
7402,Desktop,iOS
7403,Mobile,iOS
7404,Desktop,Windows
7405,Mobile,Windows
7406,Tablet,iOS
7407,Mobile,macOS
7408,Mobile,Windows
7409,Desktop,Windows
7410,Tablet,macOS
7411,Mobile,Android
7412,Mobile,iOS
7413,Desktop,Android
7414,Tablet,iOS
7415,Mobile,Android
7416,Mobile,iOS
7417,Mobile,Android
7418,Mobile,macOS
7419,Mobile,Android
7420,Mobile,iOS
7421,Desktop,Windows
7422,Desktop,Android
7423,Mobile,iOS
7424,Tablet,Windows
7425,Mobile,iOS
7426,Mobile,iOS
7427,Mobile,Android
7428,Mobile,macOS
7429,Mobile,iOS
7430,Desktop,macOS
7431,Mobile,Windows
7432,Mobile,Windows
7433,Mobile,iOS
7434,Tablet,iOS
7435,Mobile,iOS
7436,Mobile,iOS
7437,Mobile,iOS
7438,Mobile,Windows
7439,Desktop,iOS
7440,Desktop,Android
7441,Mobile,iOS
7442,Mobile,Windows
7443,Desktop,iOS
7444,Mobile,Android
7445,Mobile,iOS
7446,Mobile,Windows
7447,Mobile,Windows
7448,Mobile,Android
7449,Mobile,Windows
7450,Mobile,Android
7451,Mobile,Android
7452,Mobile,Windows
7453,Mobile,iOS
7454,Mobile,Android
7455,Desktop,iOS
7456,Mobile,iOS
7457,Mobile,Android
7458,Mobile,iOS
7459,Mobile,macOS
7460,Tablet,Android
7461,Mobile,Android
7462,Desktop,Windows
7463,Mobile,Windows
7464,Mobile,iOS
7465,Mobile,Android
7466,Desktop,Android
7467,Mobile,iOS
7468,Desktop,macOS
7469,Mobile,iOS
7470,Desktop,macOS
7471,Mobile,iOS
7472,Mobile,Android
7473,Mobile,Windows
7474,Mobile,iOS
7475,Mobile,iOS
7476,Desktop,Android
7477,Desktop,iOS
7478,Mobile,Android
7479,Desktop,macOS
7480,Desktop,Windows
7481,Mobile,Windows
7482,Mobile,iOS
7483,Desktop,Android
7484,Desktop,iOS
7485,Tablet,Android
7486,Desktop,macOS
7487,Mobile,Android
7488,Mobile,Windows
7489,Desktop,iOS
7490,Desktop,macOS
7491,Tablet,Android
7492,Desktop,Android
7493,Mobile,Windows
7494,Mobile,iOS
7495,Tablet,Android
7496,Desktop,Windows
7497,Mobile,Windows
7498,Mobile,macOS
7499,Desktop,Android
7500,Mobile,Android
7501,Mobile,iOS
7502,Mobile,Android
7503,Desktop,Android
7504,Mobile,Windows
7505,Desktop,Android
7506,Desktop,Windows
7507,Mobile,Android
7508,Desktop,Windows
7509,Desktop,Android
7510,Desktop,Android
7511,Tablet,macOS
7512,Mobile,Windows
7513,Desktop,Android
7514,Desktop,iOS
7515,Mobile,Windows
7516,Mobile,Android
7517,Mobile,Android
7518,Desktop,Android
7519,Mobile,Android
7520,Mobile,Android
7521,Mobile,macOS
7522,Desktop,macOS
7523,Mobile,Android
7524,Desktop,iOS
7525,Mobile,macOS
7526,Desktop,iOS
7527,Desktop,Android
7528,Desktop,Android
7529,Desktop,iOS
7530,Mobile,macOS
7531,Tablet,iOS
7532,Desktop,iOS
7533,Mobile,Windows
7534,Mobile,Android
7535,Mobile,Android
7536,Desktop,Android
7537,Mobile,Windows
7538,Mobile,Android
7539,Mobile,iOS
7540,Mobile,Android
7541,Desktop,iOS
7542,Mobile,Windows
7543,Mobile,Android
7544,Mobile,macOS
7545,Mobile,Android
7546,Desktop,Android
7547,Mobile,macOS
7548,Mobile,iOS
7549,Mobile,Android
7550,Desktop,Windows
7551,Mobile,iOS
7552,Mobile,macOS
7553,Mobile,macOS
7554,Desktop,Android
7555,Desktop,macOS
7556,Mobile,Android
7557,Desktop,iOS
7558,Mobile,iOS
7559,Desktop,iOS
7560,Mobile,Android
7561,Mobile,Windows
7562,Tablet,iOS
7563,Desktop,macOS
7564,Desktop,iOS
7565,Mobile,Android
7566,Desktop,Android
7567,Desktop,iOS
7568,Mobile,Android
7569,Tablet,iOS
7570,Mobile,Android
7571,Desktop,Android
7572,Desktop,macOS
7573,Desktop,Android
7574,Mobile,Android
7575,Mobile,Android
7576,Mobile,Windows
7577,Mobile,iOS
7578,Mobile,Android
7579,Mobile,iOS
7580,Desktop,iOS
7581,Mobile,Android
7582,Desktop,Android
7583,Desktop,iOS
7584,Mobile,Android
7585,Mobile,macOS
7586,Mobile,Android
7587,Mobile,macOS
7588,Desktop,Android
7589,Mobile,Android
7590,Tablet,Android
7591,Mobile,iOS
7592,Mobile,Windows
7593,Mobile,iOS
7594,Mobile,Android
7595,Desktop,Android
7596,Mobile,iOS
7597,Tablet,macOS
7598,Mobile,Android
7599,Mobile,Android
7600,Desktop,Android
7601,Mobile,Windows
7602,Desktop,Windows
7603,Mobile,Android
7604,Mobile,Android
7605,Desktop,iOS
7606,Desktop,Windows
7607,Mobile,Android
7608,Mobile,iOS
7609,Desktop,macOS
7610,Mobile,Windows
7611,Desktop,Android
7612,Mobile,iOS
7613,Mobile,macOS
7614,Desktop,iOS
7615,Mobile,macOS
7616,Tablet,Windows
7617,Mobile,Android
7618,Mobile,iOS
7619,Desktop,iOS
7620,Desktop,Windows
7621,Tablet,macOS
7622,Mobile,Windows
7623,Mobile,Android
7624,Mobile,Android
7625,Mobile,Android
7626,Mobile,Windows
7627,Mobile,iOS
7628,Mobile,Android
7629,Mobile,Android
7630,Mobile,iOS
7631,Desktop,macOS
7632,Desktop,macOS
7633,Desktop,Android
7634,Mobile,macOS
7635,Mobile,Windows
7636,Mobile,Android
7637,Mobile,iOS
7638,Mobile,iOS
7639,Mobile,Android
7640,Desktop,iOS
7641,Mobile,Android
7642,Mobile,iOS
7643,Mobile,iOS
7644,Desktop,iOS
7645,Mobile,Android
7646,Desktop,Android
7647,Mobile,Windows
7648,Desktop,iOS
7649,Mobile,Android
7650,Mobile,macOS
7651,Desktop,Android
7652,Mobile,iOS
7653,Mobile,macOS
7654,Mobile,Android
7655,Mobile,Android
7656,Mobile,iOS
7657,Mobile,Android
7658,Desktop,iOS
7659,Desktop,iOS
7660,Desktop,Windows
7661,Tablet,iOS
7662,Desktop,iOS
7663,Mobile,macOS
7664,Mobile,iOS
7665,Desktop,Android
7666,Mobile,Android
7667,Desktop,iOS
7668,Mobile,Android
7669,Desktop,Windows
7670,Mobile,Android
7671,Mobile,macOS
7672,Mobile,Android
7673,Mobile,Windows
7674,Mobile,Android
7675,Mobile,iOS
7676,Tablet,Windows
7677,Mobile,Windows
7678,Mobile,iOS
7679,Mobile,iOS
7680,Mobile,Android
7681,Tablet,Android
7682,Tablet,iOS
7683,Desktop,iOS
7684,Desktop,macOS
7685,Desktop,Android
7686,Desktop,iOS
7687,Mobile,Android
7688,Desktop,Windows
7689,Mobile,Android
7690,Mobile,Android
7691,Desktop,Windows
7692,Desktop,Android
7693,Mobile,macOS
7694,Desktop,Android
7695,Mobile,Android
7696,Desktop,Android
7697,Mobile,iOS
7698,Mobile,iOS
7699,Mobile,Android
7700,Desktop,Android
7701,Tablet,Android
7702,Mobile,Android
7703,Mobile,Android
7704,Desktop,iOS
7705,Mobile,Windows
7706,Mobile,Windows
7707,Desktop,iOS
7708,Mobile,iOS
7709,Desktop,Android
7710,Mobile,iOS
7711,Mobile,Windows
7712,Mobile,macOS
7713,Desktop,Windows
7714,Desktop,Android
7715,Mobile,Windows
7716,Mobile,Android
7717,Mobile,Android
7718,Desktop,Android
7719,Mobile,iOS
7720,Desktop,Windows
7721,Mobile,iOS
7722,Mobile,iOS
7723,Mobile,Windows
7724,Desktop,iOS
7725,Desktop,Android
7726,Mobile,Windows
7727,Mobile,iOS
7728,Tablet,iOS
7729,Mobile,Android
7730,Desktop,Windows
7731,Mobile,Windows
7732,Mobile,Windows
7733,Mobile,Android
7734,Mobile,Android
7735,Desktop,iOS
7736,Mobile,Android
7737,Desktop,Android
7738,Mobile,Android
7739,Mobile,Android
7740,Desktop,Android
7741,Desktop,Android
7742,Tablet,macOS
7743,Mobile,Android
7744,Desktop,iOS
7745,Mobile,Android
7746,Mobile,macOS
7747,Desktop,iOS
7748,Desktop,Android
7749,Mobile,Windows
7750,Mobile,Android
7751,Desktop,Android
7752,Mobile,iOS
7753,Mobile,Android
7754,Desktop,Android
7755,Mobile,Windows
7756,Desktop,Android
7757,Desktop,iOS
7758,Mobile,Windows
7759,Mobile,iOS
7760,Mobile,Windows
7761,Mobile,Windows
7762,Mobile,iOS
7763,Mobile,iOS
7764,Desktop,macOS
7765,Mobile,macOS
7766,Desktop,Windows
7767,Desktop,macOS
7768,Desktop,Android
7769,Mobile,Android
7770,Mobile,Android
7771,Mobile,Android
7772,Mobile,iOS
7773,Tablet,Android
7774,Mobile,iOS
7775,Mobile,Android
7776,Mobile,macOS
7777,Desktop,Windows
7778,Desktop,Android
7779,Mobile,Windows
7780,Mobile,Android
7781,Desktop,Android
7782,Mobile,Android
7783,Mobile,Android
7784,Desktop,iOS
7785,Mobile,macOS
7786,Mobile,Android
7787,Mobile,Windows
7788,Tablet,Android
7789,Desktop,Windows
7790,Desktop,Android
7791,Desktop,Android
7792,Mobile,iOS
7793,Desktop,Windows
7794,Mobile,iOS
7795,Mobile,iOS
7796,Tablet,Windows
7797,Desktop,Windows
7798,Mobile,iOS
7799,Mobile,iOS
7800,Tablet,Android
7801,Mobile,iOS
7802,Mobile,Android
7803,Mobile,Windows
7804,Mobile,Android
7805,Mobile,iOS
7806,Mobile,Android
7807,Mobile,Windows
7808,Desktop,iOS
7809,Desktop,Windows
7810,Mobile,iOS
7811,Mobile,Android
7812,Desktop,Android
7813,Mobile,macOS
7814,Mobile,Android
7815,Desktop,macOS
7816,Tablet,Windows
7817,Mobile,Windows
7818,Mobile,Windows
7819,Desktop,iOS
7820,Mobile,Android
7821,Desktop,iOS
7822,Mobile,iOS
7823,Desktop,Android
7824,Mobile,macOS
7825,Desktop,Windows
7826,Mobile,iOS
7827,Tablet,iOS
7828,Mobile,macOS
7829,Mobile,Android
7830,Mobile,iOS
7831,Mobile,Android
7832,Desktop,Android
7833,Mobile,Android
7834,Mobile,macOS
7835,Mobile,iOS
7836,Mobile,Windows
7837,Desktop,Windows
7838,Desktop,Android
7839,Mobile,Windows
7840,Mobile,iOS
7841,Mobile,Android
7842,Mobile,Windows
7843,Desktop,Windows
7844,Tablet,Windows
7845,Mobile,iOS
7846,Desktop,Android
7847,Mobile,Android
7848,Desktop,macOS
7849,Mobile,Android
7850,Tablet,Windows
7851,Mobile,Android
7852,Desktop,Android
7853,Mobile,Android
7854,Desktop,Android
7855,Mobile,Android
7856,Desktop,iOS
7857,Mobile,Windows
7858,Mobile,Android
7859,Mobile,Android
7860,Desktop,Android
7861,Desktop,Android
7862,Desktop,iOS
7863,Mobile,Windows
7864,Tablet,Android
7865,Desktop,Android
7866,Desktop,Android
7867,Mobile,Android
7868,Desktop,Windows
7869,Mobile,iOS
7870,Desktop,Windows
7871,Mobile,Android
7872,Mobile,Android
7873,Tablet,Android
7874,Tablet,Android
7875,Desktop,macOS
7876,Desktop,Windows
7877,Mobile,Android
7878,Desktop,macOS
7879,Mobile,macOS
7880,Mobile,iOS
7881,Tablet,Android
7882,Mobile,macOS
7883,Desktop,iOS
7884,Mobile,Android
7885,Mobile,Windows
7886,Desktop,iOS
7887,Desktop,Android
7888,Mobile,Android
7889,Mobile,Android
7890,Mobile,Android
7891,Desktop,Android
7892,Desktop,macOS
7893,Mobile,Android
7894,Desktop,macOS
7895,Mobile,Android
7896,Mobile,iOS
7897,Mobile,Android
7898,Desktop,Android
7899,Desktop,Android
7900,Mobile,Android
7901,Mobile,Windows
7902,Desktop,Android
7903,Mobile,Android
7904,Desktop,iOS
7905,Mobile,Android
7906,Mobile,Windows
7907,Mobile,iOS
7908,Desktop,Android
7909,Desktop,Android
7910,Desktop,Android
7911,Mobile,Windows
7912,Mobile,iOS
7913,Desktop,Android
7914,Mobile,Android
7915,Mobile,iOS
7916,Tablet,macOS
7917,Mobile,iOS
7918,Mobile,iOS
7919,Mobile,Windows
7920,Mobile,Android
7921,Desktop,Android
7922,Mobile,Android
7923,Desktop,Android
7924,Mobile,Android
7925,Mobile,Android
7926,Mobile,Android
7927,Mobile,Android
7928,Mobile,Windows
7929,Tablet,iOS
7930,Desktop,Android
7931,Desktop,Android
7932,Mobile,Android
7933,Desktop,iOS
7934,Mobile,Android
7935,Mobile,Android
7936,Mobile,iOS
7937,Desktop,Android
7938,Desktop,iOS
7939,Mobile,Windows
7940,Mobile,Android
7941,Mobile,iOS
7942,Mobile,macOS
7943,Tablet,iOS
7944,Desktop,Windows
7945,Mobile,Windows
7946,Mobile,macOS
7947,Mobile,iOS
7948,Desktop,macOS
7949,Mobile,Android
7950,Mobile,macOS
7951,Mobile,macOS
7952,Desktop,Android
7953,Mobile,macOS
7954,Mobile,Android
7955,Mobile,macOS
7956,Desktop,iOS
7957,Mobile,iOS
7958,Mobile,Android
7959,Mobile,macOS
7960,Mobile,iOS
7961,Desktop,macOS
7962,Desktop,Android
7963,Mobile,iOS
7964,Mobile,iOS
7965,Desktop,Android
7966,Desktop,Windows
7967,Mobile,Android
7968,Desktop,Android
7969,Desktop,Android
7970,Mobile,iOS
7971,Mobile,iOS
7972,Mobile,Android
7973,Mobile,iOS
7974,Mobile,iOS
7975,Mobile,Android
7976,Desktop,iOS
7977,Mobile,iOS
7978,Mobile,Android
7979,Desktop,iOS
7980,Desktop,Windows
7981,Mobile,Windows
7982,Desktop,Android
7983,Mobile,macOS
7984,Mobile,Android
7985,Mobile,Android
7986,Desktop,iOS
7987,Mobile,Windows
7988,Desktop,Windows
7989,Mobile,iOS
7990,Desktop,Windows
7991,Mobile,iOS
7992,Desktop,Android
7993,Mobile,Android
7994,Desktop,Android
7995,Tablet,iOS
7996,Mobile,Android
7997,Mobile,Android
7998,Desktop,Android
7999,Mobile,Android
8000,Desktop,Android
8001,Mobile,Android
8002,Desktop,macOS
8003,Mobile,iOS
8004,Mobile,Android
8005,Mobile,Windows
8006,Desktop,Android
8007,Mobile,iOS
8008,Desktop,iOS
8009,Mobile,iOS
8010,Mobile,Android
8011,Mobile,iOS
8012,Mobile,Android
8013,Mobile,Windows
8014,Desktop,iOS
8015,Mobile,macOS
8016,Desktop,macOS
8017,Desktop,iOS
8018,Desktop,Windows
8019,Mobile,iOS
8020,Mobile,iOS
8021,Desktop,Android
8022,Desktop,Android
8023,Desktop,Android
8024,Mobile,Android
8025,Mobile,iOS
8026,Desktop,macOS
8027,Mobile,iOS
8028,Desktop,Windows
8029,Tablet,Windows
8030,Desktop,iOS
8031,Desktop,iOS
8032,Mobile,Android
8033,Mobile,Android
8034,Desktop,Android
8035,Desktop,iOS
8036,Mobile,Android
8037,Mobile,macOS
8038,Desktop,Android
8039,Mobile,Android
8040,Mobile,Windows
8041,Tablet,iOS
8042,Desktop,iOS
8043,Mobile,iOS
8044,Desktop,iOS
8045,Mobile,iOS
8046,Mobile,Android
8047,Tablet,Android
8048,Desktop,iOS
8049,Mobile,Android
8050,Mobile,Android
8051,Mobile,Android
8052,Mobile,Android
8053,Mobile,Windows
8054,Mobile,Android
8055,Mobile,Android
8056,Mobile,iOS
8057,Tablet,iOS
8058,Desktop,Windows
8059,Mobile,Android
8060,Mobile,Android
8061,Desktop,macOS
8062,Desktop,Android
8063,Mobile,Android
8064,Tablet,Android
8065,Mobile,Android
8066,Desktop,Windows
8067,Mobile,Windows
8068,Desktop,macOS
8069,Mobile,Android
8070,Mobile,iOS
8071,Tablet,Android
8072,Desktop,Windows
8073,Mobile,Android
8074,Tablet,macOS
8075,Mobile,Android
8076,Mobile,Android
8077,Mobile,Android
8078,Desktop,Windows
8079,Tablet,Windows
8080,Desktop,Windows
8081,Mobile,Windows
8082,Tablet,iOS
8083,Desktop,Android
8084,Desktop,Android
8085,Mobile,macOS
8086,Mobile,macOS
8087,Mobile,iOS
8088,Mobile,Windows
8089,Mobile,macOS
8090,Mobile,Android
8091,Mobile,Android
8092,Desktop,Windows
8093,Mobile,Android
8094,Mobile,Android
8095,Mobile,Android
8096,Mobile,Android
8097,Mobile,iOS
8098,Mobile,iOS
8099,Mobile,Android
8100,Mobile,Android
8101,Tablet,Windows
8102,Mobile,iOS
8103,Mobile,Android
8104,Mobile,Android
8105,Mobile,Android
8106,Desktop,Windows
8107,Mobile,Android
8108,Desktop,Windows
8109,Mobile,iOS
8110,Mobile,Android
8111,Mobile,macOS
8112,Tablet,iOS
8113,Mobile,Android
8114,Desktop,macOS
8115,Mobile,iOS
8116,Mobile,macOS
8117,Tablet,Android
8118,Mobile,Android
8119,Desktop,Android
8120,Mobile,Windows
8121,Mobile,Windows
8122,Mobile,Android
8123,Desktop,iOS
8124,Mobile,Android
8125,Mobile,Android
8126,Desktop,iOS
8127,Mobile,Windows
8128,Mobile,Android
8129,Mobile,Android
8130,Mobile,Android
8131,Mobile,Android
8132,Mobile,Windows
8133,Desktop,Android
8134,Mobile,Android
8135,Mobile,Android
8136,Desktop,Android
8137,Desktop,iOS
8138,Tablet,macOS
8139,Mobile,Android
8140,Mobile,Android
8141,Desktop,iOS
8142,Mobile,macOS
8143,Desktop,Windows
8144,Mobile,Android
8145,Desktop,macOS
8146,Mobile,iOS
8147,Mobile,iOS
8148,Desktop,Android
8149,Mobile,Windows
8150,Mobile,macOS
8151,Mobile,Windows
8152,Desktop,Android
8153,Desktop,Android
8154,Mobile,Android
8155,Desktop,Android
8156,Desktop,Windows
8157,Mobile,Windows
8158,Desktop,macOS
8159,Mobile,Android
8160,Mobile,iOS
8161,Mobile,iOS
8162,Desktop,macOS
8163,Desktop,Android
8164,Desktop,Windows
8165,Tablet,macOS
8166,Desktop,iOS
8167,Mobile,macOS
8168,Mobile,Android
8169,Mobile,Android
8170,Mobile,Android
8171,Mobile,Android
8172,Mobile,macOS
8173,Desktop,Android
8174,Desktop,Windows
8175,Mobile,iOS
8176,Mobile,iOS
8177,Mobile,Windows
8178,Mobile,iOS
8179,Mobile,iOS
8180,Mobile,Android
8181,Desktop,iOS
8182,Mobile,iOS
8183,Mobile,Android
8184,Mobile,iOS
8185,Mobile,Android
8186,Desktop,Windows
8187,Mobile,iOS
8188,Tablet,Android
8189,Mobile,Android
8190,Mobile,iOS
8191,Tablet,Android
8192,Mobile,Windows
8193,Desktop,Android
8194,Tablet,iOS
8195,Mobile,Windows
8196,Mobile,Android
8197,Mobile,macOS
8198,Mobile,macOS
8199,Desktop,iOS
8200,Desktop,Android
8201,Desktop,Android
8202,Mobile,iOS
8203,Desktop,Android
8204,Desktop,iOS
8205,Mobile,Android
8206,Tablet,Android
8207,Mobile,Android
8208,Mobile,iOS
8209,Mobile,iOS
8210,Mobile,Android
8211,Mobile,Android
8212,Mobile,Windows
8213,Mobile,iOS
8214,Mobile,Android
8215,Mobile,Windows
8216,Desktop,Android
8217,Mobile,macOS
8218,Mobile,iOS
8219,Mobile,Android
8220,Desktop,Android
8221,Mobile,macOS
8222,Mobile,Android
8223,Desktop,Android
8224,Mobile,Android
8225,Desktop,iOS
8226,Mobile,macOS
8227,Mobile,iOS
8228,Mobile,Windows
8229,Mobile,Windows
8230,Desktop,iOS
8231,Desktop,Windows
8232,Mobile,iOS
8233,Mobile,Android
8234,Mobile,Android
8235,Desktop,macOS
8236,Mobile,iOS
8237,Mobile,iOS
8238,Mobile,iOS
8239,Mobile,iOS
8240,Mobile,macOS
8241,Mobile,Windows
8242,Mobile,Windows
8243,Mobile,iOS
8244,Mobile,iOS
8245,Mobile,macOS
8246,Mobile,Android
8247,Desktop,Android
8248,Mobile,Windows
8249,Mobile,Android
8250,Mobile,iOS
8251,Mobile,Android
8252,Tablet,Android
8253,Desktop,Android
8254,Mobile,iOS
8255,Mobile,iOS
8256,Mobile,Android
8257,Mobile,Android
8258,Mobile,iOS
8259,Tablet,Android
8260,Tablet,iOS
8261,Desktop,Android
8262,Desktop,macOS
8263,Desktop,iOS
8264,Mobile,Android
8265,Mobile,macOS
8266,Mobile,Android
8267,Desktop,Android
8268,Desktop,Windows
8269,Mobile,Android
8270,Mobile,Windows
8271,Desktop,macOS
8272,Desktop,iOS
8273,Mobile,Windows
8274,Mobile,Windows
8275,Desktop,Windows
8276,Mobile,Windows
8277,Desktop,Android
8278,Mobile,iOS
8279,Mobile,Android
8280,Mobile,Android
8281,Mobile,Android
8282,Mobile,iOS
8283,Mobile,iOS
8284,Mobile,Android
8285,Mobile,Android
8286,Tablet,Android
8287,Tablet,Android
8288,Mobile,Android
8289,Mobile,Windows
8290,Mobile,Android
8291,Mobile,Android
8292,Mobile,Android
8293,Mobile,Android
8294,Desktop,iOS
8295,Mobile,Android
8296,Mobile,Android
8297,Mobile,iOS
8298,Mobile,Android
8299,Desktop,macOS
8300,Mobile,iOS
8301,Mobile,Android
8302,Desktop,iOS
8303,Mobile,Android
8304,Mobile,Android
8305,Desktop,Android
8306,Mobile,macOS
8307,Tablet,Android
8308,Mobile,Windows
8309,Mobile,Android
8310,Mobile,iOS
8311,Mobile,macOS
8312,Mobile,iOS
8313,Mobile,Android
8314,Mobile,iOS
8315,Desktop,Windows
8316,Mobile,iOS
8317,Mobile,iOS
8318,Mobile,Android
8319,Mobile,Windows
8320,Mobile,Android
8321,Desktop,iOS
8322,Desktop,iOS
8323,Mobile,Android
8324,Desktop,Android
8325,Mobile,iOS
8326,Tablet,iOS
8327,Mobile,iOS
8328,Desktop,Android
8329,Mobile,Android
8330,Mobile,Windows
8331,Mobile,macOS
8332,Tablet,Android
8333,Tablet,macOS
8334,Mobile,iOS
8335,Mobile,macOS
8336,Mobile,Windows
8337,Mobile,Windows
8338,Tablet,Android
8339,Mobile,macOS
8340,Mobile,Android
8341,Desktop,Windows
8342,Mobile,Windows
8343,Mobile,iOS
8344,Mobile,Android
8345,Mobile,Android
8346,Desktop,Android
8347,Tablet,iOS
8348,Desktop,iOS
8349,Tablet,Android
8350,Mobile,iOS
8351,Desktop,Android
8352,Mobile,Android
8353,Desktop,iOS
8354,Mobile,iOS
8355,Mobile,macOS
8356,Mobile,Android
8357,Mobile,Windows
8358,Mobile,Android
8359,Mobile,Android
8360,Desktop,iOS
8361,Mobile,Android
8362,Mobile,Android
8363,Mobile,iOS
8364,Mobile,iOS
8365,Mobile,iOS
8366,Mobile,iOS
8367,Mobile,Android
8368,Mobile,Android
8369,Mobile,macOS
8370,Tablet,Android
8371,Mobile,Android
8372,Desktop,iOS
8373,Tablet,macOS
8374,Mobile,iOS
8375,Mobile,Android
8376,Desktop,iOS
8377,Desktop,iOS
8378,Mobile,Android
8379,Desktop,Windows
8380,Desktop,iOS
8381,Mobile,Windows
8382,Desktop,iOS
8383,Mobile,iOS
8384,Desktop,Android
8385,Desktop,Windows
8386,Desktop,iOS
8387,Desktop,iOS
8388,Mobile,Windows
8389,Mobile,macOS
8390,Mobile,iOS
8391,Desktop,Windows
8392,Mobile,Android
8393,Desktop,Android
8394,Desktop,iOS
8395,Desktop,Android
8396,Mobile,iOS
8397,Mobile,Android
8398,Mobile,Windows
8399,Mobile,iOS
8400,Desktop,Android
8401,Mobile,iOS
8402,Mobile,macOS
8403,Mobile,Windows
8404,Mobile,Android
8405,Desktop,iOS
8406,Desktop,Windows
8407,Desktop,Android
8408,Tablet,macOS
8409,Desktop,Windows
8410,Tablet,Android
8411,Mobile,iOS
8412,Tablet,Windows
8413,Tablet,iOS
8414,Mobile,macOS
8415,Tablet,macOS
8416,Desktop,Android
8417,Mobile,iOS
8418,Mobile,Android
8419,Desktop,Android
8420,Desktop,iOS
8421,Mobile,Windows
8422,Mobile,iOS
8423,Mobile,Android
8424,Mobile,Android
8425,Mobile,macOS
8426,Mobile,Android
8427,Mobile,Android
8428,Desktop,iOS
8429,Mobile,Android
8430,Mobile,Android
8431,Desktop,iOS
8432,Mobile,Android
8433,Mobile,Windows
8434,Desktop,Android
8435,Mobile,macOS
8436,Mobile,Android
8437,Mobile,iOS
8438,Mobile,iOS
8439,Mobile,macOS
8440,Mobile,iOS
8441,Mobile,iOS
8442,Desktop,Windows
8443,Mobile,iOS
8444,Mobile,iOS
8445,Mobile,Android
8446,Tablet,Android
8447,Mobile,Windows
8448,Mobile,Android
8449,Mobile,macOS
8450,Mobile,Windows
8451,Desktop,Android
8452,Mobile,Android
8453,Mobile,macOS
8454,Desktop,macOS
8455,Mobile,Android
8456,Mobile,Windows
8457,Mobile,iOS
8458,Mobile,Android
8459,Desktop,iOS
8460,Mobile,Android
8461,Desktop,Android
8462,Desktop,iOS
8463,Mobile,macOS
8464,Tablet,iOS
8465,Mobile,iOS
8466,Mobile,Android
8467,Mobile,iOS
8468,Desktop,iOS
8469,Mobile,Android
8470,Mobile,iOS
8471,Mobile,Android
8472,Tablet,Android
8473,Mobile,macOS
8474,Mobile,macOS
8475,Mobile,Android
8476,Mobile,Android
8477,Mobile,Android
8478,Mobile,macOS
8479,Mobile,Android
8480,Desktop,Windows
8481,Desktop,macOS
8482,Mobile,Windows
8483,Desktop,Windows
8484,Mobile,iOS
8485,Mobile,iOS
8486,Mobile,Android
8487,Desktop,Android
8488,Desktop,Android
8489,Desktop,Android
8490,Mobile,Android
8491,Mobile,iOS
8492,Mobile,iOS
8493,Desktop,Android
8494,Desktop,macOS
8495,Tablet,Windows
8496,Mobile,Android
8497,Mobile,macOS
8498,Desktop,iOS
8499,Desktop,macOS
8500,Desktop,Android
8501,Mobile,iOS
8502,Mobile,Android
8503,Mobile,Windows
8504,Tablet,Android
8505,Mobile,iOS
8506,Desktop,Android
8507,Mobile,Windows
8508,Desktop,Android
8509,Desktop,macOS
8510,Desktop,Android
8511,Desktop,Android
8512,Mobile,Android
8513,Mobile,iOS
8514,Desktop,macOS
8515,Mobile,iOS
8516,Tablet,iOS
8517,Desktop,Android
8518,Desktop,Android
8519,Mobile,Android
8520,Desktop,iOS
8521,Mobile,iOS
8522,Tablet,Windows
8523,Mobile,Windows
8524,Desktop,Android
8525,Mobile,iOS
8526,Desktop,Windows
8527,Mobile,Android
8528,Mobile,iOS
8529,Mobile,iOS
8530,Mobile,Windows
8531,Desktop,iOS
8532,Mobile,Windows
8533,Mobile,Android
8534,Mobile,Android
8535,Desktop,Android
8536,Desktop,Android
8537,Desktop,iOS
8538,Mobile,Windows
8539,Desktop,Windows
8540,Desktop,Android
8541,Mobile,Windows
8542,Mobile,Android
8543,Mobile,Android
8544,Mobile,Android
8545,Desktop,Android
8546,Mobile,Windows
8547,Mobile,Android
8548,Desktop,Android
8549,Tablet,Android
8550,Mobile,Android
8551,Desktop,Android
8552,Mobile,Windows
8553,Mobile,Windows
8554,Mobile,Windows
8555,Mobile,iOS
8556,Mobile,Android
8557,Mobile,iOS
8558,Mobile,Windows
8559,Desktop,Windows
8560,Desktop,Android
8561,Mobile,macOS
8562,Desktop,iOS
8563,Desktop,Android
8564,Desktop,Android
8565,Mobile,iOS
8566,Mobile,macOS
8567,Desktop,Android
8568,Mobile,iOS
8569,Desktop,Android
8570,Tablet,iOS
8571,Mobile,iOS
8572,Mobile,Android
8573,Desktop,iOS
8574,Mobile,Android
8575,Tablet,iOS
8576,Desktop,iOS
8577,Mobile,Android
8578,Mobile,iOS
8579,Mobile,Android
8580,Mobile,Windows
8581,Mobile,Android
8582,Mobile,macOS
8583,Mobile,macOS
8584,Mobile,Android
8585,Desktop,Android
8586,Desktop,Android
8587,Mobile,Windows
8588,Mobile,Android
8589,Mobile,Windows
8590,Mobile,Windows
8591,Mobile,Android
8592,Desktop,iOS
8593,Tablet,iOS
8594,Desktop,iOS
8595,Mobile,Android
8596,Desktop,macOS
8597,Mobile,iOS
8598,Mobile,Android
8599,Mobile,iOS
8600,Mobile,Android
8601,Desktop,iOS
8602,Mobile,Windows
8603,Desktop,iOS
8604,Tablet,iOS
8605,Mobile,iOS
8606,Mobile,Windows
8607,Desktop,iOS
8608,Mobile,iOS
8609,Desktop,Android
8610,Mobile,Android
8611,Desktop,macOS
8612,Desktop,Windows
8613,Mobile,Android
8614,Mobile,iOS
8615,Mobile,Windows
8616,Desktop,Android
8617,Mobile,iOS
8618,Mobile,Android
8619,Desktop,Android
8620,Mobile,Windows
8621,Mobile,Android
8622,Mobile,Android
8623,Mobile,Android
8624,Desktop,iOS
8625,Desktop,Windows
8626,Tablet,iOS
8627,Tablet,iOS
8628,Mobile,Android
8629,Mobile,macOS
8630,Mobile,Windows
8631,Desktop,macOS
8632,Desktop,Windows
8633,Mobile,macOS
8634,Desktop,macOS
8635,Mobile,iOS
8636,Mobile,iOS
8637,Desktop,Android
8638,Mobile,Android
8639,Mobile,iOS
8640,Mobile,iOS
8641,Desktop,Android
8642,Tablet,Windows
8643,Mobile,iOS
8644,Mobile,Android
8645,Mobile,iOS
8646,Mobile,Android
8647,Mobile,Windows
8648,Mobile,Android
8649,Mobile,Windows
8650,Desktop,Android
8651,Mobile,Android
8652,Tablet,iOS
8653,Mobile,iOS
8654,Desktop,Android
8655,Tablet,Android
8656,Desktop,iOS
8657,Mobile,iOS
8658,Mobile,Android
8659,Tablet,Android
8660,Desktop,iOS
8661,Mobile,iOS
8662,Mobile,iOS
8663,Tablet,Android
8664,Desktop,iOS
8665,Desktop,iOS
8666,Desktop,Android
8667,Mobile,Android
8668,Desktop,Android
8669,Mobile,Windows
8670,Mobile,Windows
8671,Mobile,iOS
8672,Mobile,Android
8673,Desktop,Windows
8674,Mobile,Android
8675,Mobile,Windows
8676,Desktop,Android
8677,Mobile,Android
8678,Mobile,Windows
8679,Mobile,iOS
8680,Tablet,Android
8681,Tablet,Android
8682,Mobile,Android
8683,Mobile,Windows
8684,Mobile,Android
8685,Desktop,Android
8686,Mobile,Windows
8687,Mobile,Android
8688,Desktop,Android
8689,Mobile,Windows
8690,Mobile,Windows
8691,Mobile,Windows
8692,Mobile,macOS
8693,Mobile,Windows
8694,Desktop,Windows
8695,Desktop,Windows
8696,Mobile,iOS
8697,Mobile,iOS
8698,Mobile,macOS
8699,Mobile,iOS
8700,Desktop,Android
8701,Desktop,Windows
8702,Mobile,Android
8703,Mobile,iOS
8704,Mobile,Windows
8705,Desktop,Android
8706,Mobile,iOS
8707,Mobile,iOS
8708,Mobile,iOS
8709,Mobile,Android
8710,Mobile,Windows
8711,Tablet,iOS
8712,Mobile,Windows
8713,Mobile,Android
8714,Mobile,macOS
8715,Mobile,Android
8716,Mobile,Windows
8717,Tablet,macOS
8718,Desktop,macOS
8719,Desktop,iOS
8720,Mobile,Android
8721,Mobile,Android
8722,Mobile,iOS
8723,Mobile,Windows
8724,Mobile,Android
8725,Desktop,Android
8726,Desktop,Windows
8727,Mobile,Android
8728,Mobile,Android
8729,Mobile,Android
8730,Desktop,Android
8731,Mobile,iOS
8732,Mobile,iOS
8733,Desktop,iOS
8734,Mobile,Android
8735,Mobile,Android
8736,Mobile,Windows
8737,Desktop,iOS
8738,Desktop,Windows
8739,Mobile,Windows
8740,Desktop,Android
8741,Mobile,macOS
8742,Desktop,Android
8743,Mobile,Windows
8744,Desktop,iOS
8745,Mobile,Android
8746,Desktop,macOS
8747,Mobile,Android
8748,Mobile,Windows
8749,Tablet,macOS
8750,Desktop,Windows
8751,Mobile,iOS
8752,Mobile,Android
8753,Mobile,iOS
8754,Mobile,Android
8755,Desktop,Android
8756,Mobile,iOS
8757,Mobile,Android
8758,Mobile,iOS
8759,Desktop,iOS
8760,Desktop,iOS
8761,Desktop,Windows
8762,Desktop,iOS
8763,Mobile,macOS
8764,Mobile,Android
8765,Mobile,Windows
8766,Mobile,Android
8767,Desktop,Android
8768,Mobile,Android
8769,Tablet,Windows
8770,Mobile,Windows
8771,Tablet,Android
8772,Tablet,macOS
8773,Mobile,iOS
8774,Mobile,Android
8775,Mobile,Android
8776,Mobile,iOS
8777,Mobile,macOS
8778,Desktop,Windows
8779,Desktop,Android
8780,Mobile,Windows
8781,Mobile,Windows
8782,Mobile,Android
8783,Desktop,macOS
8784,Mobile,macOS
8785,Mobile,Windows
8786,Mobile,iOS
8787,Mobile,Android
8788,Mobile,Android
8789,Mobile,Android
8790,Mobile,macOS
8791,Mobile,iOS
8792,Desktop,iOS
8793,Mobile,Android
8794,Mobile,Android
8795,Tablet,iOS
8796,Desktop,Windows
8797,Mobile,iOS
8798,Desktop,iOS
8799,Mobile,Android
8800,Mobile,Android
8801,Desktop,iOS
8802,Desktop,iOS
8803,Desktop,Windows
8804,Mobile,Android
8805,Mobile,macOS
8806,Mobile,Android
8807,Desktop,Windows
8808,Mobile,Android
8809,Mobile,macOS
8810,Desktop,Windows
8811,Tablet,Android
8812,Mobile,macOS
8813,Desktop,Android
8814,Mobile,Android
8815,Mobile,Android
8816,Mobile,Android
8817,Mobile,Windows
8818,Mobile,Android
8819,Mobile,iOS
8820,Mobile,iOS
8821,Desktop,iOS
8822,Mobile,Windows
8823,Tablet,iOS
8824,Mobile,Android
8825,Mobile,Android
8826,Mobile,iOS
8827,Mobile,iOS
8828,Mobile,Windows
8829,Mobile,Android
8830,Tablet,Android
8831,Mobile,macOS
8832,Mobile,iOS
8833,Tablet,iOS
8834,Mobile,Android
8835,Mobile,iOS
8836,Desktop,Windows
8837,Mobile,Windows
8838,Desktop,macOS
8839,Mobile,macOS
8840,Mobile,Windows
8841,Mobile,Android
8842,Mobile,Android
8843,Mobile,Windows
8844,Mobile,Android
8845,Mobile,Android
8846,Mobile,iOS
8847,Mobile,iOS
8848,Mobile,iOS
8849,Tablet,Android
8850,Mobile,iOS
8851,Mobile,iOS
8852,Tablet,Windows
8853,Mobile,Android
8854,Mobile,Android
8855,Mobile,Android
8856,Desktop,Windows
8857,Mobile,Android
8858,Mobile,Windows
8859,Mobile,Android
8860,Mobile,iOS
8861,Desktop,Android
8862,Desktop,Android
8863,Mobile,Android
8864,Mobile,macOS
8865,Mobile,macOS
8866,Desktop,iOS
8867,Mobile,Android
8868,Tablet,Android
8869,Mobile,Android
8870,Mobile,macOS
8871,Desktop,Android
8872,Desktop,Android
8873,Tablet,iOS
8874,Mobile,Windows
8875,Mobile,Windows
8876,Desktop,Android
8877,Desktop,Android
8878,Mobile,Android
8879,Mobile,iOS
8880,Tablet,iOS
8881,Desktop,Android
8882,Desktop,Windows
8883,Desktop,iOS
8884,Desktop,Windows
8885,Mobile,Android
8886,Mobile,Android
8887,Tablet,Windows
8888,Desktop,Android
8889,Tablet,Android
8890,Mobile,Android
8891,Desktop,iOS
8892,Desktop,iOS
8893,Mobile,Android
8894,Mobile,Windows
8895,Mobile,Android
8896,Mobile,Android
8897,Mobile,Windows
8898,Mobile,macOS
8899,Mobile,macOS
8900,Tablet,Android
8901,Desktop,Windows
8902,Desktop,Android
8903,Mobile,Android
8904,Mobile,macOS
8905,Mobile,iOS
8906,Mobile,Android
8907,Mobile,iOS
8908,Mobile,Windows
8909,Mobile,Windows
8910,Mobile,iOS
8911,Desktop,Windows
8912,Mobile,Windows
8913,Mobile,Android
8914,Mobile,macOS
8915,Mobile,Android
8916,Mobile,iOS
8917,Tablet,iOS
8918,Mobile,iOS
8919,Mobile,macOS
8920,Tablet,Android
8921,Tablet,iOS
8922,Mobile,Windows
8923,Desktop,Android
8924,Mobile,iOS
8925,Mobile,Windows
8926,Desktop,iOS
8927,Desktop,iOS
8928,Tablet,Android
8929,Mobile,iOS
8930,Mobile,Windows
8931,Mobile,iOS
8932,Mobile,Windows
8933,Desktop,Windows
8934,Desktop,Android
8935,Tablet,Android
8936,Desktop,Android
8937,Mobile,iOS
8938,Desktop,Windows
8939,Desktop,iOS
8940,Mobile,iOS
8941,Mobile,Android
8942,Mobile,Android
8943,Mobile,Android
8944,Mobile,Windows
8945,Mobile,Windows
8946,Mobile,Android
8947,Desktop,macOS
8948,Mobile,iOS
8949,Desktop,iOS
8950,Mobile,Android
8951,Mobile,Android
8952,Mobile,iOS
8953,Mobile,Android
8954,Mobile,iOS
8955,Mobile,Android
8956,Mobile,iOS
8957,Mobile,iOS
8958,Mobile,iOS
8959,Desktop,Android
8960,Mobile,Windows
8961,Mobile,Android
8962,Mobile,iOS
8963,Desktop,Android
8964,Desktop,Android
8965,Desktop,Windows
8966,Mobile,iOS
8967,Desktop,Android
8968,Desktop,Android
8969,Mobile,Windows
8970,Desktop,iOS
8971,Mobile,macOS
8972,Mobile,iOS
8973,Mobile,Android
8974,Desktop,Android
8975,Desktop,Windows
8976,Mobile,Android
8977,Mobile,iOS
8978,Mobile,iOS
8979,Mobile,macOS
8980,Desktop,macOS
8981,Mobile,Android
8982,Mobile,Android
8983,Desktop,Windows
8984,Desktop,Android
8985,Mobile,iOS
8986,Mobile,Android
8987,Mobile,Windows
8988,Mobile,Android
8989,Mobile,macOS
8990,Mobile,iOS
8991,Mobile,iOS
8992,Mobile,Android
8993,Mobile,iOS
8994,Desktop,iOS
8995,Desktop,Android
8996,Mobile,macOS
8997,Mobile,Windows
8998,Tablet,Android
8999,Mobile,Android
9000,Tablet,Android
9001,Tablet,iOS
9002,Mobile,Windows
9003,Tablet,Windows
9004,Mobile,Windows
9005,Mobile,Android
9006,Desktop,macOS
9007,Mobile,macOS
9008,Mobile,Android
9009,Mobile,Android
9010,Mobile,Windows
9011,Mobile,Android
9012,Mobile,Android
9013,Desktop,iOS
9014,Mobile,Windows
9015,Tablet,Android
9016,Mobile,Windows
9017,Mobile,Windows
9018,Desktop,macOS
9019,Mobile,Android
9020,Desktop,iOS
9021,Desktop,Windows
9022,Mobile,Android
9023,Desktop,Android
9024,Mobile,Windows
9025,Desktop,Android
9026,Mobile,macOS
9027,Mobile,iOS
9028,Desktop,Android
9029,Mobile,iOS
9030,Desktop,Android
9031,Mobile,Windows
9032,Mobile,Android
9033,Mobile,Android
9034,Desktop,macOS
9035,Mobile,Android
9036,Mobile,iOS
9037,Mobile,iOS
9038,Tablet,iOS
9039,Desktop,Android
9040,Mobile,Android
9041,Mobile,macOS
9042,Desktop,Windows
9043,Mobile,iOS
9044,Mobile,macOS
9045,Mobile,Android
9046,Mobile,iOS
9047,Mobile,macOS
9048,Mobile,Android
9049,Desktop,Android
9050,Mobile,Windows
9051,Desktop,macOS
9052,Mobile,Android
9053,Desktop,Android
9054,Mobile,Android
9055,Desktop,iOS
9056,Mobile,Android
9057,Tablet,iOS
9058,Mobile,Windows
9059,Mobile,Android
9060,Mobile,iOS
9061,Mobile,Android
9062,Mobile,macOS
9063,Mobile,iOS
9064,Desktop,iOS
9065,Mobile,Windows
9066,Mobile,Windows
9067,Mobile,Android
9068,Desktop,iOS
9069,Mobile,Android
9070,Mobile,iOS
9071,Desktop,Android
9072,Desktop,iOS
9073,Mobile,Windows
9074,Mobile,Android
9075,Mobile,Windows
9076,Desktop,Android
9077,Mobile,Android
9078,Mobile,Android
9079,Mobile,Android
9080,Mobile,Windows
9081,Mobile,Android
9082,Mobile,Android
9083,Mobile,Android
9084,Desktop,macOS
9085,Mobile,Android
9086,Mobile,macOS
9087,Desktop,iOS
9088,Mobile,Android
9089,Desktop,macOS
9090,Desktop,macOS
9091,Desktop,macOS
9092,Mobile,Android
9093,Desktop,Android
9094,Mobile,iOS
9095,Mobile,Android
9096,Mobile,macOS
9097,Desktop,Android
9098,Desktop,Windows
9099,Mobile,Android
9100,Mobile,Android
9101,Desktop,iOS
9102,Desktop,iOS
9103,Desktop,Windows
9104,Mobile,Android
9105,Mobile,iOS
9106,Mobile,macOS
9107,Desktop,Android
9108,Desktop,macOS
9109,Mobile,macOS
9110,Desktop,Windows
9111,Mobile,Android
9112,Mobile,iOS
9113,Mobile,iOS
9114,Desktop,iOS
9115,Mobile,iOS
9116,Mobile,Windows
9117,Desktop,iOS
9118,Desktop,iOS
9119,Mobile,Android
9120,Mobile,Android
9121,Mobile,Windows
9122,Mobile,Windows
9123,Desktop,Windows
9124,Mobile,Android
9125,Desktop,macOS
9126,Desktop,Android
9127,Desktop,Android
9128,Mobile,Android
9129,Desktop,Android
9130,Tablet,Android
9131,Tablet,Android
9132,Mobile,iOS
9133,Mobile,iOS
9134,Mobile,iOS
9135,Tablet,iOS
9136,Desktop,Windows
9137,Desktop,macOS
9138,Mobile,Android
9139,Tablet,Android
9140,Mobile,Windows
9141,Tablet,iOS
9142,Desktop,macOS
9143,Mobile,Android
9144,Desktop,Windows
9145,Mobile,Android
9146,Desktop,iOS
9147,Mobile,iOS
9148,Desktop,iOS
9149,Mobile,Android
9150,Mobile,Windows
9151,Mobile,Android
9152,Mobile,Windows
9153,Mobile,Android
9154,Mobile,Windows
9155,Desktop,macOS
9156,Mobile,Android
9157,Mobile,iOS
9158,Mobile,macOS
9159,Mobile,Android
9160,Desktop,Android
9161,Mobile,iOS
9162,Mobile,iOS
9163,Desktop,iOS
9164,Mobile,Windows
9165,Tablet,Android
9166,Tablet,Android
9167,Mobile,Android
9168,Mobile,Android
9169,Mobile,Android
9170,Mobile,Windows
9171,Mobile,iOS
9172,Tablet,Android
9173,Mobile,Android
9174,Mobile,Windows
9175,Mobile,Windows
9176,Desktop,Android
9177,Desktop,iOS
9178,Mobile,iOS
9179,Desktop,macOS
9180,Desktop,iOS
9181,Mobile,Android
9182,Mobile,iOS
9183,Desktop,macOS
9184,Desktop,iOS
9185,Desktop,Android
9186,Mobile,iOS
9187,Mobile,iOS
9188,Mobile,Android
9189,Desktop,Windows
9190,Mobile,Android
9191,Mobile,Windows
9192,Mobile,iOS
9193,Mobile,iOS
9194,Mobile,iOS
9195,Mobile,Android
9196,Mobile,iOS
9197,Desktop,Android
9198,Mobile,macOS
9199,Mobile,Android
9200,Mobile,iOS
9201,Mobile,iOS
9202,Mobile,Android
9203,Mobile,Android
9204,Desktop,Android
9205,Mobile,Windows
9206,Desktop,Android
9207,Mobile,Android
9208,Mobile,iOS
9209,Mobile,Android
9210,Desktop,iOS
9211,Mobile,iOS
9212,Mobile,macOS
9213,Desktop,Android
9214,Mobile,Android
9215,Mobile,Windows
9216,Mobile,Windows
9217,Mobile,Android
9218,Mobile,iOS
9219,Tablet,Android
9220,Mobile,iOS
9221,Desktop,iOS
9222,Mobile,iOS
9223,Mobile,Android
9224,Mobile,iOS
9225,Mobile,iOS
9226,Desktop,Android
9227,Desktop,macOS
9228,Mobile,Windows
9229,Mobile,Windows
9230,Mobile,Windows
9231,Desktop,Windows
9232,Mobile,iOS
9233,Desktop,iOS
9234,Mobile,Windows
9235,Mobile,Android
9236,Desktop,Android
9237,Desktop,Android
9238,Mobile,iOS
9239,Desktop,Windows
9240,Tablet,macOS
9241,Desktop,Windows
9242,Mobile,Android
9243,Mobile,iOS
9244,Mobile,Windows
9245,Tablet,iOS
9246,Desktop,iOS
9247,Desktop,iOS
9248,Mobile,iOS
9249,Mobile,iOS
9250,Mobile,Android
9251,Mobile,Android
9252,Mobile,Android
9253,Mobile,Windows
9254,Mobile,Windows
9255,Mobile,iOS
9256,Desktop,macOS
9257,Mobile,iOS
9258,Desktop,Windows
9259,Mobile,Windows
9260,Mobile,Android
9261,Mobile,Windows
9262,Mobile,Android
9263,Desktop,iOS
9264,Mobile,Android
9265,Mobile,macOS
9266,Mobile,iOS
9267,Mobile,Android
9268,Desktop,Android
9269,Mobile,Android
9270,Desktop,iOS
9271,Mobile,Android
9272,Mobile,macOS
9273,Mobile,Android
9274,Mobile,iOS
9275,Mobile,Windows
9276,Mobile,Windows
9277,Desktop,iOS
9278,Mobile,Android
9279,Tablet,Android
9280,Mobile,Windows
9281,Mobile,Android
9282,Mobile,Android
9283,Mobile,iOS
9284,Mobile,macOS
9285,Mobile,Windows
9286,Mobile,Windows
9287,Desktop,iOS
9288,Mobile,iOS
9289,Desktop,Android
9290,Tablet,Android
9291,Desktop,iOS
9292,Desktop,Android
9293,Mobile,iOS
9294,Mobile,Android
9295,Mobile,Android
9296,Mobile,iOS
9297,Mobile,macOS
9298,Mobile,Android
9299,Desktop,iOS
9300,Mobile,Android
9301,Tablet,Android
9302,Mobile,iOS
9303,Mobile,Android
9304,Desktop,Android
9305,Mobile,Android
9306,Mobile,iOS
9307,Mobile,Windows
9308,Mobile,Android
9309,Mobile,iOS
9310,Desktop,Windows
9311,Mobile,macOS
9312,Mobile,Android
9313,Mobile,Android
9314,Desktop,Windows
9315,Mobile,macOS
9316,Mobile,macOS
9317,Mobile,Android
9318,Mobile,Windows
9319,Desktop,Android
9320,Mobile,iOS
9321,Desktop,iOS
9322,Mobile,Windows
9323,Mobile,macOS
9324,Tablet,Windows
9325,Mobile,Android
9326,Mobile,iOS
9327,Desktop,Windows
9328,Tablet,macOS
9329,Desktop,Android
9330,Mobile,Android
9331,Mobile,Android
9332,Desktop,iOS
9333,Desktop,iOS
9334,Tablet,Android
9335,Mobile,Android
9336,Mobile,Windows
9337,Tablet,iOS
9338,Mobile,Windows
9339,Desktop,Android
9340,Mobile,macOS
9341,Desktop,iOS
9342,Mobile,Android
9343,Mobile,Windows
9344,Mobile,Android
9345,Desktop,Android
9346,Mobile,iOS
9347,Mobile,Android
9348,Mobile,Windows
9349,Mobile,Windows
9350,Mobile,iOS
9351,Desktop,macOS
9352,Mobile,Android
9353,Mobile,Android
9354,Mobile,iOS
9355,Tablet,Android
9356,Desktop,Android
9357,Desktop,Android
9358,Mobile,iOS
9359,Mobile,iOS
9360,Desktop,Windows
9361,Mobile,iOS
9362,Mobile,Android
9363,Mobile,Windows
9364,Desktop,Android
9365,Desktop,iOS
9366,Mobile,Android
9367,Mobile,iOS
9368,Desktop,iOS
9369,Desktop,Android
9370,Mobile,Windows
9371,Mobile,Android
9372,Desktop,Windows
9373,Mobile,Android
9374,Desktop,Windows
9375,Mobile,macOS
9376,Mobile,Android
9377,Desktop,macOS
9378,Mobile,Android
9379,Mobile,iOS
9380,Mobile,iOS
9381,Mobile,Windows
9382,Desktop,Android
9383,Desktop,iOS
9384,Mobile,Android
9385,Mobile,Windows
9386,Desktop,iOS
9387,Mobile,iOS
9388,Mobile,macOS
9389,Mobile,Android
9390,Mobile,Android
9391,Mobile,Windows
9392,Tablet,iOS
9393,Mobile,macOS
9394,Mobile,Windows
9395,Mobile,Windows
9396,Desktop,Android
9397,Mobile,Windows
9398,Mobile,macOS
9399,Mobile,iOS
9400,Tablet,macOS
9401,Mobile,iOS
9402,Mobile,Android
9403,Mobile,Android
9404,Mobile,Android
9405,Desktop,Android
9406,Desktop,Android
9407,Mobile,Android
9408,Mobile,iOS
9409,Tablet,iOS
9410,Tablet,Android
9411,Mobile,iOS
9412,Desktop,Windows
9413,Desktop,Android
9414,Mobile,macOS
9415,Mobile,macOS
9416,Mobile,Windows
9417,Desktop,iOS
9418,Mobile,Android
9419,Mobile,iOS
9420,Mobile,Windows
9421,Mobile,iOS
9422,Desktop,Android
9423,Mobile,iOS
9424,Mobile,iOS
9425,Mobile,Windows
9426,Mobile,Android
9427,Desktop,Android
9428,Mobile,iOS
9429,Mobile,Windows
9430,Tablet,macOS
9431,Mobile,iOS
9432,Mobile,iOS
9433,Mobile,Windows
9434,Mobile,Android
9435,Mobile,Android
9436,Desktop,Windows
9437,Mobile,iOS
9438,Mobile,Android
9439,Desktop,Android
9440,Desktop,iOS
9441,Mobile,Android
9442,Mobile,macOS
9443,Mobile,Windows
9444,Mobile,Windows
9445,Desktop,macOS
9446,Desktop,Android
9447,Desktop,iOS
9448,Mobile,Android
9449,Mobile,Windows
9450,Mobile,Windows
9451,Mobile,Android
9452,Mobile,iOS
9453,Mobile,iOS
9454,Mobile,iOS
9455,Tablet,Android
9456,Mobile,Android
9457,Mobile,Windows
9458,Mobile,Android
9459,Desktop,Android
9460,Desktop,iOS
9461,Desktop,Windows
9462,Mobile,Windows
9463,Desktop,iOS
9464,Mobile,Windows
9465,Mobile,iOS
9466,Mobile,iOS
9467,Desktop,iOS
9468,Mobile,iOS
9469,Desktop,iOS
9470,Mobile,Windows
9471,Desktop,macOS
9472,Mobile,iOS
9473,Mobile,iOS
9474,Mobile,Android
9475,Mobile,Windows
9476,Mobile,Android
9477,Mobile,iOS
9478,Desktop,Android
9479,Mobile,iOS
9480,Desktop,iOS
9481,Mobile,iOS
9482,Mobile,Android
9483,Mobile,iOS
9484,Mobile,Windows
9485,Mobile,Android
9486,Desktop,iOS
9487,Mobile,iOS
9488,Mobile,Windows
9489,Desktop,iOS
9490,Mobile,Windows
9491,Mobile,Android
9492,Desktop,Android
9493,Tablet,Android
9494,Mobile,Windows
9495,Mobile,iOS
9496,Mobile,macOS
9497,Desktop,Android
9498,Desktop,iOS
9499,Tablet,iOS
9500,Mobile,macOS
9501,Mobile,Android
9502,Mobile,Android
9503,Mobile,Android
9504,Mobile,Android
9505,Mobile,Windows
9506,Mobile,macOS
9507,Mobile,macOS
9508,Desktop,iOS
9509,Mobile,Windows
9510,Mobile,iOS
9511,Desktop,Windows
9512,Mobile,Android
9513,Mobile,Android
9514,Desktop,Android
9515,Tablet,iOS
9516,Mobile,Android
9517,Mobile,Windows
9518,Desktop,iOS
9519,Mobile,Android
9520,Tablet,Android
9521,Mobile,macOS
9522,Desktop,Android
9523,Tablet,iOS
9524,Mobile,iOS
9525,Desktop,macOS
9526,Mobile,Android
9527,Mobile,Android
9528,Mobile,Windows
9529,Desktop,macOS
9530,Mobile,Windows
9531,Desktop,Android
9532,Tablet,iOS
9533,Mobile,Android
9534,Mobile,iOS
9535,Tablet,iOS
9536,Mobile,Windows
9537,Mobile,Android
9538,Mobile,Android
9539,Mobile,Windows
9540,Desktop,Android
9541,Mobile,Android
9542,Mobile,iOS
9543,Desktop,iOS
9544,Desktop,Windows
9545,Desktop,iOS
9546,Mobile,Android
9547,Mobile,Android
9548,Mobile,Android
9549,Mobile,Android
9550,Mobile,Windows
9551,Mobile,iOS
9552,Desktop,macOS
9553,Desktop,Android
9554,Mobile,iOS
9555,Mobile,macOS
9556,Mobile,iOS
9557,Mobile,iOS
9558,Mobile,Android
9559,Tablet,Android
9560,Mobile,iOS
9561,Mobile,Windows
9562,Mobile,Windows
9563,Mobile,Android
9564,Tablet,iOS
9565,Mobile,iOS
9566,Mobile,iOS
9567,Desktop,Android
9568,Mobile,Windows
9569,Mobile,iOS
9570,Mobile,Android
9571,Mobile,Android
9572,Mobile,Windows
9573,Mobile,iOS
9574,Mobile,Windows
9575,Tablet,Windows
9576,Desktop,Android
9577,Mobile,Android
9578,Mobile,Android
9579,Mobile,Android
9580,Mobile,macOS
9581,Mobile,iOS
9582,Desktop,iOS
9583,Desktop,macOS
9584,Mobile,iOS
9585,Mobile,Android
9586,Tablet,Android
9587,Desktop,Windows
9588,Mobile,Windows
9589,Desktop,Android
9590,Tablet,Android
9591,Mobile,iOS
9592,Mobile,iOS
9593,Mobile,Android
9594,Tablet,iOS
9595,Desktop,iOS
9596,Mobile,Windows
9597,Desktop,macOS
9598,Mobile,Android
9599,Mobile,Windows
9600,Mobile,Android
9601,Mobile,Windows
9602,Mobile,Android
9603,Mobile,macOS
9604,Tablet,iOS
9605,Mobile,Android
9606,Mobile,Windows
9607,Mobile,iOS
9608,Desktop,iOS
9609,Mobile,macOS
9610,Mobile,iOS
9611,Tablet,Android
9612,Mobile,macOS
9613,Desktop,Android
9614,Mobile,Android
9615,Mobile,Windows
9616,Mobile,iOS
9617,Mobile,Android
9618,Mobile,iOS
9619,Mobile,macOS
9620,Desktop,Windows
9621,Mobile,macOS
9622,Mobile,Android
9623,Tablet,Android
9624,Desktop,Android
9625,Desktop,macOS
9626,Desktop,iOS
9627,Tablet,Android
9628,Mobile,iOS
9629,Mobile,Android
9630,Tablet,iOS
9631,Mobile,Android
9632,Mobile,iOS
9633,Mobile,Android
9634,Desktop,Android
9635,Mobile,Android
9636,Mobile,Windows
9637,Mobile,Windows
9638,Mobile,Android
9639,Tablet,Android
9640,Mobile,Android
9641,Mobile,iOS
9642,Mobile,Android
9643,Mobile,Android
9644,Mobile,Windows
9645,Mobile,Android
9646,Desktop,Android
9647,Desktop,macOS
9648,Mobile,Android
9649,Mobile,Android
9650,Mobile,macOS
9651,Mobile,macOS
9652,Mobile,Windows
9653,Mobile,iOS
9654,Desktop,iOS
9655,Mobile,iOS
9656,Mobile,iOS
9657,Desktop,macOS
9658,Tablet,iOS
9659,Mobile,Windows
9660,Mobile,iOS
9661,Desktop,iOS
9662,Mobile,iOS
9663,Mobile,iOS
9664,Tablet,Android
9665,Mobile,Android
9666,Desktop,iOS
9667,Mobile,iOS
9668,Desktop,iOS
9669,Mobile,Android
9670,Mobile,Windows
9671,Mobile,Android
9672,Desktop,Android
9673,Desktop,Windows
9674,Mobile,Android
9675,Mobile,Android
9676,Tablet,Windows
9677,Mobile,Android
9678,Mobile,iOS
9679,Mobile,iOS
9680,Desktop,iOS
9681,Mobile,iOS
9682,Desktop,Android
9683,Desktop,Windows
9684,Mobile,Android
9685,Mobile,iOS
9686,Mobile,Android
9687,Mobile,Android
9688,Mobile,Android
9689,Mobile,iOS
9690,Mobile,Android
9691,Tablet,Android
9692,Desktop,Windows
9693,Desktop,iOS
9694,Tablet,Windows
9695,Desktop,iOS
9696,Mobile,Android
9697,Desktop,iOS
9698,Desktop,Android
9699,Mobile,Android
9700,Mobile,Windows
9701,Mobile,iOS
9702,Mobile,iOS
9703,Desktop,Android
9704,Mobile,Android
9705,Mobile,iOS
9706,Desktop,Android
9707,Desktop,Windows
9708,Mobile,Android
9709,Tablet,Android
9710,Mobile,iOS
9711,Mobile,macOS
9712,Mobile,Android
9713,Mobile,Windows
9714,Mobile,Windows
9715,Mobile,iOS
9716,Tablet,Android
9717,Desktop,iOS
9718,Mobile,iOS
9719,Mobile,Android
9720,Desktop,Windows
9721,Mobile,macOS
9722,Mobile,iOS
9723,Desktop,Android
9724,Mobile,Windows
9725,Tablet,iOS
9726,Desktop,iOS
9727,Mobile,Android
9728,Mobile,iOS
9729,Mobile,macOS
9730,Desktop,Android
9731,Tablet,Windows
9732,Desktop,Android
9733,Mobile,Android
9734,Mobile,macOS
9735,Mobile,iOS
9736,Desktop,macOS
9737,Mobile,iOS
9738,Mobile,iOS
9739,Mobile,Android
9740,Mobile,Android
9741,Tablet,Windows
9742,Mobile,Android
9743,Desktop,Windows
9744,Desktop,macOS
9745,Mobile,Android
9746,Mobile,Android
9747,Tablet,macOS
9748,Mobile,Android
9749,Tablet,Windows
9750,Mobile,iOS
9751,Mobile,Android
9752,Mobile,Android
9753,Mobile,iOS
9754,Mobile,macOS
9755,Mobile,Android
9756,Mobile,Android
9757,Mobile,Android
9758,Desktop,Android
9759,Mobile,Android
9760,Mobile,Android
9761,Tablet,Android
9762,Mobile,Android
9763,Mobile,iOS
9764,Mobile,Windows
9765,Mobile,Android
9766,Tablet,macOS
9767,Mobile,iOS
9768,Mobile,iOS
9769,Desktop,macOS
9770,Mobile,Android
9771,Tablet,iOS
9772,Desktop,Android
9773,Mobile,macOS
9774,Desktop,macOS
9775,Mobile,iOS
9776,Mobile,iOS
9777,Mobile,Android
9778,Mobile,iOS
9779,Mobile,iOS
9780,Mobile,iOS
9781,Mobile,Windows
9782,Desktop,Android
9783,Mobile,Android
9784,Desktop,Windows
9785,Mobile,Android
9786,Mobile,Windows
9787,Tablet,Android
9788,Mobile,Windows
9789,Mobile,Android
9790,Tablet,Android
9791,Mobile,Android
9792,Mobile,iOS
9793,Tablet,Android
9794,Mobile,Windows
9795,Desktop,iOS
9796,Mobile,Android
9797,Mobile,iOS
9798,Desktop,iOS
9799,Mobile,Windows
9800,Mobile,Android
9801,Mobile,Android
9802,Mobile,iOS
9803,Mobile,macOS
9804,Mobile,iOS
9805,Mobile,Windows
9806,Mobile,Android
9807,Desktop,Android
9808,Tablet,Windows
9809,Mobile,Android
9810,Mobile,Android
9811,Mobile,Windows
9812,Desktop,Windows
9813,Mobile,Windows
9814,Mobile,macOS
9815,Mobile,Android
9816,Desktop,iOS
9817,Mobile,iOS
9818,Mobile,Windows
9819,Desktop,Android
9820,Tablet,iOS
9821,Desktop,iOS
9822,Desktop,Windows
9823,Desktop,Android
9824,Desktop,Android
9825,Mobile,iOS
9826,Tablet,Android
9827,Mobile,iOS
9828,Mobile,iOS
9829,Mobile,macOS
9830,Tablet,iOS
9831,Mobile,Windows
9832,Mobile,iOS
9833,Mobile,iOS
9834,Mobile,Android
9835,Desktop,Windows
9836,Mobile,Windows
9837,Desktop,Android
9838,Mobile,Windows
9839,Mobile,Android
9840,Desktop,Android
9841,Desktop,Android
9842,Desktop,Android
9843,Desktop,Android
9844,Mobile,Android
9845,Desktop,Windows
9846,Desktop,Android
9847,Mobile,iOS
9848,Mobile,iOS
9849,Mobile,iOS
9850,Mobile,Android
9851,Mobile,iOS
9852,Desktop,Android
9853,Mobile,iOS
9854,Mobile,Android
9855,Mobile,Android
9856,Mobile,iOS
9857,Desktop,Windows
9858,Mobile,iOS
9859,Mobile,iOS
9860,Mobile,macOS
9861,Mobile,iOS
9862,Mobile,Android
9863,Desktop,Android
9864,Mobile,Android
9865,Mobile,Windows
9866,Desktop,iOS
9867,Mobile,Windows
9868,Desktop,macOS
9869,Mobile,Android
9870,Mobile,Windows
9871,Desktop,Android
9872,Mobile,iOS
9873,Mobile,Windows
9874,Tablet,iOS
9875,Desktop,iOS
9876,Tablet,iOS
9877,Tablet,Android
9878,Desktop,macOS
9879,Mobile,iOS
9880,Mobile,Windows
9881,Mobile,Windows
9882,Desktop,iOS
9883,Mobile,Windows
9884,Desktop,macOS
9885,Mobile,Windows
9886,Mobile,Android
9887,Desktop,Android
9888,Mobile,iOS
9889,Mobile,iOS
9890,Desktop,Windows
9891,Mobile,Android
9892,Mobile,iOS
9893,Mobile,macOS
9894,Mobile,Windows
9895,Mobile,Windows
9896,Mobile,Windows
9897,Mobile,Android
9898,Mobile,Android
9899,Mobile,iOS
9900,Desktop,iOS
9901,Mobile,Android
9902,Desktop,iOS
9903,Mobile,Windows
9904,Mobile,Android
9905,Mobile,iOS
9906,Mobile,iOS
9907,Tablet,Android
9908,Desktop,Windows
9909,Mobile,Android
9910,Mobile,macOS
9911,Mobile,Android
9912,Mobile,iOS
9913,Desktop,Android
9914,Mobile,iOS
9915,Mobile,Android
9916,Desktop,iOS
9917,Mobile,Android
9918,Tablet,iOS
9919,Mobile,macOS
9920,Mobile,Android
9921,Mobile,Windows
9922,Desktop,iOS
9923,Mobile,Android
9924,Mobile,iOS
9925,Tablet,iOS
9926,Desktop,Windows
9927,Tablet,Android
9928,Mobile,Windows
9929,Mobile,iOS
9930,Desktop,Windows
9931,Tablet,Android
9932,Mobile,Windows
9933,Mobile,Android
9934,Mobile,iOS
9935,Mobile,iOS
9936,Mobile,Android
9937,Mobile,macOS
9938,Desktop,macOS
9939,Desktop,macOS
9940,Tablet,macOS
9941,Mobile,Windows
9942,Mobile,Android
9943,Desktop,Android
9944,Mobile,macOS
9945,Mobile,iOS
9946,Desktop,iOS
9947,Desktop,Android
9948,Mobile,iOS
9949,Mobile,Android
9950,Desktop,Windows
9951,Mobile,macOS
9952,Desktop,iOS
9953,Desktop,Windows
9954,Mobile,macOS
9955,Tablet,Android
9956,Desktop,Windows
9957,Mobile,iOS
9958,Desktop,iOS
9959,Mobile,iOS
9960,Mobile,Android
9961,Mobile,Windows
9962,Mobile,Android
9963,Mobile,Android
9964,Mobile,iOS
9965,Mobile,Android
9966,Mobile,macOS
9967,Mobile,Android
9968,Tablet,Android
9969,Desktop,iOS
9970,Mobile,iOS
9971,Mobile,iOS
9972,Mobile,Windows
9973,Mobile,Android
9974,Mobile,Windows
9975,Mobile,Android
9976,Mobile,Android
9977,Desktop,Windows
9978,Mobile,iOS
9979,Mobile,iOS
9980,Mobile,Android
9981,Mobile,iOS
9982,Mobile,iOS
9983,Mobile,Windows
9984,Mobile,macOS
9985,Desktop,iOS
9986,Mobile,iOS
9987,Desktop,iOS
9988,Mobile,iOS
9989,Desktop,Windows
9990,Mobile,Windows
9991,Mobile,Android
9992,Mobile,Android
9993,Mobile,macOS
9994,Tablet,Android
9995,Desktop,Windows
9996,Desktop,Windows
9997,Tablet,Android
9998,Mobile,Android
9999,Desktop,Android
10000,Mobile,Windows
10001,Desktop,iOS
10002,Mobile,Android
10003,Mobile,macOS
10004,Mobile,iOS
10005,Tablet,Android
10006,Tablet,Android
10007,Mobile,iOS
10008,Mobile,iOS
10009,Mobile,macOS
10010,Mobile,Android
10011,Mobile,iOS
10012,Mobile,iOS
10013,Mobile,Windows
10014,Mobile,Windows
10015,Desktop,Android
10016,Mobile,Android
10017,Desktop,Android
10018,Mobile,Android
10019,Mobile,Android
10020,Mobile,macOS
10021,Tablet,Windows
10022,Desktop,Android
10023,Desktop,macOS
10024,Desktop,Windows
10025,Mobile,Android
10026,Desktop,macOS
10027,Desktop,iOS
10028,Desktop,macOS
10029,Mobile,macOS
10030,Mobile,Android
10031,Mobile,macOS
10032,Desktop,iOS
10033,Mobile,Android
10034,Mobile,macOS
10035,Mobile,Android
10036,Mobile,Windows
10037,Mobile,Android
10038,Mobile,iOS
10039,Desktop,iOS
10040,Mobile,Android
10041,Mobile,Android
10042,Mobile,iOS
10043,Mobile,Android
10044,Tablet,macOS
10045,Mobile,Windows
10046,Mobile,Android
10047,Mobile,Android
10048,Desktop,Windows
10049,Desktop,macOS
10050,Mobile,iOS
10051,Desktop,Android
10052,Desktop,iOS
10053,Mobile,Android
10054,Mobile,iOS
10055,Mobile,Android
10056,Tablet,macOS
10057,Mobile,Android
10058,Desktop,iOS
10059,Desktop,iOS
10060,Mobile,Windows
10061,Desktop,Android
10062,Mobile,iOS
10063,Mobile,Android
10064,Mobile,Android
10065,Mobile,iOS
10066,Desktop,Android
10067,Mobile,Android
10068,Desktop,Android
10069,Mobile,Android
10070,Tablet,macOS
10071,Desktop,Windows
10072,Mobile,Android
10073,Desktop,macOS
10074,Mobile,iOS
10075,Mobile,Windows
10076,Mobile,iOS
10077,Mobile,macOS
10078,Mobile,Android
10079,Mobile,Android
10080,Mobile,Windows
10081,Tablet,Windows
10082,Desktop,Android
10083,Desktop,Android
10084,Mobile,Windows
10085,Desktop,Android
10086,Desktop,Android
10087,Mobile,Windows
10088,Mobile,iOS
10089,Mobile,Android
10090,Mobile,Android
10091,Mobile,macOS
10092,Desktop,iOS
10093,Tablet,iOS
10094,Mobile,iOS
10095,Desktop,Android
10096,Tablet,Android
10097,Mobile,Windows
10098,Mobile,iOS
10099,Mobile,Android
10100,Mobile,iOS
10101,Desktop,Android
10102,Mobile,iOS
10103,Mobile,Android
10104,Mobile,Android
10105,Mobile,iOS
10106,Mobile,iOS
10107,Mobile,Android
10108,Desktop,Android
10109,Mobile,macOS
10110,Mobile,macOS
10111,Tablet,Windows
10112,Tablet,macOS
10113,Mobile,Android
10114,Desktop,iOS
10115,Mobile,macOS
10116,Desktop,Android
10117,Tablet,Android
10118,Mobile,Windows
10119,Mobile,iOS
10120,Mobile,Android
10121,Mobile,iOS
10122,Mobile,Android
10123,Mobile,Android
10124,Mobile,Windows
10125,Mobile,iOS
10126,Desktop,Windows
10127,Mobile,iOS
10128,Mobile,Android
10129,Mobile,Windows
10130,Mobile,Windows
10131,Tablet,Android
10132,Mobile,Android
10133,Mobile,iOS
10134,Desktop,iOS
10135,Mobile,Android
10136,Mobile,iOS
10137,Mobile,Windows
10138,Desktop,Windows
10139,Mobile,Windows
10140,Mobile,Windows
10141,Mobile,Android
10142,Mobile,iOS
10143,Mobile,Android
10144,Mobile,Windows
10145,Mobile,Android
10146,Mobile,Windows
10147,Desktop,macOS
10148,Mobile,iOS
10149,Mobile,Windows
10150,Mobile,Android
10151,Desktop,Android
10152,Desktop,Windows
10153,Mobile,Windows
10154,Desktop,iOS
10155,Desktop,macOS
10156,Mobile,Android
10157,Desktop,Windows
10158,Desktop,macOS
10159,Mobile,Windows
10160,Tablet,Windows
10161,Mobile,Android
10162,Mobile,Windows
10163,Mobile,Android
10164,Mobile,iOS
10165,Desktop,Windows
10166,Desktop,Android
10167,Mobile,Android
10168,Mobile,Android
10169,Mobile,iOS
10170,Desktop,Windows
10171,Mobile,Android
10172,Mobile,iOS
10173,Mobile,Android
10174,Mobile,Android
10175,Mobile,macOS
10176,Mobile,Android
10177,Desktop,Windows
10178,Desktop,iOS
10179,Mobile,Windows
10180,Tablet,Windows
10181,Mobile,Android
10182,Mobile,Android
10183,Desktop,macOS
10184,Desktop,Android
10185,Desktop,iOS
10186,Desktop,Android
10187,Mobile,Android
10188,Mobile,iOS
10189,Mobile,iOS
10190,Mobile,Android
10191,Desktop,Android
10192,Mobile,iOS
10193,Mobile,macOS
10194,Mobile,Android
10195,Desktop,iOS
10196,Tablet,Android
10197,Mobile,macOS
10198,Mobile,Android
10199,Tablet,Android
10200,Desktop,Android
10201,Mobile,macOS
10202,Desktop,Android
10203,Mobile,Android
10204,Mobile,macOS
10205,Desktop,Android
10206,Desktop,Windows
10207,Desktop,Android
10208,Mobile,Android
10209,Desktop,Android
10210,Desktop,iOS
10211,Mobile,Android
10212,Mobile,Android
10213,Mobile,Android
10214,Mobile,Android
10215,Mobile,Windows
10216,Desktop,macOS
10217,Mobile,Android
10218,Desktop,Android
10219,Desktop,Android
10220,Tablet,iOS
10221,Mobile,Windows
10222,Desktop,Android
10223,Desktop,iOS
10224,Tablet,Android
10225,Desktop,macOS
10226,Mobile,Android
10227,Mobile,iOS
10228,Desktop,Android
10229,Mobile,Android
10230,Desktop,Android
10231,Desktop,Android
10232,Desktop,iOS
10233,Mobile,iOS
10234,Mobile,Windows
10235,Desktop,iOS
10236,Mobile,iOS
10237,Mobile,Windows
10238,Mobile,Android
10239,Desktop,macOS
10240,Mobile,iOS
10241,Mobile,Android
10242,Mobile,Android
10243,Mobile,Windows
10244,Mobile,iOS
10245,Desktop,iOS
10246,Mobile,Android
10247,Mobile,iOS
10248,Mobile,Android
10249,Desktop,Android
10250,Mobile,Windows
10251,Tablet,Android
10252,Desktop,iOS
10253,Mobile,iOS
10254,Mobile,Windows
10255,Mobile,iOS
10256,Desktop,iOS
10257,Tablet,Android
10258,Mobile,iOS
10259,Mobile,macOS
10260,Mobile,Android
10261,Mobile,Android
10262,Mobile,Android
10263,Mobile,iOS
10264,Mobile,Android
10265,Desktop,Android
10266,Desktop,iOS
10267,Mobile,iOS
10268,Mobile,Windows
10269,Mobile,macOS
10270,Mobile,iOS
10271,Mobile,Windows
10272,Mobile,iOS
10273,Mobile,Windows
10274,Mobile,macOS
10275,Desktop,Android
10276,Desktop,Windows
10277,Mobile,Windows
10278,Mobile,Android
10279,Desktop,Android
10280,Desktop,Android
10281,Mobile,Android
10282,Mobile,iOS
10283,Mobile,macOS
10284,Mobile,Windows
10285,Desktop,Android
10286,Mobile,Windows
10287,Desktop,Android
10288,Mobile,Android
10289,Tablet,iOS
10290,Mobile,Android
10291,Mobile,Android
10292,Mobile,Android
10293,Desktop,iOS
10294,Mobile,Android
10295,Desktop,iOS
10296,Mobile,Android
10297,Mobile,iOS
10298,Mobile,Android
10299,Mobile,Windows
10300,Mobile,iOS
10301,Mobile,Android
10302,Tablet,iOS
10303,Mobile,iOS
10304,Desktop,Windows
10305,Mobile,macOS
10306,Mobile,iOS
10307,Mobile,Android
10308,Mobile,Windows
10309,Mobile,Windows
10310,Mobile,Windows
10311,Mobile,Windows
10312,Desktop,iOS
10313,Mobile,iOS
10314,Mobile,iOS
10315,Desktop,iOS
10316,Mobile,iOS
10317,Mobile,Windows
10318,Desktop,Android
10319,Mobile,iOS
10320,Tablet,iOS
10321,Mobile,Windows
10322,Mobile,iOS
10323,Mobile,Android
10324,Mobile,Android
10325,Mobile,Android
10326,Mobile,Android
10327,Mobile,iOS
10328,Desktop,Windows
10329,Tablet,Windows
10330,Desktop,Android
10331,Desktop,iOS
10332,Mobile,Android
10333,Mobile,Android
10334,Mobile,iOS
10335,Mobile,iOS
10336,Desktop,macOS
10337,Desktop,iOS
10338,Desktop,Windows
10339,Mobile,macOS
10340,Mobile,iOS
10341,Mobile,Android
10342,Mobile,Android
10343,Desktop,Windows
10344,Tablet,macOS
10345,Mobile,macOS
10346,Mobile,Android
10347,Tablet,iOS
10348,Desktop,Android
10349,Mobile,iOS
10350,Mobile,Android
10351,Mobile,Android
10352,Mobile,Android
10353,Mobile,Android
10354,Desktop,iOS
10355,Mobile,Android
10356,Mobile,iOS
10357,Mobile,iOS
10358,Desktop,iOS
10359,Mobile,Android
10360,Desktop,Android
10361,Mobile,Android
10362,Mobile,iOS
10363,Mobile,Android
10364,Desktop,Android
10365,Desktop,Android
10366,Mobile,Android
10367,Mobile,macOS
10368,Mobile,iOS
10369,Desktop,macOS
10370,Desktop,Android
10371,Mobile,Android
10372,Mobile,iOS
10373,Desktop,Android
10374,Mobile,Android
10375,Mobile,iOS
10376,Mobile,macOS
10377,Mobile,Windows
10378,Mobile,iOS
10379,Mobile,iOS
10380,Mobile,Android
10381,Mobile,iOS
10382,Tablet,Windows
10383,Mobile,macOS
10384,Desktop,iOS
10385,Desktop,iOS
10386,Desktop,iOS
10387,Mobile,Android
10388,Desktop,iOS
10389,Desktop,Android
10390,Mobile,Android
10391,Mobile,Android
10392,Mobile,Windows
10393,Desktop,Android
10394,Mobile,iOS
10395,Mobile,Android
10396,Mobile,macOS
10397,Desktop,Android
10398,Mobile,Android
10399,Desktop,iOS
10400,Mobile,macOS
10401,Mobile,Android
10402,Mobile,Android
10403,Mobile,iOS
10404,Tablet,Android
10405,Mobile,iOS
10406,Mobile,Android
10407,Desktop,iOS
10408,Mobile,Android
10409,Desktop,Windows
10410,Desktop,iOS
10411,Desktop,iOS
10412,Mobile,Android
10413,Mobile,Android
10414,Desktop,iOS
10415,Mobile,Android
10416,Desktop,Android
10417,Desktop,Android
10418,Mobile,Android
10419,Mobile,Windows
10420,Mobile,iOS
10421,Desktop,macOS
10422,Mobile,Android
10423,Mobile,Android
10424,Mobile,Android
10425,Mobile,Android
10426,Desktop,Android
10427,Mobile,Windows
10428,Mobile,Android
10429,Desktop,Android
10430,Mobile,Android
10431,Mobile,macOS
10432,Desktop,Windows
10433,Mobile,Windows
10434,Mobile,Android
10435,Mobile,Windows
10436,Mobile,iOS
10437,Mobile,Android
10438,Desktop,iOS
10439,Mobile,iOS
10440,Mobile,iOS
10441,Mobile,Android
10442,Mobile,iOS
10443,Desktop,iOS
10444,Desktop,Windows
10445,Desktop,iOS
10446,Mobile,iOS
10447,Mobile,Android
10448,Desktop,Windows
10449,Mobile,Android
10450,Tablet,iOS
10451,Mobile,macOS
10452,Desktop,iOS
10453,Mobile,Windows
10454,Mobile,iOS
10455,Mobile,macOS
10456,Mobile,Windows
10457,Mobile,Android
10458,Desktop,Windows
10459,Mobile,Android
10460,Desktop,Android
10461,Desktop,Android
10462,Tablet,Windows
10463,Mobile,Android
10464,Mobile,Android
10465,Desktop,Android
10466,Desktop,Android
10467,Mobile,iOS
10468,Mobile,Android
10469,Mobile,Android
10470,Mobile,iOS
10471,Desktop,Windows
10472,Tablet,Android
10473,Mobile,iOS
10474,Mobile,iOS
10475,Mobile,Android
10476,Desktop,Windows
10477,Mobile,iOS
10478,Mobile,Android
10479,Mobile,Android
10480,Mobile,iOS
10481,Mobile,Android
10482,Desktop,iOS
10483,Mobile,iOS
10484,Mobile,Android
10485,Mobile,Android
10486,Mobile,Android
10487,Tablet,Windows
10488,Mobile,Android
10489,Mobile,macOS
10490,Desktop,iOS
10491,Desktop,Android
10492,Desktop,macOS
10493,Mobile,Android
10494,Mobile,Windows
10495,Desktop,iOS
10496,Mobile,Android
10497,Mobile,Windows
10498,Mobile,Windows
10499,Tablet,Windows
10500,Desktop,Android
10501,Mobile,iOS
10502,Desktop,Windows
10503,Mobile,iOS
10504,Desktop,Windows
10505,Desktop,iOS
10506,Mobile,iOS
10507,Mobile,iOS
10508,Tablet,Windows
10509,Tablet,Android
10510,Desktop,Android
10511,Mobile,Android
10512,Desktop,Android
10513,Mobile,Windows
10514,Desktop,macOS
10515,Mobile,Windows
10516,Mobile,Android
10517,Desktop,Android
10518,Mobile,Android
10519,Mobile,Android
10520,Mobile,Windows
10521,Mobile,Android
10522,Mobile,Windows
10523,Mobile,Android
10524,Desktop,iOS
10525,Desktop,Windows
10526,Mobile,Windows
10527,Desktop,macOS
10528,Mobile,Android
10529,Desktop,Android
10530,Mobile,Windows
10531,Mobile,Windows
10532,Mobile,Windows
10533,Mobile,iOS
10534,Tablet,macOS
10535,Mobile,iOS
10536,Desktop,Android
10537,Tablet,Android
10538,Desktop,macOS
10539,Mobile,Android
10540,Tablet,Windows
10541,Mobile,iOS
10542,Mobile,Android
10543,Mobile,Windows
10544,Mobile,iOS
10545,Desktop,macOS
10546,Mobile,Android
10547,Mobile,iOS
10548,Desktop,Android
10549,Tablet,iOS
10550,Mobile,Windows
10551,Mobile,Android
10552,Mobile,iOS
10553,Mobile,Android
10554,Desktop,iOS
10555,Mobile,macOS
10556,Mobile,Windows
10557,Mobile,iOS
10558,Mobile,iOS
10559,Mobile,Android
10560,Desktop,Windows
10561,Mobile,macOS
10562,Mobile,Android
10563,Mobile,Windows
10564,Desktop,macOS
10565,Desktop,macOS
10566,Mobile,Windows
10567,Mobile,Android
10568,Mobile,Android
10569,Mobile,Android
10570,Tablet,iOS
10571,Desktop,Android
10572,Mobile,Windows
10573,Desktop,Android
10574,Mobile,Windows
10575,Tablet,Windows
10576,Mobile,iOS
10577,Desktop,Android
10578,Mobile,iOS
10579,Mobile,Android
10580,Desktop,iOS
10581,Mobile,Android
10582,Desktop,Android
10583,Mobile,macOS
10584,Mobile,Android
10585,Mobile,Windows
10586,Desktop,Windows
10587,Mobile,Android
10588,Mobile,Windows
10589,Desktop,iOS
10590,Tablet,Windows
10591,Desktop,iOS
10592,Mobile,Android
10593,Mobile,macOS
10594,Desktop,Android
10595,Mobile,Android
10596,Desktop,Android
10597,Mobile,Windows
10598,Mobile,Android
10599,Mobile,Android
10600,Mobile,Android
10601,Desktop,macOS
10602,Mobile,Android
10603,Mobile,iOS
10604,Mobile,Android
10605,Desktop,Android
10606,Desktop,Windows
10607,Mobile,Android
10608,Desktop,iOS
10609,Desktop,macOS
10610,Mobile,Android
10611,Mobile,Windows
10612,Mobile,iOS
10613,Tablet,Windows
10614,Mobile,iOS
10615,Tablet,Android
10616,Desktop,Android
10617,Desktop,Android
10618,Mobile,Windows
10619,Desktop,Windows
10620,Mobile,Android
10621,Mobile,Android
10622,Desktop,iOS
10623,Mobile,Windows
10624,Mobile,Android
10625,Mobile,Windows
10626,Mobile,Android
10627,Mobile,Android
10628,Mobile,Windows
10629,Mobile,macOS
10630,Mobile,iOS
10631,Mobile,iOS
10632,Mobile,Android
10633,Desktop,Android
10634,Mobile,iOS
10635,Mobile,iOS
10636,Desktop,Android
10637,Mobile,Android
10638,Mobile,iOS
10639,Desktop,Android
10640,Mobile,Windows
10641,Tablet,Android
10642,Desktop,iOS
10643,Mobile,Android
10644,Desktop,Android
10645,Mobile,iOS
10646,Mobile,Windows
10647,Mobile,macOS
10648,Mobile,iOS
10649,Mobile,Android
10650,Tablet,Android
10651,Mobile,Android
10652,Desktop,Windows
10653,Desktop,Windows
10654,Desktop,iOS
10655,Mobile,Android
10656,Mobile,macOS
10657,Mobile,Windows
10658,Mobile,Windows
10659,Mobile,Windows
10660,Mobile,Android
10661,Mobile,Windows
10662,Mobile,Android
10663,Mobile,iOS
10664,Mobile,Windows
10665,Mobile,Android
10666,Mobile,iOS
10667,Mobile,Android
10668,Desktop,Android
10669,Mobile,Android
10670,Mobile,Android
10671,Desktop,Windows
10672,Desktop,Windows
10673,Mobile,Android
10674,Desktop,Android
10675,Mobile,Windows
10676,Desktop,Android
10677,Tablet,Android
10678,Desktop,macOS
10679,Tablet,iOS
10680,Desktop,iOS
10681,Mobile,iOS
10682,Mobile,iOS
10683,Desktop,Android
10684,Mobile,Android
10685,Mobile,Android
10686,Mobile,Android
10687,Mobile,Android
10688,Mobile,Windows
10689,Mobile,iOS
10690,Desktop,Android
10691,Tablet,Android
10692,Tablet,iOS
10693,Mobile,Android
10694,Desktop,iOS
10695,Mobile,Android
10696,Mobile,Android
10697,Mobile,Android
10698,Mobile,Android
10699,Desktop,Android
10700,Mobile,Android
10701,Mobile,iOS
10702,Mobile,Windows
10703,Mobile,Android
10704,Mobile,macOS
10705,Mobile,macOS
10706,Mobile,Android
10707,Mobile,macOS
10708,Mobile,Android
10709,Desktop,iOS
10710,Tablet,macOS
10711,Mobile,iOS
10712,Mobile,macOS
10713,Mobile,iOS
10714,Mobile,Android
10715,Tablet,Android
10716,Mobile,macOS
10717,Mobile,Android
10718,Mobile,iOS
10719,Mobile,macOS
10720,Mobile,Windows
10721,Mobile,Windows
10722,Desktop,Android
10723,Desktop,macOS
10724,Mobile,Android
10725,Tablet,Android
10726,Mobile,macOS
10727,Mobile,Windows
10728,Mobile,macOS
10729,Tablet,Android
10730,Mobile,Windows
10731,Tablet,Windows
10732,Desktop,Windows
10733,Desktop,Windows
10734,Desktop,iOS
10735,Desktop,Android
10736,Mobile,iOS
10737,Desktop,Windows
10738,Desktop,iOS
10739,Mobile,Android
10740,Mobile,Android
10741,Mobile,iOS
10742,Mobile,Android
10743,Desktop,iOS
10744,Desktop,Windows
10745,Mobile,iOS
10746,Mobile,iOS
10747,Mobile,iOS
10748,Mobile,Windows
10749,Mobile,iOS
10750,Mobile,Android
10751,Mobile,Windows
10752,Desktop,iOS
10753,Mobile,Windows
10754,Desktop,Windows
10755,Mobile,Android
10756,Mobile,iOS
10757,Mobile,macOS
10758,Tablet,iOS
10759,Desktop,Android
10760,Desktop,macOS
10761,Mobile,Windows
10762,Desktop,Android
10763,Desktop,Android
10764,Mobile,Windows
10765,Mobile,iOS
10766,Mobile,Windows
10767,Mobile,Windows
10768,Desktop,iOS
10769,Mobile,Windows
10770,Desktop,iOS
10771,Desktop,iOS
10772,Mobile,Android
10773,Desktop,Android
10774,Mobile,Android
10775,Mobile,iOS
10776,Mobile,Android
10777,Mobile,Android
10778,Tablet,iOS
10779,Desktop,Android
10780,Mobile,Android
10781,Mobile,Android
10782,Mobile,Windows
10783,Mobile,Android
10784,Desktop,iOS
10785,Mobile,Android
10786,Desktop,iOS
10787,Mobile,Android
10788,Mobile,iOS
10789,Mobile,Android
10790,Tablet,iOS
10791,Mobile,Android
10792,Desktop,macOS
10793,Mobile,iOS
10794,Mobile,Android
10795,Mobile,Android
10796,Mobile,Android
10797,Mobile,Android
10798,Mobile,Windows
10799,Mobile,Android
10800,Desktop,Android
10801,Mobile,macOS
10802,Desktop,iOS
10803,Desktop,Windows
10804,Mobile,Android
10805,Mobile,iOS
10806,Mobile,macOS
10807,Tablet,Windows
10808,Mobile,Android
10809,Tablet,Windows
10810,Desktop,Android
10811,Mobile,Windows
10812,Mobile,iOS
10813,Desktop,Android
10814,Mobile,iOS
10815,Mobile,Android
10816,Mobile,iOS
10817,Desktop,Android
10818,Desktop,iOS
10819,Mobile,Android
10820,Desktop,Android
10821,Mobile,macOS
10822,Desktop,Windows
10823,Mobile,Android
10824,Mobile,iOS
10825,Mobile,Android
10826,Mobile,macOS
10827,Mobile,Windows
10828,Desktop,iOS
10829,Desktop,Android
10830,Desktop,Windows
10831,Desktop,Android
10832,Desktop,iOS
10833,Mobile,iOS
10834,Mobile,iOS
10835,Desktop,Android
10836,Desktop,Windows
10837,Mobile,iOS
10838,Mobile,Android
10839,Mobile,iOS
10840,Desktop,iOS
10841,Mobile,Android
10842,Mobile,Android
10843,Mobile,iOS
10844,Mobile,Android
10845,Desktop,Android
10846,Tablet,Android
10847,Mobile,Windows
10848,Mobile,Android
10849,Mobile,iOS
10850,Mobile,iOS
10851,Mobile,macOS
10852,Mobile,iOS
10853,Mobile,macOS
10854,Tablet,iOS
10855,Tablet,macOS
10856,Desktop,Android
10857,Mobile,Windows
10858,Desktop,iOS
10859,Desktop,Android
10860,Mobile,Windows
10861,Desktop,Android
10862,Tablet,iOS
10863,Mobile,macOS
10864,Mobile,Android
10865,Desktop,iOS
10866,Mobile,iOS
10867,Desktop,Android
10868,Mobile,Windows
10869,Mobile,iOS
10870,Mobile,Android
10871,Mobile,Windows
10872,Mobile,Android
10873,Tablet,Windows
10874,Mobile,iOS
10875,Desktop,Android
10876,Desktop,Android
10877,Mobile,Android
10878,Desktop,Android
10879,Desktop,Windows
10880,Mobile,Android
10881,Mobile,iOS
10882,Desktop,iOS
10883,Mobile,Windows
10884,Mobile,Android
10885,Mobile,macOS
10886,Mobile,Android
10887,Mobile,Android
10888,Mobile,Windows
10889,Mobile,macOS
10890,Mobile,Android
10891,Desktop,Android
10892,Desktop,Android
10893,Mobile,Windows
10894,Mobile,Android
10895,Mobile,Windows
10896,Mobile,iOS
10897,Desktop,iOS
10898,Desktop,Windows
10899,Mobile,iOS
10900,Desktop,Android
10901,Desktop,Windows
10902,Mobile,Android
10903,Mobile,macOS
10904,Desktop,Android
10905,Mobile,iOS
10906,Tablet,Windows
10907,Mobile,iOS
10908,Tablet,Android
10909,Mobile,Android
10910,Mobile,macOS
10911,Desktop,Android
10912,Desktop,Windows
10913,Mobile,iOS
10914,Desktop,Android
10915,Desktop,Android
10916,Mobile,iOS
10917,Desktop,iOS
10918,Mobile,Windows
10919,Mobile,iOS
10920,Desktop,Android
10921,Tablet,iOS
10922,Tablet,Android
10923,Mobile,Android
10924,Desktop,iOS
10925,Mobile,Android
10926,Mobile,macOS
10927,Desktop,Android
10928,Mobile,Android
10929,Mobile,macOS
10930,Desktop,Android
10931,Desktop,Android
10932,Mobile,macOS
10933,Desktop,Android
10934,Mobile,Android
10935,Mobile,Android
10936,Mobile,iOS
10937,Mobile,iOS
10938,Tablet,Android
10939,Desktop,iOS
10940,Mobile,Windows
10941,Mobile,iOS
10942,Mobile,Windows
10943,Mobile,Android
10944,Desktop,Android
10945,Mobile,Android
10946,Desktop,iOS
10947,Mobile,iOS
10948,Mobile,macOS
10949,Desktop,Android
10950,Desktop,Android
10951,Mobile,iOS
10952,Mobile,Windows
10953,Mobile,iOS
10954,Mobile,Android
10955,Desktop,Android
10956,Desktop,iOS
10957,Desktop,macOS
10958,Mobile,Android
10959,Mobile,Android
10960,Mobile,iOS
10961,Desktop,iOS
10962,Mobile,Windows
10963,Desktop,Windows
10964,Mobile,Android
10965,Mobile,Windows
10966,Mobile,iOS
10967,Mobile,macOS
10968,Mobile,Android
10969,Desktop,macOS
10970,Mobile,Android
10971,Mobile,iOS
10972,Mobile,Android
10973,Desktop,iOS
10974,Desktop,Android
10975,Desktop,iOS
10976,Mobile,Android
10977,Mobile,Android
10978,Mobile,Android
10979,Mobile,Windows
10980,Tablet,Windows
10981,Mobile,Android
10982,Desktop,Android
10983,Mobile,iOS
10984,Mobile,Windows
10985,Mobile,iOS
10986,Mobile,iOS
10987,Mobile,Android
10988,Mobile,iOS
10989,Mobile,iOS
10990,Desktop,iOS
10991,Mobile,iOS
10992,Mobile,Windows
10993,Mobile,Android
10994,Tablet,Android
10995,Desktop,macOS
10996,Mobile,macOS
10997,Mobile,Windows
10998,Mobile,Android
10999,Mobile,Android
11000,Desktop,macOS
11001,Mobile,iOS
11002,Mobile,Windows
11003,Desktop,Windows
11004,Mobile,macOS
11005,Mobile,macOS
11006,Mobile,Android
11007,Mobile,macOS
11008,Mobile,Android
11009,Tablet,Windows
11010,Mobile,iOS
11011,Mobile,Android
11012,Desktop,Android
11013,Mobile,Android
11014,Tablet,iOS
11015,Mobile,iOS
11016,Mobile,Windows
11017,Mobile,iOS
11018,Mobile,Android
11019,Desktop,Windows
11020,Desktop,Windows
11021,Mobile,iOS
11022,Mobile,Windows
11023,Desktop,iOS
11024,Mobile,iOS
11025,Mobile,Android
11026,Tablet,Windows
11027,Mobile,iOS
11028,Desktop,macOS
11029,Mobile,Android
11030,Mobile,Android
11031,Mobile,macOS
11032,Tablet,Windows
11033,Desktop,Windows
11034,Mobile,Android
11035,Mobile,iOS
11036,Mobile,Windows
11037,Mobile,iOS
11038,Mobile,macOS
11039,Desktop,Windows
11040,Desktop,macOS
11041,Desktop,Windows
11042,Mobile,Android
11043,Tablet,Android
11044,Desktop,iOS
11045,Mobile,Android
11046,Mobile,iOS
11047,Desktop,Windows
11048,Mobile,Android
11049,Mobile,Android
11050,Mobile,Android
11051,Desktop,Android
11052,Mobile,Android
11053,Desktop,Android
11054,Desktop,Windows
11055,Mobile,Android
11056,Desktop,iOS
11057,Tablet,Windows
11058,Desktop,Android
11059,Mobile,macOS
11060,Mobile,Android
11061,Desktop,Android
11062,Mobile,iOS
11063,Desktop,Android
11064,Mobile,Android
11065,Mobile,iOS
11066,Desktop,Windows
11067,Desktop,Windows
11068,Mobile,Android
11069,Desktop,Android
11070,Tablet,Windows
11071,Desktop,iOS
11072,Mobile,Windows
11073,Desktop,Android
11074,Tablet,Windows
11075,Mobile,macOS
11076,Desktop,macOS
11077,Mobile,Android
11078,Mobile,macOS
11079,Mobile,Android
11080,Mobile,Windows
11081,Desktop,Windows
11082,Desktop,Android
11083,Mobile,Windows
11084,Mobile,Windows
11085,Mobile,macOS
11086,Mobile,Android
11087,Mobile,macOS
11088,Mobile,Windows
11089,Mobile,Android
11090,Mobile,iOS
11091,Mobile,iOS
11092,Desktop,Android
11093,Mobile,macOS
11094,Mobile,Windows
11095,Desktop,Android
11096,Desktop,Windows
11097,Mobile,iOS
11098,Desktop,Android
11099,Desktop,Android
11100,Desktop,iOS
11101,Mobile,iOS
11102,Desktop,Windows
11103,Mobile,Android
11104,Tablet,iOS
11105,Mobile,iOS
11106,Desktop,iOS
11107,Desktop,iOS
11108,Mobile,iOS
11109,Mobile,Android
11110,Mobile,Android
11111,Mobile,Android
11112,Mobile,Android
11113,Desktop,iOS
11114,Desktop,iOS
11115,Mobile,Android
11116,Desktop,macOS
11117,Tablet,iOS
11118,Mobile,iOS
11119,Mobile,Android
11120,Mobile,Windows
11121,Mobile,Windows
11122,Mobile,Windows
11123,Mobile,Android
11124,Desktop,Android
11125,Mobile,Windows
11126,Mobile,Android
11127,Mobile,Android
11128,Mobile,iOS
11129,Desktop,iOS
11130,Mobile,iOS
11131,Desktop,Windows
11132,Desktop,Windows
11133,Mobile,macOS
11134,Desktop,iOS
11135,Mobile,iOS
11136,Mobile,Android
11137,Desktop,iOS
11138,Tablet,iOS
11139,Desktop,Android
11140,Mobile,Android
11141,Mobile,Android
11142,Mobile,Windows
11143,Mobile,iOS
11144,Desktop,Android
11145,Mobile,Windows
11146,Desktop,Windows
11147,Mobile,Windows
11148,Mobile,Windows
11149,Mobile,macOS
11150,Mobile,iOS
11151,Mobile,Android
11152,Mobile,macOS
11153,Mobile,Android
11154,Mobile,Android
11155,Mobile,Windows
11156,Desktop,iOS
11157,Mobile,Android
11158,Mobile,Android
11159,Desktop,Windows
11160,Desktop,iOS
11161,Desktop,Android
11162,Mobile,Windows
11163,Mobile,Android
11164,Tablet,iOS
11165,Desktop,Android
11166,Desktop,Windows
11167,Mobile,Windows
11168,Mobile,iOS
11169,Desktop,Android
11170,Tablet,Android
11171,Desktop,iOS
11172,Mobile,Android
11173,Mobile,Windows
11174,Mobile,iOS
11175,Desktop,Android
11176,Mobile,Android
11177,Desktop,Android
11178,Mobile,Android
11179,Tablet,Android
11180,Mobile,Android
11181,Tablet,iOS
11182,Desktop,Android
11183,Desktop,iOS
11184,Mobile,Windows
11185,Mobile,Android
11186,Mobile,Windows
11187,Desktop,Windows
11188,Desktop,Windows
11189,Mobile,macOS
11190,Desktop,Windows
11191,Mobile,iOS
11192,Mobile,Android
11193,Desktop,macOS
11194,Mobile,Android
11195,Desktop,Android
11196,Mobile,macOS
11197,Mobile,Windows
11198,Mobile,iOS
11199,Tablet,Android
11200,Mobile,Windows
11201,Mobile,Windows
11202,Mobile,Android
11203,Mobile,Windows
11204,Mobile,Android
11205,Mobile,iOS
11206,Desktop,iOS
11207,Desktop,Android
11208,Desktop,Android
11209,Desktop,iOS
11210,Mobile,Windows
11211,Mobile,Windows
11212,Tablet,Android
11213,Mobile,iOS
11214,Mobile,macOS
11215,Mobile,Windows
11216,Mobile,Android
11217,Desktop,Android
11218,Mobile,iOS
11219,Tablet,Android
11220,Desktop,iOS
11221,Tablet,iOS
11222,Mobile,Android
11223,Mobile,macOS
11224,Mobile,macOS
11225,Desktop,iOS
11226,Mobile,Windows
11227,Tablet,iOS
11228,Mobile,Android
11229,Mobile,Android
11230,Mobile,Android
11231,Mobile,iOS
11232,Mobile,iOS
11233,Desktop,Windows
11234,Desktop,iOS
11235,Desktop,iOS
11236,Tablet,Windows
11237,Desktop,Android
11238,Desktop,macOS
11239,Desktop,Android
11240,Mobile,Windows
11241,Desktop,Windows
11242,Mobile,Android
11243,Mobile,Windows
11244,Desktop,Android
11245,Mobile,iOS
11246,Mobile,iOS
11247,Mobile,Windows
11248,Mobile,macOS
11249,Desktop,Android
11250,Desktop,macOS
11251,Mobile,Windows
11252,Tablet,Windows
11253,Desktop,Android
11254,Mobile,iOS
11255,Mobile,Windows
11256,Desktop,iOS
11257,Mobile,Windows
11258,Desktop,macOS
11259,Mobile,iOS
11260,Mobile,Android
11261,Mobile,iOS
11262,Mobile,Android
11263,Mobile,iOS
11264,Mobile,iOS
11265,Desktop,Windows
11266,Mobile,Android
11267,Tablet,Android
11268,Mobile,Windows
11269,Tablet,macOS
11270,Mobile,Android
11271,Mobile,Android
11272,Tablet,Windows
11273,Desktop,iOS
11274,Desktop,iOS
11275,Mobile,Android
11276,Mobile,Windows
11277,Desktop,Android
11278,Mobile,Windows
11279,Mobile,Android
11280,Mobile,macOS
11281,Mobile,macOS
11282,Mobile,Windows
11283,Mobile,Android
11284,Mobile,Android
11285,Mobile,macOS
11286,Mobile,iOS
11287,Mobile,Android
11288,Desktop,iOS
11289,Desktop,macOS
11290,Desktop,macOS
11291,Tablet,Android
11292,Mobile,Android
11293,Mobile,Android
11294,Mobile,Android
11295,Mobile,macOS
11296,Desktop,iOS
11297,Desktop,Windows
11298,Mobile,Android
11299,Tablet,Android
11300,Desktop,iOS
11301,Mobile,Android
11302,Mobile,macOS
11303,Tablet,Windows
11304,Desktop,Android
11305,Mobile,Windows
11306,Desktop,iOS
11307,Mobile,macOS
11308,Mobile,iOS
11309,Mobile,iOS
11310,Mobile,macOS
11311,Desktop,Windows
11312,Tablet,iOS
11313,Mobile,macOS
11314,Mobile,iOS
11315,Tablet,Android
11316,Desktop,Android
11317,Desktop,Android
11318,Mobile,Android
11319,Mobile,iOS
11320,Tablet,Android
11321,Mobile,Android
11322,Desktop,Android
11323,Mobile,iOS
11324,Mobile,iOS
11325,Mobile,Android
11326,Mobile,Windows
11327,Tablet,Android
11328,Desktop,Windows
11329,Mobile,macOS
11330,Mobile,Windows
11331,Desktop,macOS
11332,Desktop,iOS
11333,Desktop,macOS
11334,Mobile,Android
11335,Desktop,Android
11336,Mobile,Windows
11337,Mobile,iOS
11338,Mobile,Android
11339,Mobile,macOS
11340,Mobile,Android
11341,Mobile,Android
11342,Mobile,Windows
11343,Mobile,macOS
11344,Mobile,Android
11345,Mobile,iOS
11346,Desktop,Windows
11347,Desktop,Android
11348,Mobile,iOS
11349,Mobile,macOS
11350,Desktop,Android
11351,Mobile,Windows
11352,Mobile,macOS
11353,Desktop,Windows
11354,Mobile,Android
11355,Mobile,Android
11356,Tablet,Android
11357,Desktop,macOS
11358,Tablet,Windows
11359,Desktop,Android
11360,Mobile,iOS
11361,Mobile,Windows
11362,Desktop,Windows
11363,Mobile,macOS
11364,Mobile,Windows
11365,Mobile,Windows
11366,Mobile,Android
11367,Mobile,macOS
11368,Mobile,iOS
11369,Mobile,Windows
11370,Tablet,Android
11371,Mobile,Android
11372,Mobile,Android
11373,Mobile,iOS
11374,Mobile,Android
11375,Mobile,iOS
11376,Mobile,iOS
11377,Desktop,iOS
11378,Mobile,Android
11379,Mobile,iOS
11380,Mobile,Android
11381,Mobile,Android
11382,Desktop,Android
11383,Desktop,macOS
11384,Tablet,macOS
11385,Mobile,Android
11386,Mobile,Android
11387,Mobile,iOS
11388,Desktop,iOS
11389,Mobile,Windows
11390,Desktop,Android
11391,Mobile,iOS
11392,Mobile,Android
11393,Mobile,Android
11394,Desktop,Android
11395,Mobile,Android
11396,Desktop,Android
11397,Mobile,Android
11398,Mobile,Android
11399,Desktop,Android
11400,Mobile,Windows
11401,Mobile,macOS
11402,Mobile,macOS
11403,Mobile,Android
11404,Desktop,Windows
11405,Tablet,Windows
11406,Desktop,Android
11407,Mobile,Windows
11408,Mobile,Android
11409,Mobile,Android
11410,Mobile,Android
11411,Mobile,Android
11412,Desktop,iOS
11413,Mobile,iOS
11414,Desktop,iOS
11415,Mobile,iOS
11416,Desktop,Windows
11417,Desktop,Android
11418,Desktop,iOS
11419,Mobile,Android
11420,Desktop,iOS
11421,Desktop,Android
11422,Mobile,iOS
11423,Desktop,Android
11424,Desktop,iOS
11425,Desktop,iOS
11426,Mobile,Android
11427,Mobile,Android
11428,Mobile,iOS
11429,Desktop,Android
11430,Mobile,Android
11431,Mobile,Windows
11432,Mobile,Windows
11433,Mobile,iOS
11434,Mobile,macOS
11435,Desktop,iOS
11436,Desktop,Android
11437,Mobile,iOS
11438,Desktop,Android
11439,Mobile,Windows
11440,Desktop,macOS
11441,Desktop,iOS
11442,Desktop,macOS
11443,Mobile,macOS
11444,Desktop,Android
11445,Mobile,iOS
11446,Mobile,Android
11447,Desktop,macOS
11448,Desktop,Windows
11449,Mobile,iOS
11450,Mobile,Windows
11451,Mobile,iOS
11452,Mobile,Android
11453,Mobile,iOS
11454,Desktop,Android
11455,Tablet,Android
11456,Desktop,Windows
11457,Mobile,Windows
11458,Mobile,iOS
11459,Desktop,iOS
11460,Desktop,Android
11461,Desktop,Android
11462,Mobile,iOS
11463,Mobile,iOS
11464,Mobile,Android
11465,Mobile,iOS
11466,Desktop,Android
11467,Mobile,Windows
11468,Mobile,macOS
11469,Mobile,iOS
11470,Mobile,iOS
11471,Mobile,iOS
11472,Mobile,macOS
11473,Mobile,Android
11474,Desktop,Android
11475,Mobile,Windows
11476,Mobile,Android
11477,Tablet,Windows
11478,Mobile,macOS
11479,Mobile,Windows
11480,Mobile,Windows
11481,Desktop,Windows
11482,Desktop,iOS
11483,Mobile,iOS
11484,Mobile,Android
11485,Desktop,Windows
11486,Mobile,Windows
11487,Mobile,Android
11488,Mobile,Android
11489,Desktop,Android
11490,Mobile,Android
11491,Desktop,iOS
11492,Desktop,macOS
11493,Mobile,Windows
11494,Desktop,Android
11495,Desktop,Android
11496,Tablet,macOS
11497,Desktop,Android
11498,Desktop,Android
11499,Mobile,iOS
11500,Tablet,Windows
11501,Mobile,iOS
11502,Desktop,Windows
11503,Tablet,iOS
11504,Mobile,Android
11505,Desktop,Android
11506,Mobile,Android
11507,Tablet,Android
11508,Tablet,Android
11509,Mobile,Android
11510,Desktop,Android
11511,Mobile,Windows
11512,Tablet,Android
11513,Desktop,macOS
11514,Mobile,macOS
11515,Mobile,Windows
11516,Mobile,iOS
11517,Mobile,iOS
11518,Mobile,Android
11519,Desktop,iOS
11520,Mobile,Android
11521,Mobile,iOS
11522,Desktop,iOS
11523,Mobile,Windows
11524,Mobile,Windows
11525,Mobile,Windows
11526,Desktop,macOS
11527,Mobile,iOS
11528,Desktop,Windows
11529,Tablet,iOS
11530,Mobile,iOS
11531,Mobile,Android
11532,Desktop,Android
11533,Desktop,Android
11534,Mobile,iOS
11535,Mobile,Android
11536,Mobile,Windows
11537,Mobile,Android
11538,Mobile,Android
11539,Mobile,Android
11540,Desktop,iOS
11541,Tablet,iOS
11542,Mobile,macOS
11543,Desktop,Android
11544,Desktop,macOS
11545,Desktop,Android
11546,Desktop,Android
11547,Mobile,Android
11548,Mobile,iOS
11549,Mobile,iOS
11550,Mobile,Android
11551,Mobile,Android
11552,Mobile,Windows
11553,Desktop,macOS
11554,Mobile,Android
11555,Mobile,Android
11556,Tablet,Windows
11557,Mobile,Android
11558,Mobile,Android
11559,Mobile,iOS
11560,Desktop,iOS
11561,Mobile,macOS
11562,Mobile,iOS
11563,Mobile,iOS
11564,Desktop,Android
11565,Mobile,Android
11566,Mobile,iOS
11567,Mobile,iOS
11568,Mobile,Android
11569,Tablet,Android
11570,Mobile,Android
11571,Mobile,iOS
11572,Mobile,Android
11573,Mobile,Android
11574,Mobile,macOS
11575,Desktop,Android
11576,Mobile,iOS
11577,Mobile,Android
11578,Desktop,Android
11579,Mobile,iOS
11580,Desktop,Windows
11581,Mobile,Android
11582,Desktop,Android
11583,Desktop,iOS
11584,Mobile,Android
11585,Mobile,Android
11586,Desktop,Windows
11587,Mobile,Windows
11588,Mobile,Android
11589,Mobile,iOS
11590,Mobile,iOS
11591,Desktop,Windows
11592,Desktop,iOS
11593,Tablet,iOS
11594,Mobile,Android
11595,Tablet,Windows
11596,Mobile,macOS
11597,Mobile,Android
11598,Mobile,Android
11599,Mobile,iOS
11600,Desktop,Android
11601,Mobile,Windows
11602,Desktop,iOS
11603,Mobile,Android
11604,Desktop,Windows
11605,Desktop,Windows
11606,Mobile,iOS
11607,Mobile,iOS
11608,Mobile,iOS
11609,Mobile,macOS
11610,Desktop,Android
11611,Desktop,Windows
11612,Mobile,Android
11613,Desktop,iOS
11614,Desktop,iOS
11615,Mobile,Android
11616,Desktop,Android
11617,Mobile,macOS
11618,Mobile,Android
11619,Mobile,Windows
11620,Mobile,Android
11621,Mobile,Android
11622,Desktop,iOS
11623,Desktop,iOS
11624,Mobile,macOS
11625,Mobile,iOS
11626,Mobile,iOS
11627,Desktop,Windows
11628,Mobile,macOS
11629,Mobile,Android
11630,Mobile,Windows
11631,Mobile,iOS
11632,Desktop,iOS
11633,Mobile,Android
11634,Mobile,Windows
11635,Mobile,iOS
11636,Tablet,iOS
11637,Mobile,Windows
11638,Desktop,Android
11639,Mobile,iOS
11640,Desktop,Android
11641,Mobile,Android
11642,Desktop,Android
11643,Mobile,Windows
11644,Mobile,Android
11645,Mobile,macOS
11646,Mobile,Android
11647,Mobile,Android
11648,Mobile,Windows
11649,Mobile,iOS
11650,Mobile,Windows
11651,Mobile,Windows
11652,Mobile,Windows
11653,Mobile,Windows
11654,Desktop,Android
11655,Mobile,iOS
11656,Mobile,iOS
11657,Mobile,macOS
11658,Mobile,Android
11659,Mobile,Android
11660,Desktop,iOS
11661,Mobile,Android
11662,Mobile,iOS
11663,Mobile,Android
11664,Mobile,iOS
11665,Desktop,iOS
11666,Mobile,Android
11667,Desktop,Android
11668,Desktop,Android
11669,Mobile,Android
11670,Desktop,Android
11671,Mobile,macOS
11672,Mobile,iOS
11673,Mobile,Android
11674,Desktop,Android
11675,Mobile,Android
11676,Mobile,Windows
11677,Desktop,Android
11678,Desktop,Android
11679,Mobile,iOS
11680,Desktop,Android
11681,Tablet,iOS
11682,Tablet,iOS
11683,Mobile,iOS
11684,Mobile,Android
11685,Mobile,Android
11686,Desktop,macOS
11687,Mobile,Android
11688,Mobile,iOS
11689,Mobile,iOS
11690,Mobile,iOS
11691,Desktop,iOS
11692,Desktop,Windows
11693,Mobile,Android
11694,Mobile,Android
11695,Mobile,Windows
11696,Mobile,Android
11697,Desktop,iOS
11698,Mobile,iOS
11699,Mobile,Android
11700,Desktop,Android
11701,Mobile,Android
11702,Mobile,macOS
11703,Mobile,Android
11704,Mobile,Windows
11705,Mobile,macOS
11706,Mobile,Windows
11707,Desktop,iOS
11708,Mobile,Android
11709,Mobile,iOS
11710,Mobile,Windows
11711,Mobile,macOS
11712,Mobile,iOS
11713,Mobile,Windows
11714,Desktop,Windows
11715,Mobile,iOS
11716,Mobile,iOS
11717,Mobile,Android
11718,Mobile,Windows
11719,Mobile,macOS
11720,Mobile,macOS
11721,Mobile,Android
11722,Mobile,Windows
11723,Desktop,Android
11724,Desktop,Windows
11725,Mobile,Windows
11726,Mobile,Windows
11727,Mobile,Android
11728,Desktop,Android
11729,Desktop,Windows
11730,Desktop,Android
11731,Tablet,Android
11732,Desktop,Android
11733,Mobile,Android
11734,Mobile,iOS
11735,Mobile,Windows
11736,Desktop,iOS
11737,Mobile,Windows
11738,Mobile,Android
11739,Desktop,iOS
11740,Mobile,Android
11741,Mobile,Android
11742,Mobile,Windows
11743,Tablet,Android
11744,Desktop,iOS
11745,Mobile,Android
11746,Desktop,Windows
11747,Mobile,iOS
11748,Mobile,Android
11749,Mobile,Android
11750,Desktop,iOS
11751,Mobile,iOS
11752,Desktop,iOS
11753,Desktop,macOS
11754,Mobile,Android
11755,Mobile,Windows
11756,Desktop,iOS
11757,Desktop,iOS
11758,Mobile,iOS
11759,Mobile,iOS
11760,Mobile,Android
11761,Mobile,iOS
11762,Desktop,Android
11763,Desktop,Android
11764,Mobile,iOS
11765,Mobile,Android
11766,Mobile,iOS
11767,Mobile,Android
11768,Mobile,iOS
11769,Desktop,iOS
11770,Mobile,iOS
11771,Desktop,iOS
11772,Mobile,Windows
11773,Mobile,macOS
11774,Desktop,Android
11775,Mobile,macOS
11776,Mobile,macOS
11777,Desktop,Android
11778,Desktop,Windows
11779,Desktop,Android
11780,Mobile,iOS
11781,Desktop,Android
11782,Mobile,macOS
11783,Mobile,iOS
11784,Tablet,Windows
11785,Mobile,Android
11786,Mobile,Android
11787,Mobile,iOS
11788,Desktop,Windows
11789,Mobile,iOS
11790,Mobile,iOS
11791,Desktop,Android
11792,Desktop,Android
11793,Mobile,Android
11794,Mobile,iOS
11795,Tablet,Windows
11796,Desktop,iOS
11797,Desktop,iOS
11798,Desktop,Android
11799,Mobile,Windows
11800,Desktop,macOS
11801,Mobile,iOS
11802,Desktop,Android
11803,Mobile,iOS
11804,Tablet,Windows
11805,Mobile,Android
11806,Desktop,iOS
11807,Mobile,Android
11808,Desktop,Android
11809,Mobile,Android
11810,Mobile,Android
11811,Desktop,Windows
11812,Mobile,iOS
11813,Mobile,Windows
11814,Mobile,Android
11815,Mobile,Android
11816,Mobile,iOS
11817,Desktop,Android
11818,Desktop,iOS
11819,Mobile,Android
11820,Mobile,iOS
11821,Mobile,Android
11822,Desktop,iOS
11823,Desktop,iOS
11824,Mobile,Windows
11825,Desktop,Android
11826,Desktop,Android
11827,Mobile,Windows
11828,Desktop,Android
11829,Desktop,Android
11830,Desktop,Android
11831,Mobile,Android
11832,Mobile,iOS
11833,Mobile,Android
11834,Mobile,iOS
11835,Mobile,Android
11836,Mobile,Android
11837,Desktop,Android
11838,Desktop,Android
11839,Mobile,Windows
11840,Mobile,Android
11841,Tablet,Android
11842,Mobile,macOS
11843,Mobile,Android
11844,Mobile,iOS
11845,Desktop,iOS
11846,Mobile,Android
11847,Mobile,iOS
11848,Mobile,Android
11849,Desktop,macOS
11850,Mobile,iOS
11851,Desktop,iOS
11852,Mobile,Android
11853,Mobile,macOS
11854,Mobile,Windows
11855,Mobile,Android
11856,Mobile,iOS
11857,Mobile,iOS
11858,Mobile,iOS
11859,Mobile,Android
11860,Mobile,Android
11861,Mobile,iOS
11862,Mobile,Windows
11863,Mobile,Android
11864,Mobile,Windows
11865,Mobile,iOS
11866,Mobile,Windows
11867,Mobile,Android
11868,Desktop,iOS
11869,Desktop,Android
11870,Desktop,Windows
11871,Mobile,Android
11872,Desktop,Android
11873,Mobile,iOS
11874,Mobile,iOS
11875,Mobile,iOS
11876,Mobile,Windows
11877,Desktop,Windows
11878,Mobile,Android
11879,Desktop,Android
11880,Desktop,Android
11881,Mobile,Android
11882,Desktop,Windows
11883,Desktop,iOS
11884,Desktop,Android
11885,Desktop,Android
11886,Mobile,Android
11887,Mobile,Android
11888,Mobile,iOS
11889,Mobile,Android
11890,Desktop,Android
11891,Mobile,iOS
11892,Desktop,iOS
11893,Tablet,iOS
11894,Desktop,Windows
11895,Tablet,Android
11896,Desktop,Android
11897,Desktop,iOS
11898,Mobile,Android
11899,Desktop,iOS
11900,Mobile,Android
11901,Tablet,Android
11902,Desktop,Android
11903,Mobile,Android
11904,Tablet,macOS
11905,Mobile,Android
11906,Mobile,Android
11907,Mobile,iOS
11908,Mobile,Android
11909,Mobile,Windows
11910,Desktop,Android
11911,Mobile,iOS
11912,Tablet,Windows
11913,Desktop,macOS
11914,Mobile,iOS
11915,Mobile,iOS
11916,Mobile,Android
11917,Mobile,Android
11918,Mobile,Android
11919,Mobile,Windows
11920,Desktop,Windows
11921,Mobile,Windows
11922,Mobile,Windows
11923,Mobile,Android
11924,Mobile,macOS
11925,Tablet,iOS
11926,Mobile,iOS
11927,Mobile,Windows
11928,Desktop,Android
11929,Tablet,Android
11930,Mobile,Android
11931,Desktop,iOS
11932,Mobile,iOS
11933,Mobile,Windows
11934,Desktop,iOS
11935,Desktop,iOS
11936,Desktop,Android
11937,Mobile,Android
11938,Mobile,Android
11939,Mobile,macOS
11940,Desktop,Android
11941,Mobile,Android
11942,Mobile,Windows
11943,Mobile,Android
11944,Desktop,macOS
11945,Mobile,Windows
11946,Mobile,Android
11947,Mobile,Android
11948,Mobile,iOS
11949,Mobile,Android
11950,Mobile,Android
11951,Mobile,Windows
11952,Desktop,iOS
11953,Desktop,Android
11954,Mobile,Android
11955,Mobile,Android
11956,Mobile,Android
11957,Mobile,Windows
11958,Mobile,Android
11959,Mobile,Android
11960,Tablet,iOS
11961,Mobile,Android
11962,Mobile,iOS
11963,Mobile,Android
11964,Mobile,Windows
11965,Mobile,iOS
11966,Desktop,macOS
11967,Tablet,Windows
11968,Mobile,Android
11969,Desktop,Android
11970,Mobile,Android
11971,Mobile,Android
11972,Desktop,iOS
11973,Mobile,Android
11974,Desktop,iOS
11975,Desktop,Windows
11976,Desktop,Android
11977,Desktop,Android
11978,Desktop,Android
11979,Mobile,macOS
11980,Mobile,Windows
11981,Mobile,iOS
11982,Mobile,iOS
11983,Mobile,iOS
11984,Mobile,Android
11985,Desktop,Android
11986,Mobile,Android
11987,Mobile,iOS
11988,Desktop,iOS
11989,Mobile,iOS
11990,Desktop,Android
11991,Desktop,Android
11992,Desktop,Android
11993,Mobile,Android
11994,Mobile,macOS
11995,Mobile,Android
11996,Mobile,Android
11997,Desktop,iOS
11998,Desktop,iOS
11999,Mobile,iOS
12000,Mobile,iOS
12001,Desktop,Windows
12002,Mobile,Android
12003,Desktop,iOS
12004,Mobile,iOS
12005,Desktop,Android
12006,Tablet,Android
12007,Mobile,Android
12008,Desktop,iOS
12009,Mobile,iOS
12010,Desktop,Windows
12011,Mobile,Android
12012,Desktop,macOS
12013,Desktop,iOS
12014,Desktop,Windows
12015,Mobile,Windows
12016,Mobile,iOS
12017,Mobile,macOS
12018,Mobile,Android
12019,Mobile,iOS
12020,Mobile,macOS
12021,Mobile,Android
12022,Desktop,Android
12023,Desktop,iOS
12024,Mobile,Android
12025,Desktop,Android
12026,Mobile,Android
12027,Mobile,Android
12028,Mobile,Android
12029,Mobile,Windows
12030,Desktop,Windows
12031,Mobile,Android
12032,Desktop,Android
12033,Desktop,Android
12034,Mobile,Windows
12035,Tablet,iOS
12036,Mobile,Android
12037,Mobile,iOS
12038,Desktop,iOS
12039,Mobile,Windows
12040,Mobile,Windows
12041,Mobile,Windows
12042,Desktop,iOS
12043,Mobile,iOS
12044,Desktop,iOS
12045,Mobile,iOS
12046,Mobile,Android
12047,Desktop,Android
12048,Desktop,Windows
12049,Mobile,Windows
12050,Mobile,iOS
12051,Mobile,Windows
12052,Mobile,iOS
12053,Mobile,iOS
12054,Desktop,Android
12055,Mobile,Android
12056,Tablet,iOS
12057,Tablet,macOS
12058,Mobile,Android
12059,Mobile,Android
12060,Tablet,iOS
12061,Mobile,Windows
12062,Desktop,iOS
12063,Desktop,Android
12064,Mobile,iOS
12065,Desktop,Android
12066,Tablet,macOS
12067,Mobile,iOS
12068,Mobile,iOS
12069,Mobile,macOS
12070,Tablet,iOS
12071,Desktop,Android
12072,Desktop,Android
12073,Desktop,Windows
12074,Mobile,Windows
12075,Desktop,Android
12076,Mobile,Android
12077,Desktop,Windows
12078,Mobile,iOS
12079,Mobile,Android
12080,Desktop,Android
12081,Mobile,Android
12082,Mobile,Android
12083,Mobile,iOS
12084,Mobile,macOS
12085,Desktop,macOS
12086,Mobile,Android
12087,Desktop,Windows
12088,Tablet,Android
12089,Mobile,iOS
12090,Desktop,Android
12091,Mobile,Windows
12092,Desktop,Android
12093,Mobile,Windows
12094,Mobile,macOS
12095,Mobile,iOS
12096,Mobile,Windows
12097,Mobile,Android
12098,Mobile,Android
12099,Mobile,macOS
12100,Mobile,Android
12101,Mobile,iOS
12102,Mobile,Android
12103,Desktop,Windows
12104,Mobile,Android
12105,Mobile,iOS
12106,Tablet,iOS
12107,Mobile,iOS
12108,Tablet,Android
12109,Mobile,iOS
12110,Mobile,Windows
12111,Desktop,Android
12112,Mobile,Windows
12113,Mobile,Android
12114,Mobile,iOS
12115,Mobile,iOS
12116,Mobile,Android
12117,Tablet,Android
12118,Mobile,iOS
12119,Mobile,macOS
12120,Mobile,Android
12121,Desktop,Windows
12122,Mobile,Windows
12123,Mobile,macOS
12124,Mobile,Windows
12125,Desktop,iOS
12126,Mobile,Android
12127,Mobile,Windows
12128,Mobile,Android
12129,Mobile,iOS
12130,Mobile,Android
12131,Mobile,Android
12132,Desktop,Android
12133,Mobile,Windows
12134,Desktop,Android
12135,Mobile,Android
12136,Mobile,Android
12137,Desktop,macOS
12138,Desktop,iOS
12139,Mobile,iOS
12140,Mobile,Android
12141,Tablet,iOS
12142,Mobile,Android
12143,Mobile,macOS
12144,Mobile,Android
12145,Desktop,iOS
12146,Mobile,Android
12147,Mobile,Android
12148,Mobile,macOS
12149,Desktop,Android
12150,Desktop,iOS
12151,Mobile,Android
12152,Tablet,Android
12153,Mobile,iOS
12154,Mobile,Windows
12155,Mobile,iOS
12156,Mobile,iOS
12157,Mobile,iOS
12158,Desktop,Android
12159,Mobile,Windows
12160,Mobile,iOS
12161,Mobile,Android
12162,Mobile,Windows
12163,Desktop,iOS
12164,Desktop,iOS
12165,Mobile,Windows
12166,Tablet,iOS
12167,Desktop,Android
12168,Mobile,Android
12169,Desktop,Android
12170,Desktop,Windows
12171,Desktop,macOS
12172,Tablet,Android
12173,Desktop,macOS
12174,Desktop,Android
12175,Desktop,Android
12176,Desktop,Android
12177,Mobile,Windows
12178,Desktop,Android
12179,Mobile,Android
12180,Mobile,Windows
12181,Mobile,Android
12182,Desktop,iOS
12183,Desktop,macOS
12184,Desktop,Android
12185,Mobile,Android
12186,Desktop,iOS
12187,Desktop,macOS
12188,Desktop,Windows
12189,Mobile,Android
12190,Mobile,Android
12191,Tablet,Android
12192,Mobile,macOS
12193,Desktop,macOS
12194,Mobile,macOS
12195,Mobile,iOS
12196,Desktop,iOS
12197,Mobile,Android
12198,Desktop,iOS
12199,Tablet,Android
12200,Desktop,Android
12201,Mobile,Windows
12202,Tablet,iOS
12203,Mobile,Android
12204,Mobile,Windows
12205,Desktop,Windows
12206,Mobile,macOS
12207,Mobile,macOS
12208,Mobile,iOS
12209,Mobile,Windows
12210,Desktop,iOS
12211,Desktop,Android
12212,Mobile,iOS
12213,Desktop,iOS
12214,Mobile,macOS
12215,Tablet,macOS
12216,Mobile,iOS
12217,Desktop,Android
12218,Mobile,iOS
12219,Mobile,Android
12220,Desktop,Android
12221,Desktop,iOS
12222,Mobile,Android
12223,Mobile,Android
12224,Desktop,Windows
12225,Desktop,Windows
12226,Tablet,iOS
12227,Mobile,iOS
12228,Mobile,iOS
12229,Desktop,iOS
12230,Mobile,Windows
12231,Mobile,Android
12232,Desktop,Android
12233,Tablet,macOS
12234,Mobile,Android
12235,Mobile,Android
12236,Desktop,Android
12237,Mobile,Android
12238,Mobile,iOS
12239,Mobile,Android
12240,Mobile,Android
12241,Mobile,iOS
12242,Mobile,iOS
12243,Desktop,iOS
12244,Mobile,macOS
12245,Mobile,Android
12246,Mobile,Android
12247,Mobile,iOS
12248,Mobile,Android
12249,Desktop,Windows
12250,Desktop,Android
12251,Desktop,Android
12252,Desktop,Windows
12253,Tablet,iOS
12254,Desktop,Windows
12255,Mobile,iOS
12256,Mobile,Android
12257,Mobile,Android
12258,Mobile,Android
12259,Mobile,macOS
12260,Mobile,iOS
12261,Mobile,Android
12262,Mobile,Android
12263,Mobile,macOS
12264,Mobile,macOS
12265,Mobile,Windows
12266,Mobile,macOS
12267,Tablet,macOS
12268,Mobile,Android
12269,Desktop,Android
12270,Desktop,Android
12271,Desktop,Android
12272,Mobile,Android
12273,Mobile,iOS
12274,Tablet,Windows
12275,Mobile,Windows
12276,Mobile,iOS
12277,Mobile,iOS
12278,Tablet,iOS
12279,Desktop,Android
12280,Mobile,macOS
12281,Tablet,macOS
12282,Mobile,macOS
12283,Mobile,iOS
12284,Desktop,Android
12285,Mobile,Android
12286,Mobile,Android
12287,Desktop,iOS
12288,Mobile,iOS
12289,Mobile,Android
12290,Desktop,macOS
12291,Desktop,iOS
12292,Mobile,macOS
12293,Mobile,iOS
12294,Tablet,macOS
12295,Mobile,iOS
12296,Desktop,iOS
12297,Desktop,Windows
12298,Desktop,Android
12299,Mobile,Android
12300,Mobile,iOS
12301,Mobile,iOS
12302,Mobile,Windows
12303,Mobile,iOS
12304,Mobile,Android
12305,Mobile,Windows
12306,Mobile,iOS
12307,Desktop,Android
12308,Tablet,Android
12309,Mobile,Windows
12310,Mobile,Android
12311,Mobile,iOS
12312,Mobile,Android
12313,Desktop,Windows
12314,Mobile,Android
12315,Tablet,iOS
12316,Desktop,Android
12317,Mobile,Windows
12318,Mobile,macOS
12319,Mobile,macOS
12320,Desktop,iOS
12321,Mobile,Android
12322,Mobile,Android
12323,Desktop,macOS
12324,Mobile,Windows
12325,Mobile,iOS
12326,Mobile,Windows
12327,Desktop,Android
12328,Mobile,iOS
12329,Mobile,Android
12330,Desktop,Android
12331,Desktop,Windows
12332,Desktop,Android
12333,Mobile,iOS
12334,Mobile,Android
12335,Desktop,Android
12336,Mobile,Android
12337,Mobile,Android
12338,Desktop,macOS
12339,Mobile,Android
12340,Mobile,Windows
12341,Mobile,Windows
12342,Mobile,iOS
12343,Mobile,Android
12344,Desktop,Android
12345,Mobile,Android
12346,Mobile,Windows
12347,Tablet,Android
12348,Mobile,Windows
12349,Mobile,Windows
12350,Mobile,iOS
12351,Desktop,iOS
12352,Mobile,Android
12353,Mobile,Windows
12354,Mobile,macOS
12355,Desktop,Windows
12356,Mobile,iOS
12357,Desktop,Android
12358,Mobile,Windows
12359,Mobile,iOS
12360,Mobile,Windows
12361,Tablet,Android
12362,Mobile,Android
12363,Mobile,Android
12364,Mobile,Android
12365,Desktop,Android
12366,Mobile,Android
12367,Mobile,macOS
12368,Desktop,Android
12369,Mobile,iOS
12370,Mobile,Windows
12371,Desktop,iOS
12372,Mobile,iOS
12373,Desktop,Android
12374,Mobile,Android
12375,Desktop,Windows
12376,Desktop,Android
12377,Mobile,macOS
12378,Desktop,iOS
12379,Desktop,Android
12380,Desktop,iOS
12381,Mobile,macOS
12382,Desktop,iOS
12383,Desktop,Android
12384,Mobile,Android
12385,Mobile,Android
12386,Mobile,Android
12387,Mobile,iOS
12388,Desktop,macOS
12389,Mobile,Android
12390,Mobile,Android
12391,Desktop,Android
12392,Mobile,Android
12393,Mobile,Android
12394,Desktop,Windows
12395,Mobile,iOS
12396,Mobile,Android
12397,Mobile,Windows
12398,Mobile,Android
12399,Mobile,iOS
12400,Mobile,iOS
12401,Desktop,Windows
12402,Mobile,Android
12403,Mobile,macOS
12404,Tablet,Android
12405,Desktop,macOS
12406,Mobile,Android
12407,Mobile,iOS
12408,Mobile,iOS
12409,Mobile,Android
12410,Desktop,Windows
12411,Desktop,Android
12412,Desktop,iOS
12413,Mobile,macOS
12414,Tablet,iOS
12415,Mobile,Windows
12416,Tablet,macOS
12417,Desktop,iOS
12418,Mobile,iOS
12419,Mobile,Android
12420,Mobile,Windows
12421,Mobile,Windows
12422,Mobile,Android
12423,Mobile,Android
12424,Tablet,Android
12425,Desktop,Android
12426,Mobile,Windows
12427,Mobile,iOS
12428,Desktop,Android
12429,Desktop,Android
12430,Tablet,Android
12431,Mobile,Android
12432,Desktop,iOS
12433,Mobile,Android
12434,Desktop,iOS
12435,Mobile,Windows
12436,Tablet,Android
12437,Mobile,Android
12438,Desktop,Windows
12439,Mobile,Windows
12440,Desktop,iOS
12441,Mobile,Windows
12442,Mobile,Android
12443,Desktop,Android
12444,Desktop,Android
12445,Mobile,Android
12446,Desktop,Android
12447,Desktop,Android
12448,Mobile,Android
12449,Mobile,Android
12450,Mobile,Android
12451,Mobile,macOS
12452,Mobile,iOS
12453,Mobile,Android
12454,Desktop,Android
12455,Mobile,iOS
12456,Mobile,iOS
12457,Mobile,Android
12458,Tablet,Windows
12459,Tablet,Android
12460,Desktop,iOS
12461,Mobile,iOS
12462,Tablet,macOS
12463,Desktop,Android
12464,Tablet,iOS
12465,Mobile,Android
12466,Desktop,Android
12467,Desktop,Android
12468,Desktop,Windows
12469,Desktop,Android
12470,Mobile,iOS
12471,Mobile,Windows
12472,Mobile,Windows
12473,Desktop,Android
12474,Mobile,Android
12475,Mobile,Windows
12476,Mobile,iOS
12477,Mobile,iOS
12478,Mobile,iOS
12479,Desktop,Windows
12480,Mobile,iOS
12481,Mobile,Android
12482,Mobile,iOS
12483,Desktop,macOS
12484,Desktop,Android
12485,Desktop,Android
12486,Desktop,macOS
12487,Mobile,macOS
12488,Mobile,iOS
12489,Mobile,Android
12490,Desktop,iOS
12491,Desktop,Windows
12492,Desktop,Android
12493,Mobile,Android
12494,Desktop,macOS
12495,Mobile,iOS
12496,Mobile,Android
12497,Tablet,Android
12498,Desktop,Android
12499,Tablet,Windows
12500,Mobile,Android
12501,Mobile,iOS
12502,Mobile,Android
12503,Mobile,Android
12504,Desktop,Android
12505,Desktop,Windows
12506,Mobile,Android
12507,Desktop,Windows
12508,Desktop,macOS
12509,Mobile,iOS
12510,Mobile,iOS
12511,Mobile,Android
12512,Desktop,Windows
12513,Desktop,Android
12514,Desktop,Windows
12515,Mobile,Windows
12516,Tablet,iOS
12517,Desktop,Windows
12518,Desktop,Windows
12519,Desktop,Android
12520,Mobile,iOS
12521,Mobile,Windows
12522,Desktop,macOS
12523,Desktop,Android
12524,Mobile,iOS
12525,Mobile,Android
12526,Desktop,iOS
12527,Mobile,Android
12528,Mobile,Windows
12529,Desktop,Android
12530,Desktop,iOS
12531,Mobile,Windows
12532,Mobile,Android
12533,Mobile,Android
12534,Tablet,Android
12535,Mobile,Windows
12536,Desktop,iOS
12537,Mobile,Android
12538,Mobile,Android
12539,Mobile,Android
12540,Desktop,iOS
12541,Mobile,Windows
12542,Mobile,Android
12543,Mobile,Windows
12544,Mobile,Android
12545,Mobile,iOS
12546,Mobile,Windows
12547,Desktop,iOS
12548,Desktop,iOS
12549,Desktop,Android
12550,Mobile,Windows
12551,Desktop,Windows
12552,Mobile,Windows
12553,Desktop,Windows
12554,Desktop,iOS
12555,Mobile,iOS
12556,Desktop,macOS
12557,Mobile,iOS
12558,Mobile,macOS
12559,Desktop,Android
12560,Mobile,Android
12561,Desktop,iOS
12562,Desktop,macOS
12563,Mobile,Android
12564,Mobile,Android
12565,Desktop,Windows
12566,Mobile,Android
12567,Desktop,Android
12568,Mobile,Android
12569,Desktop,Windows
12570,Mobile,Windows
12571,Mobile,Windows
12572,Desktop,Windows
12573,Desktop,Windows
12574,Desktop,Android
12575,Mobile,iOS
12576,Tablet,iOS
12577,Mobile,Android
12578,Mobile,Android
12579,Mobile,Windows
12580,Mobile,Windows
12581,Mobile,Android
12582,Mobile,Android
12583,Mobile,iOS
12584,Mobile,Android
12585,Mobile,Android
12586,Desktop,Android
12587,Desktop,Android
12588,Mobile,Android
12589,Mobile,Windows
12590,Desktop,Android
12591,Desktop,Android
12592,Tablet,iOS
12593,Desktop,Android
12594,Mobile,Windows
12595,Mobile,iOS
12596,Desktop,Android
12597,Mobile,Android
12598,Tablet,Android
12599,Desktop,macOS
12600,Mobile,Android
12601,Mobile,Windows
12602,Desktop,Android
12603,Tablet,Android
12604,Mobile,Android
12605,Mobile,Android
12606,Mobile,iOS
12607,Desktop,Android
12608,Mobile,Android
12609,Mobile,Windows
12610,Mobile,Android
12611,Mobile,Android
12612,Mobile,iOS
12613,Desktop,Android
12614,Desktop,iOS
12615,Mobile,Android
12616,Mobile,Android
12617,Desktop,iOS
12618,Mobile,Android
12619,Mobile,Android
12620,Mobile,iOS
12621,Desktop,iOS
12622,Mobile,iOS
12623,Mobile,iOS
12624,Mobile,Android
12625,Mobile,Android
12626,Mobile,Android
12627,Mobile,Windows
12628,Mobile,Android
12629,Desktop,Android
12630,Mobile,iOS
12631,Mobile,Windows
12632,Mobile,Android
12633,Desktop,Android
12634,Desktop,Android
12635,Desktop,iOS
12636,Mobile,iOS
12637,Desktop,Android
12638,Mobile,Android
12639,Mobile,iOS
12640,Mobile,Android
12641,Desktop,iOS
12642,Mobile,iOS
12643,Mobile,Android
12644,Mobile,Windows
12645,Desktop,iOS
12646,Tablet,macOS
12647,Desktop,Android
12648,Mobile,Android
12649,Tablet,Windows
12650,Mobile,iOS
12651,Mobile,iOS
12652,Mobile,Android
12653,Mobile,iOS
12654,Tablet,iOS
12655,Desktop,Windows
12656,Mobile,Windows
12657,Desktop,Android
12658,Mobile,Android
12659,Mobile,Windows
12660,Mobile,Windows
12661,Mobile,Windows
12662,Desktop,Windows
12663,Mobile,Android
12664,Mobile,Android
12665,Desktop,macOS
12666,Mobile,iOS
12667,Desktop,iOS
12668,Mobile,iOS
12669,Mobile,Android
12670,Mobile,macOS
12671,Desktop,iOS
12672,Mobile,Android
12673,Desktop,Android
12674,Mobile,macOS
12675,Mobile,Windows
12676,Mobile,Windows
12677,Mobile,Android
12678,Desktop,Windows
12679,Mobile,Windows
12680,Tablet,iOS
12681,Mobile,macOS
12682,Mobile,iOS
12683,Mobile,iOS
12684,Mobile,iOS
12685,Mobile,Android
12686,Mobile,macOS
12687,Mobile,Android
12688,Mobile,Windows
12689,Mobile,macOS
12690,Mobile,iOS
12691,Mobile,Android
12692,Mobile,iOS
12693,Tablet,Windows
12694,Mobile,iOS
12695,Mobile,Windows
12696,Mobile,Android
12697,Desktop,Android
12698,Mobile,iOS
12699,Mobile,Windows
12700,Mobile,macOS
12701,Mobile,Windows
12702,Desktop,Android
12703,Desktop,Android
12704,Desktop,iOS
12705,Mobile,Windows
12706,Mobile,Android
12707,Mobile,Android
12708,Mobile,macOS
12709,Mobile,Android
12710,Tablet,Android
12711,Mobile,macOS
12712,Mobile,Android
12713,Mobile,Android
12714,Mobile,Android
12715,Tablet,iOS
12716,Desktop,Android
12717,Desktop,Android
12718,Tablet,Android
12719,Mobile,Windows
12720,Mobile,iOS
12721,Mobile,Windows
12722,Desktop,Android
12723,Mobile,Android
12724,Tablet,iOS
12725,Desktop,Windows
12726,Mobile,iOS
12727,Mobile,Android
12728,Mobile,iOS
12729,Mobile,iOS
12730,Mobile,macOS
12731,Desktop,macOS
12732,Desktop,Android
12733,Mobile,Windows
12734,Mobile,Android
12735,Desktop,Windows
12736,Mobile,Android
12737,Desktop,Android
12738,Mobile,iOS
12739,Mobile,Android
12740,Mobile,Android
12741,Desktop,Android
12742,Mobile,Windows
12743,Desktop,macOS
12744,Mobile,iOS
12745,Desktop,Android
12746,Mobile,Android
12747,Desktop,iOS
12748,Desktop,iOS
12749,Mobile,iOS
12750,Mobile,iOS
12751,Mobile,Android
12752,Mobile,Android
12753,Mobile,iOS
12754,Mobile,macOS
12755,Tablet,iOS
12756,Tablet,iOS
12757,Mobile,Windows
12758,Mobile,Windows
12759,Mobile,Android
12760,Desktop,Windows
12761,Mobile,Windows
12762,Mobile,iOS
12763,Tablet,iOS
12764,Mobile,iOS
12765,Desktop,Windows
12766,Desktop,Android
12767,Mobile,Windows
12768,Mobile,Android
12769,Desktop,Windows
12770,Mobile,Android
12771,Mobile,Android
12772,Mobile,Windows
12773,Tablet,Android
12774,Mobile,Android
12775,Desktop,Android
12776,Mobile,iOS
12777,Desktop,iOS
12778,Mobile,Android
12779,Mobile,Windows
12780,Mobile,Windows
12781,Desktop,Android
12782,Desktop,iOS
12783,Desktop,iOS
12784,Desktop,iOS
12785,Mobile,Android
12786,Tablet,Windows
12787,Mobile,iOS
12788,Desktop,Android
12789,Mobile,iOS
12790,Desktop,Windows
12791,Tablet,Windows
12792,Mobile,Windows
12793,Mobile,iOS
12794,Mobile,Android
12795,Desktop,Windows
12796,Mobile,Android
12797,Desktop,Windows
12798,Mobile,iOS
12799,Desktop,macOS
12800,Mobile,iOS
12801,Mobile,iOS
12802,Mobile,Android
12803,Tablet,Android
12804,Tablet,Android
12805,Tablet,macOS
12806,Desktop,Android
12807,Tablet,Android
12808,Mobile,macOS
12809,Tablet,iOS
12810,Desktop,Android
12811,Mobile,iOS
12812,Desktop,Windows
12813,Desktop,iOS
12814,Desktop,iOS
12815,Mobile,iOS
12816,Mobile,Android
12817,Mobile,Android
12818,Desktop,iOS
12819,Tablet,Android
12820,Desktop,Windows
12821,Desktop,macOS
12822,Mobile,Android
12823,Mobile,Android
12824,Desktop,Android
12825,Mobile,Windows
12826,Desktop,Android
12827,Desktop,Android
12828,Mobile,Android
12829,Mobile,Android
12830,Mobile,Android
12831,Mobile,Android
12832,Desktop,Android
12833,Mobile,Windows
12834,Desktop,Windows
12835,Mobile,iOS
12836,Mobile,iOS
12837,Desktop,Android
12838,Desktop,iOS
12839,Mobile,Android
12840,Mobile,Android
12841,Desktop,iOS
12842,Tablet,Android
12843,Desktop,Windows
12844,Tablet,iOS
12845,Desktop,Android
12846,Mobile,Android
12847,Desktop,iOS
12848,Desktop,Windows
12849,Mobile,Android
12850,Mobile,iOS
12851,Desktop,iOS
12852,Desktop,Windows
12853,Mobile,Android
12854,Desktop,macOS
12855,Mobile,Android
12856,Mobile,Android
12857,Mobile,Android
12858,Tablet,iOS
12859,Desktop,Android
12860,Mobile,iOS
12861,Mobile,iOS
12862,Mobile,Android
12863,Mobile,Android
12864,Mobile,Windows
12865,Desktop,Android
12866,Tablet,Windows
12867,Mobile,macOS
12868,Mobile,Android
12869,Desktop,Windows
12870,Mobile,iOS
12871,Mobile,Windows
12872,Desktop,Android
12873,Mobile,Android
12874,Mobile,Android
12875,Mobile,iOS
12876,Desktop,Windows
12877,Mobile,Android
12878,Mobile,iOS
12879,Desktop,Android
12880,Mobile,iOS
12881,Desktop,iOS
12882,Mobile,Android
12883,Desktop,Windows
12884,Mobile,iOS
12885,Mobile,Android
12886,Desktop,Android
12887,Desktop,iOS
12888,Mobile,Android
12889,Tablet,Windows
12890,Desktop,Windows
12891,Mobile,Windows
12892,Mobile,Android
12893,Mobile,Android
12894,Mobile,Windows
12895,Desktop,Android
12896,Mobile,Android
12897,Mobile,Android
12898,Mobile,iOS
12899,Mobile,Windows
12900,Desktop,Android
12901,Mobile,iOS
12902,Mobile,Android
12903,Mobile,Android
12904,Desktop,iOS
12905,Mobile,Android
12906,Mobile,Android
12907,Mobile,Android
12908,Mobile,Android
12909,Desktop,Android
12910,Desktop,Windows
12911,Mobile,Windows
12912,Mobile,Android
12913,Tablet,iOS
12914,Desktop,Android
12915,Mobile,Android
12916,Desktop,iOS
12917,Tablet,Android
12918,Desktop,iOS
12919,Desktop,Android
12920,Mobile,Windows
12921,Mobile,iOS
12922,Mobile,iOS
12923,Mobile,Android
12924,Mobile,Android
12925,Mobile,Windows
12926,Mobile,Android
12927,Mobile,Android
12928,Desktop,iOS
12929,Mobile,iOS
12930,Tablet,Android
12931,Mobile,Android
12932,Desktop,Windows
12933,Mobile,macOS
12934,Desktop,iOS
12935,Mobile,macOS
12936,Tablet,Android
12937,Mobile,Windows
12938,Mobile,Windows
12939,Tablet,iOS
12940,Tablet,Windows
12941,Mobile,iOS
12942,Mobile,iOS
12943,Tablet,Windows
12944,Mobile,iOS
12945,Desktop,Android
12946,Desktop,Android
12947,Mobile,macOS
12948,Mobile,Android
12949,Mobile,macOS
12950,Desktop,Android
12951,Mobile,macOS
12952,Desktop,Android
12953,Desktop,macOS
12954,Mobile,iOS
12955,Tablet,Android
12956,Mobile,Android
12957,Mobile,Windows
12958,Mobile,iOS
12959,Desktop,iOS
12960,Mobile,iOS
12961,Mobile,Android
12962,Desktop,iOS
12963,Desktop,iOS
12964,Desktop,Android
12965,Tablet,Windows
12966,Mobile,iOS
12967,Mobile,macOS
12968,Mobile,iOS
12969,Mobile,macOS
12970,Desktop,iOS
12971,Mobile,Android
12972,Mobile,Windows
12973,Desktop,Android
12974,Mobile,Android
12975,Mobile,Windows
12976,Mobile,Android
12977,Mobile,Android
12978,Mobile,Android
12979,Desktop,Android
12980,Mobile,Android
12981,Desktop,iOS
12982,Desktop,Android
12983,Desktop,Android
12984,Desktop,iOS
12985,Desktop,iOS
12986,Desktop,Windows
12987,Mobile,Android
12988,Mobile,Android
12989,Mobile,Android
12990,Mobile,Android
12991,Tablet,iOS
12992,Desktop,Android
12993,Mobile,Android
12994,Mobile,Android
12995,Mobile,macOS
12996,Mobile,iOS
12997,Mobile,Windows
12998,Desktop,Android
12999,Desktop,Android
13000,Desktop,Android
13001,Desktop,Windows
13002,Mobile,Android
13003,Tablet,Windows
13004,Desktop,Android
13005,Desktop,Android
13006,Mobile,Windows
13007,Mobile,iOS
13008,Desktop,Windows
13009,Mobile,iOS
13010,Mobile,Android
13011,Desktop,Windows
13012,Mobile,Android
13013,Desktop,Android
13014,Desktop,Android
13015,Desktop,iOS
13016,Desktop,Android
13017,Mobile,Android
13018,Desktop,Android
13019,Desktop,Windows
13020,Tablet,Android
13021,Desktop,Android
13022,Mobile,Android
13023,Desktop,Windows
13024,Mobile,Android
13025,Mobile,Windows
13026,Mobile,Android
13027,Tablet,iOS
13028,Tablet,Android
13029,Mobile,Android
13030,Desktop,Windows
13031,Mobile,iOS
13032,Mobile,Android
13033,Desktop,Android
13034,Mobile,iOS
13035,Desktop,iOS
13036,Tablet,Windows
13037,Desktop,Android
13038,Mobile,Android
13039,Mobile,Android
13040,Desktop,Android
13041,Mobile,Android
13042,Desktop,Android
13043,Tablet,iOS
13044,Desktop,iOS
13045,Desktop,Windows
13046,Tablet,macOS
13047,Desktop,iOS
13048,Mobile,iOS
13049,Mobile,Android
13050,Mobile,Windows
13051,Mobile,iOS
13052,Mobile,iOS
13053,Desktop,Android
13054,Mobile,Android
13055,Tablet,Android
13056,Desktop,Windows
13057,Mobile,Windows
13058,Mobile,Android
13059,Mobile,Android
13060,Mobile,Android
13061,Mobile,iOS
13062,Mobile,Android
13063,Desktop,Android
13064,Mobile,Android
13065,Desktop,iOS
13066,Mobile,Android
13067,Mobile,Windows
13068,Tablet,Android
13069,Tablet,Android
13070,Mobile,iOS
13071,Mobile,iOS
13072,Tablet,iOS
13073,Mobile,Android
13074,Desktop,Android
13075,Desktop,iOS
13076,Mobile,iOS
13077,Desktop,Android
13078,Mobile,Android
13079,Desktop,Android
13080,Desktop,Android
13081,Mobile,Android
13082,Mobile,Windows
13083,Desktop,iOS
13084,Desktop,Windows
13085,Tablet,iOS
13086,Tablet,macOS
13087,Mobile,iOS
13088,Desktop,iOS
13089,Mobile,Android
13090,Desktop,macOS
13091,Mobile,macOS
13092,Desktop,Android
13093,Mobile,Android
13094,Mobile,iOS
13095,Mobile,macOS
13096,Mobile,Android
13097,Mobile,Android
13098,Mobile,Android
13099,Desktop,iOS
13100,Desktop,Android
13101,Mobile,Android
13102,Mobile,macOS
13103,Desktop,Windows
13104,Mobile,macOS
13105,Mobile,Android
13106,Mobile,Android
13107,Mobile,Android
13108,Mobile,iOS
13109,Tablet,Windows
13110,Mobile,macOS
13111,Mobile,iOS
13112,Desktop,Windows
13113,Mobile,Android
13114,Mobile,iOS
13115,Mobile,iOS
13116,Mobile,iOS
13117,Mobile,Android
13118,Mobile,Android
13119,Tablet,iOS
13120,Desktop,iOS
13121,Tablet,macOS
13122,Tablet,iOS
13123,Desktop,Android
13124,Mobile,Android
13125,Desktop,iOS
13126,Mobile,Windows
13127,Mobile,Android
13128,Mobile,macOS
13129,Desktop,iOS
13130,Mobile,macOS
13131,Mobile,iOS
13132,Desktop,iOS
13133,Mobile,iOS
13134,Mobile,iOS
13135,Desktop,Android
13136,Mobile,iOS
13137,Tablet,Android
13138,Mobile,Windows
13139,Mobile,iOS
13140,Desktop,Android
13141,Mobile,iOS
13142,Desktop,macOS
13143,Mobile,Android
13144,Desktop,macOS
13145,Desktop,Windows
13146,Mobile,Android
13147,Desktop,Windows
13148,Desktop,Windows
13149,Desktop,Android
13150,Mobile,iOS
13151,Mobile,iOS
13152,Desktop,Android
13153,Mobile,Windows
13154,Mobile,iOS
13155,Desktop,iOS
13156,Mobile,Android
13157,Desktop,iOS
13158,Desktop,Android
13159,Mobile,iOS
13160,Mobile,Android
13161,Desktop,Windows
13162,Mobile,Windows
13163,Mobile,iOS
13164,Mobile,Android
13165,Desktop,Android
13166,Mobile,Android
13167,Desktop,iOS
13168,Mobile,iOS
13169,Mobile,iOS
13170,Mobile,iOS
13171,Desktop,iOS
13172,Tablet,Android
13173,Mobile,Windows
13174,Desktop,Windows
13175,Desktop,Android
13176,Mobile,iOS
13177,Mobile,Android
13178,Desktop,Android
13179,Tablet,Android
13180,Desktop,Android
13181,Desktop,Android
13182,Mobile,macOS
13183,Desktop,iOS
13184,Tablet,Android
13185,Mobile,Android
13186,Mobile,iOS
13187,Desktop,iOS
13188,Mobile,iOS
13189,Mobile,macOS
13190,Desktop,Windows
13191,Mobile,Windows
13192,Mobile,Android
13193,Mobile,iOS
13194,Mobile,Android
13195,Desktop,Android
13196,Mobile,Android
13197,Mobile,Windows
13198,Mobile,iOS
13199,Mobile,Windows
13200,Mobile,iOS
13201,Desktop,Windows
13202,Mobile,macOS
13203,Mobile,Windows
13204,Desktop,macOS
13205,Mobile,macOS
13206,Mobile,Android
13207,Mobile,iOS
13208,Tablet,Windows
13209,Mobile,Android
13210,Mobile,iOS
13211,Desktop,Android
13212,Mobile,Windows
13213,Desktop,Android
13214,Mobile,iOS
13215,Tablet,Windows
13216,Mobile,macOS
13217,Desktop,Android
13218,Mobile,Android
13219,Mobile,Android
13220,Mobile,iOS
13221,Desktop,Windows
13222,Desktop,Android
13223,Mobile,iOS
13224,Mobile,Windows
13225,Mobile,Android
13226,Mobile,iOS
13227,Mobile,macOS
13228,Tablet,Windows
13229,Desktop,Windows
13230,Mobile,iOS
13231,Mobile,Android
13232,Mobile,iOS
13233,Desktop,Android
13234,Mobile,Windows
13235,Mobile,iOS
13236,Mobile,macOS
13237,Mobile,Windows
13238,Desktop,Windows
13239,Mobile,iOS
13240,Mobile,iOS
13241,Mobile,Android
13242,Mobile,Android
13243,Mobile,iOS
13244,Mobile,iOS
13245,Desktop,iOS
13246,Mobile,Windows
13247,Mobile,Android
13248,Desktop,iOS
13249,Mobile,Android
13250,Mobile,iOS
13251,Tablet,Android
13252,Mobile,macOS
13253,Desktop,macOS
13254,Tablet,macOS
13255,Mobile,Android
13256,Mobile,Android
13257,Mobile,macOS
13258,Mobile,Android
13259,Mobile,iOS
13260,Mobile,Android
13261,Tablet,Android
13262,Mobile,Android
13263,Desktop,Windows
13264,Mobile,Android
13265,Mobile,Android
13266,Mobile,iOS
13267,Mobile,Android
13268,Mobile,macOS
13269,Desktop,Windows
13270,Desktop,Android
13271,Mobile,Android
13272,Desktop,iOS
13273,Desktop,Android
13274,Mobile,Android
13275,Mobile,macOS
13276,Desktop,Windows
13277,Desktop,Android
13278,Mobile,Windows
13279,Desktop,Android
13280,Mobile,Windows
13281,Desktop,Android
13282,Desktop,Android
13283,Mobile,iOS
13284,Tablet,iOS
13285,Desktop,Android
13286,Desktop,iOS
13287,Desktop,Android
13288,Mobile,macOS
13289,Mobile,Android
13290,Desktop,Android
13291,Mobile,Windows
13292,Desktop,Windows
13293,Mobile,Android
13294,Mobile,macOS
13295,Mobile,Android
13296,Mobile,Android
13297,Mobile,Android
13298,Mobile,iOS
13299,Mobile,macOS
13300,Desktop,iOS
13301,Tablet,Windows
13302,Mobile,iOS
13303,Mobile,Android
13304,Mobile,iOS
13305,Tablet,Android
13306,Mobile,macOS
13307,Mobile,Windows
13308,Mobile,Windows
13309,Mobile,iOS
13310,Mobile,Android
13311,Desktop,macOS
13312,Mobile,Windows
13313,Mobile,Android
13314,Mobile,macOS
13315,Desktop,Android
13316,Desktop,iOS
13317,Mobile,iOS
13318,Desktop,Android
13319,Mobile,macOS
13320,Mobile,Windows
13321,Desktop,Windows
13322,Desktop,Android
13323,Mobile,macOS
13324,Desktop,iOS
13325,Desktop,Android
13326,Desktop,Android
13327,Desktop,iOS
13328,Mobile,Windows
13329,Mobile,Windows
13330,Mobile,iOS
13331,Tablet,Android
13332,Mobile,Android
13333,Desktop,Windows
13334,Mobile,Android
13335,Mobile,Android
13336,Mobile,Android
13337,Desktop,iOS
13338,Desktop,macOS
13339,Tablet,Windows
13340,Mobile,iOS
13341,Mobile,Windows
13342,Desktop,Android
13343,Desktop,Windows
13344,Mobile,Android
13345,Mobile,iOS
13346,Mobile,Android
13347,Desktop,Android
13348,Mobile,Android
13349,Mobile,iOS
13350,Desktop,macOS
13351,Mobile,Android
13352,Mobile,macOS
13353,Mobile,iOS
13354,Desktop,Windows
13355,Mobile,Android
13356,Mobile,iOS
13357,Mobile,Android
13358,Desktop,Android
13359,Mobile,Android
13360,Desktop,iOS
13361,Mobile,Android
13362,Mobile,Windows
13363,Mobile,iOS
13364,Mobile,Android
13365,Mobile,Android
13366,Mobile,iOS
13367,Mobile,iOS
13368,Mobile,Android
13369,Mobile,Windows
13370,Desktop,Android
13371,Mobile,Android
13372,Mobile,iOS
13373,Mobile,Windows
13374,Mobile,Android
13375,Mobile,iOS
13376,Tablet,Android
13377,Tablet,Android
13378,Desktop,iOS
13379,Desktop,Android
13380,Desktop,Android
13381,Mobile,Windows
13382,Tablet,iOS
13383,Desktop,Android
13384,Desktop,Android
13385,Desktop,macOS
13386,Mobile,iOS
13387,Mobile,iOS
13388,Desktop,macOS
13389,Mobile,macOS
13390,Desktop,Windows
13391,Desktop,Android
13392,Mobile,iOS
13393,Mobile,Android
13394,Mobile,iOS
13395,Desktop,iOS
13396,Desktop,Android
13397,Desktop,Android
13398,Desktop,Android
13399,Desktop,Android
13400,Mobile,Android
13401,Mobile,Android
13402,Desktop,Windows
13403,Desktop,Android
13404,Mobile,Windows
13405,Mobile,Windows
13406,Mobile,iOS
13407,Mobile,Android
13408,Tablet,Android
13409,Mobile,iOS
13410,Desktop,Windows
13411,Tablet,Windows
13412,Mobile,Android
13413,Mobile,iOS
13414,Tablet,iOS
13415,Mobile,Windows
13416,Desktop,Windows
13417,Desktop,Windows
13418,Desktop,Android
13419,Mobile,iOS
13420,Mobile,Windows
13421,Mobile,iOS
13422,Desktop,iOS
13423,Mobile,iOS
13424,Mobile,Android
13425,Mobile,iOS
13426,Mobile,iOS
13427,Mobile,Windows
13428,Mobile,Android
13429,Mobile,iOS
13430,Mobile,macOS
13431,Mobile,Android
13432,Mobile,Android
13433,Mobile,iOS
13434,Desktop,iOS
13435,Desktop,iOS
13436,Desktop,iOS
13437,Mobile,iOS
13438,Mobile,Windows
13439,Desktop,iOS
13440,Mobile,Android
13441,Mobile,Windows
13442,Mobile,iOS
13443,Tablet,Android
13444,Desktop,iOS
13445,Desktop,iOS
13446,Mobile,Android
13447,Mobile,Windows
13448,Desktop,Windows
13449,Desktop,Windows
13450,Desktop,iOS
13451,Mobile,Android
13452,Mobile,Windows
13453,Mobile,Android
13454,Mobile,Android
13455,Mobile,macOS
13456,Tablet,Android
13457,Mobile,Android
13458,Desktop,Android
13459,Mobile,macOS
13460,Mobile,iOS
13461,Desktop,Android
13462,Mobile,Android
13463,Mobile,iOS
13464,Desktop,Windows
13465,Mobile,Windows
13466,Desktop,Android
13467,Desktop,iOS
13468,Mobile,iOS
13469,Mobile,macOS
13470,Desktop,Windows
13471,Desktop,Windows
13472,Mobile,macOS
13473,Mobile,Android
13474,Tablet,macOS
13475,Mobile,Android
13476,Mobile,iOS
13477,Mobile,macOS
13478,Desktop,Windows
13479,Mobile,Android
13480,Mobile,Android
13481,Mobile,Windows
13482,Mobile,Windows
13483,Tablet,Windows
13484,Mobile,Windows
13485,Tablet,Android
13486,Desktop,Android
13487,Tablet,Android
13488,Mobile,Android
13489,Mobile,macOS
13490,Mobile,Android
13491,Mobile,Windows
13492,Mobile,iOS
13493,Mobile,Android
13494,Desktop,Android
13495,Desktop,iOS
13496,Desktop,iOS
13497,Mobile,iOS
13498,Mobile,Windows
13499,Mobile,Android
13500,Tablet,iOS
13501,Mobile,iOS
13502,Mobile,iOS
13503,Mobile,Windows
13504,Mobile,Android
13505,Desktop,Android
13506,Desktop,iOS
13507,Mobile,Windows
13508,Mobile,iOS
13509,Desktop,Android
13510,Mobile,Android
13511,Tablet,Android
13512,Mobile,Android
13513,Mobile,Android
13514,Mobile,Android
13515,Mobile,Android
13516,Desktop,iOS
13517,Mobile,Android
13518,Mobile,Windows
13519,Desktop,Android
13520,Mobile,Windows
13521,Mobile,iOS
13522,Mobile,Android
13523,Mobile,Windows
13524,Mobile,Android
13525,Desktop,macOS
13526,Tablet,Android
13527,Mobile,Windows
13528,Mobile,Android
13529,Mobile,Android
13530,Desktop,iOS
13531,Mobile,Android
13532,Mobile,Android
13533,Desktop,Android
13534,Desktop,Android
13535,Mobile,Android
13536,Mobile,iOS
13537,Mobile,Android
13538,Mobile,Android
13539,Mobile,macOS
13540,Desktop,iOS
13541,Mobile,Android
13542,Mobile,macOS
13543,Desktop,Android
13544,Mobile,Windows
13545,Mobile,Android
13546,Mobile,Android
13547,Mobile,Android
13548,Mobile,Android
13549,Mobile,Android
13550,Tablet,Android
13551,Mobile,Android
13552,Mobile,Android
13553,Mobile,macOS
13554,Tablet,Windows
13555,Mobile,Android
13556,Mobile,Android
13557,Mobile,Android
13558,Desktop,Android
13559,Desktop,Windows
13560,Mobile,Windows
13561,Mobile,Android
13562,Desktop,iOS
13563,Mobile,Android
13564,Mobile,Windows
13565,Desktop,Windows
13566,Mobile,Android
13567,Mobile,Android
13568,Mobile,Windows
13569,Mobile,Windows
13570,Mobile,Windows
13571,Mobile,Android
13572,Desktop,iOS
13573,Mobile,Android
13574,Desktop,Android
13575,Desktop,Android
13576,Mobile,Windows
13577,Mobile,iOS
13578,Mobile,Android
13579,Tablet,Android
13580,Mobile,Android
13581,Mobile,Android
13582,Desktop,iOS
13583,Mobile,Windows
13584,Mobile,Android
13585,Mobile,iOS
13586,Desktop,iOS
13587,Mobile,Android
13588,Tablet,Android
13589,Mobile,Android
13590,Mobile,macOS
13591,Mobile,iOS
13592,Mobile,Windows
13593,Mobile,iOS
13594,Desktop,iOS
13595,Desktop,Android
13596,Desktop,iOS
13597,Desktop,Windows
13598,Mobile,Android
13599,Mobile,macOS
13600,Mobile,Android
13601,Desktop,macOS
13602,Tablet,macOS
13603,Mobile,macOS
13604,Desktop,Windows
13605,Tablet,Windows
13606,Mobile,Windows
13607,Mobile,Windows
13608,Mobile,Windows
13609,Mobile,Android
13610,Mobile,iOS
13611,Mobile,Android
13612,Desktop,Android
13613,Mobile,iOS
13614,Desktop,Windows
13615,Mobile,macOS
13616,Desktop,iOS
13617,Mobile,Android
13618,Tablet,macOS
13619,Desktop,Android
13620,Tablet,Android
13621,Desktop,macOS
13622,Desktop,Android
13623,Desktop,Android
13624,Mobile,iOS
13625,Mobile,iOS
13626,Desktop,Android
13627,Mobile,Android
13628,Mobile,macOS
13629,Desktop,Android
13630,Mobile,iOS
13631,Desktop,iOS
13632,Desktop,Android
13633,Mobile,Android
13634,Mobile,Android
13635,Mobile,iOS
13636,Desktop,Windows
13637,Mobile,iOS
13638,Mobile,iOS
13639,Desktop,Windows
13640,Mobile,Android
13641,Mobile,Windows
13642,Mobile,iOS
13643,Desktop,Windows
13644,Mobile,Windows
13645,Desktop,Android
13646,Mobile,Windows
13647,Tablet,Windows
13648,Mobile,Windows
13649,Mobile,Android
13650,Mobile,Android
13651,Mobile,Android
13652,Mobile,Android
13653,Mobile,iOS
13654,Tablet,iOS
13655,Desktop,iOS
13656,Mobile,Android
13657,Mobile,iOS
13658,Mobile,Android
13659,Mobile,Android
13660,Mobile,Android
13661,Mobile,Android
13662,Desktop,Android
13663,Desktop,Windows
13664,Desktop,Android
13665,Mobile,Android
13666,Mobile,macOS
13667,Tablet,Windows
13668,Mobile,iOS
13669,Mobile,Windows
13670,Mobile,Android
13671,Mobile,iOS
13672,Mobile,Windows
13673,Mobile,iOS
13674,Tablet,Android
13675,Desktop,iOS
13676,Mobile,Android
13677,Mobile,Android
13678,Mobile,macOS
13679,Tablet,macOS
13680,Tablet,iOS
13681,Mobile,iOS
13682,Desktop,Windows
13683,Mobile,Android
13684,Mobile,macOS
13685,Mobile,Windows
13686,Mobile,Windows
13687,Mobile,Windows
13688,Mobile,Android
13689,Desktop,Android
13690,Mobile,Android
13691,Mobile,Android
13692,Mobile,Android
13693,Desktop,Windows
13694,Mobile,Windows
13695,Mobile,Windows
13696,Mobile,Android
13697,Desktop,Android
13698,Mobile,Windows
13699,Desktop,Android
13700,Mobile,iOS
13701,Desktop,Windows
13702,Mobile,Android
13703,Mobile,macOS
13704,Desktop,Android
13705,Desktop,Windows
13706,Mobile,iOS
13707,Mobile,Android
13708,Mobile,Windows
13709,Desktop,Android
13710,Mobile,Android
13711,Desktop,Android
13712,Mobile,iOS
13713,Desktop,Android
13714,Desktop,Windows
13715,Tablet,iOS
13716,Mobile,Windows
13717,Mobile,Android
13718,Mobile,iOS
13719,Mobile,Android
13720,Mobile,Android
13721,Desktop,iOS
13722,Desktop,Android
13723,Mobile,Windows
13724,Mobile,Android
13725,Desktop,Android
13726,Desktop,macOS
13727,Mobile,Android
13728,Mobile,iOS
13729,Mobile,Android
13730,Mobile,macOS
13731,Desktop,macOS
13732,Mobile,Windows
13733,Mobile,Windows
13734,Mobile,Android
13735,Mobile,Android
13736,Mobile,Android
13737,Desktop,Android
13738,Tablet,Android
13739,Mobile,Android
13740,Mobile,Android
13741,Mobile,Android
13742,Mobile,Windows
13743,Mobile,Windows
13744,Mobile,Android
13745,Desktop,macOS
13746,Desktop,Android
13747,Mobile,Android
13748,Mobile,Windows
13749,Desktop,Android
13750,Desktop,iOS
13751,Mobile,Windows
13752,Mobile,Android
13753,Mobile,Android
13754,Desktop,Android
13755,Mobile,Android
13756,Mobile,iOS
13757,Desktop,macOS
13758,Desktop,Windows
13759,Mobile,Android
13760,Mobile,Windows
13761,Mobile,Android
13762,Mobile,iOS
13763,Mobile,Windows
13764,Mobile,Android
13765,Desktop,Android
13766,Mobile,Windows
13767,Mobile,Android
13768,Mobile,macOS
13769,Mobile,iOS
13770,Mobile,Android
13771,Desktop,iOS
13772,Desktop,Android
13773,Desktop,Android
13774,Desktop,Android
13775,Mobile,iOS
13776,Mobile,macOS
13777,Desktop,iOS
13778,Mobile,iOS
13779,Desktop,macOS
13780,Desktop,Android
13781,Mobile,Windows
13782,Mobile,macOS
13783,Mobile,Android
13784,Mobile,Windows
13785,Mobile,macOS
13786,Mobile,Android
13787,Mobile,Android
13788,Tablet,iOS
13789,Desktop,Windows
13790,Desktop,macOS
13791,Mobile,Android
13792,Mobile,Windows
13793,Mobile,Android
13794,Mobile,Android
13795,Desktop,iOS
13796,Mobile,macOS
13797,Desktop,iOS
13798,Mobile,Android
13799,Mobile,Android
13800,Desktop,iOS
13801,Mobile,Android
13802,Mobile,macOS
13803,Tablet,macOS
13804,Mobile,Android
13805,Mobile,Android
13806,Mobile,Android
13807,Tablet,iOS
13808,Desktop,Android
13809,Mobile,Windows
13810,Mobile,Windows
13811,Desktop,Android
13812,Mobile,iOS
13813,Desktop,Windows
13814,Mobile,Windows
13815,Desktop,macOS
13816,Mobile,Android
13817,Mobile,Windows
13818,Desktop,Android
13819,Mobile,iOS
13820,Mobile,Android
13821,Desktop,iOS
13822,Desktop,Android
13823,Mobile,Android
13824,Mobile,macOS
13825,Mobile,iOS
13826,Mobile,Android
13827,Mobile,Android
13828,Mobile,iOS
13829,Mobile,Windows
13830,Mobile,iOS
13831,Mobile,Windows
13832,Mobile,Android
13833,Tablet,Android
13834,Mobile,Windows
13835,Mobile,iOS
13836,Mobile,iOS
13837,Desktop,iOS
13838,Desktop,Android
13839,Mobile,macOS
13840,Desktop,iOS
13841,Desktop,iOS
13842,Mobile,Windows
13843,Desktop,Android
13844,Mobile,Android
13845,Desktop,Android
13846,Tablet,Windows
13847,Desktop,iOS
13848,Mobile,macOS
13849,Mobile,Android
13850,Mobile,Windows
13851,Mobile,Android
13852,Mobile,Android
13853,Mobile,iOS
13854,Mobile,Windows
13855,Desktop,Windows
13856,Mobile,iOS
13857,Mobile,Windows
13858,Mobile,macOS
13859,Desktop,Android
13860,Mobile,iOS
13861,Desktop,iOS
13862,Tablet,Windows
13863,Desktop,Android
13864,Mobile,Android
13865,Mobile,iOS
13866,Mobile,Windows
13867,Mobile,Android
13868,Mobile,iOS
13869,Mobile,iOS
13870,Mobile,iOS
13871,Tablet,Android
13872,Mobile,macOS
13873,Mobile,Windows
13874,Desktop,Android
13875,Mobile,iOS
13876,Desktop,Android
13877,Mobile,macOS
13878,Desktop,iOS
13879,Mobile,Windows
13880,Mobile,iOS
13881,Mobile,Android
13882,Mobile,Android
13883,Desktop,iOS
13884,Mobile,macOS
13885,Mobile,Android
13886,Mobile,Windows
13887,Mobile,Android
13888,Tablet,iOS
13889,Desktop,iOS
13890,Mobile,Windows
13891,Desktop,iOS
13892,Mobile,Windows
13893,Mobile,Android
13894,Tablet,Android
13895,Mobile,iOS
13896,Tablet,Android
13897,Mobile,iOS
13898,Mobile,iOS
13899,Desktop,Windows
13900,Mobile,macOS
13901,Mobile,iOS
13902,Mobile,Windows
13903,Mobile,Android
13904,Mobile,Android
13905,Desktop,iOS
13906,Mobile,Android
13907,Desktop,Windows
13908,Tablet,Android
13909,Desktop,Android
13910,Mobile,Android
13911,Desktop,Android
13912,Desktop,macOS
13913,Mobile,macOS
13914,Desktop,macOS
13915,Mobile,Android
13916,Mobile,Android
13917,Desktop,Android
13918,Mobile,iOS
13919,Mobile,Android
13920,Mobile,Windows
13921,Mobile,Android
13922,Desktop,Android
13923,Mobile,iOS
13924,Mobile,Android
13925,Mobile,Android
13926,Desktop,Windows
13927,Tablet,Android
13928,Mobile,Android
13929,Desktop,iOS
13930,Desktop,Android
13931,Desktop,iOS
13932,Desktop,iOS
13933,Mobile,Android
13934,Mobile,iOS
13935,Mobile,macOS
13936,Desktop,Android
13937,Mobile,Android
13938,Tablet,iOS
13939,Mobile,iOS
13940,Mobile,Android
13941,Desktop,Windows
13942,Tablet,Android
13943,Desktop,iOS
13944,Mobile,Windows
13945,Mobile,iOS
13946,Mobile,Windows
13947,Desktop,Windows
13948,Mobile,macOS
13949,Mobile,iOS
13950,Mobile,iOS
13951,Tablet,Windows
13952,Mobile,iOS
13953,Desktop,iOS
13954,Mobile,macOS
13955,Mobile,Android
13956,Tablet,iOS
13957,Desktop,Android
13958,Mobile,Windows
13959,Mobile,Windows
13960,Desktop,Windows
13961,Mobile,iOS
13962,Mobile,Windows
13963,Desktop,iOS
13964,Mobile,iOS
13965,Mobile,iOS
13966,Tablet,iOS
13967,Mobile,Android
13968,Mobile,iOS
13969,Mobile,Android
13970,Mobile,Android
13971,Mobile,Android
13972,Tablet,iOS
13973,Desktop,iOS
13974,Desktop,Windows
13975,Mobile,Windows
13976,Mobile,Windows
13977,Desktop,iOS
13978,Mobile,iOS
13979,Mobile,iOS
13980,Mobile,iOS
13981,Mobile,Android
13982,Mobile,Android
13983,Mobile,Android
13984,Mobile,Android
13985,Mobile,iOS
13986,Mobile,Android
13987,Mobile,iOS
13988,Desktop,Windows
13989,Mobile,iOS
13990,Mobile,Windows
13991,Mobile,macOS
13992,Mobile,Android
13993,Mobile,Windows
13994,Mobile,macOS
13995,Mobile,iOS
13996,Mobile,macOS
13997,Desktop,Android
13998,Desktop,Android
13999,Desktop,macOS
14000,Desktop,Android
14001,Mobile,Android
14002,Tablet,Android
14003,Mobile,Android
14004,Mobile,iOS
14005,Desktop,Windows
14006,Desktop,Android
14007,Mobile,iOS
14008,Mobile,iOS
14009,Mobile,macOS
14010,Desktop,iOS
14011,Mobile,iOS
14012,Mobile,macOS
14013,Desktop,Windows
14014,Desktop,iOS
14015,Mobile,iOS
14016,Desktop,macOS
14017,Mobile,Android
14018,Tablet,iOS
14019,Mobile,macOS
14020,Desktop,Windows
14021,Mobile,macOS
14022,Mobile,Android
14023,Mobile,Android
14024,Tablet,Windows
14025,Mobile,Android
14026,Mobile,iOS
14027,Mobile,macOS
14028,Mobile,Android
14029,Mobile,Windows
14030,Desktop,Android
14031,Mobile,iOS
14032,Mobile,iOS
14033,Mobile,Android
14034,Mobile,iOS
14035,Tablet,Windows
14036,Mobile,macOS
14037,Desktop,Android
14038,Mobile,iOS
14039,Desktop,macOS
14040,Desktop,Windows
14041,Mobile,Windows
14042,Desktop,iOS
14043,Mobile,Android
14044,Mobile,iOS
14045,Mobile,Android
14046,Desktop,Android
14047,Mobile,iOS
14048,Desktop,Android
14049,Mobile,iOS
14050,Mobile,Windows
14051,Mobile,Android
14052,Mobile,Android
14053,Desktop,iOS
14054,Tablet,iOS
14055,Mobile,iOS
14056,Mobile,macOS
14057,Mobile,iOS
14058,Mobile,Android
14059,Mobile,Windows
14060,Mobile,iOS
14061,Mobile,Windows
14062,Desktop,iOS
14063,Desktop,macOS
14064,Tablet,Android
14065,Desktop,Android
14066,Mobile,Windows
14067,Mobile,Android
14068,Mobile,iOS
14069,Mobile,Android
14070,Mobile,iOS
14071,Mobile,Android
14072,Mobile,Windows
14073,Desktop,Android
14074,Mobile,Android
14075,Mobile,iOS
14076,Mobile,Windows
14077,Mobile,Windows
14078,Mobile,iOS
14079,Desktop,Android
14080,Mobile,Android
14081,Mobile,Android
14082,Mobile,Android
14083,Desktop,Android
14084,Mobile,iOS
14085,Mobile,Windows
14086,Desktop,iOS
14087,Mobile,iOS
14088,Desktop,Android
14089,Desktop,Windows
14090,Mobile,Windows
14091,Mobile,macOS
14092,Desktop,Android
14093,Mobile,macOS
14094,Mobile,Android
14095,Desktop,Windows
14096,Mobile,Android
14097,Mobile,Android
14098,Mobile,iOS
14099,Desktop,Windows
14100,Desktop,Android
14101,Desktop,Android
14102,Mobile,Android
14103,Desktop,Android
14104,Mobile,Windows
14105,Desktop,Windows
14106,Mobile,Android
14107,Tablet,iOS
14108,Mobile,Android
14109,Mobile,Android
14110,Mobile,iOS
14111,Desktop,macOS
14112,Tablet,Windows
14113,Desktop,Android
14114,Desktop,Android
14115,Mobile,iOS
14116,Desktop,Android
14117,Mobile,iOS
14118,Mobile,Windows
14119,Mobile,iOS
14120,Desktop,Android
14121,Mobile,iOS
14122,Desktop,Android
14123,Mobile,Android
14124,Desktop,Android
14125,Tablet,iOS
14126,Desktop,macOS
14127,Mobile,Android
14128,Tablet,macOS
14129,Desktop,Android
14130,Mobile,iOS
14131,Desktop,Windows
14132,Mobile,iOS
14133,Mobile,iOS
14134,Desktop,iOS
14135,Desktop,Windows
14136,Tablet,Windows
14137,Mobile,Android
14138,Desktop,iOS
14139,Mobile,Android
14140,Mobile,Android
14141,Mobile,Windows
14142,Tablet,Windows
14143,Desktop,Android
14144,Desktop,Android
14145,Mobile,Android
14146,Desktop,macOS
14147,Tablet,macOS
14148,Mobile,Windows
14149,Mobile,iOS
14150,Tablet,Android
14151,Mobile,macOS
14152,Desktop,Android
14153,Mobile,iOS
14154,Desktop,macOS
14155,Desktop,Windows
14156,Mobile,Android
14157,Desktop,Android
14158,Desktop,Android
14159,Tablet,iOS
14160,Mobile,iOS
14161,Mobile,Android
14162,Mobile,Android
14163,Desktop,Android
14164,Mobile,macOS
14165,Desktop,Windows
14166,Mobile,Android
14167,Mobile,Android
14168,Desktop,Windows
14169,Mobile,iOS
14170,Mobile,Android
14171,Mobile,iOS
14172,Mobile,Android
14173,Mobile,Android
14174,Mobile,iOS
14175,Mobile,iOS
14176,Desktop,iOS
14177,Mobile,iOS
14178,Mobile,Android
14179,Desktop,Windows
14180,Mobile,Android
14181,Mobile,iOS
14182,Tablet,Android
14183,Mobile,Android
14184,Mobile,Android
14185,Mobile,Android
14186,Desktop,Android
14187,Mobile,Android
14188,Tablet,iOS
14189,Tablet,Windows
14190,Mobile,Android
14191,Mobile,Android
14192,Desktop,macOS
14193,Mobile,Android
14194,Desktop,Android
14195,Tablet,iOS
14196,Mobile,Android
14197,Mobile,Android
14198,Mobile,iOS
14199,Mobile,Android
14200,Mobile,macOS
14201,Mobile,Android
14202,Desktop,Android
14203,Mobile,Android
14204,Desktop,iOS
14205,Mobile,iOS
14206,Tablet,Android
14207,Mobile,Android
14208,Mobile,macOS
14209,Mobile,Windows
14210,Mobile,Android
14211,Tablet,iOS
14212,Mobile,Android
14213,Mobile,Android
14214,Desktop,iOS
14215,Mobile,Android
14216,Mobile,iOS
14217,Mobile,iOS
14218,Desktop,macOS
14219,Mobile,Android
14220,Tablet,macOS
14221,Tablet,iOS
14222,Mobile,Windows
14223,Desktop,macOS
14224,Desktop,iOS
14225,Desktop,iOS
14226,Mobile,Android
14227,Mobile,Android
14228,Mobile,Windows
14229,Mobile,iOS
14230,Desktop,iOS
14231,Mobile,Android
14232,Desktop,Windows
14233,Mobile,Android
14234,Mobile,Windows
14235,Mobile,Windows
14236,Mobile,Android
14237,Desktop,Android
14238,Mobile,iOS
14239,Desktop,Windows
14240,Mobile,Android
14241,Mobile,Android
14242,Mobile,Android
14243,Mobile,macOS
14244,Mobile,Android
14245,Mobile,iOS
14246,Mobile,Windows
14247,Desktop,Android
14248,Mobile,Android
14249,Desktop,Android
14250,Mobile,Android
14251,Desktop,Windows
14252,Mobile,macOS
14253,Mobile,Windows
14254,Mobile,Windows
14255,Mobile,iOS
14256,Desktop,macOS
14257,Mobile,Windows
14258,Mobile,Android
14259,Desktop,Windows
14260,Mobile,iOS
14261,Desktop,iOS
14262,Mobile,Windows
14263,Mobile,Android
14264,Desktop,Windows
14265,Desktop,macOS
14266,Mobile,Android
14267,Desktop,Android
14268,Mobile,Android
14269,Tablet,iOS
14270,Mobile,Android
14271,Mobile,Android
14272,Mobile,Android
14273,Desktop,iOS
14274,Tablet,Android
14275,Mobile,Android
14276,Mobile,iOS
14277,Desktop,iOS
14278,Desktop,Android
14279,Mobile,iOS
14280,Mobile,Android
14281,Mobile,Android
14282,Mobile,Android
14283,Mobile,Windows
14284,Mobile,Windows
14285,Desktop,iOS
14286,Mobile,Windows
14287,Mobile,iOS
14288,Desktop,Android
14289,Desktop,macOS
14290,Mobile,iOS
14291,Desktop,Android
14292,Mobile,Windows
14293,Mobile,Android
14294,Mobile,Android
14295,Mobile,Windows
14296,Desktop,Android
14297,Mobile,Android
14298,Mobile,iOS
14299,Desktop,iOS
14300,Desktop,iOS
14301,Desktop,Android
14302,Mobile,macOS
14303,Mobile,Windows
14304,Tablet,iOS
14305,Desktop,macOS
14306,Desktop,Android
14307,Mobile,Android
14308,Mobile,Windows
14309,Mobile,Android
14310,Desktop,Android
14311,Mobile,iOS
14312,Desktop,Android
14313,Desktop,Android
14314,Mobile,Android
14315,Desktop,Android
14316,Desktop,iOS
14317,Desktop,iOS
14318,Mobile,Android
14319,Desktop,iOS
14320,Tablet,Android
14321,Desktop,Android
14322,Desktop,Windows
14323,Mobile,iOS
14324,Desktop,Android
14325,Mobile,Android
14326,Mobile,macOS
14327,Desktop,Android
14328,Mobile,Android
14329,Mobile,Android
14330,Tablet,macOS
14331,Mobile,iOS
14332,Mobile,Android
14333,Tablet,iOS
14334,Desktop,iOS
14335,Desktop,Android
14336,Mobile,Android
14337,Mobile,Android
14338,Mobile,iOS
14339,Mobile,macOS
14340,Mobile,iOS
14341,Mobile,Windows
14342,Mobile,iOS
14343,Mobile,Windows
14344,Mobile,Windows
14345,Mobile,Android
14346,Mobile,Android
14347,Desktop,Android
14348,Mobile,Android
14349,Desktop,Android
14350,Mobile,Android
14351,Mobile,macOS
14352,Mobile,Windows
14353,Mobile,Android
14354,Mobile,Android
14355,Mobile,Android
14356,Mobile,iOS
14357,Mobile,iOS
14358,Desktop,Android
14359,Mobile,iOS
14360,Desktop,Android
14361,Desktop,Android
14362,Desktop,iOS
14363,Desktop,Windows
14364,Desktop,Android
14365,Desktop,Windows
14366,Desktop,iOS
14367,Mobile,iOS
14368,Mobile,Windows
14369,Desktop,iOS
14370,Desktop,Android
14371,Mobile,Android
14372,Mobile,iOS
14373,Mobile,Windows
14374,Tablet,iOS
14375,Desktop,iOS
14376,Desktop,Windows
14377,Desktop,Windows
14378,Mobile,Android
14379,Mobile,iOS
14380,Desktop,iOS
14381,Mobile,Windows
14382,Mobile,iOS
14383,Mobile,iOS
14384,Mobile,Android
14385,Tablet,iOS
14386,Desktop,Windows
14387,Mobile,Windows
14388,Mobile,iOS
14389,Desktop,macOS
14390,Desktop,macOS
14391,Mobile,Android
14392,Mobile,iOS
14393,Mobile,iOS
14394,Tablet,iOS
14395,Desktop,Android
14396,Mobile,Windows
14397,Mobile,Windows
14398,Mobile,Android
14399,Desktop,Android
14400,Mobile,iOS
14401,Mobile,iOS
14402,Mobile,iOS
14403,Mobile,Android
14404,Mobile,Windows
14405,Mobile,iOS
14406,Tablet,iOS
14407,Mobile,iOS
14408,Mobile,Android
14409,Desktop,Windows
14410,Desktop,iOS
14411,Mobile,macOS
14412,Mobile,Android
14413,Desktop,Windows
14414,Mobile,Android
14415,Mobile,iOS
14416,Mobile,Windows
14417,Desktop,iOS
14418,Mobile,Android
14419,Mobile,Windows
14420,Mobile,Windows
14421,Mobile,Android
14422,Mobile,Android
14423,Mobile,Android
14424,Mobile,Android
14425,Desktop,Android
14426,Tablet,iOS
14427,Mobile,Android
14428,Desktop,Android
14429,Desktop,macOS
14430,Mobile,Android
14431,Desktop,Android
14432,Mobile,macOS
14433,Mobile,iOS
14434,Mobile,Android
14435,Desktop,Android
14436,Mobile,Windows
14437,Mobile,iOS
14438,Mobile,Android
14439,Mobile,macOS
14440,Mobile,Android
14441,Desktop,Android
14442,Desktop,Windows
14443,Mobile,Android
14444,Mobile,Android
14445,Mobile,Android
14446,Mobile,Android
14447,Desktop,iOS
14448,Mobile,Android
14449,Mobile,Android
14450,Mobile,Windows
14451,Mobile,iOS
14452,Mobile,iOS
14453,Desktop,Windows
14454,Tablet,macOS
14455,Desktop,Android
14456,Desktop,iOS
14457,Mobile,macOS
14458,Mobile,Android
14459,Desktop,iOS
14460,Mobile,Windows
14461,Mobile,Android
14462,Mobile,Android
14463,Mobile,Android
14464,Mobile,iOS
14465,Mobile,iOS
14466,Desktop,Android
14467,Mobile,Windows
14468,Desktop,Android
14469,Mobile,Windows
14470,Desktop,Android
14471,Desktop,iOS
14472,Mobile,iOS
14473,Mobile,iOS
14474,Desktop,Android
14475,Mobile,Android
14476,Mobile,iOS
14477,Desktop,Windows
14478,Mobile,iOS
14479,Mobile,Windows
14480,Mobile,Android
14481,Desktop,Android
14482,Mobile,Windows
14483,Tablet,Android
14484,Tablet,Android
14485,Desktop,Android
14486,Mobile,Android
14487,Desktop,Windows
14488,Tablet,Android
14489,Mobile,iOS
14490,Mobile,iOS
14491,Mobile,Android
14492,Tablet,macOS
14493,Tablet,Android
14494,Desktop,Android
14495,Mobile,Android
14496,Mobile,macOS
14497,Mobile,Windows
14498,Desktop,Android
14499,Mobile,iOS
14500,Mobile,iOS
14501,Desktop,Windows
14502,Tablet,Android
14503,Mobile,Windows
14504,Desktop,Android
14505,Mobile,iOS
14506,Mobile,Android
14507,Mobile,macOS
14508,Desktop,Android
14509,Mobile,Android
14510,Tablet,iOS
14511,Desktop,Windows
14512,Mobile,iOS
14513,Tablet,Windows
14514,Mobile,Android
14515,Mobile,Android
14516,Mobile,iOS
14517,Desktop,macOS
14518,Mobile,Windows
14519,Mobile,Windows
14520,Mobile,iOS
14521,Desktop,iOS
14522,Mobile,Android
14523,Mobile,iOS
14524,Mobile,iOS
14525,Desktop,iOS
14526,Mobile,macOS
14527,Desktop,iOS
14528,Desktop,Windows
14529,Desktop,Android
14530,Mobile,iOS
14531,Mobile,iOS
14532,Mobile,iOS
14533,Mobile,macOS
14534,Mobile,Android
14535,Mobile,Android
14536,Desktop,Windows
14537,Desktop,macOS
14538,Mobile,Android
14539,Mobile,Android
14540,Desktop,Android
14541,Desktop,macOS
14542,Desktop,Android
14543,Desktop,iOS
14544,Desktop,Android
14545,Mobile,macOS
14546,Desktop,iOS
14547,Desktop,macOS
14548,Mobile,Windows
14549,Mobile,Android
14550,Mobile,iOS
14551,Tablet,Android
14552,Desktop,Android
14553,Desktop,Windows
14554,Mobile,Android
14555,Mobile,Android
14556,Mobile,iOS
14557,Mobile,Android
14558,Mobile,iOS
14559,Mobile,Android
14560,Mobile,Windows
14561,Mobile,macOS
14562,Mobile,Android
14563,Tablet,iOS
14564,Desktop,Windows
14565,Mobile,macOS
14566,Tablet,Android
14567,Mobile,iOS
14568,Tablet,Android
14569,Tablet,Windows
14570,Tablet,Windows
14571,Mobile,Windows
14572,Desktop,Windows
14573,Desktop,macOS
14574,Desktop,macOS
14575,Desktop,Android
14576,Desktop,Windows
14577,Mobile,Android
14578,Mobile,Windows
14579,Mobile,Windows
14580,Mobile,Windows
14581,Mobile,Android
14582,Desktop,iOS
14583,Desktop,macOS
14584,Mobile,Windows
14585,Desktop,Android
14586,Desktop,Android
14587,Mobile,Android
14588,Desktop,iOS
14589,Desktop,iOS
14590,Mobile,Android
14591,Mobile,Windows
14592,Mobile,Android
14593,Mobile,Android
14594,Mobile,Android
14595,Desktop,iOS
14596,Desktop,iOS
14597,Mobile,iOS
14598,Desktop,iOS
14599,Desktop,Windows
14600,Mobile,macOS
14601,Mobile,iOS
14602,Mobile,Android
14603,Desktop,iOS
14604,Mobile,Android
14605,Desktop,Android
14606,Desktop,Windows
14607,Desktop,Windows
14608,Mobile,Android
14609,Desktop,iOS
14610,Mobile,Android
14611,Mobile,Windows
14612,Desktop,iOS
14613,Mobile,Windows
14614,Desktop,iOS
14615,Tablet,Android
14616,Mobile,Android
14617,Desktop,Windows
14618,Mobile,Android
14619,Mobile,Windows
14620,Mobile,Android
14621,Desktop,Android
14622,Desktop,Android
14623,Desktop,iOS
14624,Mobile,Android
14625,Desktop,iOS
14626,Mobile,macOS
14627,Mobile,macOS
14628,Desktop,macOS
14629,Mobile,iOS
14630,Mobile,macOS
14631,Desktop,iOS
14632,Mobile,Android
14633,Desktop,iOS
14634,Tablet,iOS
14635,Desktop,iOS
14636,Mobile,iOS
14637,Mobile,iOS
14638,Mobile,Windows
14639,Desktop,Windows
14640,Mobile,Windows
14641,Desktop,iOS
14642,Mobile,Android
14643,Mobile,iOS
14644,Tablet,Windows
14645,Desktop,Windows
14646,Mobile,Android
14647,Mobile,macOS
14648,Tablet,Windows
14649,Mobile,Windows
14650,Mobile,Android
14651,Tablet,Android
14652,Mobile,Android
14653,Desktop,Android
14654,Mobile,iOS
14655,Mobile,Windows
14656,Mobile,macOS
14657,Mobile,iOS
14658,Mobile,Android
14659,Desktop,Android
14660,Tablet,Android
14661,Desktop,Android
14662,Mobile,Android
14663,Mobile,Android
14664,Desktop,Android
14665,Mobile,iOS
14666,Mobile,macOS
14667,Mobile,iOS
14668,Tablet,Windows
14669,Mobile,macOS
14670,Desktop,Android
14671,Desktop,Android
14672,Mobile,Windows
14673,Mobile,Android
14674,Desktop,iOS
14675,Mobile,Android
14676,Mobile,Windows
14677,Mobile,Android
14678,Desktop,iOS
14679,Mobile,Android
14680,Mobile,Android
14681,Mobile,macOS
14682,Desktop,iOS
14683,Mobile,macOS
14684,Tablet,Android
14685,Desktop,iOS
14686,Desktop,Android
14687,Mobile,Windows
14688,Mobile,Android
14689,Mobile,Android
14690,Mobile,Android
14691,Mobile,Android
14692,Desktop,Android
14693,Mobile,iOS
14694,Mobile,macOS
14695,Desktop,Android
14696,Mobile,iOS
14697,Desktop,iOS
14698,Mobile,iOS
14699,Desktop,Android
14700,Mobile,macOS
14701,Mobile,Windows
14702,Mobile,Android
14703,Mobile,iOS
14704,Tablet,Windows
14705,Mobile,Windows
14706,Mobile,iOS
14707,Mobile,Android
14708,Mobile,iOS
14709,Mobile,iOS
14710,Mobile,Android
14711,Mobile,macOS
14712,Mobile,Android
14713,Desktop,Windows
14714,Mobile,Windows
14715,Mobile,Android
14716,Mobile,Windows
14717,Desktop,Windows
14718,Mobile,iOS
14719,Mobile,iOS
14720,Desktop,macOS
14721,Mobile,Android
14722,Mobile,Android
14723,Desktop,macOS
14724,Desktop,macOS
14725,Desktop,Android
14726,Tablet,iOS
14727,Mobile,Windows
14728,Tablet,macOS
14729,Mobile,Android
14730,Desktop,iOS
14731,Mobile,iOS
14732,Mobile,macOS
14733,Mobile,Windows
14734,Mobile,Windows
14735,Mobile,Android
14736,Desktop,iOS
14737,Desktop,Android
14738,Mobile,iOS
14739,Mobile,Android
14740,Mobile,Android
14741,Mobile,Windows
14742,Mobile,Android
14743,Mobile,Android
14744,Mobile,Android
14745,Mobile,Windows
14746,Mobile,iOS
14747,Tablet,Android
14748,Mobile,Android
14749,Desktop,Windows
14750,Mobile,Android
14751,Mobile,Android
14752,Tablet,iOS
14753,Tablet,Windows
14754,Desktop,iOS
14755,Mobile,Windows
14756,Mobile,iOS
14757,Desktop,Android
14758,Mobile,Windows
14759,Mobile,iOS
14760,Desktop,Android
14761,Mobile,iOS
14762,Mobile,iOS
14763,Mobile,Windows
14764,Tablet,iOS
14765,Desktop,Android
14766,Desktop,Android
14767,Desktop,Windows
14768,Tablet,Windows
14769,Mobile,Windows
14770,Mobile,Android
14771,Mobile,Android
14772,Mobile,Android
14773,Mobile,iOS
14774,Desktop,Windows
14775,Mobile,macOS
14776,Tablet,Android
14777,Mobile,macOS
14778,Mobile,iOS
14779,Mobile,Android
14780,Desktop,macOS
14781,Mobile,Android
14782,Mobile,Android
14783,Mobile,macOS
14784,Desktop,Windows
14785,Desktop,Android
14786,Mobile,macOS
14787,Desktop,iOS
14788,Mobile,macOS
14789,Desktop,Windows
14790,Mobile,Windows
14791,Desktop,Android
14792,Mobile,Android
14793,Mobile,macOS
14794,Mobile,Android
14795,Desktop,Android
14796,Mobile,Android
14797,Desktop,iOS
14798,Mobile,Windows
14799,Mobile,Windows
14800,Desktop,iOS
14801,Mobile,Android
14802,Mobile,iOS
14803,Mobile,Android
14804,Mobile,Android
14805,Desktop,Android
14806,Mobile,Android
14807,Mobile,iOS
14808,Tablet,Windows
14809,Desktop,iOS
14810,Mobile,macOS
14811,Desktop,macOS
14812,Mobile,Android
14813,Mobile,Android
14814,Mobile,Android
14815,Mobile,iOS
14816,Mobile,Windows
14817,Mobile,Android
14818,Mobile,Android
14819,Mobile,Windows
14820,Mobile,Windows
14821,Mobile,macOS
14822,Desktop,Windows
14823,Mobile,macOS
14824,Mobile,Android
14825,Mobile,Android
14826,Mobile,iOS
14827,Mobile,Android
14828,Mobile,Android
14829,Desktop,iOS
14830,Tablet,Android
14831,Desktop,Windows
14832,Mobile,Windows
14833,Mobile,macOS
14834,Tablet,macOS
14835,Desktop,Android
14836,Desktop,Android
14837,Mobile,Android
14838,Mobile,Android
14839,Mobile,Android
14840,Mobile,macOS
14841,Mobile,Android
14842,Mobile,Windows
14843,Mobile,macOS
14844,Mobile,macOS
14845,Mobile,Android
14846,Desktop,Windows
14847,Desktop,Windows
14848,Mobile,Android
14849,Mobile,iOS
14850,Mobile,iOS
14851,Mobile,Windows
14852,Mobile,Android
14853,Mobile,Windows
14854,Mobile,Android
14855,Mobile,iOS
14856,Desktop,Android
14857,Mobile,Windows
14858,Mobile,Windows
14859,Mobile,Windows
14860,Desktop,Android
14861,Desktop,iOS
14862,Desktop,Android
14863,Mobile,Android
14864,Desktop,Android
14865,Mobile,Windows
14866,Mobile,Windows
14867,Mobile,iOS
14868,Mobile,macOS
14869,Mobile,macOS
14870,Mobile,Android
14871,Mobile,Windows
14872,Mobile,iOS
14873,Tablet,macOS
14874,Mobile,iOS
14875,Desktop,Android
14876,Mobile,iOS
14877,Tablet,iOS
14878,Mobile,Windows
14879,Mobile,Windows
14880,Mobile,Windows
14881,Mobile,Android
14882,Mobile,Windows
14883,Tablet,iOS
14884,Mobile,Android
14885,Desktop,iOS
14886,Desktop,Android
14887,Mobile,macOS
14888,Mobile,iOS
14889,Mobile,Android
14890,Desktop,Android
14891,Desktop,iOS
14892,Mobile,Android
14893,Mobile,Android
14894,Mobile,Android
14895,Desktop,Android
14896,Mobile,iOS
14897,Desktop,Android
14898,Mobile,Windows
14899,Desktop,Android
14900,Desktop,Windows
14901,Desktop,iOS
14902,Desktop,iOS
14903,Desktop,Android
14904,Mobile,Android
14905,Tablet,Android
14906,Mobile,macOS
14907,Desktop,macOS
14908,Mobile,Android
14909,Mobile,Android
14910,Desktop,Android
14911,Mobile,macOS
14912,Tablet,Windows
14913,Desktop,Windows
14914,Tablet,Android
14915,Mobile,iOS
14916,Tablet,Android
14917,Mobile,Windows
14918,Mobile,iOS
14919,Desktop,Android
14920,Desktop,Android
14921,Mobile,iOS
14922,Mobile,Android
14923,Desktop,Windows
14924,Desktop,macOS
14925,Mobile,Windows
14926,Desktop,iOS
14927,Mobile,iOS
14928,Mobile,iOS
14929,Mobile,Android
14930,Mobile,Android
14931,Tablet,iOS
14932,Mobile,iOS
14933,Mobile,Windows
14934,Mobile,iOS
14935,Desktop,Windows
14936,Desktop,iOS
14937,Mobile,Android
14938,Mobile,Windows
14939,Mobile,Windows
14940,Desktop,macOS
14941,Desktop,Android
14942,Desktop,Android
14943,Mobile,Windows
14944,Tablet,Windows
14945,Mobile,macOS
14946,Desktop,Android
14947,Mobile,Android
14948,Desktop,Android
14949,Mobile,macOS
14950,Desktop,Windows
14951,Mobile,Android
14952,Mobile,iOS
14953,Desktop,Android
14954,Desktop,iOS
14955,Desktop,Android
14956,Desktop,Android
14957,Desktop,iOS
14958,Mobile,iOS
14959,Tablet,Android
14960,Desktop,Android
14961,Mobile,Android
14962,Mobile,Android
14963,Mobile,Android
14964,Desktop,Android
14965,Desktop,macOS
14966,Mobile,Windows
14967,Mobile,iOS
14968,Tablet,iOS
14969,Mobile,Windows
14970,Mobile,macOS
14971,Mobile,Android
14972,Mobile,Android
14973,Desktop,macOS
14974,Desktop,Android
14975,Desktop,iOS
14976,Mobile,Android
14977,Mobile,iOS
14978,Desktop,Windows
14979,Mobile,Android
14980,Mobile,Android
14981,Mobile,Android
14982,Desktop,Android
14983,Desktop,Android
14984,Mobile,Android
14985,Mobile,Android
14986,Mobile,Android
14987,Mobile,iOS
14988,Mobile,Android
14989,Mobile,iOS
14990,Desktop,iOS
14991,Mobile,Android
14992,Mobile,iOS
14993,Mobile,Android
14994,Tablet,macOS
14995,Mobile,Android
14996,Mobile,macOS
14997,Desktop,iOS
14998,Mobile,Android
14999,Mobile,Windows
15000,Desktop,Windows
15001,Mobile,Android
15002,Desktop,macOS
15003,Mobile,Android
15004,Mobile,iOS
15005,Desktop,macOS
15006,Desktop,Android
15007,Mobile,Android
15008,Desktop,Android
15009,Mobile,Windows
15010,Desktop,Android
15011,Mobile,iOS
15012,Desktop,macOS
15013,Desktop,Android
15014,Desktop,iOS
15015,Desktop,Android
15016,Tablet,Windows
15017,Mobile,iOS
15018,Desktop,Android
15019,Desktop,Android
15020,Desktop,iOS
15021,Desktop,Android
15022,Tablet,Windows
15023,Tablet,Android
15024,Desktop,macOS
15025,Desktop,iOS
15026,Desktop,Android
15027,Mobile,Android
15028,Mobile,Android
15029,Mobile,iOS
15030,Mobile,Android
15031,Mobile,Android
15032,Mobile,Windows
15033,Mobile,Android
15034,Mobile,macOS
15035,Mobile,Android
15036,Mobile,Android
15037,Mobile,Android
15038,Mobile,iOS
15039,Mobile,macOS
15040,Mobile,Android
15041,Mobile,iOS
15042,Mobile,Android
15043,Tablet,Android
15044,Mobile,macOS
15045,Tablet,iOS
15046,Mobile,Windows
15047,Mobile,Android
15048,Mobile,Android
15049,Mobile,Windows
15050,Desktop,Android
15051,Tablet,iOS
15052,Mobile,Android
15053,Mobile,Android
15054,Mobile,macOS
15055,Mobile,Android
15056,Mobile,macOS
15057,Mobile,Android
15058,Mobile,iOS
15059,Desktop,Android
15060,Mobile,Android
15061,Desktop,iOS
15062,Desktop,Windows
15063,Desktop,Android
15064,Mobile,iOS
15065,Mobile,Android
15066,Mobile,iOS
15067,Mobile,iOS
15068,Tablet,Android
15069,Mobile,Android
15070,Mobile,Android
15071,Mobile,Windows
15072,Desktop,Windows
15073,Tablet,Windows
15074,Desktop,macOS
15075,Mobile,Android
15076,Mobile,Android
15077,Desktop,iOS
15078,Mobile,Windows
15079,Desktop,Windows
15080,Mobile,Windows
15081,Mobile,iOS
15082,Tablet,Windows
15083,Mobile,iOS
15084,Mobile,macOS
15085,Mobile,Windows
15086,Mobile,Windows
15087,Tablet,Android
15088,Mobile,Windows
15089,Mobile,iOS
15090,Mobile,Android
15091,Mobile,iOS
15092,Mobile,macOS
15093,Mobile,iOS
15094,Tablet,Windows
15095,Mobile,Android
15096,Mobile,macOS
15097,Mobile,iOS
15098,Mobile,iOS
15099,Mobile,Android
15100,Desktop,Windows
15101,Mobile,iOS
15102,Desktop,iOS
15103,Mobile,Android
15104,Mobile,Windows
15105,Mobile,Android
15106,Desktop,iOS
15107,Mobile,macOS
15108,Mobile,iOS
15109,Desktop,Android
15110,Mobile,Android
15111,Mobile,iOS
15112,Desktop,Android
15113,Mobile,Android
15114,Mobile,macOS
15115,Desktop,iOS
15116,Mobile,Windows
15117,Mobile,iOS
15118,Desktop,iOS
15119,Mobile,Android
15120,Desktop,Windows
15121,Mobile,macOS
15122,Desktop,Windows
15123,Mobile,iOS
15124,Mobile,Android
15125,Mobile,Android
15126,Mobile,iOS
15127,Mobile,Android
15128,Mobile,iOS
15129,Mobile,macOS
15130,Mobile,Android
15131,Desktop,iOS
15132,Mobile,Windows
15133,Mobile,iOS
15134,Mobile,iOS
15135,Desktop,Windows
15136,Mobile,Windows
15137,Mobile,Android
15138,Mobile,Android
15139,Tablet,Android
15140,Desktop,iOS
15141,Mobile,Android
15142,Mobile,Android
15143,Desktop,Windows
15144,Mobile,iOS
15145,Mobile,macOS
15146,Mobile,Windows
15147,Mobile,macOS
15148,Mobile,Android
15149,Mobile,Android
15150,Tablet,Windows
15151,Mobile,iOS
15152,Desktop,Android
15153,Desktop,iOS
15154,Desktop,macOS
15155,Mobile,Android
15156,Desktop,iOS
15157,Mobile,Android
15158,Desktop,Windows
15159,Desktop,Windows
15160,Mobile,iOS
15161,Mobile,iOS
15162,Mobile,Android
15163,Mobile,Android
15164,Mobile,Windows
15165,Mobile,Android
15166,Mobile,Android
15167,Mobile,Android
15168,Desktop,Windows
15169,Desktop,Android
15170,Mobile,iOS
15171,Desktop,iOS
15172,Desktop,Android
15173,Mobile,Android
15174,Mobile,Android
15175,Mobile,Windows
15176,Mobile,iOS
15177,Desktop,iOS
15178,Mobile,Android
15179,Desktop,Android
15180,Mobile,Android
15181,Mobile,iOS
15182,Desktop,Android
15183,Mobile,iOS
15184,Mobile,iOS
15185,Mobile,Windows
15186,Desktop,Windows
15187,Mobile,macOS
15188,Desktop,macOS
15189,Mobile,macOS
15190,Mobile,Windows
15191,Mobile,iOS
15192,Mobile,Windows
15193,Mobile,Android
15194,Mobile,Android
15195,Desktop,iOS
15196,Mobile,Android
15197,Mobile,Android
15198,Mobile,iOS
15199,Mobile,Android
15200,Desktop,iOS
15201,Desktop,Android
15202,Mobile,macOS
15203,Mobile,Android
15204,Desktop,Android
15205,Desktop,iOS
15206,Mobile,Android
15207,Desktop,Windows
15208,Mobile,Windows
15209,Mobile,Android
15210,Mobile,Android
15211,Mobile,iOS
15212,Desktop,iOS
15213,Mobile,iOS
15214,Mobile,Android
15215,Desktop,Android
15216,Mobile,Android
15217,Desktop,iOS
15218,Desktop,iOS
15219,Desktop,iOS
15220,Mobile,Android
15221,Desktop,macOS
15222,Mobile,Android
15223,Mobile,Windows
15224,Mobile,iOS
15225,Mobile,macOS
15226,Mobile,macOS
15227,Desktop,Android
15228,Desktop,Android
15229,Mobile,Android
15230,Desktop,Windows
15231,Desktop,iOS
15232,Mobile,iOS
15233,Mobile,Android
15234,Tablet,iOS
15235,Mobile,Android
15236,Mobile,iOS
15237,Desktop,Android
15238,Mobile,Windows
15239,Mobile,macOS
15240,Desktop,Android
15241,Mobile,Android
15242,Mobile,iOS
15243,Desktop,Android
15244,Desktop,Android
15245,Mobile,Android
15246,Desktop,iOS
15247,Tablet,Android
15248,Desktop,macOS
15249,Mobile,iOS
15250,Desktop,Android
15251,Mobile,iOS
15252,Mobile,Android
15253,Mobile,Android
15254,Tablet,Android
15255,Mobile,Android
15256,Mobile,Android
15257,Mobile,macOS
15258,Mobile,iOS
15259,Mobile,Android
15260,Mobile,Windows
15261,Mobile,macOS
15262,Mobile,iOS
15263,Mobile,Android
15264,Desktop,Android
15265,Mobile,iOS
15266,Desktop,iOS
15267,Tablet,iOS
15268,Mobile,Windows
15269,Desktop,Android
15270,Desktop,iOS
15271,Mobile,Windows
15272,Mobile,Android
15273,Mobile,macOS
15274,Desktop,Android
15275,Mobile,iOS
15276,Mobile,iOS
15277,Mobile,Windows
15278,Mobile,Android
15279,Desktop,Android
15280,Desktop,macOS
15281,Desktop,Android
15282,Desktop,Android
15283,Mobile,Windows
15284,Mobile,Android
15285,Mobile,macOS
15286,Desktop,iOS
15287,Mobile,Android
15288,Mobile,iOS
15289,Desktop,Windows
15290,Desktop,Android
15291,Mobile,iOS
15292,Mobile,macOS
15293,Desktop,iOS
15294,Desktop,Android
15295,Mobile,Windows
15296,Desktop,iOS
15297,Tablet,Android
15298,Mobile,Android
15299,Mobile,Android
15300,Mobile,Android
15301,Mobile,Android
15302,Desktop,Android
15303,Tablet,macOS
15304,Mobile,Android
15305,Desktop,Android
15306,Desktop,Windows
15307,Mobile,iOS
15308,Mobile,macOS
15309,Mobile,Android
15310,Mobile,iOS
15311,Tablet,Android
15312,Desktop,iOS
15313,Mobile,Android
15314,Tablet,Android
15315,Desktop,Android
15316,Desktop,Android
15317,Desktop,Android
15318,Desktop,Android
15319,Desktop,Android
15320,Mobile,Android
15321,Mobile,Android
15322,Mobile,Android
15323,Desktop,Android
15324,Desktop,Android
15325,Mobile,iOS
15326,Tablet,iOS
15327,Desktop,Android
15328,Mobile,macOS
15329,Mobile,iOS
15330,Tablet,Windows
15331,Mobile,Windows
15332,Desktop,Windows
15333,Desktop,Android
15334,Desktop,Android
15335,Mobile,Android
15336,Desktop,Windows
15337,Desktop,Android
15338,Desktop,Windows
15339,Mobile,Windows
15340,Tablet,Android
15341,Desktop,Android
15342,Mobile,Android
15343,Mobile,iOS
15344,Mobile,Windows
15345,Mobile,Android
15346,Desktop,Android
15347,Mobile,Windows
15348,Mobile,iOS
15349,Mobile,Android
15350,Desktop,Android
15351,Desktop,Android
15352,Desktop,Android
15353,Tablet,iOS
15354,Desktop,Windows
15355,Mobile,Android
15356,Desktop,iOS
15357,Desktop,Android
15358,Tablet,Android
15359,Mobile,Windows
15360,Mobile,Android
15361,Mobile,Windows
15362,Desktop,iOS
15363,Desktop,Android
15364,Mobile,macOS
15365,Mobile,Android
15366,Mobile,Windows
15367,Tablet,iOS
15368,Mobile,iOS
15369,Mobile,Android
15370,Desktop,macOS
15371,Tablet,Android
15372,Tablet,Android
15373,Mobile,Windows
15374,Mobile,Windows
15375,Mobile,iOS
15376,Desktop,Windows
15377,Mobile,macOS
15378,Mobile,iOS
15379,Mobile,Android
15380,Mobile,Windows
15381,Mobile,Windows
15382,Tablet,Android
15383,Mobile,Android
15384,Desktop,Android
15385,Tablet,Android
15386,Tablet,iOS
15387,Mobile,Windows
15388,Mobile,Windows
15389,Desktop,Android
15390,Desktop,Android
15391,Mobile,Windows
15392,Mobile,macOS
15393,Mobile,Android
15394,Mobile,Windows
15395,Desktop,iOS
15396,Mobile,Android
15397,Desktop,iOS
15398,Mobile,Android
15399,Mobile,Android
15400,Mobile,iOS
15401,Mobile,Android
15402,Tablet,iOS
15403,Mobile,Android
15404,Mobile,iOS
15405,Mobile,iOS
15406,Tablet,Windows
15407,Desktop,macOS
15408,Mobile,iOS
15409,Mobile,Android
15410,Mobile,Android
15411,Mobile,iOS
15412,Mobile,Windows
15413,Mobile,Android
15414,Mobile,iOS
15415,Desktop,Android
15416,Desktop,macOS
15417,Mobile,Android
15418,Mobile,iOS
15419,Desktop,Android
15420,Mobile,macOS
15421,Desktop,iOS
15422,Mobile,iOS
15423,Mobile,Android
15424,Mobile,Android
15425,Mobile,Windows
15426,Mobile,Android
15427,Mobile,Android
15428,Mobile,iOS
15429,Mobile,Windows
15430,Mobile,Android
15431,Desktop,iOS
15432,Desktop,Windows
15433,Mobile,Windows
15434,Mobile,iOS
15435,Desktop,Android
15436,Mobile,iOS
15437,Mobile,Android
15438,Tablet,Android
15439,Desktop,macOS
15440,Mobile,Android
15441,Desktop,Android
15442,Tablet,macOS
15443,Mobile,Android
15444,Mobile,macOS
15445,Mobile,Android
15446,Mobile,Android
15447,Mobile,macOS
15448,Mobile,Android
15449,Desktop,Windows
15450,Mobile,Android
15451,Mobile,macOS
15452,Tablet,Android
15453,Desktop,Windows
15454,Desktop,macOS
15455,Mobile,Android
15456,Mobile,iOS
15457,Desktop,Windows
15458,Mobile,Android
15459,Desktop,iOS
15460,Mobile,Windows
15461,Mobile,Android
15462,Mobile,Android
15463,Tablet,macOS
15464,Tablet,iOS
15465,Desktop,iOS
15466,Mobile,Windows
15467,Desktop,iOS
15468,Desktop,macOS
15469,Mobile,macOS
15470,Mobile,Android
15471,Desktop,Android
15472,Desktop,Android
15473,Mobile,Android
15474,Mobile,Windows
15475,Mobile,Android
15476,Mobile,Android
15477,Mobile,Windows
15478,Desktop,macOS
15479,Mobile,macOS
15480,Mobile,Android
15481,Desktop,iOS
15482,Mobile,macOS
15483,Mobile,Android
15484,Mobile,iOS
15485,Mobile,Windows
15486,Mobile,Android
15487,Tablet,Android
15488,Mobile,Android
15489,Desktop,Android
15490,Mobile,Windows
15491,Mobile,Android
15492,Mobile,Android
15493,Mobile,Android
15494,Desktop,Android
15495,Desktop,Android
15496,Mobile,Android
15497,Mobile,iOS
15498,Mobile,iOS
15499,Tablet,Android
15500,Mobile,macOS
15501,Mobile,iOS
15502,Mobile,Android
15503,Mobile,Android
15504,Mobile,iOS
15505,Mobile,iOS
15506,Mobile,Windows
15507,Mobile,Android
15508,Mobile,Android
15509,Mobile,Windows
15510,Mobile,iOS
15511,Desktop,Android
15512,Mobile,iOS
15513,Mobile,macOS
15514,Mobile,Windows
15515,Mobile,Android
15516,Mobile,Android
15517,Desktop,iOS
15518,Desktop,Android
15519,Mobile,Android
15520,Mobile,Android
15521,Mobile,Windows
15522,Mobile,Android
15523,Mobile,iOS
15524,Mobile,iOS
15525,Mobile,iOS
15526,Mobile,macOS
15527,Mobile,iOS
15528,Mobile,Windows
15529,Desktop,macOS
15530,Desktop,macOS
15531,Desktop,Windows
15532,Tablet,iOS
15533,Desktop,Android
15534,Mobile,Android
15535,Desktop,iOS
15536,Tablet,iOS
15537,Tablet,iOS
15538,Mobile,Android
15539,Mobile,iOS
15540,Mobile,Windows
15541,Desktop,iOS
15542,Mobile,iOS
15543,Mobile,iOS
15544,Mobile,iOS
15545,Mobile,Android
15546,Desktop,Android
15547,Mobile,Android
15548,Mobile,iOS
15549,Mobile,Android
15550,Desktop,Windows
15551,Desktop,iOS
15552,Mobile,iOS
15553,Mobile,Android
15554,Mobile,Android
15555,Mobile,Android
15556,Desktop,Android
15557,Tablet,Android
15558,Desktop,Android
15559,Mobile,Windows
15560,Mobile,Android
15561,Mobile,iOS
15562,Desktop,Android
15563,Desktop,Android
15564,Mobile,Windows
15565,Mobile,macOS
15566,Mobile,Windows
15567,Tablet,Windows
15568,Desktop,Windows
15569,Desktop,Android
15570,Mobile,iOS
15571,Mobile,iOS
15572,Mobile,Windows
15573,Mobile,Android
15574,Mobile,Android
15575,Desktop,Windows
15576,Desktop,macOS
15577,Desktop,Android
15578,Mobile,Android
15579,Mobile,Android
15580,Desktop,Windows
15581,Mobile,iOS
15582,Mobile,Android
15583,Desktop,Android
15584,Mobile,Android
15585,Desktop,iOS
15586,Desktop,Android
15587,Mobile,Windows
15588,Mobile,Android
15589,Desktop,Android
15590,Desktop,Android
15591,Desktop,Android
15592,Mobile,Android
15593,Desktop,iOS
15594,Mobile,Android
15595,Desktop,Android
15596,Desktop,Android
15597,Mobile,Android
15598,Desktop,Android
15599,Tablet,Android
15600,Mobile,Android
15601,Mobile,Android
15602,Mobile,Android
15603,Mobile,macOS
15604,Mobile,iOS
15605,Desktop,Android
15606,Mobile,iOS
15607,Mobile,Windows
15608,Mobile,iOS
15609,Mobile,Android
15610,Mobile,Android
15611,Mobile,iOS
15612,Mobile,iOS
15613,Mobile,Windows
15614,Desktop,Android
15615,Mobile,iOS
15616,Mobile,Android
15617,Mobile,iOS
15618,Mobile,Windows
15619,Mobile,Android
15620,Desktop,Windows
15621,Desktop,Android
15622,Mobile,iOS
15623,Desktop,Windows
15624,Desktop,Android
15625,Mobile,macOS
15626,Mobile,macOS
15627,Desktop,Windows
15628,Desktop,Windows
15629,Tablet,Android
15630,Mobile,macOS
15631,Mobile,Android
15632,Mobile,Android
15633,Mobile,Android
15634,Mobile,iOS
15635,Desktop,macOS
15636,Desktop,iOS
15637,Mobile,Windows
15638,Mobile,iOS
15639,Desktop,Android
15640,Mobile,Android
15641,Mobile,iOS
15642,Desktop,Android
15643,Desktop,Android
15644,Mobile,Windows
15645,Mobile,Windows
15646,Mobile,iOS
15647,Mobile,Windows
15648,Mobile,iOS
15649,Mobile,iOS
15650,Mobile,Android
15651,Desktop,iOS
15652,Mobile,iOS
15653,Mobile,Android
15654,Desktop,Windows
15655,Mobile,iOS
15656,Mobile,Android
15657,Desktop,Android
15658,Tablet,Android
15659,Desktop,Windows
15660,Desktop,Android
15661,Tablet,iOS
15662,Mobile,Android
15663,Mobile,iOS
15664,Desktop,iOS
15665,Desktop,Android
15666,Tablet,iOS
15667,Mobile,Windows
15668,Mobile,Android
15669,Desktop,Android
15670,Mobile,iOS
15671,Mobile,macOS
15672,Mobile,macOS
15673,Desktop,iOS
15674,Mobile,Android
15675,Mobile,iOS
15676,Desktop,Windows
15677,Mobile,iOS
15678,Mobile,Android
15679,Mobile,Windows
15680,Mobile,Windows
15681,Desktop,macOS
15682,Mobile,iOS
15683,Desktop,Android
15684,Tablet,macOS
15685,Mobile,Windows
15686,Mobile,Android
15687,Mobile,Windows
15688,Desktop,Android
15689,Desktop,Android
15690,Mobile,iOS
15691,Mobile,Windows
15692,Desktop,Android
15693,Desktop,macOS
15694,Mobile,macOS
15695,Desktop,Android
15696,Mobile,Android
15697,Mobile,Windows
15698,Mobile,Android
15699,Mobile,Windows
15700,Mobile,Windows
15701,Mobile,iOS
15702,Mobile,Windows
15703,Desktop,iOS
15704,Mobile,Android
15705,Desktop,iOS
15706,Mobile,iOS
15707,Desktop,Android
15708,Mobile,iOS
15709,Desktop,iOS
15710,Mobile,Android
15711,Desktop,Android
15712,Mobile,Android
15713,Desktop,Windows
15714,Desktop,iOS
15715,Desktop,Android
15716,Mobile,Android
15717,Mobile,iOS
15718,Desktop,Android
15719,Mobile,iOS
15720,Mobile,Android
15721,Mobile,Android
15722,Mobile,Windows
15723,Desktop,macOS
15724,Tablet,Android
15725,Mobile,macOS
15726,Tablet,macOS
15727,Mobile,macOS
15728,Mobile,Android
15729,Desktop,macOS
15730,Mobile,Android
15731,Mobile,Android
15732,Mobile,iOS
15733,Mobile,Android
15734,Desktop,Android
15735,Desktop,Windows
15736,Tablet,Android
15737,Mobile,Windows
15738,Mobile,Windows
15739,Mobile,iOS
15740,Mobile,Windows
15741,Mobile,macOS
15742,Tablet,iOS
15743,Desktop,Android
15744,Mobile,Android
15745,Mobile,Android
15746,Mobile,Android
15747,Desktop,Android
15748,Mobile,iOS
15749,Mobile,iOS
15750,Mobile,iOS
15751,Mobile,macOS
15752,Mobile,iOS
15753,Mobile,Android
15754,Mobile,Android
15755,Mobile,Android
15756,Mobile,Android
15757,Desktop,Android
15758,Desktop,Android
15759,Desktop,iOS
15760,Mobile,Android
15761,Mobile,macOS
15762,Desktop,Windows
15763,Mobile,Windows
15764,Tablet,iOS
15765,Desktop,Android
15766,Mobile,Android
15767,Mobile,Android
15768,Mobile,Android
15769,Mobile,Android
15770,Mobile,Windows
15771,Mobile,Android
15772,Mobile,Android
15773,Mobile,Android
15774,Mobile,Android
15775,Tablet,macOS
15776,Mobile,iOS
15777,Mobile,Android
15778,Desktop,Android
15779,Mobile,Windows
15780,Desktop,Windows
15781,Tablet,iOS
15782,Mobile,Android
15783,Mobile,macOS
15784,Desktop,Android
15785,Mobile,iOS
15786,Mobile,Android
15787,Tablet,Windows
15788,Mobile,macOS
15789,Mobile,iOS
15790,Mobile,Windows
15791,Desktop,iOS
15792,Desktop,iOS
15793,Mobile,Android
15794,Mobile,Android
15795,Tablet,Android
15796,Desktop,iOS
15797,Desktop,Android
15798,Mobile,macOS
15799,Mobile,Android
15800,Mobile,Android
15801,Desktop,Android
15802,Desktop,Android
15803,Desktop,macOS
15804,Desktop,iOS
15805,Tablet,iOS
15806,Mobile,macOS
15807,Desktop,macOS
15808,Mobile,Android
15809,Mobile,iOS
15810,Mobile,Android
15811,Mobile,Android
15812,Mobile,iOS
15813,Mobile,Android
15814,Desktop,Windows
15815,Mobile,Windows
15816,Desktop,Android
15817,Desktop,Android
15818,Tablet,Windows
15819,Tablet,iOS
15820,Tablet,iOS
15821,Mobile,Android
15822,Desktop,Android
15823,Mobile,Windows
15824,Mobile,macOS
15825,Mobile,Android
15826,Desktop,macOS
15827,Desktop,iOS
15828,Desktop,Windows
15829,Mobile,Windows
15830,Tablet,iOS
15831,Mobile,Android
15832,Tablet,iOS
15833,Mobile,Android
15834,Mobile,iOS
15835,Mobile,iOS
15836,Mobile,iOS
15837,Mobile,Android
15838,Desktop,Android
15839,Desktop,iOS
15840,Desktop,iOS
15841,Mobile,Windows
15842,Mobile,Windows
15843,Mobile,Windows
15844,Mobile,macOS
15845,Mobile,Windows
15846,Mobile,macOS
15847,Mobile,Windows
15848,Mobile,Android
15849,Mobile,Android
15850,Desktop,Android
15851,Desktop,Android
15852,Desktop,iOS
15853,Mobile,Windows
15854,Mobile,Android
15855,Mobile,macOS
15856,Mobile,Android
15857,Desktop,Android
15858,Tablet,Android
15859,Mobile,Windows
15860,Mobile,Android
15861,Desktop,iOS
15862,Mobile,Windows
15863,Mobile,Android
15864,Mobile,Windows
15865,Tablet,macOS
15866,Mobile,iOS
15867,Mobile,Android
15868,Mobile,macOS
15869,Mobile,Android
15870,Mobile,Android
15871,Mobile,iOS
15872,Desktop,macOS
15873,Mobile,Android
15874,Mobile,Android
15875,Mobile,iOS
15876,Desktop,Android
15877,Mobile,macOS
15878,Mobile,iOS
15879,Desktop,Android
15880,Mobile,Windows
15881,Desktop,Android
15882,Mobile,Windows
15883,Mobile,iOS
15884,Desktop,Android
15885,Mobile,Windows
15886,Mobile,iOS
15887,Mobile,Android
15888,Mobile,Android
15889,Mobile,Android
15890,Mobile,Android
15891,Desktop,iOS
15892,Mobile,Android
15893,Mobile,Android
15894,Mobile,iOS
15895,Mobile,iOS
15896,Desktop,iOS
15897,Desktop,Windows
15898,Mobile,Android
15899,Mobile,iOS
15900,Mobile,Windows
15901,Mobile,iOS
15902,Mobile,iOS
15903,Mobile,Windows
15904,Tablet,macOS
15905,Mobile,Windows
15906,Mobile,Android
15907,Mobile,Windows
15908,Mobile,Android
15909,Mobile,Android
15910,Mobile,iOS
15911,Tablet,iOS
15912,Desktop,Android
15913,Desktop,macOS
15914,Mobile,Windows
15915,Desktop,Android
15916,Mobile,Windows
15917,Mobile,iOS
15918,Mobile,iOS
15919,Desktop,Android
15920,Mobile,macOS
15921,Desktop,Android
15922,Mobile,Android
15923,Desktop,iOS
15924,Mobile,Android
15925,Mobile,Windows
15926,Mobile,Windows
15927,Desktop,Android
15928,Mobile,Android
15929,Mobile,iOS
15930,Mobile,iOS
15931,Tablet,macOS
15932,Mobile,iOS
15933,Mobile,macOS
15934,Mobile,Windows
15935,Desktop,iOS
15936,Mobile,Android
15937,Desktop,Windows
15938,Desktop,Windows
15939,Mobile,Android
15940,Mobile,Android
15941,Mobile,iOS
15942,Mobile,Android
15943,Mobile,Windows
15944,Mobile,Android
15945,Mobile,iOS
15946,Mobile,Android
15947,Mobile,Windows
15948,Mobile,Android
15949,Mobile,iOS
15950,Mobile,iOS
15951,Mobile,Android
15952,Tablet,iOS
15953,Mobile,Android
15954,Mobile,macOS
15955,Mobile,macOS
15956,Mobile,iOS
15957,Desktop,Android
15958,Mobile,Android
15959,Mobile,iOS
15960,Desktop,iOS
15961,Mobile,iOS
15962,Tablet,Windows
15963,Mobile,iOS
15964,Mobile,Windows
15965,Mobile,Android
15966,Mobile,iOS
15967,Mobile,Windows
15968,Tablet,iOS
15969,Mobile,Android
15970,Mobile,Windows
15971,Mobile,Android
15972,Mobile,Android
15973,Mobile,iOS
15974,Desktop,Android
15975,Mobile,Android
15976,Mobile,Windows
15977,Mobile,iOS
15978,Mobile,iOS
15979,Desktop,Android
15980,Mobile,Android
15981,Desktop,Windows
15982,Mobile,Android
15983,Desktop,iOS
15984,Mobile,iOS
15985,Desktop,iOS
15986,Mobile,Android
15987,Desktop,Windows
15988,Mobile,Windows
15989,Tablet,Windows
15990,Mobile,Android
15991,Mobile,Android
15992,Mobile,Android
15993,Mobile,macOS
15994,Mobile,iOS
15995,Mobile,Windows
15996,Tablet,iOS
15997,Mobile,Windows
15998,Mobile,Android
15999,Mobile,Windows
16000,Desktop,Windows
16001,Mobile,iOS
16002,Desktop,Android
16003,Mobile,Windows
16004,Desktop,macOS
16005,Desktop,Android
16006,Mobile,Windows
16007,Desktop,Android
16008,Desktop,Android
16009,Mobile,Android
16010,Mobile,Android
16011,Mobile,Android
16012,Mobile,iOS
16013,Mobile,macOS
16014,Mobile,iOS
16015,Mobile,Windows
16016,Desktop,Windows
16017,Mobile,macOS
16018,Mobile,Windows
16019,Mobile,Android
16020,Mobile,Windows
16021,Desktop,Android
16022,Desktop,iOS
16023,Mobile,Windows
16024,Tablet,Android
16025,Mobile,Windows
16026,Mobile,Android
16027,Desktop,Android
16028,Mobile,iOS
16029,Mobile,Android
16030,Mobile,Windows
16031,Mobile,Windows
16032,Mobile,Android
16033,Mobile,iOS
16034,Mobile,iOS
16035,Mobile,Windows
16036,Mobile,iOS
16037,Desktop,macOS
16038,Mobile,iOS
16039,Tablet,iOS
16040,Mobile,iOS
16041,Mobile,Android
16042,Mobile,iOS
16043,Desktop,iOS
16044,Mobile,Android
16045,Mobile,iOS
16046,Mobile,macOS
16047,Mobile,macOS
16048,Desktop,Windows
16049,Mobile,Android
16050,Desktop,iOS
16051,Mobile,iOS
16052,Mobile,Android
16053,Mobile,Android
16054,Mobile,Windows
16055,Mobile,Windows
16056,Mobile,Android
16057,Mobile,Windows
16058,Desktop,macOS
16059,Mobile,macOS
16060,Mobile,Windows
16061,Mobile,macOS
16062,Desktop,iOS
16063,Mobile,iOS
16064,Mobile,iOS
16065,Desktop,Android
16066,Mobile,Android
16067,Mobile,iOS
16068,Desktop,Windows
16069,Mobile,Windows
16070,Mobile,Android
16071,Desktop,Android
16072,Desktop,Android
16073,Desktop,Windows
16074,Mobile,Android
16075,Mobile,iOS
16076,Mobile,Android
16077,Tablet,iOS
16078,Mobile,Windows
16079,Mobile,macOS
16080,Tablet,Android
16081,Desktop,macOS
16082,Desktop,Windows
16083,Mobile,iOS
16084,Desktop,iOS
16085,Desktop,macOS
16086,Tablet,Android
16087,Desktop,Windows
16088,Mobile,macOS
16089,Tablet,iOS
16090,Desktop,iOS
16091,Mobile,iOS
16092,Desktop,iOS
16093,Desktop,macOS
16094,Desktop,Android
16095,Desktop,Android
16096,Tablet,Windows
16097,Mobile,iOS
16098,Desktop,Windows
16099,Desktop,iOS
16100,Desktop,iOS
16101,Mobile,Windows
16102,Desktop,Windows
16103,Desktop,Windows
16104,Desktop,Android
16105,Tablet,Android
16106,Mobile,Windows
16107,Mobile,iOS
16108,Tablet,macOS
16109,Tablet,Android
16110,Mobile,Android
16111,Mobile,iOS
16112,Mobile,iOS
16113,Mobile,iOS
16114,Mobile,Windows
16115,Desktop,Android
16116,Mobile,iOS
16117,Desktop,Android
16118,Mobile,Windows
16119,Mobile,Android
16120,Mobile,Android
16121,Mobile,iOS
16122,Desktop,iOS
16123,Mobile,Android
16124,Mobile,Android
16125,Mobile,Android
16126,Mobile,Android
16127,Desktop,Windows
16128,Mobile,Windows
16129,Mobile,Android
16130,Tablet,Android
16131,Mobile,iOS
16132,Mobile,Android
16133,Mobile,Android
16134,Tablet,Android
16135,Mobile,iOS
16136,Desktop,macOS
16137,Mobile,Android
16138,Mobile,Windows
16139,Mobile,Android
16140,Tablet,iOS
16141,Mobile,Android
16142,Mobile,Windows
16143,Mobile,macOS
16144,Desktop,iOS
16145,Tablet,Windows
16146,Mobile,iOS
16147,Desktop,Android
16148,Mobile,Windows
16149,Tablet,Android
16150,Mobile,Android
16151,Desktop,iOS
16152,Mobile,Windows
16153,Desktop,macOS
16154,Desktop,Android
16155,Mobile,iOS
16156,Mobile,macOS
16157,Desktop,iOS
16158,Desktop,Android
16159,Mobile,iOS
16160,Mobile,Windows
16161,Desktop,Windows
16162,Mobile,Windows
16163,Mobile,iOS
16164,Mobile,Windows
16165,Mobile,Android
16166,Desktop,Android
16167,Mobile,Android
16168,Desktop,macOS
16169,Tablet,Windows
16170,Mobile,Android
16171,Desktop,iOS
16172,Mobile,Windows
16173,Desktop,Android
16174,Tablet,Windows
16175,Mobile,Windows
16176,Tablet,iOS
16177,Mobile,iOS
16178,Tablet,Windows
16179,Mobile,iOS
16180,Desktop,Android
16181,Desktop,iOS
16182,Tablet,Android
16183,Desktop,iOS
16184,Mobile,Windows
16185,Mobile,Android
16186,Tablet,Android
16187,Desktop,iOS
16188,Desktop,Windows
16189,Mobile,iOS
16190,Mobile,Android
16191,Desktop,Android
16192,Desktop,Android
16193,Desktop,Android
16194,Mobile,Android
16195,Mobile,Windows
16196,Desktop,iOS
16197,Desktop,Android
16198,Desktop,Android
16199,Mobile,Android
16200,Desktop,iOS
16201,Mobile,macOS
16202,Mobile,Android
16203,Mobile,iOS
16204,Desktop,Android
16205,Desktop,Android
16206,Mobile,Android
16207,Desktop,iOS
16208,Mobile,iOS
16209,Desktop,Android
16210,Desktop,macOS
16211,Mobile,iOS
16212,Mobile,Android
16213,Desktop,iOS
16214,Mobile,macOS
16215,Mobile,iOS
16216,Mobile,Windows
16217,Desktop,Android
16218,Desktop,iOS
16219,Mobile,Windows
16220,Desktop,Android
16221,Desktop,Windows
16222,Desktop,Android
16223,Desktop,Windows
16224,Tablet,Windows
16225,Tablet,Android
16226,Desktop,iOS
16227,Mobile,Windows
16228,Tablet,macOS
16229,Mobile,Android
16230,Mobile,iOS
16231,Mobile,Android
16232,Desktop,Windows
16233,Mobile,Android
16234,Tablet,Windows
16235,Mobile,Windows
16236,Mobile,iOS
16237,Desktop,iOS
16238,Mobile,iOS
16239,Mobile,Android
16240,Mobile,iOS
16241,Mobile,iOS
16242,Desktop,Android
16243,Desktop,Android
16244,Desktop,Android
16245,Mobile,Windows
16246,Tablet,Android
16247,Mobile,iOS
16248,Mobile,Windows
16249,Mobile,Android
16250,Mobile,Windows
16251,Mobile,iOS
16252,Mobile,macOS
16253,Desktop,Android
16254,Mobile,Android
16255,Mobile,macOS
16256,Mobile,macOS
16257,Desktop,Android
16258,Mobile,iOS
16259,Mobile,iOS
16260,Desktop,Android
16261,Desktop,iOS
16262,Desktop,Android
16263,Mobile,Android
16264,Mobile,iOS
16265,Mobile,Android
16266,Mobile,iOS
16267,Desktop,Windows
16268,Desktop,Android
16269,Mobile,Windows
16270,Mobile,Windows
16271,Mobile,Android
16272,Mobile,Android
16273,Tablet,iOS
16274,Tablet,Android
16275,Desktop,Android
16276,Mobile,Windows
16277,Tablet,macOS
16278,Desktop,iOS
16279,Desktop,Android
16280,Mobile,iOS
16281,Tablet,Android
16282,Mobile,iOS
16283,Desktop,Android
16284,Tablet,iOS
16285,Mobile,macOS
16286,Desktop,Android
16287,Mobile,iOS
16288,Mobile,Windows
16289,Mobile,Android
16290,Desktop,Windows
16291,Mobile,iOS
16292,Desktop,iOS
16293,Mobile,Android
16294,Desktop,Android
16295,Desktop,iOS
16296,Mobile,iOS
16297,Mobile,Android
16298,Desktop,Windows
16299,Mobile,Windows
16300,Mobile,Android
16301,Tablet,Windows
16302,Mobile,Windows
16303,Desktop,Windows
16304,Mobile,Windows
16305,Desktop,Android
16306,Tablet,macOS
16307,Mobile,macOS
16308,Mobile,Android
16309,Mobile,Android
16310,Mobile,Android
16311,Tablet,iOS
16312,Desktop,iOS
16313,Mobile,Android
16314,Mobile,Android
16315,Desktop,Windows
16316,Desktop,Android
16317,Desktop,iOS
16318,Tablet,iOS
16319,Mobile,Android
16320,Mobile,iOS
16321,Desktop,Windows
16322,Tablet,iOS
16323,Mobile,iOS
16324,Mobile,Android
16325,Mobile,Windows
16326,Mobile,Android
16327,Mobile,Windows
16328,Mobile,Android
16329,Desktop,iOS
16330,Tablet,Android
16331,Mobile,Android
16332,Desktop,Android
16333,Mobile,Android
16334,Mobile,Android
16335,Mobile,Windows
16336,Desktop,macOS
16337,Mobile,Android
16338,Mobile,iOS
16339,Desktop,iOS
16340,Desktop,Android
16341,Mobile,Android
16342,Mobile,Windows
16343,Desktop,Android
16344,Mobile,iOS
16345,Mobile,Android
16346,Mobile,macOS
16347,Desktop,Windows
16348,Desktop,Windows
16349,Mobile,Windows
16350,Mobile,Windows
16351,Desktop,Android
16352,Desktop,Android
16353,Mobile,Android
16354,Mobile,macOS
16355,Desktop,Android
16356,Mobile,Windows
16357,Mobile,macOS
16358,Mobile,Android
16359,Desktop,iOS
16360,Desktop,Android
16361,Desktop,Android
16362,Mobile,Android
16363,Mobile,iOS
16364,Mobile,Android
16365,Mobile,iOS
16366,Desktop,Android
16367,Tablet,iOS
16368,Mobile,macOS
16369,Desktop,iOS
16370,Mobile,iOS
16371,Desktop,iOS
16372,Mobile,Android
16373,Mobile,iOS
16374,Mobile,Android
16375,Mobile,iOS
16376,Desktop,macOS
16377,Mobile,Android
16378,Mobile,Android
16379,Mobile,Windows
16380,Mobile,Android
16381,Desktop,iOS
16382,Mobile,Android
16383,Tablet,macOS
16384,Desktop,iOS
16385,Tablet,macOS
16386,Mobile,Android
16387,Mobile,Windows
16388,Desktop,iOS
16389,Mobile,Android
16390,Mobile,Android
16391,Mobile,iOS
16392,Desktop,Android
16393,Mobile,iOS
16394,Mobile,Android
16395,Desktop,Android
16396,Mobile,Android
16397,Mobile,Windows
16398,Mobile,Android
16399,Mobile,Android
16400,Mobile,Android
16401,Mobile,Android
16402,Desktop,macOS
16403,Desktop,Android
16404,Tablet,Windows
16405,Mobile,iOS
16406,Mobile,Windows
16407,Desktop,iOS
16408,Tablet,Windows
16409,Mobile,iOS
16410,Mobile,Android
16411,Mobile,Android
16412,Mobile,iOS
16413,Desktop,iOS
16414,Mobile,Windows
16415,Mobile,iOS
16416,Mobile,iOS
16417,Mobile,macOS
16418,Mobile,Windows
16419,Mobile,Windows
16420,Mobile,Android
16421,Desktop,Android
16422,Mobile,Android
16423,Mobile,Windows
16424,Mobile,macOS
16425,Mobile,macOS
16426,Mobile,iOS
16427,Mobile,Android
16428,Desktop,Windows
16429,Mobile,Windows
16430,Mobile,Android
16431,Mobile,Android
16432,Desktop,macOS
16433,Desktop,macOS
16434,Desktop,Windows
16435,Desktop,iOS
16436,Mobile,macOS
16437,Mobile,iOS
16438,Mobile,Android
16439,Mobile,iOS
16440,Desktop,Windows
16441,Mobile,macOS
16442,Mobile,Windows
16443,Mobile,Windows
16444,Desktop,Windows
16445,Mobile,Android
16446,Mobile,iOS
16447,Mobile,macOS
16448,Desktop,macOS
16449,Mobile,macOS
16450,Mobile,Android
16451,Mobile,Windows
16452,Desktop,Android
16453,Desktop,iOS
16454,Mobile,Android
16455,Mobile,macOS
16456,Desktop,Android
16457,Mobile,Android
16458,Desktop,Android
16459,Desktop,Android
16460,Mobile,Android
16461,Mobile,Windows
16462,Tablet,Android
16463,Desktop,iOS
16464,Mobile,Windows
16465,Mobile,Android
16466,Mobile,iOS
16467,Mobile,iOS
16468,Mobile,Windows
16469,Tablet,Android
16470,Desktop,Android
16471,Mobile,macOS
16472,Mobile,macOS
16473,Desktop,Android
16474,Mobile,Android
16475,Tablet,Android
16476,Mobile,Windows
16477,Desktop,Windows
16478,Mobile,Windows
16479,Mobile,Android
16480,Desktop,Android
16481,Desktop,iOS
16482,Mobile,Windows
16483,Desktop,iOS
16484,Mobile,Windows
16485,Mobile,Windows
16486,Tablet,Android
16487,Mobile,iOS
16488,Mobile,macOS
16489,Tablet,Windows
16490,Desktop,macOS
16491,Mobile,Windows
16492,Mobile,Android
16493,Desktop,Android
16494,Mobile,iOS
16495,Mobile,Android
16496,Mobile,Android
16497,Mobile,Android
16498,Desktop,Android
16499,Mobile,Windows
16500,Mobile,Android
16501,Mobile,Windows
16502,Desktop,Android
16503,Tablet,Android
16504,Mobile,Android
16505,Mobile,Windows
16506,Mobile,Windows
16507,Mobile,iOS
16508,Desktop,Android
16509,Desktop,Windows
16510,Mobile,Windows
16511,Mobile,iOS
16512,Tablet,Android
16513,Mobile,Android
16514,Mobile,Android
16515,Mobile,iOS
16516,Desktop,Android
16517,Mobile,iOS
16518,Mobile,iOS
16519,Mobile,iOS
16520,Mobile,Windows
16521,Desktop,macOS
16522,Mobile,Android
16523,Mobile,macOS
16524,Mobile,Android
16525,Mobile,iOS
16526,Mobile,Windows
16527,Mobile,macOS
16528,Mobile,Android
16529,Mobile,Android
16530,Desktop,Windows
16531,Mobile,Android
16532,Desktop,Windows
16533,Mobile,iOS
16534,Desktop,Android
16535,Desktop,iOS
16536,Mobile,Android
16537,Desktop,Android
16538,Desktop,Android
16539,Desktop,Windows
16540,Mobile,macOS
16541,Desktop,Windows
16542,Mobile,iOS
16543,Mobile,Android
16544,Mobile,Android
16545,Desktop,Android
16546,Mobile,Android
16547,Mobile,Windows
16548,Mobile,Windows
16549,Mobile,macOS
16550,Mobile,Windows
16551,Mobile,iOS
16552,Desktop,Android
16553,Desktop,iOS
16554,Mobile,iOS
16555,Mobile,macOS
16556,Desktop,Android
16557,Desktop,macOS
16558,Desktop,Android
16559,Mobile,iOS
16560,Mobile,iOS
16561,Mobile,iOS
16562,Desktop,Android
16563,Mobile,Windows
16564,Mobile,Android
16565,Mobile,iOS
16566,Desktop,iOS
16567,Desktop,iOS
16568,Desktop,Android
16569,Mobile,Windows
16570,Tablet,Android
16571,Mobile,Android
16572,Mobile,Android
16573,Mobile,Windows
16574,Mobile,Android
16575,Mobile,iOS
16576,Mobile,Windows
16577,Mobile,Android
16578,Mobile,macOS
16579,Mobile,iOS
16580,Desktop,macOS
16581,Mobile,Windows
16582,Desktop,Windows
16583,Tablet,macOS
16584,Mobile,Android
16585,Mobile,Android
16586,Desktop,Android
16587,Tablet,Android
16588,Mobile,Windows
16589,Mobile,Android
16590,Mobile,Android
16591,Mobile,Android
16592,Tablet,Windows
16593,Desktop,iOS
16594,Mobile,Android
16595,Mobile,iOS
16596,Mobile,Android
16597,Mobile,macOS
16598,Mobile,Windows
16599,Mobile,Android
16600,Mobile,Android
16601,Desktop,iOS
16602,Mobile,Android
16603,Mobile,Android
16604,Mobile,Android
16605,Mobile,macOS
16606,Mobile,iOS
16607,Mobile,Android
16608,Mobile,Windows
16609,Mobile,iOS
16610,Desktop,Windows
16611,Tablet,Android
16612,Desktop,iOS
16613,Mobile,macOS
16614,Mobile,Android
16615,Desktop,iOS
16616,Mobile,macOS
16617,Mobile,Windows
16618,Mobile,Android
16619,Mobile,iOS
16620,Mobile,macOS
16621,Desktop,Windows
16622,Desktop,iOS
16623,Tablet,Android
16624,Mobile,Android
16625,Mobile,Android
16626,Mobile,Windows
16627,Mobile,Android
16628,Desktop,iOS
16629,Mobile,iOS
16630,Mobile,Android
16631,Mobile,Android
16632,Tablet,iOS
16633,Desktop,iOS
16634,Mobile,Windows
16635,Mobile,macOS
16636,Tablet,Android
16637,Desktop,iOS
16638,Mobile,Android
16639,Mobile,Windows
16640,Mobile,Windows
16641,Mobile,Android
16642,Mobile,Windows
16643,Mobile,Android
16644,Tablet,iOS
16645,Mobile,Android
16646,Mobile,Android
16647,Mobile,iOS
16648,Mobile,iOS
16649,Mobile,Windows
16650,Mobile,iOS
16651,Mobile,Android
16652,Mobile,iOS
16653,Tablet,macOS
16654,Mobile,Android
16655,Mobile,Android
16656,Mobile,Android
16657,Tablet,iOS
16658,Desktop,Windows
16659,Mobile,iOS
16660,Desktop,Windows
16661,Mobile,Windows
16662,Mobile,iOS
16663,Mobile,macOS
16664,Mobile,Android
16665,Desktop,Windows
16666,Mobile,iOS
16667,Mobile,Android
16668,Mobile,iOS
16669,Mobile,Android
16670,Tablet,Android
16671,Mobile,Android
16672,Mobile,Android
16673,Desktop,Android
16674,Desktop,Android
16675,Mobile,Android
16676,Mobile,iOS
16677,Mobile,Windows
16678,Mobile,Android
16679,Mobile,Windows
16680,Tablet,Android
16681,Mobile,Android
16682,Desktop,Windows
16683,Mobile,macOS
16684,Mobile,Android
16685,Mobile,Windows
16686,Mobile,iOS
16687,Desktop,iOS
16688,Mobile,Android
16689,Desktop,Android
16690,Mobile,Windows
16691,Desktop,macOS
16692,Mobile,Windows
16693,Mobile,Android
16694,Mobile,iOS
16695,Mobile,Android
16696,Desktop,macOS
16697,Mobile,Android
16698,Mobile,Windows
16699,Mobile,iOS
16700,Tablet,Windows
16701,Mobile,iOS
16702,Mobile,Android
16703,Desktop,Android
16704,Mobile,Android
16705,Mobile,iOS
16706,Desktop,iOS
16707,Mobile,Android
16708,Mobile,Windows
16709,Desktop,Windows
16710,Mobile,iOS
16711,Mobile,iOS
16712,Tablet,iOS
16713,Desktop,Android
16714,Desktop,Android
16715,Mobile,macOS
16716,Mobile,Android
16717,Mobile,iOS
16718,Mobile,iOS
16719,Mobile,Android
16720,Desktop,Android
16721,Tablet,Android
16722,Mobile,Windows
16723,Mobile,Android
16724,Mobile,iOS
16725,Mobile,Android
16726,Desktop,Android
16727,Mobile,iOS
16728,Tablet,Android
16729,Desktop,Android
16730,Mobile,Windows
16731,Mobile,Android
16732,Desktop,Windows
16733,Mobile,iOS
16734,Mobile,Android
16735,Mobile,iOS
16736,Mobile,Android
16737,Desktop,Android
16738,Desktop,macOS
16739,Desktop,iOS
16740,Mobile,iOS
16741,Mobile,Android
16742,Desktop,Android
16743,Desktop,Windows
16744,Desktop,iOS
16745,Tablet,Android
16746,Desktop,iOS
16747,Mobile,Windows
16748,Desktop,Android
16749,Mobile,macOS
16750,Mobile,iOS
16751,Mobile,iOS
16752,Mobile,iOS
16753,Mobile,iOS
16754,Tablet,macOS
16755,Mobile,macOS
16756,Mobile,Android
16757,Desktop,macOS
16758,Desktop,Android
16759,Mobile,Android
16760,Mobile,Android
16761,Mobile,macOS
16762,Desktop,Windows
16763,Mobile,Android
16764,Desktop,Android
16765,Mobile,Android
16766,Mobile,iOS
16767,Mobile,Windows
16768,Desktop,Android
16769,Mobile,macOS
16770,Desktop,Windows
16771,Mobile,iOS
16772,Desktop,Android
16773,Desktop,Android
16774,Desktop,macOS
16775,Mobile,iOS
16776,Mobile,iOS
16777,Mobile,iOS
16778,Mobile,Android
16779,Mobile,Windows
16780,Tablet,iOS
16781,Desktop,iOS
16782,Mobile,macOS
16783,Mobile,macOS
16784,Desktop,Android
16785,Mobile,Android
16786,Desktop,macOS
16787,Mobile,iOS
16788,Mobile,Windows
16789,Mobile,Windows
16790,Desktop,Windows
16791,Desktop,Android
16792,Mobile,iOS
16793,Mobile,Android
16794,Mobile,Android
16795,Mobile,Android
16796,Mobile,Android
16797,Desktop,Android
16798,Mobile,Android
16799,Mobile,iOS
16800,Desktop,iOS
16801,Mobile,Windows
16802,Mobile,iOS
16803,Mobile,iOS
16804,Mobile,Android
16805,Mobile,Windows
16806,Mobile,iOS
16807,Desktop,iOS
16808,Desktop,Windows
16809,Mobile,Android
16810,Mobile,Android
16811,Mobile,Android
16812,Desktop,Android
16813,Desktop,Android
16814,Tablet,Android
16815,Mobile,Windows
16816,Desktop,Android
16817,Desktop,Windows
16818,Mobile,Android
16819,Mobile,iOS
16820,Mobile,Android
16821,Mobile,iOS
16822,Desktop,iOS
16823,Mobile,Android
16824,Mobile,Android
16825,Mobile,Android
16826,Mobile,Windows
16827,Tablet,Android
16828,Mobile,macOS
16829,Mobile,Android
16830,Mobile,Android
16831,Desktop,macOS
16832,Mobile,Android
16833,Mobile,Android
16834,Mobile,Android
16835,Mobile,macOS
16836,Desktop,iOS
16837,Mobile,macOS
16838,Mobile,Android
16839,Mobile,Android
16840,Desktop,iOS
16841,Mobile,macOS
16842,Mobile,iOS
16843,Desktop,iOS
16844,Mobile,Android
16845,Mobile,iOS
16846,Desktop,Android
16847,Mobile,Android
16848,Mobile,Android
16849,Mobile,Android
16850,Mobile,Windows
16851,Desktop,Windows
16852,Mobile,Android
16853,Mobile,Android
16854,Mobile,Android
16855,Mobile,Android
16856,Mobile,iOS
16857,Mobile,Windows
16858,Desktop,Windows
16859,Desktop,Android
16860,Mobile,Android
16861,Mobile,iOS
16862,Desktop,iOS
16863,Desktop,Android
16864,Mobile,Android
16865,Mobile,Android
16866,Mobile,iOS
16867,Desktop,Windows
16868,Mobile,Windows
16869,Mobile,iOS
16870,Tablet,iOS
16871,Mobile,Windows
16872,Tablet,Android
16873,Desktop,Android
16874,Desktop,Android
16875,Mobile,iOS
16876,Mobile,Android
16877,Mobile,Android
16878,Mobile,Windows
16879,Mobile,Android
16880,Mobile,macOS
16881,Desktop,Android
16882,Tablet,macOS
16883,Desktop,macOS
16884,Mobile,iOS
16885,Tablet,Android
16886,Desktop,iOS
16887,Mobile,Android
16888,Tablet,Android
16889,Tablet,macOS
16890,Desktop,iOS
16891,Desktop,Android
16892,Desktop,Android
16893,Tablet,Android
16894,Mobile,Windows
16895,Tablet,Windows
16896,Mobile,Windows
16897,Desktop,Windows
16898,Mobile,iOS
16899,Mobile,Android
16900,Desktop,macOS
16901,Mobile,iOS
16902,Mobile,Android
16903,Mobile,Android
16904,Mobile,Android
16905,Mobile,Windows
16906,Tablet,Windows
16907,Mobile,Android
16908,Desktop,Android
16909,Desktop,Android
16910,Mobile,Windows
16911,Desktop,Android
16912,Mobile,Android
16913,Mobile,Android
16914,Mobile,Windows
16915,Mobile,Android
16916,Desktop,Android
16917,Desktop,iOS
16918,Desktop,Android
16919,Mobile,Windows
16920,Mobile,iOS
16921,Mobile,Windows
16922,Mobile,Android
16923,Tablet,Windows
16924,Mobile,Android
16925,Mobile,iOS
16926,Desktop,macOS
16927,Tablet,iOS
16928,Mobile,Android
16929,Mobile,Android
16930,Mobile,Windows
16931,Tablet,Android
16932,Desktop,Windows
16933,Mobile,iOS
16934,Mobile,Android
16935,Mobile,Windows
16936,Desktop,iOS
16937,Mobile,Android
16938,Mobile,Android
16939,Mobile,Android
16940,Mobile,Android
16941,Desktop,Android
16942,Mobile,macOS
16943,Mobile,Android
16944,Mobile,Android
16945,Mobile,Windows
16946,Mobile,macOS
16947,Mobile,Android
16948,Tablet,Android
16949,Mobile,macOS
16950,Tablet,iOS
16951,Mobile,iOS
16952,Mobile,iOS
16953,Mobile,Windows
16954,Mobile,Android
16955,Desktop,iOS
16956,Mobile,iOS
16957,Desktop,iOS
16958,Mobile,iOS
16959,Tablet,Android
16960,Tablet,Android
16961,Mobile,Android
16962,Mobile,macOS
16963,Desktop,iOS
16964,Mobile,iOS
16965,Desktop,Android
16966,Mobile,iOS
16967,Mobile,Android
16968,Mobile,iOS
16969,Desktop,Android
16970,Mobile,Android
16971,Mobile,Android
16972,Mobile,iOS
16973,Desktop,Android
16974,Desktop,iOS
16975,Mobile,Android
16976,Mobile,Windows
16977,Mobile,macOS
16978,Mobile,Android
16979,Desktop,Android
16980,Mobile,Android
16981,Mobile,Windows
16982,Desktop,iOS
16983,Desktop,macOS
16984,Mobile,Android
16985,Desktop,Android
16986,Desktop,Android
16987,Desktop,Android
16988,Mobile,Windows
16989,Desktop,Windows
16990,Mobile,Android
16991,Desktop,iOS
16992,Mobile,iOS
16993,Desktop,Android
16994,Desktop,iOS
16995,Mobile,iOS
16996,Desktop,Windows
16997,Desktop,Android
16998,Tablet,Windows
16999,Mobile,Android
17000,Mobile,iOS
17001,Desktop,Android
17002,Mobile,iOS
17003,Mobile,Windows
17004,Mobile,Android
17005,Mobile,iOS
17006,Desktop,Android
17007,Mobile,macOS
17008,Mobile,Android
17009,Mobile,Android
17010,Mobile,iOS
17011,Mobile,Android
17012,Desktop,Android
17013,Desktop,iOS
17014,Desktop,Android
17015,Mobile,Windows
17016,Desktop,Windows
17017,Tablet,iOS
17018,Mobile,Android
17019,Mobile,iOS
17020,Mobile,Windows
17021,Mobile,iOS
17022,Desktop,iOS
17023,Desktop,iOS
17024,Mobile,Android
17025,Mobile,Android
17026,Mobile,iOS
17027,Desktop,iOS
17028,Mobile,Android
17029,Mobile,Android
17030,Mobile,Windows
17031,Mobile,Windows
17032,Mobile,iOS
17033,Desktop,iOS
17034,Mobile,Android
17035,Mobile,Android
17036,Desktop,Android
17037,Mobile,Android
17038,Mobile,Android
17039,Mobile,Android
17040,Mobile,Windows
17041,Mobile,iOS
17042,Desktop,Windows
17043,Tablet,iOS
17044,Mobile,Windows
17045,Mobile,iOS
17046,Mobile,Android
17047,Desktop,Android
17048,Mobile,Android
17049,Desktop,iOS
17050,Mobile,Windows
17051,Mobile,Windows
17052,Desktop,Android
17053,Mobile,Android
17054,Desktop,Windows
17055,Desktop,iOS
17056,Tablet,Android
17057,Desktop,macOS
17058,Mobile,iOS
17059,Mobile,macOS
17060,Mobile,iOS
17061,Mobile,Android
17062,Mobile,Windows
17063,Mobile,Android
17064,Mobile,Android
17065,Mobile,Android
17066,Desktop,Android
17067,Mobile,Windows
17068,Mobile,Android
17069,Desktop,Android
17070,Tablet,Windows
17071,Mobile,Android
17072,Desktop,Android
17073,Desktop,macOS
17074,Mobile,Windows
17075,Mobile,iOS
17076,Mobile,Android
17077,Desktop,Android
17078,Desktop,iOS
17079,Desktop,Android
17080,Mobile,Android
17081,Tablet,Android
17082,Mobile,Android
17083,Mobile,Android
17084,Desktop,Windows
17085,Mobile,Windows
17086,Mobile,Windows
17087,Mobile,macOS
17088,Mobile,iOS
17089,Desktop,Windows
17090,Desktop,iOS
17091,Mobile,Android
17092,Desktop,Android
17093,Mobile,Android
17094,Desktop,Windows
17095,Mobile,iOS
17096,Desktop,Android
17097,Desktop,iOS
17098,Mobile,Windows
17099,Mobile,Windows
17100,Mobile,Android
17101,Desktop,iOS
17102,Tablet,Android
17103,Mobile,iOS
17104,Mobile,Windows
17105,Tablet,Android
17106,Desktop,Windows
17107,Mobile,macOS
17108,Desktop,Android
17109,Mobile,Windows
17110,Mobile,iOS
17111,Mobile,Android
17112,Mobile,Android
17113,Mobile,iOS
17114,Mobile,Windows
17115,Mobile,iOS
17116,Mobile,Android
17117,Mobile,iOS
17118,Mobile,iOS
17119,Mobile,Android
17120,Mobile,Android
17121,Mobile,iOS
17122,Mobile,iOS
17123,Desktop,Android
17124,Mobile,Windows
17125,Mobile,iOS
17126,Desktop,Android
17127,Desktop,iOS
17128,Mobile,iOS
17129,Mobile,Android
17130,Mobile,Android
17131,Desktop,iOS
17132,Mobile,Android
17133,Mobile,Windows
17134,Mobile,iOS
17135,Mobile,macOS
17136,Mobile,Android
17137,Mobile,Android
17138,Desktop,Android
17139,Mobile,iOS
17140,Mobile,Windows
17141,Desktop,Android
17142,Desktop,iOS
17143,Mobile,Android
17144,Mobile,Android
17145,Mobile,Android
17146,Mobile,macOS
17147,Mobile,Android
17148,Desktop,macOS
17149,Tablet,Android
17150,Mobile,macOS
17151,Desktop,iOS
17152,Mobile,Android
17153,Mobile,iOS
17154,Desktop,iOS
17155,Mobile,Android
17156,Desktop,Windows
17157,Mobile,Android
17158,Mobile,Android
17159,Mobile,Windows
17160,Mobile,macOS
17161,Mobile,macOS
17162,Tablet,Android
17163,Tablet,Android
17164,Mobile,macOS
17165,Mobile,macOS
17166,Mobile,Windows
17167,Mobile,iOS
17168,Mobile,Android
17169,Desktop,iOS
17170,Desktop,iOS
17171,Mobile,Windows
17172,Desktop,iOS
17173,Desktop,Android
17174,Mobile,Android
17175,Desktop,Windows
17176,Desktop,Android
17177,Mobile,Windows
17178,Mobile,Android
17179,Desktop,iOS
17180,Mobile,Windows
17181,Mobile,Android
17182,Desktop,iOS
17183,Mobile,Android
17184,Tablet,Android
17185,Tablet,Windows
17186,Mobile,iOS
17187,Mobile,Windows
17188,Tablet,Android
17189,Desktop,iOS
17190,Mobile,Windows
17191,Mobile,Android
17192,Mobile,Android
17193,Mobile,Android
17194,Mobile,Android
17195,Mobile,Windows
17196,Mobile,macOS
17197,Mobile,macOS
17198,Mobile,Android
17199,Mobile,Android
17200,Desktop,Android
17201,Mobile,Android
17202,Desktop,Android
17203,Mobile,Android
17204,Desktop,Windows
17205,Desktop,Android
17206,Mobile,iOS
17207,Mobile,Windows
17208,Mobile,Windows
17209,Tablet,Windows
17210,Tablet,Android
17211,Desktop,iOS
17212,Mobile,Android
17213,Desktop,Android
17214,Mobile,Android
17215,Mobile,macOS
17216,Desktop,Android
17217,Mobile,Windows
17218,Mobile,iOS
17219,Desktop,Windows
17220,Mobile,Windows
17221,Desktop,Android
17222,Mobile,iOS
17223,Mobile,macOS
17224,Mobile,Android
17225,Tablet,iOS
17226,Desktop,Android
17227,Mobile,Android
17228,Mobile,Windows
17229,Mobile,Android
17230,Mobile,Android
17231,Mobile,iOS
17232,Desktop,iOS
17233,Desktop,Android
17234,Mobile,iOS
17235,Mobile,Android
17236,Desktop,Android
17237,Mobile,Windows
17238,Mobile,Windows
17239,Tablet,Windows
17240,Desktop,Android
17241,Mobile,Windows
17242,Desktop,iOS
17243,Desktop,Windows
17244,Desktop,Android
17245,Mobile,macOS
17246,Mobile,Android
17247,Mobile,iOS
17248,Mobile,macOS
17249,Tablet,iOS
17250,Desktop,iOS
17251,Mobile,Android
17252,Mobile,macOS
17253,Mobile,Android
17254,Mobile,Android
17255,Tablet,Android
17256,Mobile,Windows
17257,Desktop,Android
17258,Mobile,Android
17259,Mobile,Android
17260,Mobile,Android
17261,Mobile,Android
17262,Desktop,Windows
17263,Mobile,Android
17264,Desktop,Android
17265,Mobile,iOS
17266,Mobile,Android
17267,Desktop,iOS
17268,Tablet,Android
17269,Mobile,iOS
17270,Mobile,Android
17271,Desktop,macOS
17272,Mobile,iOS
17273,Desktop,iOS
17274,Mobile,Android
17275,Desktop,Android
17276,Desktop,Windows
17277,Mobile,Android
17278,Mobile,iOS
17279,Mobile,iOS
17280,Desktop,macOS
17281,Mobile,Android
17282,Mobile,Android
17283,Mobile,macOS
17284,Mobile,Android
17285,Desktop,iOS
17286,Mobile,iOS
17287,Mobile,Android
17288,Desktop,Windows
17289,Mobile,Android
17290,Mobile,iOS
17291,Mobile,iOS
17292,Mobile,iOS
17293,Desktop,Windows
17294,Desktop,Android
17295,Tablet,Windows
17296,Mobile,Android
17297,Mobile,iOS
17298,Mobile,Android
17299,Mobile,iOS
17300,Desktop,Android
17301,Tablet,iOS
17302,Mobile,iOS
17303,Tablet,iOS
17304,Mobile,iOS
17305,Mobile,Android
17306,Mobile,Android
17307,Mobile,Android
17308,Mobile,iOS
17309,Mobile,Android
17310,Mobile,iOS
17311,Desktop,macOS
17312,Mobile,Android
17313,Desktop,iOS
17314,Mobile,Android
17315,Mobile,Android
17316,Mobile,iOS
17317,Desktop,iOS
17318,Desktop,iOS
17319,Mobile,Android
17320,Mobile,Android
17321,Mobile,Windows
17322,Mobile,iOS
17323,Mobile,Android
17324,Tablet,iOS
17325,Desktop,Windows
17326,Desktop,iOS
17327,Mobile,iOS
17328,Mobile,macOS
17329,Mobile,Windows
17330,Mobile,macOS
17331,Mobile,iOS
17332,Desktop,Android
17333,Mobile,iOS
17334,Desktop,Windows
17335,Desktop,Windows
17336,Mobile,macOS
17337,Mobile,macOS
17338,Desktop,macOS
17339,Mobile,Android
17340,Mobile,Android
17341,Mobile,iOS
17342,Tablet,Android
17343,Mobile,iOS
17344,Mobile,macOS
17345,Mobile,iOS
17346,Mobile,Android
17347,Mobile,iOS
17348,Mobile,Windows
17349,Mobile,iOS
17350,Mobile,iOS
17351,Mobile,Android
17352,Tablet,iOS
17353,Mobile,Windows
17354,Desktop,Android
17355,Mobile,iOS
17356,Mobile,iOS
17357,Mobile,Windows
17358,Mobile,iOS
17359,Tablet,macOS
17360,Mobile,Windows
17361,Mobile,iOS
17362,Mobile,Android
17363,Tablet,Android
17364,Mobile,macOS
17365,Mobile,Windows
17366,Mobile,Android
17367,Mobile,Android
17368,Desktop,Android
17369,Mobile,Android
17370,Desktop,Windows
17371,Mobile,Android
17372,Mobile,Android
17373,Desktop,macOS
17374,Mobile,Windows
17375,Mobile,Android
17376,Tablet,Android
17377,Desktop,Android
17378,Mobile,Android
17379,Mobile,iOS
17380,Tablet,Android
17381,Mobile,Android
17382,Mobile,iOS
17383,Tablet,Windows
17384,Desktop,Android
17385,Desktop,iOS
17386,Mobile,Android
17387,Desktop,macOS
17388,Mobile,Android
17389,Mobile,iOS
17390,Mobile,iOS
17391,Mobile,Android
17392,Desktop,iOS
17393,Mobile,macOS
17394,Mobile,iOS
17395,Mobile,iOS
17396,Mobile,Windows
17397,Desktop,Windows
17398,Mobile,macOS
17399,Mobile,Android
17400,Desktop,iOS
17401,Mobile,Android
17402,Mobile,iOS
17403,Mobile,iOS
17404,Desktop,iOS
17405,Mobile,iOS
17406,Desktop,iOS
17407,Mobile,iOS
17408,Mobile,Android
17409,Mobile,Android
17410,Mobile,Android
17411,Mobile,iOS
17412,Tablet,Android
17413,Mobile,Android
17414,Mobile,Windows
17415,Tablet,macOS
17416,Tablet,macOS
17417,Desktop,Android
17418,Mobile,Android
17419,Mobile,macOS
17420,Mobile,Windows
17421,Desktop,Android
17422,Desktop,iOS
17423,Mobile,Android
17424,Desktop,Windows
17425,Mobile,Windows
17426,Mobile,iOS
17427,Mobile,Windows
17428,Desktop,Android
17429,Mobile,macOS
17430,Mobile,Android
17431,Mobile,Windows
17432,Mobile,Android
17433,Mobile,Android
17434,Mobile,Android
17435,Mobile,iOS
17436,Desktop,Android
17437,Mobile,macOS
17438,Tablet,iOS
17439,Mobile,Windows
17440,Mobile,Windows
17441,Desktop,macOS
17442,Mobile,macOS
17443,Mobile,iOS
17444,Desktop,macOS
17445,Mobile,iOS
17446,Tablet,Android
17447,Desktop,Android
17448,Desktop,iOS
17449,Desktop,Windows
17450,Desktop,iOS
17451,Mobile,macOS
17452,Mobile,iOS
17453,Mobile,Windows
17454,Mobile,Android
17455,Mobile,Android
17456,Mobile,iOS
17457,Tablet,Android
17458,Desktop,iOS
17459,Mobile,Windows
17460,Desktop,Android
17461,Desktop,iOS
17462,Mobile,macOS
17463,Desktop,Windows
17464,Mobile,macOS
17465,Mobile,macOS
17466,Mobile,Android
17467,Mobile,iOS
17468,Desktop,iOS
17469,Desktop,Windows
17470,Tablet,Android
17471,Mobile,iOS
17472,Desktop,Android
17473,Desktop,Windows
17474,Desktop,macOS
17475,Mobile,Android
17476,Mobile,Android
17477,Mobile,Android
17478,Mobile,iOS
17479,Desktop,iOS
17480,Mobile,Android
17481,Mobile,iOS
17482,Mobile,Windows
17483,Desktop,Windows
17484,Mobile,Android
17485,Desktop,Windows
17486,Desktop,iOS
17487,Mobile,iOS
17488,Mobile,Android
17489,Mobile,iOS
17490,Desktop,Android
17491,Mobile,macOS
17492,Mobile,iOS
17493,Mobile,iOS
17494,Desktop,Android
17495,Tablet,Windows
17496,Mobile,Android
17497,Mobile,macOS
17498,Mobile,Android
17499,Desktop,macOS
17500,Mobile,Windows
17501,Mobile,Android
17502,Tablet,iOS
17503,Mobile,macOS
17504,Tablet,macOS
17505,Mobile,Android
17506,Mobile,macOS
17507,Desktop,Android
17508,Desktop,macOS
17509,Desktop,Android
17510,Mobile,iOS
17511,Mobile,Android
17512,Mobile,iOS
17513,Mobile,iOS
17514,Desktop,Android
17515,Desktop,Android
17516,Mobile,Android
17517,Tablet,Android
17518,Mobile,Android
17519,Tablet,Android
17520,Mobile,iOS
17521,Mobile,Android
17522,Desktop,iOS
17523,Mobile,Android
17524,Desktop,Windows
17525,Desktop,Android
17526,Desktop,Android
17527,Mobile,Android
17528,Tablet,macOS
17529,Mobile,Android
17530,Mobile,iOS
17531,Desktop,macOS
17532,Desktop,macOS
17533,Mobile,Android
17534,Mobile,Android
17535,Mobile,Windows
17536,Desktop,macOS
17537,Mobile,Windows
17538,Mobile,Android
17539,Desktop,Android
17540,Mobile,Windows
17541,Mobile,iOS
17542,Mobile,Android
17543,Mobile,iOS
17544,Mobile,iOS
17545,Desktop,iOS
17546,Desktop,Android
17547,Mobile,Android
17548,Desktop,Android
17549,Desktop,iOS
17550,Mobile,iOS
17551,Desktop,Android
17552,Mobile,Windows
17553,Mobile,Windows
17554,Mobile,iOS
17555,Mobile,iOS
17556,Desktop,Android
17557,Mobile,Android
17558,Mobile,Android
17559,Mobile,Android
17560,Mobile,Android
17561,Mobile,Android
17562,Desktop,Android
17563,Mobile,Windows
17564,Mobile,Windows
17565,Mobile,iOS
17566,Mobile,Android
17567,Desktop,Windows
17568,Mobile,iOS
17569,Desktop,iOS
17570,Desktop,Windows
17571,Mobile,iOS
17572,Mobile,iOS
17573,Mobile,iOS
17574,Mobile,Android
17575,Desktop,Android
17576,Mobile,Windows
17577,Mobile,Android
17578,Desktop,Android
17579,Mobile,Windows
17580,Mobile,Android
17581,Mobile,Android
17582,Desktop,Windows
17583,Mobile,macOS
17584,Mobile,iOS
17585,Desktop,Windows
17586,Mobile,Windows
17587,Desktop,Windows
17588,Mobile,Windows
17589,Desktop,Android
17590,Mobile,Windows
17591,Mobile,iOS
17592,Mobile,Android
17593,Tablet,Android
17594,Mobile,Android
17595,Desktop,iOS
17596,Mobile,Android
17597,Mobile,Android
17598,Mobile,Windows
17599,Mobile,iOS
17600,Tablet,macOS
17601,Desktop,Windows
17602,Desktop,Android
17603,Tablet,macOS
17604,Mobile,Android
17605,Mobile,iOS
17606,Mobile,Windows
17607,Mobile,iOS
17608,Desktop,Windows
17609,Mobile,macOS
17610,Mobile,iOS
17611,Mobile,Android
17612,Mobile,Windows
17613,Mobile,iOS
17614,Mobile,Android
17615,Mobile,Windows
17616,Desktop,macOS
17617,Mobile,Windows
17618,Tablet,iOS
17619,Desktop,iOS
17620,Desktop,Android
17621,Desktop,Android
17622,Mobile,Android
17623,Mobile,Android
17624,Mobile,Windows
17625,Desktop,Android
17626,Mobile,Android
17627,Mobile,iOS
17628,Desktop,iOS
17629,Mobile,Android
17630,Mobile,Android
17631,Mobile,macOS
17632,Desktop,Android
17633,Desktop,Android
17634,Mobile,iOS
17635,Desktop,Android
17636,Desktop,iOS
17637,Mobile,Android
17638,Desktop,Android
17639,Desktop,Windows
17640,Mobile,Android
17641,Mobile,Windows
17642,Desktop,Windows
17643,Desktop,iOS
17644,Mobile,Windows
17645,Mobile,iOS
17646,Mobile,Android
17647,Mobile,iOS
17648,Tablet,macOS
17649,Desktop,Android
17650,Mobile,Android
17651,Mobile,Android
17652,Desktop,macOS
17653,Mobile,Android
17654,Mobile,Android
17655,Mobile,Android
17656,Desktop,Android
17657,Tablet,iOS
17658,Mobile,Android
17659,Tablet,Windows
17660,Desktop,Android
17661,Mobile,Android
17662,Mobile,iOS
17663,Desktop,iOS
17664,Desktop,Windows
17665,Mobile,Windows
17666,Mobile,iOS
17667,Mobile,Windows
17668,Mobile,Android
17669,Mobile,Windows
17670,Desktop,Android
17671,Desktop,Android
17672,Desktop,Windows
17673,Mobile,Android
17674,Desktop,Windows
17675,Mobile,Windows
17676,Mobile,Android
17677,Desktop,Windows
17678,Tablet,Android
17679,Mobile,Android
17680,Desktop,iOS
17681,Desktop,Windows
17682,Tablet,iOS
17683,Desktop,Windows
17684,Mobile,Android
17685,Tablet,macOS
17686,Mobile,Android
17687,Desktop,Windows
17688,Desktop,iOS
17689,Mobile,Android
17690,Mobile,Android
17691,Desktop,Android
17692,Desktop,macOS
17693,Mobile,Windows
17694,Mobile,Android
17695,Mobile,iOS
17696,Desktop,Android
17697,Desktop,iOS
17698,Mobile,Android
17699,Mobile,Windows
17700,Mobile,Android
17701,Desktop,Windows
17702,Desktop,macOS
17703,Mobile,iOS
17704,Desktop,Android
17705,Tablet,iOS
17706,Mobile,macOS
17707,Mobile,Windows
17708,Mobile,iOS
17709,Mobile,iOS
17710,Desktop,macOS
17711,Mobile,Android
17712,Desktop,iOS
17713,Mobile,iOS
17714,Tablet,Android
17715,Mobile,macOS
17716,Tablet,Windows
17717,Desktop,macOS
17718,Mobile,Windows
17719,Desktop,Android
17720,Mobile,macOS
17721,Desktop,iOS
17722,Desktop,macOS
17723,Desktop,iOS
17724,Mobile,Windows
17725,Mobile,iOS
17726,Desktop,Android
17727,Mobile,iOS
17728,Mobile,Android
17729,Desktop,Android
17730,Mobile,Windows
17731,Desktop,iOS
17732,Mobile,Windows
17733,Mobile,iOS
17734,Mobile,Android
17735,Mobile,Android
17736,Desktop,Windows
17737,Mobile,Windows
17738,Mobile,Android
17739,Desktop,Windows
17740,Desktop,Windows
17741,Mobile,iOS
17742,Mobile,Windows
17743,Mobile,Android
17744,Mobile,Android
17745,Mobile,iOS
17746,Mobile,iOS
17747,Desktop,iOS
17748,Mobile,iOS
17749,Mobile,Android
17750,Mobile,iOS
17751,Mobile,Android
17752,Mobile,macOS
17753,Tablet,Windows
17754,Mobile,iOS
17755,Mobile,Windows
17756,Mobile,Windows
17757,Mobile,macOS
17758,Tablet,Android
17759,Mobile,Android
17760,Mobile,Windows
17761,Mobile,iOS
17762,Mobile,macOS
17763,Mobile,Android
17764,Desktop,iOS
17765,Mobile,Windows
17766,Desktop,Windows
17767,Mobile,Android
17768,Mobile,Android
17769,Mobile,Android
17770,Desktop,Android
17771,Desktop,iOS
17772,Mobile,Windows
17773,Mobile,Android
17774,Mobile,Android
17775,Tablet,Android
17776,Mobile,Android
17777,Desktop,iOS
17778,Mobile,Android
17779,Mobile,Android
17780,Mobile,macOS
17781,Mobile,Windows
17782,Desktop,Windows
17783,Mobile,Windows
17784,Desktop,Windows
17785,Desktop,Android
17786,Mobile,Windows
17787,Desktop,Android
17788,Tablet,iOS
17789,Desktop,iOS
17790,Mobile,Android
17791,Mobile,Windows
17792,Mobile,Android
17793,Mobile,Android
17794,Desktop,iOS
17795,Mobile,Android
17796,Mobile,macOS
17797,Mobile,macOS
17798,Mobile,Android
17799,Mobile,Windows
17800,Desktop,macOS
17801,Mobile,iOS
17802,Tablet,Android
17803,Desktop,Windows
17804,Mobile,iOS
17805,Tablet,iOS
17806,Desktop,Android
17807,Mobile,Android
17808,Desktop,Android
17809,Desktop,Android
17810,Mobile,iOS
17811,Mobile,Android
17812,Mobile,iOS
17813,Mobile,Windows
17814,Desktop,Android
17815,Mobile,Android
17816,Mobile,Android
17817,Tablet,Android
17818,Desktop,Windows
17819,Mobile,Windows
17820,Mobile,Android
17821,Mobile,iOS
17822,Mobile,Windows
17823,Mobile,Windows
17824,Mobile,iOS
17825,Mobile,iOS
17826,Mobile,Android
17827,Mobile,Android
17828,Mobile,iOS
17829,Mobile,Android
17830,Mobile,macOS
17831,Tablet,Android
17832,Mobile,Windows
17833,Mobile,Android
17834,Mobile,iOS
17835,Mobile,iOS
17836,Tablet,macOS
17837,Mobile,iOS
17838,Desktop,Windows
17839,Desktop,macOS
17840,Tablet,Android
17841,Mobile,Android
17842,Mobile,Android
17843,Desktop,Android
17844,Mobile,Windows
17845,Desktop,iOS
17846,Mobile,iOS
17847,Mobile,macOS
17848,Mobile,macOS
17849,Mobile,Android
17850,Mobile,iOS
17851,Mobile,iOS
17852,Desktop,Android
17853,Mobile,Android
17854,Desktop,iOS
17855,Mobile,Windows
17856,Mobile,macOS
17857,Tablet,Android
17858,Mobile,Android
17859,Tablet,Android
17860,Mobile,Windows
17861,Mobile,macOS
17862,Mobile,Android
17863,Mobile,Android
17864,Desktop,Android
17865,Desktop,Android
17866,Mobile,Windows
17867,Desktop,Android
17868,Mobile,iOS
17869,Mobile,Windows
17870,Desktop,Android
17871,Mobile,Android
17872,Mobile,Android
17873,Mobile,macOS
17874,Mobile,macOS
17875,Mobile,Windows
17876,Mobile,Windows
17877,Mobile,iOS
17878,Tablet,Windows
17879,Desktop,iOS
17880,Mobile,Android
17881,Desktop,Android
17882,Mobile,Android
17883,Desktop,Android
17884,Mobile,Android
17885,Tablet,Windows
17886,Mobile,macOS
17887,Mobile,Android
17888,Mobile,iOS
17889,Mobile,Android
17890,Desktop,iOS
17891,Desktop,Windows
17892,Desktop,Windows
17893,Desktop,Android
17894,Mobile,macOS
17895,Desktop,Android
17896,Tablet,iOS
17897,Desktop,iOS
17898,Mobile,iOS
17899,Mobile,Android
17900,Mobile,Windows
17901,Mobile,Windows
17902,Mobile,iOS
17903,Desktop,Android
17904,Desktop,Android
17905,Mobile,Android
17906,Mobile,iOS
17907,Mobile,Android
17908,Mobile,Android
17909,Mobile,iOS
17910,Mobile,iOS
17911,Mobile,iOS
17912,Desktop,Windows
17913,Mobile,iOS
17914,Mobile,iOS
17915,Mobile,iOS
17916,Mobile,macOS
17917,Desktop,iOS
17918,Desktop,iOS
17919,Mobile,iOS
17920,Mobile,Windows
17921,Desktop,macOS
17922,Desktop,Android
17923,Desktop,Android
17924,Mobile,Windows
17925,Tablet,macOS
17926,Mobile,Android
17927,Desktop,Android
17928,Mobile,Windows
17929,Desktop,Android
17930,Mobile,iOS
17931,Tablet,Windows
17932,Mobile,Android
17933,Mobile,Windows
17934,Tablet,Android
17935,Mobile,iOS
17936,Tablet,Windows
17937,Mobile,iOS
17938,Mobile,Android
17939,Mobile,iOS
17940,Desktop,iOS
17941,Mobile,iOS
17942,Mobile,iOS
17943,Desktop,iOS
17944,Mobile,macOS
17945,Mobile,Windows
17946,Mobile,Android
17947,Desktop,Android
17948,Mobile,Android
17949,Desktop,Android
17950,Mobile,Android
17951,Mobile,iOS
17952,Desktop,macOS
17953,Desktop,Android
17954,Mobile,iOS
17955,Desktop,Windows
17956,Desktop,Android
17957,Mobile,Android
17958,Desktop,Android
17959,Mobile,Android
17960,Desktop,Windows
17961,Desktop,Android
17962,Desktop,iOS
17963,Mobile,Android
17964,Desktop,Windows
17965,Mobile,Android
17966,Desktop,iOS
17967,Mobile,Windows
17968,Desktop,Android
17969,Desktop,macOS
17970,Mobile,iOS
17971,Mobile,Windows
17972,Mobile,macOS
17973,Mobile,Windows
17974,Tablet,Android
17975,Mobile,Android
17976,Desktop,Windows
17977,Mobile,macOS
17978,Mobile,Android
17979,Desktop,iOS
17980,Mobile,Windows
17981,Mobile,iOS
17982,Mobile,Windows
17983,Mobile,Android
17984,Mobile,iOS
17985,Mobile,Android
17986,Mobile,macOS
17987,Mobile,Android
17988,Desktop,Windows
17989,Mobile,Android
17990,Mobile,Android
17991,Desktop,macOS
17992,Mobile,Android
17993,Desktop,Windows
17994,Desktop,Windows
17995,Mobile,Android
17996,Mobile,Android
17997,Desktop,Android
17998,Tablet,Android
17999,Desktop,Android
18000,Mobile,Android
18001,Mobile,Android
18002,Mobile,iOS
18003,Tablet,iOS
18004,Mobile,Windows
18005,Mobile,iOS
18006,Mobile,iOS
18007,Mobile,Android
18008,Mobile,Android
18009,Mobile,Android
18010,Desktop,Windows
18011,Mobile,iOS
18012,Tablet,iOS
18013,Desktop,macOS
18014,Mobile,Android
18015,Desktop,Windows
18016,Desktop,macOS
18017,Desktop,Android
18018,Mobile,iOS
18019,Mobile,iOS
18020,Mobile,macOS
18021,Mobile,Windows
18022,Mobile,iOS
18023,Desktop,iOS
18024,Desktop,Android
18025,Desktop,iOS
18026,Mobile,iOS
18027,Mobile,Android
18028,Mobile,iOS
18029,Mobile,Android
18030,Mobile,iOS
18031,Mobile,Android
18032,Desktop,macOS
18033,Mobile,Windows
18034,Mobile,iOS
18035,Mobile,Windows
18036,Desktop,iOS
18037,Mobile,iOS
18038,Mobile,Windows
18039,Desktop,Android
18040,Mobile,iOS
18041,Mobile,Android
18042,Mobile,Windows
18043,Desktop,macOS
18044,Mobile,iOS
18045,Desktop,Android
18046,Mobile,iOS
18047,Mobile,iOS
18048,Mobile,Android
18049,Mobile,Windows
18050,Desktop,iOS
18051,Mobile,Android
18052,Mobile,Windows
18053,Desktop,Windows
18054,Desktop,Android
18055,Mobile,Android
18056,Mobile,Android
18057,Mobile,Windows
18058,Mobile,Android
18059,Mobile,iOS
18060,Tablet,Android
18061,Tablet,iOS
18062,Mobile,Android
18063,Mobile,iOS
18064,Desktop,Android
18065,Desktop,Android
18066,Desktop,Windows
18067,Mobile,iOS
18068,Mobile,Android
18069,Mobile,iOS
18070,Desktop,iOS
18071,Desktop,Windows
18072,Desktop,Android
18073,Desktop,macOS
18074,Mobile,macOS
18075,Mobile,Android
18076,Mobile,Windows
18077,Desktop,iOS
18078,Mobile,iOS
18079,Desktop,macOS
18080,Desktop,iOS
18081,Desktop,Android
18082,Tablet,Windows
18083,Desktop,macOS
18084,Mobile,iOS
18085,Mobile,Android
18086,Mobile,iOS
18087,Desktop,Windows
18088,Desktop,iOS
18089,Desktop,Android
18090,Tablet,Windows
18091,Desktop,iOS
18092,Tablet,Android
18093,Mobile,Android
18094,Mobile,Android
18095,Mobile,Android
18096,Mobile,macOS
18097,Mobile,Android
18098,Mobile,Android
18099,Mobile,macOS
18100,Mobile,macOS
18101,Mobile,Windows
18102,Desktop,Windows
18103,Mobile,Windows
18104,Mobile,Android
18105,Desktop,Windows
18106,Mobile,iOS
18107,Desktop,iOS
18108,Mobile,iOS
18109,Desktop,Windows
18110,Mobile,Windows
18111,Desktop,iOS
18112,Mobile,iOS
18113,Mobile,Windows
18114,Mobile,Windows
18115,Desktop,Android
18116,Mobile,iOS
18117,Mobile,iOS
18118,Desktop,Windows
18119,Mobile,Windows
18120,Mobile,iOS
18121,Mobile,Windows
18122,Mobile,Windows
18123,Mobile,Windows
18124,Mobile,Android
18125,Desktop,Android
18126,Mobile,iOS
18127,Mobile,Android
18128,Mobile,iOS
18129,Mobile,Windows
18130,Mobile,Windows
18131,Mobile,iOS
18132,Mobile,iOS
18133,Desktop,Android
18134,Mobile,Windows
18135,Tablet,Windows
18136,Desktop,Android
18137,Desktop,macOS
18138,Mobile,iOS
18139,Tablet,Windows
18140,Mobile,Android
18141,Desktop,iOS
18142,Mobile,Android
18143,Desktop,macOS
18144,Mobile,macOS
18145,Desktop,iOS
18146,Mobile,Android
18147,Mobile,iOS
18148,Desktop,Windows
18149,Mobile,Android
18150,Mobile,Android
18151,Tablet,Android
18152,Mobile,iOS
18153,Mobile,Android
18154,Desktop,macOS
18155,Mobile,iOS
18156,Mobile,Windows
18157,Desktop,iOS
18158,Mobile,iOS
18159,Desktop,Android
18160,Tablet,iOS
18161,Mobile,iOS
18162,Desktop,Android
18163,Mobile,Android
18164,Mobile,Android
18165,Mobile,iOS
18166,Mobile,iOS
18167,Mobile,Android
18168,Mobile,Android
18169,Mobile,Windows
18170,Mobile,iOS
18171,Mobile,Windows
18172,Mobile,iOS
18173,Mobile,iOS
18174,Mobile,Android
18175,Desktop,iOS
18176,Desktop,Android
18177,Mobile,macOS
18178,Mobile,Android
18179,Mobile,Windows
18180,Mobile,Android
18181,Mobile,iOS
18182,Tablet,iOS
18183,Mobile,macOS
18184,Mobile,Android
18185,Mobile,iOS
18186,Mobile,iOS
18187,Mobile,Windows
18188,Mobile,Android
18189,Desktop,iOS
18190,Tablet,iOS
18191,Mobile,Windows
18192,Mobile,Android
18193,Mobile,Windows
18194,Mobile,iOS
18195,Mobile,iOS
18196,Tablet,macOS
18197,Desktop,Android
18198,Mobile,Android
18199,Mobile,Windows
18200,Desktop,macOS
18201,Mobile,Windows
18202,Mobile,Windows
18203,Mobile,Android
18204,Desktop,Android
18205,Desktop,Windows
18206,Mobile,macOS
18207,Mobile,Android
18208,Mobile,Windows
18209,Mobile,Android
18210,Mobile,Android
18211,Desktop,Windows
18212,Desktop,Windows
18213,Mobile,macOS
18214,Desktop,Android
18215,Tablet,iOS
18216,Mobile,iOS
18217,Mobile,iOS
18218,Mobile,iOS
18219,Mobile,macOS
18220,Mobile,macOS
18221,Mobile,iOS
18222,Mobile,iOS
18223,Desktop,Windows
18224,Mobile,Windows
18225,Mobile,Windows
18226,Tablet,Android
18227,Mobile,iOS
18228,Mobile,Windows
18229,Mobile,Android
18230,Mobile,iOS
18231,Tablet,Android
18232,Desktop,iOS
18233,Mobile,iOS
18234,Desktop,iOS
18235,Mobile,Android
18236,Mobile,Android
18237,Mobile,Android
18238,Mobile,Android
18239,Desktop,Android
18240,Mobile,Windows
18241,Mobile,iOS
18242,Desktop,Android
18243,Desktop,Windows
18244,Mobile,macOS
18245,Mobile,iOS
18246,Desktop,Android
18247,Desktop,Windows
18248,Desktop,Windows
18249,Mobile,iOS
18250,Desktop,iOS
18251,Mobile,iOS
18252,Mobile,Android
18253,Mobile,Windows
18254,Mobile,Windows
18255,Mobile,Android
18256,Desktop,Android
18257,Mobile,macOS
18258,Mobile,Android
18259,Mobile,iOS
18260,Mobile,iOS
18261,Desktop,iOS
18262,Desktop,Android
18263,Mobile,Android
18264,Mobile,iOS
18265,Mobile,Windows
18266,Mobile,Android
18267,Mobile,Windows
18268,Mobile,Android
18269,Desktop,Android
18270,Mobile,iOS
18271,Desktop,Android
18272,Mobile,Android
18273,Mobile,iOS
18274,Mobile,macOS
18275,Mobile,Android
18276,Mobile,iOS
18277,Desktop,Android
18278,Desktop,macOS
18279,Desktop,Windows
18280,Tablet,iOS
18281,Mobile,Windows
18282,Mobile,Windows
18283,Desktop,macOS
18284,Mobile,Windows
18285,Mobile,Android
18286,Desktop,Android
18287,Desktop,Android
18288,Desktop,Android
18289,Desktop,iOS
18290,Desktop,iOS
18291,Mobile,Android
18292,Desktop,Windows
18293,Mobile,Windows
18294,Mobile,Android
18295,Tablet,iOS
18296,Desktop,Android
18297,Mobile,iOS
18298,Desktop,macOS
18299,Mobile,Windows
18300,Desktop,iOS
18301,Mobile,iOS
18302,Mobile,iOS
18303,Desktop,Android
18304,Desktop,Android
18305,Mobile,Android
18306,Tablet,Windows
18307,Mobile,iOS
18308,Desktop,iOS
18309,Desktop,Android
18310,Desktop,Android
18311,Mobile,Windows
18312,Mobile,Android
18313,Desktop,iOS
18314,Tablet,Android
18315,Desktop,macOS
18316,Desktop,macOS
18317,Desktop,Android
18318,Mobile,Android
18319,Desktop,Android
18320,Desktop,Android
18321,Desktop,Android
18322,Mobile,Android
18323,Mobile,Windows
18324,Mobile,Android
18325,Mobile,iOS
18326,Mobile,Windows
18327,Desktop,Windows
18328,Mobile,Android
18329,Mobile,macOS
18330,Tablet,Windows
18331,Mobile,iOS
18332,Desktop,Windows
18333,Mobile,Android
18334,Mobile,iOS
18335,Mobile,Windows
18336,Mobile,Android
18337,Mobile,Android
18338,Mobile,iOS
18339,Desktop,iOS
18340,Mobile,Windows
18341,Mobile,macOS
18342,Desktop,iOS
18343,Tablet,Windows
18344,Desktop,Android
18345,Mobile,iOS
18346,Mobile,iOS
18347,Desktop,Android
18348,Tablet,Android
18349,Tablet,iOS
18350,Desktop,macOS
18351,Desktop,Android
18352,Tablet,Android
18353,Desktop,Android
18354,Mobile,Windows
18355,Desktop,Android
18356,Mobile,Android
18357,Mobile,iOS
18358,Mobile,Android
18359,Desktop,macOS
18360,Desktop,Windows
18361,Mobile,iOS
18362,Tablet,Windows
18363,Mobile,iOS
18364,Desktop,Android
18365,Tablet,Windows
18366,Desktop,macOS
18367,Mobile,Windows
18368,Desktop,Android
18369,Desktop,Windows
18370,Mobile,Android
18371,Mobile,Windows
18372,Mobile,macOS
18373,Desktop,Android
18374,Tablet,Android
18375,Desktop,Android
18376,Mobile,Windows
18377,Mobile,Windows
18378,Mobile,iOS
18379,Mobile,Windows
18380,Mobile,Android
18381,Desktop,Android
18382,Mobile,iOS
18383,Mobile,Android
18384,Mobile,Android
18385,Mobile,Windows
18386,Mobile,Android
18387,Mobile,Android
18388,Mobile,Windows
18389,Mobile,macOS
18390,Mobile,Android
18391,Mobile,Android
18392,Desktop,Windows
18393,Mobile,Android
18394,Tablet,Android
18395,Desktop,iOS
18396,Mobile,Android
18397,Mobile,iOS
18398,Mobile,iOS
18399,Mobile,Android
18400,Mobile,iOS
18401,Mobile,iOS
18402,Mobile,iOS
18403,Mobile,Android
18404,Mobile,iOS
18405,Desktop,Android
18406,Mobile,Android
18407,Desktop,Windows
18408,Tablet,Android
18409,Mobile,Android
18410,Tablet,macOS
18411,Mobile,macOS
18412,Tablet,Android
18413,Tablet,Android
18414,Mobile,macOS
18415,Desktop,iOS
18416,Mobile,Windows
18417,Tablet,Android
18418,Desktop,iOS
18419,Mobile,Android
18420,Mobile,Android
18421,Mobile,iOS
18422,Mobile,Android
18423,Mobile,Android
18424,Mobile,Windows
18425,Desktop,Windows
18426,Mobile,Windows
18427,Mobile,Android
18428,Mobile,Android
18429,Mobile,Android
18430,Mobile,iOS
18431,Mobile,Android
18432,Mobile,Android
18433,Mobile,Android
18434,Desktop,Windows
18435,Mobile,iOS
18436,Desktop,iOS
18437,Tablet,macOS
18438,Mobile,Android
18439,Desktop,macOS
18440,Mobile,Android
18441,Mobile,Android
18442,Desktop,iOS
18443,Tablet,Windows
18444,Desktop,iOS
18445,Desktop,macOS
18446,Desktop,iOS
18447,Mobile,iOS
18448,Desktop,iOS
18449,Desktop,Windows
18450,Mobile,Android
18451,Mobile,Android
18452,Desktop,macOS
18453,Desktop,macOS
18454,Mobile,iOS
18455,Mobile,iOS
18456,Mobile,iOS
18457,Mobile,Android
18458,Mobile,Windows
18459,Desktop,macOS
18460,Mobile,Android
18461,Mobile,Android
18462,Desktop,iOS
18463,Mobile,Android
18464,Mobile,Android
18465,Desktop,Android
18466,Mobile,iOS
18467,Desktop,macOS
18468,Desktop,Windows
18469,Mobile,Android
18470,Desktop,Android
18471,Mobile,iOS
18472,Mobile,Windows
18473,Mobile,Android
18474,Mobile,iOS
18475,Desktop,Android
18476,Desktop,Android
18477,Mobile,Android
18478,Desktop,Android
18479,Mobile,Android
18480,Tablet,Android
18481,Tablet,Android
18482,Mobile,Android
18483,Mobile,iOS
18484,Mobile,Windows
18485,Mobile,iOS
18486,Mobile,macOS
18487,Desktop,Android
18488,Desktop,Windows
18489,Mobile,Android
18490,Desktop,macOS
18491,Mobile,Android
18492,Mobile,iOS
18493,Desktop,Android
18494,Mobile,Android
18495,Mobile,Android
18496,Tablet,iOS
18497,Mobile,macOS
18498,Mobile,Android
18499,Mobile,Windows
18500,Mobile,Android
18501,Desktop,macOS
18502,Desktop,Windows
18503,Desktop,Android
18504,Mobile,Android
18505,Mobile,iOS
18506,Desktop,iOS
18507,Tablet,Windows
18508,Mobile,Android
18509,Mobile,Android
18510,Desktop,iOS
18511,Desktop,iOS
18512,Mobile,Windows
18513,Mobile,iOS
18514,Desktop,Android
18515,Mobile,Windows
18516,Mobile,Android
18517,Mobile,Windows
18518,Mobile,iOS
18519,Tablet,Windows
18520,Desktop,Windows
18521,Mobile,Android
18522,Desktop,Windows
18523,Tablet,iOS
18524,Mobile,Android
18525,Mobile,Android
18526,Mobile,Android
18527,Tablet,Android
18528,Mobile,Android
18529,Desktop,macOS
18530,Mobile,Android
18531,Mobile,iOS
18532,Desktop,Android
18533,Mobile,iOS
18534,Mobile,Android
18535,Desktop,Android
18536,Desktop,Android
18537,Mobile,Windows
18538,Desktop,Android
18539,Mobile,iOS
18540,Mobile,Windows
18541,Desktop,Android
18542,Mobile,iOS
18543,Mobile,Android
18544,Mobile,Windows
18545,Desktop,iOS
18546,Desktop,macOS
18547,Desktop,Windows
18548,Desktop,Android
18549,Desktop,iOS
18550,Mobile,Android
18551,Desktop,iOS
18552,Mobile,Android
18553,Mobile,Android
18554,Mobile,iOS
18555,Mobile,Android
18556,Desktop,Android
18557,Mobile,iOS
18558,Desktop,macOS
18559,Mobile,Android
18560,Mobile,iOS
18561,Mobile,Android
18562,Desktop,Windows
18563,Desktop,Windows
18564,Mobile,Android
18565,Desktop,Windows
18566,Desktop,Windows
18567,Desktop,Windows
18568,Tablet,iOS
18569,Desktop,Android
18570,Desktop,macOS
18571,Mobile,Windows
18572,Desktop,Windows
18573,Mobile,Windows
18574,Mobile,macOS
18575,Mobile,iOS
18576,Desktop,macOS
18577,Mobile,Windows
18578,Mobile,Android
18579,Mobile,Android
18580,Desktop,Android
18581,Desktop,Android
18582,Desktop,iOS
18583,Mobile,Android
18584,Mobile,Android
18585,Mobile,iOS
18586,Mobile,Android
18587,Mobile,iOS
18588,Desktop,Android
18589,Tablet,iOS
18590,Mobile,Android
18591,Mobile,Android
18592,Desktop,iOS
18593,Tablet,Android
18594,Mobile,Android
18595,Mobile,iOS
18596,Desktop,iOS
18597,Mobile,iOS
18598,Tablet,Windows
18599,Mobile,iOS
18600,Mobile,Windows
18601,Desktop,iOS
18602,Desktop,Windows
18603,Mobile,Windows
18604,Mobile,Android
18605,Mobile,Android
18606,Mobile,Android
18607,Mobile,Android
18608,Mobile,iOS
18609,Tablet,Windows
18610,Mobile,Android
18611,Desktop,Android
18612,Mobile,Android
18613,Tablet,iOS
18614,Mobile,macOS
18615,Mobile,Android
18616,Mobile,iOS
18617,Mobile,Android
18618,Mobile,Android
18619,Desktop,iOS
18620,Mobile,Android
18621,Desktop,Windows
18622,Desktop,Android
18623,Mobile,Windows
18624,Mobile,Windows
18625,Mobile,Android
18626,Mobile,Android
18627,Mobile,iOS
18628,Desktop,iOS
18629,Mobile,Windows
18630,Mobile,Android
18631,Desktop,iOS
18632,Mobile,Android
18633,Mobile,Android
18634,Mobile,macOS
18635,Desktop,Android
18636,Desktop,Android
18637,Tablet,Windows
18638,Mobile,Android
18639,Mobile,Android
18640,Mobile,Windows
18641,Desktop,Android
18642,Mobile,Windows
18643,Desktop,Windows
18644,Mobile,macOS
18645,Desktop,Android
18646,Mobile,Android
18647,Mobile,Windows
18648,Desktop,iOS
18649,Mobile,Android
18650,Mobile,iOS
18651,Desktop,iOS
18652,Mobile,iOS
18653,Desktop,iOS
18654,Desktop,Windows
18655,Desktop,macOS
18656,Desktop,iOS
18657,Mobile,Android
18658,Mobile,iOS
18659,Desktop,Android
18660,Desktop,Android
18661,Desktop,macOS
18662,Mobile,Android
18663,Mobile,iOS
18664,Tablet,Android
18665,Tablet,macOS
18666,Mobile,iOS
18667,Mobile,Windows
18668,Mobile,Android
18669,Mobile,iOS
18670,Mobile,iOS
18671,Desktop,iOS
18672,Mobile,iOS
18673,Desktop,Android
18674,Desktop,Windows
18675,Desktop,Android
18676,Tablet,iOS
18677,Mobile,Android
18678,Tablet,Android
18679,Mobile,Android
18680,Mobile,iOS
18681,Mobile,Android
18682,Mobile,Android
18683,Tablet,iOS
18684,Desktop,iOS
18685,Mobile,iOS
18686,Mobile,iOS
18687,Tablet,Android
18688,Desktop,iOS
18689,Desktop,Android
18690,Mobile,iOS
18691,Desktop,Android
18692,Desktop,macOS
18693,Tablet,iOS
18694,Mobile,iOS
18695,Mobile,Windows
18696,Desktop,Windows
18697,Desktop,macOS
18698,Tablet,macOS
18699,Mobile,macOS
18700,Desktop,iOS
18701,Desktop,macOS
18702,Mobile,Android
18703,Mobile,Android
18704,Tablet,Windows
18705,Mobile,Android
18706,Mobile,iOS
18707,Mobile,iOS
18708,Desktop,Android
18709,Desktop,Windows
18710,Mobile,Android
18711,Mobile,Windows
18712,Tablet,Windows
18713,Mobile,Android
18714,Mobile,Android
18715,Mobile,iOS
18716,Mobile,Android
18717,Desktop,Android
18718,Mobile,iOS
18719,Mobile,Windows
18720,Mobile,Android
18721,Mobile,Android
18722,Mobile,iOS
18723,Mobile,iOS
18724,Desktop,Windows
18725,Mobile,Windows
18726,Mobile,Android
18727,Desktop,macOS
18728,Mobile,Android
18729,Mobile,Android
18730,Mobile,Android
18731,Mobile,iOS
18732,Mobile,Windows
18733,Mobile,macOS
18734,Tablet,Windows
18735,Mobile,Windows
18736,Mobile,Android
18737,Mobile,Android
18738,Desktop,Android
18739,Tablet,iOS
18740,Desktop,Android
18741,Desktop,Android
18742,Mobile,Android
18743,Tablet,Android
18744,Desktop,iOS
18745,Mobile,macOS
18746,Desktop,Android
18747,Mobile,iOS
18748,Mobile,Windows
18749,Desktop,Windows
18750,Desktop,macOS
18751,Mobile,Android
18752,Mobile,Windows
18753,Mobile,Windows
18754,Mobile,Windows
18755,Desktop,iOS
18756,Desktop,Android
18757,Mobile,Android
18758,Mobile,iOS
18759,Desktop,iOS
18760,Mobile,Android
18761,Mobile,Android
18762,Mobile,iOS
18763,Desktop,Android
18764,Mobile,Android
18765,Tablet,Android
18766,Mobile,Android
18767,Mobile,iOS
18768,Mobile,iOS
18769,Desktop,Android
18770,Mobile,macOS
18771,Mobile,Android
18772,Mobile,macOS
18773,Mobile,Android
18774,Mobile,Windows
18775,Mobile,iOS
18776,Mobile,Windows
18777,Desktop,Android
18778,Mobile,Android
18779,Mobile,macOS
18780,Tablet,Android
18781,Mobile,Android
18782,Mobile,macOS
18783,Tablet,iOS
18784,Mobile,Windows
18785,Mobile,iOS
18786,Desktop,iOS
18787,Mobile,iOS
18788,Desktop,iOS
18789,Mobile,Windows
18790,Mobile,Android
18791,Mobile,iOS
18792,Mobile,Android
18793,Mobile,iOS
18794,Desktop,Android
18795,Mobile,Android
18796,Desktop,iOS
18797,Desktop,Android
18798,Mobile,Windows
18799,Tablet,iOS
18800,Desktop,Android
18801,Mobile,Android
18802,Tablet,iOS
18803,Mobile,Android
18804,Mobile,iOS
18805,Mobile,iOS
18806,Desktop,iOS
18807,Tablet,Windows
18808,Desktop,Windows
18809,Mobile,Android
18810,Desktop,Windows
18811,Desktop,Android
18812,Desktop,Windows
18813,Mobile,Windows
18814,Mobile,Windows
18815,Desktop,macOS
18816,Mobile,Android
18817,Desktop,Android
18818,Desktop,Windows
18819,Mobile,Windows
18820,Mobile,Android
18821,Mobile,iOS
18822,Desktop,iOS
18823,Mobile,Android
18824,Mobile,macOS
18825,Mobile,Windows
18826,Mobile,Windows
18827,Desktop,iOS
18828,Mobile,Android
18829,Desktop,Windows
18830,Mobile,Android
18831,Mobile,iOS
18832,Mobile,Android
18833,Mobile,iOS
18834,Desktop,iOS
18835,Tablet,Android
18836,Tablet,Android
18837,Mobile,Android
18838,Desktop,iOS
18839,Desktop,Android
18840,Mobile,Android
18841,Mobile,Android
18842,Tablet,Android
18843,Mobile,iOS
18844,Mobile,macOS
18845,Mobile,iOS
18846,Tablet,macOS
18847,Desktop,iOS
18848,Mobile,iOS
18849,Desktop,macOS
18850,Desktop,Android
18851,Tablet,Windows
18852,Mobile,iOS
18853,Mobile,Android
18854,Mobile,Android
18855,Mobile,Android
18856,Mobile,Android
18857,Mobile,Android
18858,Mobile,iOS
18859,Desktop,iOS
18860,Mobile,iOS
18861,Mobile,Android
18862,Mobile,macOS
18863,Mobile,iOS
18864,Mobile,Android
18865,Desktop,Android
18866,Desktop,Android
18867,Desktop,Android
18868,Desktop,Android
18869,Mobile,Android
18870,Mobile,iOS
18871,Tablet,Android
18872,Mobile,iOS
18873,Desktop,iOS
18874,Desktop,Windows
18875,Desktop,Android
18876,Mobile,iOS
18877,Desktop,Android
18878,Mobile,macOS
18879,Desktop,iOS
18880,Desktop,Android
18881,Tablet,Android
18882,Mobile,Android
18883,Mobile,macOS
18884,Mobile,iOS
18885,Mobile,Windows
18886,Mobile,iOS
18887,Desktop,Windows
18888,Desktop,Android
18889,Desktop,Windows
18890,Mobile,iOS
18891,Mobile,Android
18892,Mobile,Android
18893,Mobile,Android
18894,Mobile,Android
18895,Desktop,macOS
18896,Mobile,Android
18897,Mobile,Android
18898,Desktop,Windows
18899,Desktop,Android
18900,Desktop,iOS
18901,Mobile,Android
18902,Mobile,iOS
18903,Mobile,iOS
18904,Mobile,Android
18905,Mobile,iOS
18906,Desktop,Windows
18907,Mobile,Android
18908,Mobile,iOS
18909,Mobile,iOS
18910,Mobile,Windows
18911,Mobile,Android
18912,Mobile,iOS
18913,Mobile,Android
18914,Desktop,Windows
18915,Mobile,Windows
18916,Mobile,Android
18917,Mobile,Android
18918,Mobile,Windows
18919,Tablet,Android
18920,Mobile,Android
18921,Mobile,iOS
18922,Desktop,Android
18923,Mobile,Windows
18924,Mobile,iOS
18925,Mobile,iOS
18926,Desktop,Android
18927,Desktop,Android
18928,Mobile,iOS
18929,Mobile,Android
18930,Mobile,Android
18931,Desktop,iOS
18932,Mobile,Android
18933,Desktop,iOS
18934,Mobile,Android
18935,Desktop,Android
18936,Mobile,Android
18937,Mobile,Android
18938,Mobile,Windows
18939,Desktop,Android
18940,Tablet,iOS
18941,Mobile,iOS
18942,Mobile,Android
18943,Mobile,Windows
18944,Mobile,iOS
18945,Mobile,Windows
18946,Mobile,Windows
18947,Desktop,Android
18948,Desktop,Android
18949,Mobile,iOS
18950,Mobile,iOS
18951,Mobile,macOS
18952,Mobile,Android
18953,Desktop,Windows
18954,Mobile,Android
18955,Tablet,iOS
18956,Desktop,Android
18957,Mobile,Windows
18958,Desktop,Android
18959,Mobile,Android
18960,Mobile,iOS
18961,Mobile,Android
18962,Mobile,Windows
18963,Desktop,iOS
18964,Mobile,macOS
18965,Mobile,Android
18966,Mobile,Windows
18967,Mobile,Windows
18968,Desktop,Android
18969,Desktop,Windows
18970,Mobile,Windows
18971,Mobile,macOS
18972,Mobile,Android
18973,Mobile,Android
18974,Mobile,iOS
18975,Mobile,Android
18976,Mobile,Windows
18977,Mobile,iOS
18978,Tablet,Android
18979,Desktop,Android
18980,Mobile,Android
18981,Mobile,Android
18982,Tablet,Android
18983,Desktop,iOS
18984,Mobile,Windows
18985,Mobile,iOS
18986,Mobile,macOS
18987,Desktop,Android
18988,Mobile,Android
18989,Mobile,Android
18990,Tablet,Windows
18991,Mobile,iOS
18992,Mobile,iOS
18993,Mobile,Android
18994,Mobile,Windows
18995,Mobile,Android
18996,Mobile,Android
18997,Mobile,macOS
18998,Mobile,Windows
18999,Desktop,Android
19000,Mobile,iOS
19001,Mobile,Android
19002,Desktop,Android
19003,Desktop,macOS
19004,Mobile,Android
19005,Mobile,Android
19006,Mobile,Android
19007,Mobile,iOS
19008,Mobile,iOS
19009,Desktop,Android
19010,Mobile,Android
19011,Mobile,Windows
19012,Mobile,iOS
19013,Desktop,Windows
19014,Mobile,Android
19015,Desktop,Android
19016,Desktop,macOS
19017,Mobile,iOS
19018,Mobile,Android
19019,Desktop,iOS
19020,Desktop,Windows
19021,Mobile,Android
19022,Mobile,Windows
19023,Mobile,Windows
19024,Desktop,Android
19025,Tablet,macOS
19026,Mobile,macOS
19027,Mobile,Windows
19028,Mobile,iOS
19029,Mobile,Windows
19030,Mobile,Android
19031,Mobile,iOS
19032,Mobile,Android
19033,Mobile,macOS
19034,Mobile,Windows
19035,Mobile,iOS
19036,Desktop,Android
19037,Mobile,Windows
19038,Mobile,Android
19039,Desktop,iOS
19040,Mobile,iOS
19041,Mobile,Windows
19042,Mobile,Android
19043,Mobile,iOS
19044,Mobile,macOS
19045,Mobile,Android
19046,Desktop,iOS
19047,Desktop,iOS
19048,Mobile,Android
19049,Mobile,Android
19050,Mobile,iOS
19051,Mobile,Android
19052,Tablet,Windows
19053,Mobile,Windows
19054,Mobile,iOS
19055,Desktop,Windows
19056,Mobile,Android
19057,Desktop,iOS
19058,Desktop,Android
19059,Desktop,Android
19060,Mobile,iOS
19061,Mobile,Android
19062,Mobile,Android
19063,Desktop,Windows
19064,Desktop,Windows
19065,Desktop,Windows
19066,Mobile,iOS
19067,Mobile,Windows
19068,Mobile,Windows
19069,Desktop,Android
19070,Mobile,Windows
19071,Mobile,Android
19072,Mobile,Android
19073,Mobile,iOS
19074,Mobile,iOS
19075,Mobile,Windows
19076,Mobile,iOS
19077,Mobile,Android
19078,Mobile,iOS
19079,Desktop,Android
19080,Mobile,macOS
19081,Mobile,iOS
19082,Desktop,Windows
19083,Mobile,Android
19084,Mobile,Windows
19085,Mobile,Android
19086,Tablet,macOS
19087,Mobile,Android
19088,Desktop,iOS
19089,Mobile,Windows
19090,Mobile,Android
19091,Mobile,Windows
19092,Mobile,Android
19093,Tablet,Android
19094,Mobile,Windows
19095,Mobile,iOS
19096,Mobile,iOS
19097,Mobile,Android
19098,Mobile,macOS
19099,Tablet,macOS
19100,Desktop,Android
19101,Mobile,Windows
19102,Desktop,Android
19103,Mobile,Windows
19104,Mobile,Android
19105,Tablet,Android
19106,Tablet,macOS
19107,Desktop,Windows
19108,Mobile,Android
19109,Mobile,iOS
19110,Desktop,iOS
19111,Mobile,Android
19112,Mobile,Android
19113,Mobile,Android
19114,Mobile,Windows
19115,Mobile,Windows
19116,Mobile,macOS
19117,Mobile,Android
19118,Desktop,iOS
19119,Desktop,Windows
19120,Mobile,iOS
19121,Tablet,iOS
19122,Desktop,Android
19123,Desktop,Android
19124,Mobile,iOS
19125,Desktop,iOS
19126,Mobile,macOS
19127,Mobile,Android
19128,Desktop,iOS
19129,Desktop,macOS
19130,Mobile,Windows
19131,Mobile,Windows
19132,Mobile,Android
19133,Desktop,iOS
19134,Mobile,Android
19135,Desktop,macOS
19136,Mobile,Android
19137,Mobile,Android
19138,Mobile,Android
19139,Mobile,Windows
19140,Mobile,iOS
19141,Mobile,iOS
19142,Tablet,iOS
19143,Mobile,iOS
19144,Mobile,iOS
19145,Desktop,iOS
19146,Desktop,iOS
19147,Mobile,macOS
19148,Desktop,Windows
19149,Mobile,Windows
19150,Mobile,Android
19151,Desktop,Windows
19152,Mobile,Android
19153,Desktop,Android
19154,Desktop,Windows
19155,Mobile,iOS
19156,Desktop,iOS
19157,Desktop,iOS
19158,Mobile,Android
19159,Desktop,iOS
19160,Mobile,Android
19161,Mobile,Windows
19162,Mobile,Android
19163,Desktop,Windows
19164,Mobile,iOS
19165,Desktop,iOS
19166,Mobile,iOS
19167,Mobile,iOS
19168,Mobile,iOS
19169,Mobile,iOS
19170,Desktop,Android
19171,Mobile,Windows
19172,Mobile,macOS
19173,Mobile,iOS
19174,Desktop,Android
19175,Desktop,Android
19176,Mobile,Windows
19177,Mobile,Windows
19178,Mobile,Android
19179,Mobile,Android
19180,Mobile,Android
19181,Mobile,macOS
19182,Mobile,Android
19183,Desktop,Windows
19184,Desktop,Android
19185,Mobile,Android
19186,Desktop,iOS
19187,Desktop,Android
19188,Mobile,iOS
19189,Mobile,iOS
19190,Mobile,iOS
19191,Desktop,Windows
19192,Mobile,iOS
19193,Mobile,Android
19194,Desktop,Windows
19195,Desktop,iOS
19196,Mobile,Android
19197,Desktop,Android
19198,Mobile,Android
19199,Mobile,iOS
19200,Tablet,iOS
19201,Mobile,iOS
19202,Mobile,Android
19203,Desktop,Android
19204,Desktop,macOS
19205,Mobile,Android
19206,Desktop,iOS
19207,Mobile,Android
19208,Mobile,iOS
19209,Mobile,Windows
19210,Desktop,Android
19211,Mobile,macOS
19212,Desktop,iOS
19213,Desktop,Android
19214,Mobile,Android
19215,Mobile,iOS
19216,Mobile,iOS
19217,Tablet,Android
19218,Mobile,Android
19219,Mobile,iOS
19220,Mobile,Windows
19221,Desktop,macOS
19222,Desktop,Windows
19223,Desktop,Android
19224,Mobile,macOS
19225,Desktop,Android
19226,Mobile,Android
19227,Mobile,Android
19228,Desktop,iOS
19229,Tablet,iOS
19230,Mobile,iOS
19231,Mobile,Windows
19232,Mobile,Android
19233,Mobile,Windows
19234,Mobile,Windows
19235,Mobile,iOS
19236,Mobile,Android
19237,Desktop,Windows
19238,Desktop,Windows
19239,Mobile,Android
19240,Mobile,Android
19241,Mobile,Android
19242,Mobile,Android
19243,Mobile,Android
19244,Mobile,macOS
19245,Desktop,Android
19246,Tablet,Android
19247,Desktop,Windows
19248,Mobile,macOS
19249,Tablet,Windows
19250,Mobile,Android
19251,Mobile,Windows
19252,Desktop,Windows
19253,Desktop,iOS
19254,Tablet,macOS
19255,Mobile,Windows
19256,Desktop,iOS
19257,Desktop,iOS
19258,Tablet,Android
19259,Desktop,Windows
19260,Mobile,iOS
19261,Mobile,Android
19262,Mobile,Windows
19263,Mobile,iOS
19264,Mobile,Android
19265,Mobile,iOS
19266,Desktop,Android
19267,Mobile,iOS
19268,Mobile,Android
19269,Mobile,macOS
19270,Mobile,macOS
19271,Tablet,iOS
19272,Desktop,iOS
19273,Desktop,iOS
19274,Mobile,Android
19275,Mobile,Android
19276,Mobile,macOS
19277,Desktop,iOS
19278,Mobile,Android
19279,Desktop,iOS
19280,Mobile,Windows
19281,Mobile,iOS
19282,Mobile,Windows
19283,Mobile,iOS
19284,Mobile,Windows
19285,Desktop,Android
19286,Mobile,Windows
19287,Mobile,macOS
19288,Mobile,Android
19289,Desktop,Android
19290,Tablet,Android
19291,Mobile,iOS
19292,Desktop,iOS
19293,Mobile,Android
19294,Mobile,iOS
19295,Mobile,iOS
19296,Desktop,iOS
19297,Mobile,iOS
19298,Desktop,Android
19299,Desktop,iOS
19300,Desktop,iOS
19301,Desktop,iOS
19302,Mobile,Android
19303,Mobile,Android
19304,Tablet,iOS
19305,Mobile,Windows
19306,Desktop,Windows
19307,Mobile,Windows
19308,Desktop,iOS
19309,Desktop,Windows
19310,Mobile,Windows
19311,Desktop,Android
19312,Mobile,iOS
19313,Desktop,iOS
19314,Mobile,Android
19315,Mobile,iOS
19316,Mobile,Android
19317,Mobile,Android
19318,Desktop,macOS
19319,Tablet,Android
19320,Mobile,iOS
19321,Mobile,Android
19322,Mobile,macOS
19323,Mobile,Android
19324,Mobile,iOS
19325,Tablet,Android
19326,Desktop,Windows
19327,Mobile,Android
19328,Mobile,Windows
19329,Mobile,macOS
19330,Mobile,iOS
19331,Mobile,Windows
19332,Mobile,Android
19333,Mobile,Android
19334,Mobile,Android
19335,Desktop,Windows
19336,Mobile,iOS
19337,Desktop,Windows
19338,Mobile,macOS
19339,Mobile,Android
19340,Desktop,Android
19341,Desktop,Android
19342,Tablet,Android
19343,Mobile,Android
19344,Desktop,Android
19345,Desktop,Android
19346,Mobile,Windows
19347,Desktop,iOS
19348,Mobile,Windows
19349,Desktop,Android
19350,Mobile,macOS
19351,Desktop,Android
19352,Mobile,Android
19353,Desktop,iOS
19354,Desktop,Android
19355,Mobile,Android
19356,Mobile,iOS
19357,Mobile,Windows
19358,Mobile,Android
19359,Mobile,iOS
19360,Desktop,Android
19361,Mobile,Windows
19362,Tablet,iOS
19363,Desktop,macOS
19364,Mobile,Windows
19365,Mobile,Android
19366,Desktop,Android
19367,Mobile,iOS
19368,Mobile,iOS
19369,Mobile,iOS
19370,Desktop,Windows
19371,Mobile,iOS
19372,Desktop,iOS
19373,Mobile,Android
19374,Mobile,Windows
19375,Mobile,iOS
19376,Mobile,Windows
19377,Mobile,macOS
19378,Desktop,iOS
19379,Mobile,Android
19380,Tablet,Android
19381,Mobile,macOS
19382,Desktop,iOS
19383,Mobile,Android
19384,Desktop,iOS
19385,Desktop,Android
19386,Mobile,Android
19387,Mobile,iOS
19388,Mobile,Android
19389,Mobile,Android
19390,Mobile,Android
19391,Desktop,Android
19392,Desktop,iOS
19393,Mobile,Android
19394,Mobile,iOS
19395,Mobile,iOS
19396,Desktop,Windows
19397,Tablet,Android
19398,Mobile,Android
19399,Desktop,Android
19400,Desktop,Android
19401,Desktop,Windows
19402,Desktop,Windows
19403,Mobile,Android
19404,Mobile,iOS
19405,Mobile,Android
19406,Desktop,Android
19407,Mobile,Windows
19408,Mobile,iOS
19409,Mobile,iOS
19410,Tablet,Android
19411,Mobile,iOS
19412,Mobile,iOS
19413,Mobile,Windows
19414,Desktop,Windows
19415,Mobile,iOS
19416,Mobile,Windows
19417,Mobile,Android
19418,Mobile,Android
19419,Mobile,Android
19420,Mobile,Windows
19421,Mobile,Android
19422,Mobile,Windows
19423,Desktop,iOS
19424,Mobile,Windows
19425,Desktop,iOS
19426,Desktop,Android
19427,Desktop,Android
19428,Mobile,iOS
19429,Mobile,Android
19430,Desktop,Android
19431,Desktop,Windows
19432,Mobile,macOS
19433,Mobile,Android
19434,Mobile,Windows
19435,Mobile,iOS
19436,Desktop,iOS
19437,Desktop,iOS
19438,Desktop,macOS
19439,Desktop,Android
19440,Mobile,iOS
19441,Desktop,macOS
19442,Mobile,iOS
19443,Desktop,Windows
19444,Desktop,Android
19445,Mobile,macOS
19446,Desktop,Windows
19447,Mobile,macOS
19448,Tablet,iOS
19449,Desktop,macOS
19450,Mobile,Android
19451,Desktop,iOS
19452,Desktop,Windows
19453,Mobile,Windows
19454,Mobile,iOS
19455,Desktop,Windows
19456,Tablet,iOS
19457,Mobile,Android
19458,Mobile,Android
19459,Mobile,Android
19460,Mobile,Android
19461,Mobile,iOS
19462,Desktop,iOS
19463,Mobile,Android
19464,Mobile,iOS
19465,Mobile,Android
19466,Tablet,Android
19467,Desktop,iOS
19468,Mobile,Android
19469,Tablet,iOS
19470,Tablet,Android
19471,Mobile,Android
19472,Desktop,Windows
19473,Tablet,iOS
19474,Desktop,iOS
19475,Desktop,Android
19476,Tablet,iOS
19477,Mobile,iOS
19478,Mobile,iOS
19479,Desktop,Android
19480,Mobile,Android
19481,Mobile,Android
19482,Mobile,iOS
19483,Mobile,Windows
19484,Desktop,Android
19485,Tablet,Android
19486,Mobile,Windows
19487,Mobile,Android
19488,Mobile,Android
19489,Mobile,Android
19490,Mobile,iOS
19491,Mobile,Android
19492,Mobile,macOS
19493,Mobile,iOS
19494,Mobile,Android
19495,Desktop,macOS
19496,Desktop,macOS
19497,Mobile,Android
19498,Mobile,Android
19499,Mobile,Windows
19500,Mobile,Android
19501,Tablet,iOS
19502,Desktop,Windows
19503,Tablet,iOS
19504,Desktop,Android
19505,Mobile,Android
19506,Mobile,macOS
19507,Mobile,iOS
19508,Mobile,Windows
19509,Desktop,macOS
19510,Mobile,Windows
19511,Desktop,Android
19512,Desktop,macOS
19513,Desktop,Windows
19514,Mobile,Windows
19515,Desktop,Android
19516,Tablet,Android
19517,Tablet,Windows
19518,Mobile,iOS
19519,Mobile,Android
19520,Mobile,Android
19521,Mobile,Android
19522,Desktop,iOS
19523,Desktop,iOS
19524,Mobile,iOS
19525,Tablet,iOS
19526,Desktop,Android
19527,Mobile,macOS
19528,Mobile,macOS
19529,Mobile,iOS
19530,Mobile,Android
19531,Desktop,Android
19532,Tablet,Android
19533,Mobile,iOS
19534,Mobile,iOS
19535,Mobile,Android
19536,Mobile,Android
19537,Mobile,Android
19538,Mobile,iOS
19539,Mobile,Android
19540,Desktop,Windows
19541,Mobile,macOS
19542,Desktop,iOS
19543,Desktop,Android
19544,Mobile,Windows
19545,Desktop,Android
19546,Mobile,iOS
19547,Mobile,macOS
19548,Mobile,macOS
19549,Mobile,iOS
19550,Desktop,Android
19551,Desktop,Android
19552,Mobile,Android
19553,Desktop,iOS
19554,Desktop,macOS
19555,Mobile,macOS
19556,Mobile,Windows
19557,Desktop,iOS
19558,Mobile,iOS
19559,Mobile,Windows
19560,Mobile,Android
19561,Mobile,Android
19562,Mobile,Android
19563,Desktop,Android
19564,Mobile,Android
19565,Tablet,Android
19566,Tablet,iOS
19567,Mobile,Windows
19568,Mobile,Android
19569,Mobile,iOS
19570,Mobile,iOS
19571,Mobile,macOS
19572,Mobile,iOS
19573,Desktop,iOS
19574,Mobile,Android
19575,Mobile,Windows
19576,Desktop,Android
19577,Desktop,Windows
19578,Desktop,iOS
19579,Mobile,iOS
19580,Mobile,Android
19581,Desktop,Android
19582,Mobile,Android
19583,Mobile,Windows
19584,Desktop,Android
19585,Desktop,Android
19586,Mobile,Android
19587,Mobile,Android
19588,Mobile,Android
19589,Tablet,macOS
19590,Desktop,Windows
19591,Mobile,Windows
19592,Mobile,iOS
19593,Mobile,Android
19594,Mobile,Windows
19595,Mobile,iOS
19596,Mobile,Android
19597,Mobile,Android
19598,Mobile,iOS
19599,Desktop,Windows
19600,Mobile,Windows
19601,Mobile,iOS
19602,Mobile,Android
19603,Desktop,Android
19604,Mobile,iOS
19605,Mobile,iOS
19606,Mobile,Android
19607,Mobile,Android
19608,Desktop,Android
19609,Desktop,Windows
19610,Desktop,iOS
19611,Tablet,Windows
19612,Mobile,iOS
19613,Mobile,Windows
19614,Mobile,Android
19615,Mobile,macOS
19616,Mobile,Windows
19617,Mobile,macOS
19618,Mobile,Windows
19619,Mobile,iOS
19620,Mobile,Windows
19621,Mobile,Android
19622,Mobile,Windows
19623,Mobile,Windows
19624,Desktop,iOS
19625,Mobile,Android
19626,Mobile,Android
19627,Desktop,iOS
19628,Mobile,macOS
19629,Desktop,Android
19630,Mobile,Windows
19631,Mobile,Android
19632,Desktop,Android
19633,Desktop,Windows
19634,Tablet,Windows
19635,Mobile,Windows
19636,Desktop,Android
19637,Desktop,iOS
19638,Mobile,Windows
19639,Mobile,iOS
19640,Mobile,iOS
19641,Mobile,iOS
19642,Tablet,Android
19643,Desktop,iOS
19644,Mobile,Android
19645,Mobile,Windows
19646,Mobile,Android
19647,Mobile,Android
19648,Mobile,Android
19649,Tablet,Android
19650,Mobile,Android
19651,Desktop,Windows
19652,Desktop,iOS
19653,Tablet,Windows
19654,Mobile,Windows
19655,Mobile,Android
19656,Tablet,Android
19657,Mobile,macOS
19658,Tablet,Windows
19659,Desktop,iOS
19660,Mobile,macOS
19661,Mobile,Android
19662,Desktop,Android
19663,Mobile,Android
19664,Mobile,Android
19665,Mobile,Windows
19666,Tablet,Windows
19667,Desktop,Windows
19668,Mobile,Android
19669,Mobile,Android
19670,Mobile,Android
19671,Mobile,iOS
19672,Mobile,iOS
19673,Desktop,Android
19674,Desktop,Android
19675,Mobile,iOS
19676,Mobile,Android
19677,Mobile,iOS
19678,Tablet,Windows
19679,Desktop,Android
19680,Mobile,Windows
19681,Mobile,iOS
19682,Mobile,Android
19683,Desktop,macOS
19684,Desktop,macOS
19685,Mobile,iOS
19686,Desktop,Android
19687,Mobile,Android
19688,Desktop,Android
19689,Desktop,Android
19690,Desktop,Android
19691,Desktop,Windows
19692,Mobile,Windows
19693,Desktop,Windows
19694,Desktop,Android
19695,Desktop,Android
19696,Mobile,Android
19697,Mobile,Android
19698,Mobile,Android
19699,Mobile,Windows
19700,Mobile,Android
19701,Mobile,Windows
19702,Mobile,iOS
19703,Mobile,iOS
19704,Mobile,macOS
19705,Mobile,iOS
19706,Mobile,iOS
19707,Desktop,macOS
19708,Mobile,iOS
19709,Mobile,Android
19710,Desktop,Android
19711,Desktop,macOS
19712,Mobile,Android
19713,Mobile,iOS
19714,Mobile,Android
19715,Mobile,Android
19716,Mobile,Windows
19717,Mobile,iOS
19718,Mobile,iOS
19719,Mobile,iOS
19720,Mobile,iOS
19721,Mobile,Android
19722,Mobile,Windows
19723,Mobile,iOS
19724,Mobile,iOS
19725,Desktop,Windows
19726,Desktop,Android
19727,Mobile,Windows
19728,Mobile,Android
19729,Mobile,Android
19730,Desktop,iOS
19731,Mobile,macOS
19732,Mobile,Android
19733,Desktop,iOS
19734,Mobile,Android
19735,Mobile,Android
19736,Desktop,Android
19737,Mobile,Windows
19738,Mobile,Android
19739,Desktop,macOS
19740,Desktop,iOS
19741,Mobile,iOS
19742,Desktop,Android
19743,Mobile,iOS
19744,Mobile,Windows
19745,Mobile,Android
19746,Mobile,Android
19747,Mobile,Windows
19748,Desktop,Android
19749,Mobile,Android
19750,Mobile,Android
19751,Mobile,Android
19752,Mobile,macOS
19753,Mobile,Android
19754,Mobile,Windows
19755,Mobile,Android
19756,Desktop,Android
19757,Mobile,Android
19758,Mobile,iOS
19759,Desktop,Windows
19760,Mobile,Windows
19761,Mobile,Windows
19762,Mobile,Android
19763,Desktop,Android
19764,Tablet,Android
19765,Mobile,macOS
19766,Mobile,Android
19767,Mobile,Windows
19768,Mobile,Android
19769,Mobile,iOS
19770,Mobile,Android
19771,Desktop,iOS
19772,Tablet,iOS
19773,Desktop,Android
19774,Desktop,Android
19775,Desktop,Android
19776,Mobile,Android
19777,Tablet,macOS
19778,Mobile,Android
19779,Mobile,Windows
19780,Mobile,Android
19781,Mobile,iOS
19782,Desktop,Android
19783,Mobile,Windows
19784,Mobile,Android
19785,Mobile,iOS
19786,Desktop,Android
19787,Desktop,iOS
19788,Desktop,macOS
19789,Mobile,iOS
19790,Mobile,Android
19791,Desktop,Android
19792,Desktop,iOS
19793,Mobile,Android
19794,Mobile,Android
19795,Desktop,Windows
19796,Tablet,Android
19797,Desktop,iOS
19798,Desktop,macOS
19799,Mobile,iOS
19800,Mobile,Android
19801,Mobile,Android
19802,Desktop,Windows
19803,Mobile,Android
19804,Mobile,iOS
19805,Desktop,iOS
19806,Mobile,Windows
19807,Mobile,Android
19808,Mobile,macOS
19809,Desktop,Android
19810,Desktop,Android
19811,Mobile,iOS
19812,Mobile,iOS
19813,Tablet,iOS
19814,Tablet,Windows
19815,Tablet,Android
19816,Tablet,Android
19817,Desktop,macOS
19818,Desktop,iOS
19819,Mobile,Android
19820,Tablet,macOS
19821,Desktop,Android
19822,Mobile,Android
19823,Desktop,iOS
19824,Mobile,Android
19825,Desktop,iOS
19826,Mobile,iOS
19827,Desktop,Android
19828,Tablet,Android
19829,Mobile,iOS
19830,Mobile,Android
19831,Desktop,Android
19832,Desktop,Windows
19833,Desktop,Android
19834,Mobile,Windows
19835,Mobile,macOS
19836,Desktop,iOS
19837,Mobile,Android
19838,Desktop,macOS
19839,Desktop,iOS
19840,Desktop,Android
19841,Mobile,Windows
19842,Mobile,iOS
19843,Tablet,Windows
19844,Mobile,Windows
19845,Desktop,macOS
19846,Desktop,iOS
19847,Mobile,macOS
19848,Mobile,Android
19849,Mobile,Android
19850,Mobile,iOS
19851,Mobile,Android
19852,Mobile,Windows
19853,Mobile,Android
19854,Mobile,iOS
19855,Desktop,iOS
19856,Mobile,Windows
19857,Desktop,macOS
19858,Mobile,Windows
19859,Mobile,iOS
19860,Desktop,Android
19861,Tablet,macOS
19862,Mobile,Android
19863,Desktop,Android
19864,Mobile,iOS
19865,Mobile,Android
19866,Desktop,Windows
19867,Mobile,macOS
19868,Tablet,Windows
19869,Tablet,Android
19870,Mobile,Windows
19871,Desktop,Android
19872,Mobile,Android
19873,Mobile,macOS
19874,Mobile,Windows
19875,Mobile,iOS
19876,Mobile,macOS
19877,Mobile,Android
19878,Mobile,iOS
19879,Mobile,macOS
19880,Desktop,Android
19881,Desktop,Android
19882,Mobile,Windows
19883,Mobile,Windows
19884,Mobile,Windows
19885,Desktop,Android
19886,Mobile,Android
19887,Mobile,Android
19888,Mobile,iOS
19889,Mobile,Android
19890,Mobile,Windows
19891,Mobile,Android
19892,Desktop,Windows
19893,Mobile,iOS
19894,Desktop,iOS
19895,Desktop,iOS
19896,Mobile,iOS
19897,Desktop,macOS
19898,Mobile,Windows
19899,Desktop,iOS
19900,Mobile,macOS
19901,Desktop,Android
19902,Desktop,iOS
19903,Mobile,Android
19904,Desktop,Windows
19905,Desktop,Android
19906,Mobile,Windows
19907,Desktop,Android
19908,Mobile,Android
19909,Mobile,Windows
19910,Mobile,Windows
19911,Desktop,Android
19912,Tablet,Android
19913,Mobile,Android
19914,Mobile,Windows
19915,Desktop,Windows
19916,Desktop,iOS
19917,Desktop,macOS
19918,Desktop,macOS
19919,Desktop,Android
19920,Desktop,Windows
19921,Mobile,Windows
19922,Mobile,iOS
19923,Mobile,Windows
19924,Mobile,Windows
19925,Tablet,Android
19926,Mobile,iOS
19927,Mobile,iOS
19928,Mobile,iOS
19929,Desktop,Windows
19930,Mobile,Android
19931,Desktop,Android
19932,Desktop,Windows
19933,Mobile,macOS
19934,Mobile,Android
19935,Mobile,iOS
19936,Mobile,iOS
19937,Desktop,Android
19938,Desktop,Android
19939,Desktop,macOS
19940,Desktop,Android
19941,Mobile,Windows
19942,Desktop,Windows
19943,Mobile,Android
19944,Mobile,Android
19945,Mobile,Windows
19946,Mobile,Android
19947,Mobile,Windows
19948,Mobile,Android
19949,Mobile,iOS
19950,Mobile,Android
19951,Desktop,Android
19952,Mobile,Android
19953,Tablet,iOS
19954,Tablet,iOS
19955,Mobile,iOS
19956,Mobile,Windows
19957,Mobile,Android
19958,Mobile,macOS
19959,Mobile,Android
19960,Desktop,iOS
19961,Mobile,Android
19962,Mobile,iOS
19963,Mobile,iOS
19964,Desktop,Windows
19965,Mobile,Windows
19966,Desktop,Android
19967,Mobile,Android
19968,Mobile,Windows
19969,Mobile,iOS
19970,Mobile,iOS
19971,Mobile,Android
19972,Mobile,macOS
19973,Mobile,iOS
19974,Mobile,Android
19975,Desktop,Windows
19976,Desktop,Android
19977,Desktop,Android
19978,Desktop,macOS
19979,Desktop,iOS
19980,Mobile,Windows
19981,Mobile,Windows
19982,Mobile,Android
19983,Desktop,Android
19984,Desktop,Android
19985,Mobile,Android
19986,Desktop,Android
19987,Mobile,Windows
19988,Mobile,Android
19989,Mobile,Android
19990,Mobile,iOS
19991,Mobile,iOS
19992,Mobile,Android
19993,Mobile,Android
19994,Desktop,Android
19995,Mobile,Android
19996,Mobile,Android
19997,Desktop,iOS
19998,Desktop,Windows
19999,Mobile,Windows
20000,Mobile,Android
20001,Mobile,Android
20002,Desktop,Windows
20003,Mobile,Android
20004,Mobile,Windows
20005,Desktop,Windows
20006,Mobile,macOS
20007,Desktop,Android
20008,Mobile,iOS
20009,Mobile,Android
20010,Desktop,iOS
20011,Mobile,macOS
20012,Mobile,Android
20013,Mobile,iOS
20014,Mobile,Android
20015,Mobile,Android
20016,Mobile,Android
20017,Mobile,Android
20018,Mobile,Android
20019,Mobile,iOS
20020,Desktop,iOS
20021,Mobile,Android
20022,Desktop,Windows
20023,Desktop,macOS
20024,Mobile,Windows
20025,Mobile,Windows
20026,Mobile,Android
20027,Mobile,Windows
20028,Mobile,Windows
20029,Mobile,Android
20030,Mobile,iOS
20031,Mobile,iOS
20032,Desktop,Windows
20033,Mobile,macOS
20034,Mobile,iOS
20035,Desktop,Android
20036,Desktop,iOS
20037,Mobile,Android
20038,Mobile,macOS
20039,Mobile,macOS
20040,Tablet,Windows
20041,Mobile,Android
20042,Mobile,macOS
20043,Mobile,Android
20044,Mobile,Windows
20045,Mobile,iOS
20046,Desktop,iOS
20047,Mobile,Android
20048,Mobile,macOS
20049,Mobile,iOS
20050,Desktop,iOS
20051,Mobile,Android
20052,Mobile,Android
20053,Mobile,Android
20054,Mobile,Android
20055,Tablet,iOS
20056,Mobile,iOS
20057,Mobile,iOS
20058,Desktop,iOS
20059,Tablet,Android
20060,Tablet,iOS
20061,Desktop,iOS
20062,Mobile,iOS
20063,Mobile,Android
20064,Mobile,iOS
20065,Desktop,Windows
20066,Tablet,iOS
20067,Desktop,Android
20068,Desktop,iOS
20069,Mobile,Windows
20070,Mobile,Android
20071,Mobile,iOS
20072,Mobile,macOS
20073,Mobile,Android
20074,Mobile,Windows
20075,Mobile,Windows
20076,Mobile,Windows
20077,Mobile,macOS
20078,Mobile,Android
20079,Mobile,Android
20080,Desktop,Windows
20081,Mobile,iOS
20082,Tablet,Android
20083,Mobile,Android
20084,Tablet,iOS
20085,Desktop,iOS
20086,Mobile,Windows
20087,Desktop,Android
20088,Mobile,iOS
20089,Desktop,Windows
20090,Mobile,Windows
20091,Mobile,macOS
20092,Mobile,Android
20093,Mobile,Windows
20094,Desktop,iOS
20095,Mobile,macOS
20096,Desktop,Windows
20097,Mobile,Android
20098,Desktop,Windows
20099,Mobile,iOS
20100,Mobile,macOS
20101,Mobile,iOS
20102,Mobile,Windows
20103,Mobile,iOS
20104,Desktop,Android
20105,Mobile,iOS
20106,Tablet,Windows
20107,Mobile,Windows
20108,Desktop,Android
20109,Mobile,Android
20110,Desktop,iOS
20111,Mobile,iOS
20112,Desktop,iOS
20113,Mobile,macOS
20114,Desktop,Android
20115,Mobile,Android
20116,Mobile,iOS
20117,Desktop,Android
20118,Mobile,Android
20119,Desktop,Windows
20120,Tablet,Android
20121,Mobile,iOS
20122,Mobile,macOS
20123,Desktop,Windows
20124,Desktop,iOS
20125,Desktop,macOS
20126,Mobile,Android
20127,Desktop,iOS
20128,Mobile,Android
20129,Desktop,Android
20130,Desktop,Android
20131,Desktop,Windows
20132,Desktop,iOS
20133,Desktop,Android
20134,Mobile,Android
20135,Mobile,macOS
20136,Mobile,Windows
20137,Mobile,Android
20138,Mobile,Android
20139,Mobile,macOS
20140,Desktop,iOS
20141,Mobile,iOS
20142,Mobile,Android
20143,Desktop,macOS
20144,Desktop,Android
20145,Desktop,Android
20146,Mobile,Android
20147,Mobile,iOS
20148,Mobile,Windows
20149,Desktop,Android
20150,Mobile,Windows
20151,Mobile,iOS
20152,Desktop,iOS
20153,Mobile,Android
20154,Desktop,Android
20155,Mobile,iOS
20156,Mobile,Windows
20157,Mobile,iOS
20158,Mobile,iOS
20159,Desktop,iOS
20160,Mobile,iOS
20161,Mobile,macOS
20162,Desktop,Android
20163,Desktop,iOS
20164,Mobile,Android
20165,Desktop,Windows
20166,Desktop,Android
20167,Mobile,Android
20168,Tablet,Android
20169,Mobile,Windows
20170,Desktop,Android
20171,Mobile,Android
20172,Mobile,macOS
20173,Mobile,Android
20174,Mobile,iOS
20175,Mobile,Windows
20176,Mobile,Android
20177,Desktop,Android
20178,Mobile,Android
20179,Desktop,iOS
20180,Mobile,Android
20181,Mobile,macOS
20182,Mobile,Android
20183,Mobile,Android
20184,Tablet,Android
20185,Desktop,Windows
20186,Mobile,Android
20187,Mobile,Android
20188,Mobile,Android
20189,Desktop,Android
20190,Mobile,macOS
20191,Desktop,macOS
20192,Mobile,Android
20193,Mobile,Android
20194,Mobile,Android
20195,Mobile,Android
20196,Tablet,Windows
20197,Tablet,Android
20198,Mobile,iOS
20199,Mobile,Android
20200,Desktop,Android
20201,Tablet,Android
20202,Desktop,Android
20203,Mobile,iOS
20204,Mobile,iOS
20205,Desktop,iOS
20206,Desktop,Windows
20207,Mobile,Windows
20208,Mobile,macOS
20209,Desktop,iOS
20210,Tablet,Android
20211,Desktop,Windows
20212,Mobile,Android
20213,Mobile,Android
20214,Desktop,Android
20215,Desktop,Windows
20216,Mobile,Android
20217,Desktop,macOS
20218,Desktop,Android
20219,Mobile,Windows
20220,Mobile,Android
20221,Mobile,Android
20222,Mobile,Android
20223,Mobile,Android
20224,Mobile,Windows
20225,Mobile,macOS
20226,Desktop,Android
20227,Mobile,Windows
20228,Mobile,Android
20229,Mobile,macOS
20230,Mobile,iOS
20231,Mobile,Android
20232,Desktop,Android
20233,Mobile,Android
20234,Mobile,Android
20235,Mobile,Android
20236,Mobile,iOS
20237,Mobile,iOS
20238,Desktop,Android
20239,Mobile,iOS
20240,Mobile,iOS
20241,Mobile,Android
20242,Mobile,Android
20243,Mobile,macOS
20244,Mobile,Windows
20245,Mobile,macOS
20246,Mobile,Windows
20247,Desktop,iOS
20248,Desktop,iOS
20249,Desktop,Windows
20250,Tablet,Android
20251,Desktop,iOS
20252,Mobile,Android
20253,Desktop,iOS
20254,Mobile,iOS
20255,Desktop,Android
20256,Tablet,iOS
20257,Desktop,macOS
20258,Mobile,Windows
20259,Desktop,iOS
20260,Mobile,macOS
20261,Desktop,iOS
20262,Mobile,Android
20263,Mobile,Android
20264,Mobile,iOS
20265,Mobile,macOS
20266,Desktop,Android
20267,Mobile,Windows
20268,Desktop,Android
20269,Mobile,iOS
20270,Desktop,Windows
20271,Desktop,iOS
20272,Desktop,iOS
20273,Tablet,Android
20274,Mobile,Android
20275,Mobile,iOS
20276,Desktop,macOS
20277,Mobile,iOS
20278,Mobile,Windows
20279,Mobile,Android
20280,Desktop,Android
20281,Mobile,Android
20282,Desktop,Windows
20283,Desktop,Android
20284,Mobile,Windows
20285,Mobile,Android
20286,Mobile,Android
20287,Mobile,macOS
20288,Mobile,macOS
20289,Mobile,iOS
20290,Tablet,Android
20291,Mobile,Android
20292,Mobile,Android
20293,Desktop,iOS
20294,Mobile,Android
20295,Mobile,iOS
20296,Mobile,Android
20297,Mobile,Android
20298,Mobile,iOS
20299,Desktop,Android
20300,Mobile,iOS
20301,Mobile,Android
20302,Mobile,Windows
20303,Mobile,macOS
20304,Desktop,iOS
20305,Desktop,iOS
20306,Mobile,iOS
20307,Desktop,Android
20308,Desktop,iOS
20309,Mobile,Android
20310,Mobile,macOS
20311,Mobile,Android
20312,Mobile,macOS
20313,Mobile,Android
20314,Mobile,Android
20315,Mobile,Android
20316,Mobile,iOS
20317,Mobile,iOS
20318,Mobile,Android
20319,Mobile,Windows
20320,Mobile,Android
20321,Desktop,Android
20322,Mobile,Windows
20323,Desktop,Android
20324,Desktop,Android
20325,Desktop,Windows
20326,Desktop,Android
20327,Mobile,Android
20328,Desktop,iOS
20329,Desktop,iOS
20330,Desktop,Android
20331,Mobile,iOS
20332,Desktop,iOS
20333,Desktop,macOS
20334,Desktop,Windows
20335,Mobile,iOS
20336,Desktop,iOS
20337,Mobile,Android
20338,Desktop,Android
20339,Mobile,macOS
20340,Mobile,Android
20341,Mobile,Android
20342,Desktop,macOS
20343,Mobile,Android
20344,Tablet,iOS
20345,Tablet,Windows
20346,Desktop,Windows
20347,Desktop,Android
20348,Mobile,Android
20349,Mobile,iOS
20350,Mobile,Android
20351,Mobile,iOS
20352,Mobile,Android
20353,Desktop,Android
20354,Mobile,iOS
20355,Desktop,Android
20356,Desktop,Android
20357,Mobile,Windows
20358,Mobile,Android
20359,Desktop,Windows
20360,Mobile,Windows
20361,Desktop,iOS
20362,Mobile,macOS
20363,Mobile,Android
20364,Tablet,iOS
20365,Mobile,Android
20366,Desktop,Android
20367,Mobile,Windows
20368,Mobile,Windows
20369,Mobile,iOS
20370,Desktop,Android
20371,Mobile,Android
20372,Mobile,macOS
20373,Desktop,Android
20374,Tablet,Android
20375,Desktop,Android
20376,Desktop,Android
20377,Mobile,Windows
20378,Desktop,Windows
20379,Mobile,Android
20380,Mobile,Android
20381,Desktop,Android
20382,Mobile,Android
20383,Mobile,Android
20384,Desktop,Windows
20385,Mobile,Android
20386,Mobile,Android
20387,Mobile,Android
20388,Desktop,Android
20389,Mobile,iOS
20390,Mobile,Android
20391,Desktop,Windows
20392,Desktop,iOS
20393,Tablet,iOS
20394,Mobile,Windows
20395,Desktop,Android
20396,Mobile,Android
20397,Tablet,iOS
20398,Desktop,Android
20399,Mobile,Android
20400,Mobile,Android
20401,Desktop,iOS
20402,Tablet,Android
20403,Desktop,Android
20404,Mobile,iOS
20405,Mobile,macOS
20406,Mobile,iOS
20407,Mobile,Android
20408,Mobile,iOS
20409,Mobile,Android
20410,Desktop,Android
20411,Mobile,Android
20412,Mobile,iOS
20413,Mobile,Windows
20414,Desktop,macOS
20415,Desktop,iOS
20416,Mobile,Windows
20417,Mobile,Android
20418,Desktop,iOS
20419,Desktop,Windows
20420,Desktop,iOS
20421,Mobile,macOS
20422,Desktop,iOS
20423,Desktop,Android
20424,Mobile,Android
20425,Mobile,Android
20426,Mobile,Android
20427,Mobile,Android
20428,Mobile,Android
20429,Mobile,Android
20430,Desktop,Windows
20431,Mobile,iOS
20432,Mobile,Android
20433,Mobile,Android
20434,Mobile,iOS
20435,Desktop,iOS
20436,Tablet,Android
20437,Mobile,iOS
20438,Mobile,iOS
20439,Mobile,iOS
20440,Desktop,macOS
20441,Mobile,Android
20442,Mobile,Android
20443,Mobile,Android
20444,Mobile,Android
20445,Mobile,Android
20446,Tablet,iOS
20447,Mobile,Android
20448,Mobile,iOS
20449,Mobile,Android
20450,Mobile,iOS
20451,Mobile,macOS
20452,Desktop,Windows
20453,Tablet,Android
20454,Mobile,Android
20455,Desktop,Android
20456,Mobile,Windows
20457,Tablet,Windows
20458,Mobile,Android
20459,Mobile,iOS
20460,Mobile,Android
20461,Tablet,Windows
20462,Desktop,iOS
20463,Desktop,Windows
20464,Mobile,macOS
20465,Desktop,Android
20466,Mobile,iOS
20467,Mobile,macOS
20468,Tablet,Windows
20469,Tablet,macOS
20470,Mobile,iOS
20471,Desktop,iOS
20472,Mobile,Android
20473,Desktop,Android
20474,Mobile,Android
20475,Mobile,macOS
20476,Desktop,Android
20477,Desktop,Windows
20478,Mobile,iOS
20479,Tablet,iOS
20480,Mobile,iOS
20481,Mobile,Android
20482,Mobile,iOS
20483,Mobile,Windows
20484,Mobile,Android
20485,Mobile,Android
20486,Mobile,iOS
20487,Desktop,iOS
20488,Desktop,macOS
20489,Mobile,Android
20490,Desktop,Android
20491,Mobile,iOS
20492,Desktop,Windows
20493,Desktop,iOS
20494,Mobile,Android
20495,Mobile,Android
20496,Tablet,Android
20497,Mobile,Android
20498,Desktop,macOS
20499,Mobile,iOS
20500,Mobile,iOS
20501,Mobile,Windows
20502,Desktop,iOS
20503,Mobile,Android
20504,Desktop,Android
20505,Desktop,Android
20506,Mobile,iOS
20507,Desktop,iOS
20508,Desktop,Windows
20509,Mobile,macOS
20510,Desktop,Windows
20511,Desktop,Windows
20512,Desktop,iOS
20513,Mobile,Android
20514,Mobile,Windows
20515,Mobile,Windows
20516,Mobile,iOS
20517,Desktop,Android
20518,Mobile,Windows
20519,Mobile,Android
20520,Mobile,iOS
20521,Mobile,Android
20522,Desktop,Android
20523,Mobile,Windows
20524,Tablet,Android
20525,Desktop,Windows
20526,Mobile,Android
20527,Desktop,Android
20528,Tablet,Android
20529,Mobile,Android
20530,Desktop,iOS
20531,Mobile,macOS
20532,Desktop,Android
20533,Desktop,iOS
20534,Mobile,iOS
20535,Mobile,iOS
20536,Mobile,iOS
20537,Tablet,Android
20538,Mobile,Android
20539,Desktop,macOS
20540,Mobile,Windows
20541,Desktop,Windows
20542,Mobile,Windows
20543,Mobile,Android
20544,Mobile,macOS
20545,Mobile,Windows
20546,Mobile,Android
20547,Mobile,Windows
20548,Desktop,Windows
20549,Mobile,Android
20550,Desktop,iOS
20551,Mobile,Android
20552,Desktop,Android
20553,Mobile,Windows
20554,Desktop,iOS
20555,Desktop,Android
20556,Tablet,Windows
20557,Desktop,Android
20558,Desktop,Windows
20559,Tablet,Android
20560,Mobile,Android
20561,Mobile,iOS
20562,Mobile,Android
20563,Mobile,Windows
20564,Desktop,Android
20565,Mobile,macOS
20566,Tablet,Android
20567,Mobile,Android
20568,Mobile,iOS
20569,Desktop,Windows
20570,Mobile,Windows
20571,Mobile,Android
20572,Mobile,Windows
20573,Mobile,macOS
20574,Desktop,Android
20575,Mobile,Android
20576,Desktop,Android
20577,Mobile,Android
20578,Mobile,Android
20579,Mobile,Android
20580,Mobile,Android
20581,Mobile,iOS
20582,Mobile,iOS
20583,Mobile,Android
20584,Desktop,Windows
20585,Desktop,Android
20586,Mobile,Android
20587,Mobile,Windows
20588,Mobile,iOS
20589,Mobile,Android
20590,Mobile,macOS
20591,Mobile,iOS
20592,Desktop,iOS
20593,Mobile,Windows
20594,Mobile,Android
20595,Mobile,macOS
20596,Desktop,iOS
20597,Desktop,iOS
20598,Desktop,Android
20599,Desktop,Android
20600,Desktop,Windows
20601,Desktop,macOS
20602,Desktop,iOS
20603,Desktop,Android
20604,Tablet,iOS
20605,Desktop,Windows
20606,Desktop,iOS
20607,Mobile,Android
20608,Mobile,Windows
20609,Mobile,Windows
20610,Mobile,iOS
20611,Mobile,Android
20612,Desktop,Windows
20613,Desktop,Windows
20614,Mobile,macOS
20615,Mobile,Android
20616,Mobile,macOS
20617,Tablet,Windows
20618,Mobile,Windows
20619,Desktop,Android
20620,Mobile,macOS
20621,Mobile,iOS
20622,Mobile,Android
20623,Mobile,Windows
20624,Mobile,iOS
20625,Mobile,Android
20626,Desktop,macOS
20627,Tablet,Android
20628,Desktop,macOS
20629,Mobile,Windows
20630,Desktop,Android
20631,Mobile,Windows
20632,Desktop,Android
20633,Mobile,Windows
20634,Mobile,iOS
20635,Mobile,Android
20636,Mobile,Windows
20637,Mobile,Android
20638,Desktop,Android
20639,Mobile,Android
20640,Desktop,Android
20641,Mobile,iOS
20642,Mobile,Android
20643,Mobile,Windows
20644,Tablet,Android
20645,Mobile,iOS
20646,Desktop,Android
20647,Mobile,iOS
20648,Mobile,Windows
20649,Desktop,Android
20650,Mobile,macOS
20651,Desktop,iOS
20652,Desktop,macOS
20653,Mobile,Windows
20654,Mobile,iOS
20655,Mobile,Android
20656,Mobile,Android
20657,Mobile,Android
20658,Tablet,Windows
20659,Mobile,Android
20660,Mobile,iOS
20661,Tablet,iOS
20662,Desktop,Android
20663,Mobile,Android
20664,Mobile,Windows
20665,Desktop,Android
20666,Mobile,Android
20667,Desktop,Android
20668,Mobile,iOS
20669,Desktop,macOS
20670,Desktop,Android
20671,Mobile,iOS
20672,Mobile,iOS
20673,Desktop,macOS
20674,Mobile,iOS
20675,Desktop,Android
20676,Desktop,Android
20677,Tablet,Android
20678,Mobile,Android
20679,Desktop,Android
20680,Mobile,macOS
20681,Mobile,Windows
20682,Desktop,iOS
20683,Desktop,Android
20684,Desktop,Windows
20685,Tablet,Android
20686,Desktop,macOS
20687,Desktop,iOS
20688,Mobile,Android
20689,Mobile,Android
20690,Tablet,iOS
20691,Tablet,Android
20692,Mobile,Android
20693,Desktop,Android
20694,Desktop,Android
20695,Mobile,Android
20696,Mobile,Android
20697,Mobile,Android
20698,Desktop,Android
20699,Mobile,Android
20700,Mobile,iOS
20701,Mobile,macOS
20702,Mobile,iOS
20703,Mobile,Windows
20704,Tablet,iOS
20705,Mobile,iOS
20706,Mobile,iOS
20707,Mobile,Android
20708,Mobile,Android
20709,Mobile,macOS
20710,Desktop,Android
20711,Mobile,Android
20712,Mobile,Android
20713,Mobile,Android
20714,Mobile,macOS
20715,Desktop,iOS
20716,Mobile,Android
20717,Mobile,iOS
20718,Desktop,Android
20719,Desktop,Android
20720,Mobile,Android
20721,Mobile,iOS
20722,Desktop,macOS
20723,Mobile,Android
20724,Desktop,iOS
20725,Mobile,iOS
20726,Mobile,Android
20727,Mobile,Android
20728,Desktop,macOS
20729,Mobile,Windows
20730,Mobile,Windows
20731,Mobile,Android
20732,Mobile,Android
20733,Mobile,Android
20734,Mobile,Windows
20735,Desktop,macOS
20736,Tablet,Android
20737,Mobile,Android
20738,Desktop,iOS
20739,Mobile,Android
20740,Desktop,iOS
20741,Desktop,Android
20742,Mobile,Windows
20743,Desktop,Android
20744,Mobile,iOS
20745,Desktop,Android
20746,Desktop,Android
20747,Mobile,macOS
20748,Desktop,Android
20749,Tablet,iOS
20750,Tablet,Android
20751,Desktop,macOS
20752,Mobile,Windows
20753,Mobile,Android
20754,Tablet,iOS
20755,Desktop,Android
20756,Mobile,Android
20757,Mobile,Windows
20758,Mobile,iOS
20759,Mobile,Android
20760,Mobile,Android
20761,Mobile,Android
20762,Mobile,Windows
20763,Mobile,Android
20764,Tablet,Android
20765,Desktop,Android
20766,Desktop,Android
20767,Mobile,Android
20768,Desktop,Android
20769,Desktop,iOS
20770,Desktop,macOS
20771,Desktop,Windows
20772,Desktop,Android
20773,Mobile,Windows
20774,Mobile,Android
20775,Desktop,Android
20776,Mobile,iOS
20777,Desktop,Windows
20778,Desktop,Windows
20779,Desktop,iOS
20780,Mobile,Windows
20781,Desktop,iOS
20782,Desktop,iOS
20783,Mobile,iOS
20784,Desktop,Android
20785,Mobile,Windows
20786,Desktop,Windows
20787,Mobile,Windows
20788,Tablet,iOS
20789,Mobile,Android
20790,Desktop,Android
20791,Mobile,iOS
20792,Mobile,Windows
20793,Mobile,Windows
20794,Mobile,Windows
20795,Mobile,iOS
20796,Desktop,Android
20797,Tablet,Android
20798,Mobile,iOS
20799,Desktop,Android
20800,Mobile,Android
20801,Desktop,Windows
20802,Desktop,iOS
20803,Mobile,Windows
20804,Mobile,iOS
20805,Mobile,Android
20806,Desktop,iOS
20807,Mobile,Android
20808,Mobile,Windows
20809,Desktop,Android
20810,Desktop,Windows
20811,Mobile,Android
20812,Mobile,Android
20813,Desktop,iOS
20814,Mobile,Android
20815,Mobile,Android
20816,Mobile,Windows
20817,Mobile,Windows
20818,Tablet,Android
20819,Mobile,macOS
20820,Desktop,macOS
20821,Mobile,Android
20822,Desktop,Android
20823,Mobile,macOS
20824,Mobile,Android
20825,Desktop,Android
20826,Tablet,Android
20827,Mobile,Windows
20828,Mobile,Android
20829,Mobile,Android
20830,Desktop,Android
20831,Desktop,Windows
20832,Tablet,macOS
20833,Mobile,Windows
20834,Desktop,iOS
20835,Mobile,iOS
20836,Desktop,iOS
20837,Mobile,Windows
20838,Mobile,Windows
20839,Tablet,iOS
20840,Mobile,iOS
20841,Tablet,iOS
20842,Desktop,iOS
20843,Mobile,Windows
20844,Mobile,Android
20845,Mobile,Windows
20846,Desktop,Android
20847,Mobile,iOS
20848,Mobile,iOS
20849,Mobile,iOS
20850,Mobile,Android
20851,Desktop,macOS
20852,Mobile,Android
20853,Mobile,Windows
20854,Desktop,Android
20855,Mobile,Android
20856,Mobile,Android
20857,Mobile,Android
20858,Mobile,Android
20859,Mobile,Android
20860,Mobile,Android
20861,Mobile,Android
20862,Mobile,Windows
20863,Mobile,Android
20864,Mobile,Android
20865,Mobile,Android
20866,Mobile,iOS
20867,Desktop,macOS
20868,Mobile,Windows
20869,Mobile,iOS
20870,Mobile,Android
20871,Mobile,macOS
20872,Desktop,macOS
20873,Mobile,iOS
20874,Mobile,iOS
20875,Mobile,Windows
20876,Mobile,iOS
20877,Mobile,Windows
20878,Mobile,Windows
20879,Desktop,macOS
20880,Mobile,macOS
20881,Mobile,Android
20882,Mobile,iOS
20883,Desktop,Android
20884,Desktop,Windows
20885,Desktop,Android
20886,Mobile,Android
20887,Desktop,Android
20888,Tablet,Android
20889,Mobile,iOS
20890,Mobile,Android
20891,Mobile,Windows
20892,Mobile,Android
20893,Mobile,macOS
20894,Desktop,iOS
20895,Desktop,Android
20896,Mobile,iOS
20897,Mobile,macOS
20898,Mobile,Windows
20899,Desktop,Android
20900,Desktop,Android
20901,Mobile,Windows
20902,Mobile,macOS
20903,Desktop,Android
20904,Mobile,Android
20905,Mobile,Android
20906,Desktop,iOS
20907,Mobile,iOS
20908,Desktop,Windows
20909,Mobile,macOS
20910,Desktop,Android
20911,Mobile,Android
20912,Mobile,Android
20913,Mobile,Windows
20914,Mobile,iOS
20915,Mobile,Android
20916,Mobile,Android
20917,Mobile,iOS
20918,Mobile,macOS
20919,Mobile,iOS
20920,Mobile,macOS
20921,Mobile,Windows
20922,Mobile,iOS
20923,Mobile,iOS
20924,Mobile,iOS
20925,Mobile,macOS
20926,Mobile,iOS
20927,Desktop,macOS
20928,Mobile,Android
20929,Desktop,iOS
20930,Desktop,iOS
20931,Desktop,Android
20932,Desktop,Android
20933,Mobile,Android
20934,Mobile,Android
20935,Desktop,Android
20936,Mobile,Android
20937,Desktop,iOS
20938,Mobile,iOS
20939,Desktop,Android
20940,Mobile,iOS
20941,Tablet,iOS
20942,Desktop,iOS
20943,Mobile,iOS
20944,Desktop,macOS
20945,Mobile,iOS
20946,Mobile,macOS
20947,Desktop,Android
20948,Mobile,Android
20949,Mobile,Windows
20950,Desktop,Windows
20951,Mobile,Windows
20952,Desktop,iOS
20953,Tablet,iOS
20954,Desktop,Android
20955,Mobile,Android
20956,Desktop,Android
20957,Mobile,Windows
20958,Mobile,Android
20959,Desktop,Android
20960,Tablet,Windows
20961,Mobile,Windows
20962,Mobile,Android
20963,Mobile,Android
20964,Mobile,macOS
20965,Mobile,Android
20966,Mobile,Android
20967,Tablet,Android
20968,Desktop,Windows
20969,Mobile,Android
20970,Mobile,Android
20971,Desktop,iOS
20972,Mobile,iOS
20973,Desktop,Android
20974,Mobile,iOS
20975,Mobile,iOS
20976,Mobile,Android
20977,Mobile,Windows
20978,Mobile,Android
20979,Desktop,Android
20980,Desktop,Android
20981,Mobile,Android
20982,Mobile,Android
20983,Mobile,Windows
20984,Mobile,Android
20985,Mobile,iOS
20986,Desktop,Windows
20987,Tablet,iOS
20988,Mobile,iOS
20989,Mobile,iOS
20990,Mobile,Windows
20991,Mobile,Windows
20992,Mobile,macOS
20993,Desktop,Android
20994,Mobile,iOS
20995,Tablet,iOS
20996,Mobile,macOS
20997,Mobile,Android
20998,Mobile,Android
20999,Desktop,Android
21000,Mobile,Android
21001,Mobile,Windows
21002,Mobile,Android
21003,Mobile,Android
21004,Mobile,iOS
21005,Mobile,iOS
21006,Mobile,iOS
21007,Mobile,Android
21008,Mobile,Android
21009,Mobile,iOS
21010,Desktop,iOS
21011,Desktop,Android
21012,Mobile,Android
21013,Mobile,iOS
21014,Mobile,iOS
21015,Mobile,Android
21016,Desktop,Windows
21017,Tablet,Android
21018,Tablet,Android
21019,Mobile,Android
21020,Desktop,Android
21021,Mobile,Android
21022,Mobile,Windows
21023,Mobile,Android
21024,Desktop,Android
21025,Desktop,macOS
21026,Mobile,iOS
21027,Desktop,Windows
21028,Mobile,Android
21029,Mobile,Android
21030,Tablet,iOS
21031,Tablet,Windows
21032,Mobile,Android
21033,Mobile,iOS
21034,Mobile,iOS
21035,Mobile,iOS
21036,Mobile,Android
21037,Mobile,iOS
21038,Mobile,iOS
21039,Desktop,Android
21040,Mobile,Android
21041,Mobile,iOS
21042,Mobile,Android
21043,Mobile,iOS
21044,Desktop,Android
21045,Desktop,Android
21046,Desktop,Windows
21047,Desktop,iOS
21048,Mobile,Android
21049,Mobile,Android
21050,Tablet,iOS
21051,Mobile,iOS
21052,Mobile,macOS
21053,Desktop,iOS
21054,Mobile,iOS
21055,Mobile,Windows
21056,Tablet,iOS
21057,Mobile,Android
21058,Desktop,iOS
21059,Mobile,Windows
21060,Desktop,macOS
21061,Mobile,Android
21062,Mobile,Android
21063,Desktop,macOS
21064,Desktop,Windows
21065,Mobile,iOS
21066,Mobile,iOS
21067,Desktop,iOS
21068,Desktop,Android
21069,Mobile,iOS
21070,Desktop,iOS
21071,Mobile,Android
21072,Mobile,iOS
21073,Desktop,Android
21074,Desktop,Android
21075,Desktop,iOS
21076,Mobile,Windows
21077,Mobile,iOS
21078,Mobile,Android
21079,Desktop,iOS
21080,Mobile,Windows
21081,Tablet,Android
21082,Desktop,Android
21083,Mobile,Android
21084,Mobile,iOS
21085,Mobile,Windows
21086,Mobile,Android
21087,Mobile,Android
21088,Mobile,Android
21089,Desktop,macOS
21090,Desktop,Android
21091,Tablet,Android
21092,Mobile,Android
21093,Mobile,Android
21094,Mobile,Android
21095,Mobile,Android
21096,Mobile,Android
21097,Mobile,iOS
21098,Mobile,Android
21099,Mobile,iOS
21100,Desktop,Android
21101,Desktop,Windows
21102,Tablet,Android
21103,Mobile,Android
21104,Desktop,Android
21105,Mobile,Android
21106,Mobile,iOS
21107,Mobile,Android
21108,Desktop,Android
21109,Mobile,macOS
21110,Mobile,Android
21111,Desktop,Windows
21112,Mobile,Android
21113,Desktop,Android
21114,Mobile,Windows
21115,Tablet,iOS
21116,Desktop,Android
21117,Desktop,Android
21118,Desktop,iOS
21119,Mobile,iOS
21120,Mobile,iOS
21121,Desktop,iOS
21122,Mobile,Android
21123,Desktop,iOS
21124,Mobile,iOS
21125,Mobile,iOS
21126,Mobile,iOS
21127,Mobile,Android
21128,Mobile,Android
21129,Desktop,iOS
21130,Desktop,iOS
21131,Mobile,macOS
21132,Mobile,Android
21133,Mobile,Windows
21134,Desktop,Android
21135,Mobile,Windows
21136,Desktop,Android
21137,Mobile,macOS
21138,Tablet,Android
21139,Mobile,iOS
21140,Tablet,iOS
21141,Mobile,iOS
21142,Desktop,Android
21143,Mobile,Android
21144,Mobile,macOS
21145,Mobile,Android
21146,Tablet,iOS
21147,Desktop,Windows
21148,Desktop,Windows
21149,Mobile,Windows
21150,Desktop,macOS
21151,Mobile,iOS
21152,Desktop,iOS
21153,Mobile,Android
21154,Tablet,Android
21155,Mobile,Android
21156,Mobile,Android
21157,Mobile,Windows
21158,Mobile,iOS
21159,Mobile,iOS
21160,Desktop,iOS
21161,Mobile,iOS
21162,Mobile,iOS
21163,Mobile,Android
21164,Mobile,iOS
21165,Mobile,macOS
21166,Mobile,Android
21167,Desktop,Android
21168,Desktop,Android
21169,Mobile,Android
21170,Mobile,iOS
21171,Mobile,macOS
21172,Mobile,Android
21173,Mobile,Android
21174,Desktop,macOS
21175,Mobile,Android
21176,Mobile,iOS
21177,Desktop,Windows
21178,Mobile,Windows
21179,Mobile,macOS
21180,Desktop,Android
21181,Desktop,Windows
21182,Desktop,iOS
21183,Mobile,iOS
21184,Mobile,macOS
21185,Mobile,Windows
21186,Mobile,Android
21187,Desktop,iOS
21188,Mobile,Windows
21189,Mobile,Android
21190,Desktop,Windows
21191,Mobile,Android
21192,Desktop,iOS
21193,Mobile,macOS
21194,Mobile,Windows
21195,Mobile,iOS
21196,Mobile,iOS
21197,Desktop,Windows
21198,Mobile,iOS
21199,Desktop,Windows
21200,Mobile,Windows
21201,Mobile,Android
21202,Desktop,iOS
21203,Mobile,Android
21204,Mobile,Android
21205,Mobile,Windows
21206,Desktop,iOS
21207,Mobile,Windows
21208,Mobile,macOS
21209,Mobile,Android
21210,Mobile,macOS
21211,Mobile,Windows
21212,Mobile,macOS
21213,Desktop,macOS
21214,Mobile,Android
21215,Desktop,Android
21216,Desktop,iOS
21217,Desktop,Android
21218,Desktop,iOS
21219,Mobile,iOS
21220,Mobile,Android
21221,Mobile,macOS
21222,Mobile,Android
21223,Mobile,Android
21224,Mobile,Android
21225,Mobile,Android
21226,Mobile,Android
21227,Tablet,iOS
21228,Mobile,Windows
21229,Desktop,iOS
21230,Mobile,Windows
21231,Mobile,Windows
21232,Mobile,iOS
21233,Mobile,iOS
21234,Desktop,iOS
21235,Mobile,iOS
21236,Desktop,iOS
21237,Mobile,iOS
21238,Tablet,iOS
21239,Desktop,Windows
21240,Desktop,macOS
21241,Mobile,iOS
21242,Mobile,Windows
21243,Mobile,Android
21244,Desktop,Android
21245,Desktop,Windows
21246,Desktop,Android
21247,Desktop,iOS
21248,Mobile,macOS
21249,Mobile,Android
21250,Mobile,Windows
21251,Desktop,Android
21252,Desktop,macOS
21253,Mobile,Android
21254,Mobile,macOS
21255,Tablet,iOS
21256,Mobile,iOS
21257,Mobile,macOS
21258,Mobile,iOS
21259,Mobile,Android
21260,Mobile,Android
21261,Desktop,Android
21262,Mobile,iOS
21263,Tablet,Android
21264,Mobile,Android
21265,Tablet,Android
21266,Mobile,Android
21267,Mobile,Android
21268,Mobile,iOS
21269,Desktop,iOS
21270,Mobile,Windows
21271,Mobile,Windows
21272,Tablet,Android
21273,Desktop,Windows
21274,Desktop,Windows
21275,Mobile,iOS
21276,Mobile,Android
21277,Desktop,Windows
21278,Desktop,Android
21279,Mobile,Android
21280,Desktop,iOS
21281,Desktop,Android
21282,Mobile,iOS
21283,Desktop,Android
21284,Desktop,Android
21285,Mobile,iOS
21286,Desktop,Android
21287,Mobile,Android
21288,Mobile,Windows
21289,Desktop,Windows
21290,Desktop,Android
21291,Mobile,macOS
21292,Desktop,Windows
21293,Desktop,iOS
21294,Desktop,Android
21295,Tablet,iOS
21296,Mobile,Android
21297,Mobile,iOS
21298,Mobile,macOS
21299,Mobile,iOS
21300,Mobile,Android
21301,Mobile,Windows
21302,Desktop,iOS
21303,Desktop,Windows
21304,Desktop,macOS
21305,Mobile,Windows
21306,Mobile,Android
21307,Mobile,Android
21308,Mobile,Windows
21309,Desktop,Windows
21310,Mobile,Android
21311,Mobile,Android
21312,Tablet,Windows
21313,Mobile,Windows
21314,Desktop,Windows
21315,Desktop,Windows
21316,Mobile,Android
21317,Mobile,Android
21318,Desktop,Android
21319,Mobile,Android
21320,Mobile,macOS
21321,Mobile,Windows
21322,Mobile,Android
21323,Mobile,iOS
21324,Tablet,Android
21325,Mobile,Android
21326,Mobile,Android
21327,Mobile,Android
21328,Mobile,Windows
21329,Mobile,Android
21330,Mobile,Android
21331,Mobile,Android
21332,Mobile,iOS
21333,Mobile,iOS
21334,Desktop,Windows
21335,Mobile,Android
21336,Desktop,Windows
21337,Mobile,Android
21338,Desktop,iOS
21339,Desktop,Android
21340,Desktop,iOS
21341,Mobile,macOS
21342,Mobile,Android
21343,Mobile,iOS
21344,Mobile,Android
21345,Desktop,macOS
21346,Mobile,Android
21347,Mobile,macOS
21348,Tablet,Windows
21349,Mobile,Windows
21350,Mobile,iOS
21351,Mobile,macOS
21352,Desktop,Android
21353,Desktop,Android
21354,Desktop,iOS
21355,Mobile,Android
21356,Mobile,Windows
21357,Mobile,Android
21358,Mobile,macOS
21359,Mobile,Android
21360,Mobile,macOS
21361,Desktop,Android
21362,Desktop,Android
21363,Desktop,iOS
21364,Tablet,Android
21365,Mobile,Android
21366,Desktop,iOS
21367,Mobile,macOS
21368,Mobile,iOS
21369,Mobile,iOS
21370,Desktop,Android
21371,Mobile,Android
21372,Desktop,Android
21373,Mobile,Android
21374,Mobile,iOS
21375,Mobile,Android
21376,Mobile,Windows
21377,Desktop,macOS
21378,Mobile,iOS
21379,Mobile,Android
21380,Mobile,macOS
21381,Mobile,Android
21382,Mobile,Android
21383,Tablet,Android
21384,Mobile,Android
21385,Mobile,iOS
21386,Mobile,Windows
21387,Mobile,macOS
21388,Mobile,iOS
21389,Desktop,Windows
21390,Mobile,Android
21391,Desktop,Windows
21392,Mobile,Windows
21393,Mobile,Windows
21394,Desktop,iOS
21395,Desktop,macOS
21396,Desktop,Android
21397,Tablet,Android
21398,Desktop,Windows
21399,Mobile,iOS
21400,Mobile,Android
21401,Desktop,iOS
21402,Desktop,iOS
21403,Mobile,iOS
21404,Mobile,Android
21405,Desktop,Windows
21406,Mobile,Windows
21407,Mobile,Windows
21408,Mobile,Windows
21409,Desktop,Android
21410,Mobile,Android
21411,Mobile,Android
21412,Mobile,Windows
21413,Desktop,Android
21414,Mobile,Android
21415,Mobile,Android
21416,Mobile,Windows
21417,Mobile,iOS
21418,Desktop,macOS
21419,Desktop,iOS
21420,Mobile,Android
21421,Tablet,iOS
21422,Mobile,iOS
21423,Tablet,iOS
21424,Mobile,Windows
21425,Mobile,Android
21426,Mobile,iOS
21427,Desktop,macOS
21428,Desktop,iOS
21429,Desktop,Android
21430,Mobile,Android
21431,Tablet,Android
21432,Desktop,Android
21433,Mobile,Windows
21434,Mobile,Android
21435,Mobile,iOS
21436,Desktop,Windows
21437,Mobile,iOS
21438,Mobile,Android
21439,Mobile,Android
21440,Mobile,Windows
21441,Mobile,Windows
21442,Desktop,macOS
21443,Mobile,iOS
21444,Mobile,iOS
21445,Mobile,Windows
21446,Mobile,Windows
21447,Desktop,iOS
21448,Mobile,Android
21449,Mobile,Windows
21450,Mobile,Android
21451,Mobile,Windows
21452,Mobile,Windows
21453,Mobile,Windows
21454,Mobile,macOS
21455,Desktop,iOS
21456,Mobile,macOS
21457,Mobile,iOS
21458,Mobile,iOS
21459,Mobile,Android
21460,Desktop,macOS
21461,Mobile,iOS
21462,Mobile,Android
21463,Mobile,iOS
21464,Desktop,iOS
21465,Desktop,Android
21466,Mobile,iOS
21467,Mobile,macOS
21468,Mobile,Windows
21469,Mobile,Android
21470,Mobile,Android
21471,Tablet,Windows
21472,Desktop,Windows
21473,Desktop,Android
21474,Mobile,Windows
21475,Desktop,Windows
21476,Mobile,Windows
21477,Tablet,Windows
21478,Desktop,Android
21479,Tablet,iOS
21480,Mobile,macOS
21481,Tablet,iOS
21482,Mobile,Android
21483,Mobile,Windows
21484,Mobile,iOS
21485,Desktop,macOS
21486,Tablet,macOS
21487,Mobile,Android
21488,Desktop,Android
21489,Desktop,Windows
21490,Mobile,Android
21491,Mobile,iOS
21492,Mobile,Windows
21493,Mobile,Android
21494,Mobile,Windows
21495,Tablet,Android
21496,Mobile,iOS
21497,Mobile,iOS
21498,Mobile,Android
21499,Desktop,Windows
21500,Desktop,Android
21501,Tablet,iOS
21502,Tablet,Android
21503,Mobile,Android
21504,Mobile,Android
21505,Desktop,Android
21506,Mobile,Windows
21507,Mobile,Windows
21508,Mobile,Windows
21509,Mobile,Android
21510,Mobile,Windows
21511,Desktop,macOS
21512,Mobile,Android
21513,Mobile,Android
21514,Mobile,Android
21515,Mobile,iOS
21516,Mobile,iOS
21517,Mobile,Android
21518,Desktop,macOS
21519,Mobile,iOS
21520,Desktop,Android
21521,Mobile,Windows
21522,Mobile,iOS
21523,Tablet,iOS
21524,Desktop,Android
21525,Mobile,Android
21526,Mobile,Android
21527,Tablet,Windows
21528,Mobile,Windows
21529,Desktop,Windows
21530,Mobile,Android
21531,Desktop,iOS
21532,Desktop,Android
21533,Mobile,iOS
21534,Mobile,Android
21535,Mobile,macOS
21536,Mobile,Android
21537,Mobile,macOS
21538,Desktop,Android
21539,Desktop,Windows
21540,Mobile,Windows
21541,Mobile,iOS
21542,Mobile,Android
21543,Mobile,Windows
21544,Mobile,iOS
21545,Mobile,Android
21546,Tablet,macOS
21547,Mobile,Android
21548,Mobile,Windows
21549,Mobile,Windows
21550,Mobile,Android
21551,Mobile,Windows
21552,Mobile,Android
21553,Mobile,iOS
21554,Desktop,Android
21555,Mobile,iOS
21556,Mobile,Windows
21557,Mobile,Windows
21558,Mobile,iOS
21559,Mobile,Windows
21560,Desktop,iOS
21561,Mobile,Android
21562,Desktop,iOS
21563,Desktop,iOS
21564,Mobile,Windows
21565,Mobile,iOS
21566,Mobile,Android
21567,Mobile,iOS
21568,Mobile,iOS
21569,Tablet,iOS
21570,Mobile,macOS
21571,Mobile,Android
21572,Desktop,Windows
21573,Mobile,iOS
21574,Desktop,Android
21575,Desktop,Android
21576,Mobile,Android
21577,Mobile,Android
21578,Mobile,macOS
21579,Mobile,Windows
21580,Mobile,macOS
21581,Mobile,iOS
21582,Desktop,Android
21583,Mobile,Android
21584,Desktop,iOS
21585,Mobile,Windows
21586,Mobile,Windows
21587,Tablet,Android
21588,Mobile,Windows
21589,Desktop,Windows
21590,Desktop,Windows
21591,Mobile,iOS
21592,Tablet,Windows
21593,Mobile,Android
21594,Desktop,macOS
21595,Desktop,iOS
21596,Mobile,Windows
21597,Tablet,iOS
21598,Mobile,macOS
21599,Desktop,Windows
21600,Mobile,iOS
21601,Mobile,Android
21602,Desktop,Windows
21603,Desktop,Android
21604,Desktop,iOS
21605,Mobile,iOS
21606,Mobile,macOS
21607,Mobile,Android
21608,Mobile,Windows
21609,Mobile,macOS
21610,Mobile,iOS
21611,Mobile,Windows
21612,Mobile,Windows
21613,Mobile,iOS
21614,Mobile,iOS
21615,Mobile,Android
21616,Mobile,iOS
21617,Tablet,Windows
21618,Desktop,Windows
21619,Mobile,iOS
21620,Mobile,Windows
21621,Tablet,Android
21622,Tablet,Windows
21623,Mobile,Android
21624,Mobile,Android
21625,Desktop,macOS
21626,Desktop,iOS
21627,Mobile,Android
21628,Mobile,macOS
21629,Mobile,Android
21630,Desktop,macOS
21631,Mobile,Windows
21632,Tablet,iOS
21633,Tablet,Windows
21634,Mobile,iOS
21635,Mobile,Android
21636,Mobile,Windows
21637,Desktop,iOS
21638,Mobile,Android
21639,Mobile,iOS
21640,Mobile,Windows
21641,Desktop,Android
21642,Desktop,Windows
21643,Mobile,Android
21644,Mobile,Android
21645,Mobile,Android
21646,Mobile,Android
21647,Mobile,iOS
21648,Mobile,Android
21649,Mobile,macOS
21650,Mobile,Android
21651,Desktop,Android
21652,Mobile,macOS
21653,Mobile,iOS
21654,Desktop,iOS
21655,Mobile,Windows
21656,Mobile,iOS
21657,Desktop,Windows
21658,Desktop,Android
21659,Mobile,Windows
21660,Mobile,Android
21661,Mobile,Windows
21662,Mobile,macOS
21663,Mobile,iOS
21664,Mobile,iOS
21665,Mobile,iOS
21666,Mobile,iOS
21667,Desktop,Windows
21668,Mobile,Android
21669,Desktop,Android
21670,Mobile,iOS
21671,Desktop,Android
21672,Mobile,Android
21673,Mobile,Android
21674,Mobile,Android
21675,Desktop,Android
21676,Desktop,Windows
21677,Mobile,Android
21678,Tablet,Android
21679,Mobile,Android
21680,Mobile,macOS
21681,Mobile,iOS
21682,Mobile,Android
21683,Desktop,iOS
21684,Mobile,macOS
21685,Mobile,Android
21686,Mobile,Android
21687,Mobile,iOS
21688,Mobile,Android
21689,Mobile,Android
21690,Mobile,Android
21691,Desktop,Android
21692,Desktop,Android
21693,Mobile,Android
21694,Desktop,Android
21695,Mobile,Android
21696,Desktop,Android
21697,Mobile,Android
21698,Mobile,iOS
21699,Mobile,iOS
21700,Mobile,macOS
21701,Mobile,iOS
21702,Mobile,Android
21703,Mobile,Android
21704,Mobile,Android
21705,Mobile,Android
21706,Desktop,Android
21707,Tablet,iOS
21708,Mobile,Android
21709,Mobile,Windows
21710,Tablet,Android
21711,Mobile,macOS
21712,Tablet,Android
21713,Desktop,Android
21714,Mobile,iOS
21715,Desktop,iOS
21716,Tablet,iOS
21717,Mobile,macOS
21718,Mobile,Android
21719,Mobile,Android
21720,Mobile,Windows
21721,Desktop,iOS
21722,Desktop,Android
21723,Mobile,Windows
21724,Mobile,Android
21725,Desktop,iOS
21726,Mobile,macOS
21727,Mobile,Android
21728,Desktop,iOS
21729,Tablet,macOS
21730,Desktop,Windows
21731,Mobile,macOS
21732,Mobile,iOS
21733,Desktop,Windows
21734,Tablet,Windows
21735,Mobile,Windows
21736,Mobile,Android
21737,Mobile,Android
21738,Desktop,iOS
21739,Mobile,Android
21740,Mobile,Windows
21741,Mobile,Windows
21742,Tablet,Android
21743,Desktop,Android
21744,Mobile,Android
21745,Mobile,iOS
21746,Mobile,Android
21747,Mobile,Android
21748,Mobile,iOS
21749,Desktop,Android
21750,Desktop,Android
21751,Mobile,Android
21752,Mobile,Android
21753,Mobile,iOS
21754,Tablet,iOS
21755,Mobile,Windows
21756,Desktop,Windows
21757,Mobile,Android
21758,Mobile,iOS
21759,Desktop,Android
21760,Mobile,Windows
21761,Mobile,iOS
21762,Mobile,Android
21763,Mobile,Windows
21764,Mobile,Windows
21765,Mobile,Windows
21766,Desktop,macOS
21767,Mobile,Windows
21768,Mobile,Android
21769,Mobile,macOS
21770,Desktop,Android
21771,Mobile,Android
21772,Mobile,Android
21773,Desktop,iOS
21774,Desktop,iOS
21775,Mobile,macOS
21776,Mobile,Android
21777,Mobile,Windows
21778,Desktop,Android
21779,Mobile,iOS
21780,Tablet,iOS
21781,Mobile,Android
21782,Mobile,Android
21783,Mobile,iOS
21784,Desktop,Android
21785,Desktop,Android
21786,Mobile,iOS
21787,Mobile,Android
21788,Mobile,Windows
21789,Tablet,Android
21790,Desktop,Windows
21791,Mobile,Windows
21792,Desktop,Android
21793,Mobile,iOS
21794,Mobile,Android
21795,Mobile,Android
21796,Desktop,Android
21797,Mobile,Windows
21798,Mobile,Android
21799,Desktop,iOS
21800,Mobile,Android
21801,Desktop,Android
21802,Desktop,Android
21803,Mobile,Android
21804,Mobile,Android
21805,Mobile,Windows
21806,Desktop,macOS
21807,Mobile,Android
21808,Mobile,iOS
21809,Mobile,Windows
21810,Desktop,Android
21811,Mobile,macOS
21812,Tablet,iOS
21813,Tablet,iOS
21814,Mobile,iOS
21815,Mobile,Android
21816,Mobile,Android
21817,Mobile,Android
21818,Mobile,macOS
21819,Mobile,iOS
21820,Mobile,Android
21821,Mobile,Android
21822,Desktop,Android
21823,Mobile,Android
21824,Desktop,Android
21825,Mobile,Android
21826,Mobile,Windows
21827,Mobile,Android
21828,Tablet,Android
21829,Mobile,macOS
21830,Mobile,Android
21831,Mobile,iOS
21832,Mobile,Windows
21833,Mobile,macOS
21834,Mobile,iOS
21835,Desktop,Windows
21836,Mobile,iOS
21837,Mobile,iOS
21838,Tablet,Android
21839,Mobile,Android
21840,Desktop,Android
21841,Mobile,Windows
21842,Mobile,Android
21843,Mobile,Android
21844,Mobile,Android
21845,Desktop,Windows
21846,Mobile,iOS
21847,Mobile,macOS
21848,Desktop,iOS
21849,Mobile,iOS
21850,Mobile,Windows
21851,Mobile,Android
21852,Mobile,iOS
21853,Desktop,Windows
21854,Desktop,Android
21855,Desktop,Windows
21856,Mobile,iOS
21857,Mobile,Windows
21858,Desktop,iOS
21859,Desktop,iOS
21860,Tablet,Windows
21861,Mobile,Windows
21862,Desktop,Android
21863,Mobile,Windows
21864,Desktop,Android
21865,Mobile,Windows
21866,Tablet,Android
21867,Mobile,Android
21868,Desktop,Android
21869,Tablet,iOS
21870,Desktop,macOS
21871,Mobile,Windows
21872,Mobile,Android
21873,Mobile,Android
21874,Desktop,iOS
21875,Mobile,Windows
21876,Mobile,Android
21877,Mobile,Android
21878,Desktop,iOS
21879,Desktop,iOS
21880,Mobile,macOS
21881,Mobile,Android
21882,Mobile,Android
21883,Mobile,Android
21884,Desktop,iOS
21885,Mobile,Windows
21886,Mobile,Windows
21887,Desktop,iOS
21888,Desktop,iOS
21889,Mobile,Android
21890,Mobile,Android
21891,Mobile,Windows
21892,Desktop,iOS
21893,Mobile,Android
21894,Mobile,Android
21895,Tablet,iOS
21896,Tablet,Android
21897,Mobile,Android
21898,Mobile,Android
21899,Mobile,Windows
21900,Mobile,iOS
21901,Mobile,Android
21902,Mobile,iOS
21903,Desktop,iOS
21904,Mobile,Android
21905,Mobile,macOS
21906,Mobile,macOS
21907,Mobile,macOS
21908,Mobile,iOS
21909,Tablet,Windows
21910,Desktop,iOS
21911,Mobile,Android
21912,Desktop,iOS
21913,Mobile,iOS
21914,Mobile,Android
21915,Tablet,Android
21916,Desktop,Android
21917,Mobile,Android
21918,Mobile,iOS
21919,Desktop,macOS
21920,Mobile,macOS
21921,Mobile,Android
21922,Mobile,Windows
21923,Mobile,Android
21924,Mobile,Windows
21925,Mobile,iOS
21926,Mobile,iOS
21927,Desktop,Android
21928,Tablet,Windows
21929,Mobile,Android
21930,Mobile,iOS
21931,Mobile,iOS
21932,Tablet,Android
21933,Desktop,Android
21934,Desktop,Windows
21935,Desktop,Android
21936,Mobile,iOS
21937,Tablet,macOS
21938,Desktop,iOS
21939,Mobile,Android
21940,Mobile,Windows
21941,Mobile,Android
21942,Mobile,Android
21943,Mobile,Android
21944,Mobile,Android
21945,Desktop,Windows
21946,Mobile,Windows
21947,Mobile,Android
21948,Mobile,Windows
21949,Desktop,iOS
21950,Mobile,macOS
21951,Desktop,Android
21952,Desktop,Windows
21953,Desktop,Android
21954,Mobile,macOS
21955,Desktop,iOS
21956,Mobile,macOS
21957,Desktop,iOS
21958,Desktop,macOS
21959,Mobile,iOS
21960,Desktop,Windows
21961,Desktop,iOS
21962,Mobile,Android
21963,Mobile,iOS
21964,Mobile,macOS
21965,Mobile,Android
21966,Mobile,Android
21967,Tablet,Android
21968,Mobile,iOS
21969,Desktop,Android
21970,Mobile,Android
21971,Mobile,iOS
21972,Desktop,Android
21973,Mobile,Android
21974,Mobile,Android
21975,Desktop,iOS
21976,Desktop,Android
21977,Desktop,Android
21978,Mobile,iOS
21979,Mobile,Android
21980,Desktop,Android
21981,Desktop,Windows
21982,Desktop,Android
21983,Desktop,Android
21984,Mobile,Android
21985,Tablet,Android
21986,Mobile,iOS
21987,Mobile,macOS
21988,Mobile,Android
21989,Mobile,Windows
21990,Desktop,macOS
21991,Mobile,Windows
21992,Desktop,iOS
21993,Mobile,iOS
21994,Desktop,Windows
21995,Mobile,Android
21996,Mobile,macOS
21997,Mobile,Android
21998,Tablet,iOS
21999,Mobile,iOS
22000,Mobile,iOS
22001,Desktop,iOS
22002,Mobile,iOS
22003,Mobile,Windows
22004,Mobile,macOS
22005,Mobile,macOS
22006,Mobile,Android
22007,Mobile,Android
22008,Mobile,Android
22009,Mobile,Android
22010,Mobile,Android
22011,Mobile,Windows
22012,Mobile,Android
22013,Mobile,iOS
22014,Mobile,Android
22015,Tablet,Android
22016,Mobile,Android
22017,Mobile,Android
22018,Mobile,macOS
22019,Mobile,Android
22020,Tablet,Windows
22021,Mobile,Android
22022,Desktop,iOS
22023,Mobile,Android
22024,Mobile,Android
22025,Desktop,iOS
22026,Mobile,iOS
22027,Tablet,Android
22028,Desktop,Android
22029,Mobile,Android
22030,Mobile,Windows
22031,Mobile,Android
22032,Mobile,Windows
22033,Mobile,Android
22034,Mobile,iOS
22035,Mobile,Android
22036,Desktop,Windows
22037,Mobile,Android
22038,Desktop,Windows
22039,Desktop,Android
22040,Mobile,Android
22041,Tablet,Android
22042,Mobile,Android
22043,Desktop,iOS
22044,Mobile,Android
22045,Desktop,Android
22046,Mobile,iOS
22047,Desktop,Windows
22048,Mobile,iOS
22049,Mobile,Windows
22050,Desktop,iOS
22051,Desktop,Android
22052,Tablet,Windows
22053,Tablet,macOS
22054,Mobile,Windows
22055,Mobile,Android
22056,Mobile,iOS
22057,Mobile,iOS
22058,Desktop,macOS
22059,Mobile,Android
22060,Desktop,Android
22061,Mobile,Android
22062,Mobile,Android
22063,Mobile,iOS
22064,Mobile,Android
22065,Mobile,Android
22066,Desktop,iOS
22067,Mobile,iOS
22068,Mobile,macOS
22069,Mobile,Android
22070,Mobile,macOS
22071,Mobile,Windows
22072,Mobile,Windows
22073,Mobile,macOS
22074,Tablet,iOS
22075,Mobile,Android
22076,Mobile,Android
22077,Mobile,Windows
22078,Desktop,Android
22079,Mobile,iOS
22080,Mobile,Windows
22081,Desktop,Android
22082,Mobile,iOS
22083,Mobile,Windows
22084,Desktop,Android
22085,Mobile,iOS
22086,Desktop,macOS
22087,Desktop,iOS
22088,Mobile,Android
22089,Mobile,Android
22090,Mobile,Android
22091,Mobile,Windows
22092,Mobile,iOS
22093,Mobile,iOS
22094,Mobile,iOS
22095,Desktop,Android
22096,Mobile,Windows
22097,Mobile,iOS
22098,Mobile,Android
22099,Mobile,macOS
22100,Mobile,Android
22101,Tablet,Android
22102,Desktop,Windows
22103,Tablet,Android
22104,Mobile,iOS
22105,Mobile,macOS
22106,Desktop,macOS
22107,Mobile,Android
22108,Desktop,Android
22109,Desktop,Android
22110,Mobile,Windows
22111,Mobile,Windows
22112,Mobile,iOS
22113,Mobile,iOS
22114,Mobile,macOS
22115,Mobile,iOS
22116,Mobile,Windows
22117,Mobile,Android
22118,Mobile,Android
22119,Mobile,Android
22120,Desktop,Android
22121,Mobile,Android
22122,Mobile,Android
22123,Mobile,iOS
22124,Desktop,Android
22125,Mobile,iOS
22126,Desktop,Android
22127,Mobile,Windows
22128,Mobile,Android
22129,Mobile,Windows
22130,Mobile,Android
22131,Mobile,Android
22132,Mobile,Android
22133,Mobile,Android
22134,Mobile,iOS
22135,Mobile,iOS
22136,Mobile,iOS
22137,Tablet,iOS
22138,Desktop,macOS
22139,Tablet,Android
22140,Mobile,macOS
22141,Desktop,iOS
22142,Tablet,Android
22143,Mobile,macOS
22144,Desktop,Android
22145,Desktop,iOS
22146,Mobile,Android
22147,Mobile,Android
22148,Mobile,macOS
22149,Mobile,Android
22150,Mobile,Windows
22151,Tablet,Windows
22152,Desktop,Android
22153,Mobile,Android
22154,Tablet,iOS
22155,Mobile,iOS
22156,Mobile,Windows
22157,Mobile,Android
22158,Mobile,Android
22159,Desktop,Android
22160,Mobile,iOS
22161,Desktop,iOS
22162,Mobile,macOS
22163,Desktop,Android
22164,Mobile,Android
22165,Mobile,iOS
22166,Mobile,Android
22167,Mobile,Android
22168,Desktop,Windows
22169,Desktop,iOS
22170,Mobile,Android
22171,Mobile,Android
22172,Mobile,Windows
22173,Mobile,Android
22174,Mobile,Windows
22175,Mobile,iOS
22176,Mobile,Android
22177,Desktop,Android
22178,Desktop,Android
22179,Mobile,Android
22180,Desktop,Android
22181,Desktop,iOS
22182,Mobile,Windows
22183,Desktop,macOS
22184,Mobile,Android
22185,Mobile,Windows
22186,Mobile,iOS
22187,Desktop,iOS
22188,Mobile,macOS
22189,Mobile,Android
22190,Mobile,Android
22191,Desktop,Android
22192,Mobile,Windows
22193,Desktop,Android
22194,Desktop,iOS
22195,Mobile,Windows
22196,Mobile,iOS
22197,Desktop,Windows
22198,Desktop,Android
22199,Mobile,Android
22200,Mobile,iOS
22201,Mobile,iOS
22202,Mobile,Android
22203,Mobile,Windows
22204,Mobile,iOS
22205,Mobile,macOS
22206,Desktop,Android
22207,Desktop,Windows
22208,Desktop,iOS
22209,Desktop,Android
22210,Mobile,macOS
22211,Mobile,Android
22212,Mobile,macOS
22213,Mobile,iOS
22214,Mobile,macOS
22215,Mobile,iOS
22216,Desktop,iOS
22217,Mobile,Windows
22218,Desktop,Windows
22219,Mobile,Android
22220,Tablet,Android
22221,Mobile,Android
22222,Desktop,iOS
22223,Mobile,iOS
22224,Mobile,iOS
22225,Mobile,iOS
22226,Tablet,Android
22227,Mobile,Android
22228,Desktop,iOS
22229,Desktop,iOS
22230,Mobile,Android
22231,Tablet,iOS
22232,Mobile,iOS
22233,Tablet,Android
22234,Mobile,Android
22235,Mobile,Windows
22236,Mobile,Android
22237,Desktop,Android
22238,Mobile,iOS
22239,Desktop,Android
22240,Mobile,Android
22241,Mobile,Windows
22242,Mobile,Android
22243,Mobile,Android
22244,Mobile,iOS
22245,Mobile,Android
22246,Desktop,Android
22247,Mobile,iOS
22248,Mobile,Android
22249,Mobile,Android
22250,Desktop,Android
22251,Tablet,macOS
22252,Mobile,iOS
22253,Desktop,macOS
22254,Tablet,macOS
22255,Desktop,Android
22256,Mobile,iOS
22257,Desktop,iOS
22258,Mobile,Windows
22259,Desktop,iOS
22260,Mobile,Android
22261,Desktop,macOS
22262,Desktop,iOS
22263,Mobile,iOS
22264,Desktop,Android
22265,Mobile,Android
22266,Desktop,iOS
22267,Desktop,Android
22268,Mobile,Android
22269,Desktop,Windows
22270,Mobile,Android
22271,Mobile,Android
22272,Desktop,Windows
22273,Mobile,Android
22274,Mobile,Android
22275,Mobile,Android
22276,Mobile,iOS
22277,Tablet,Windows
22278,Tablet,Windows
22279,Mobile,macOS
22280,Mobile,Windows
22281,Mobile,Android
22282,Mobile,Android
22283,Desktop,Android
22284,Mobile,Windows
22285,Mobile,Android
22286,Mobile,Windows
22287,Desktop,Android
22288,Mobile,Android
22289,Mobile,Windows
22290,Tablet,Android
22291,Mobile,iOS
22292,Mobile,Windows
22293,Mobile,iOS
22294,Mobile,Android
22295,Desktop,macOS
22296,Mobile,iOS
22297,Mobile,Android
22298,Mobile,Android
22299,Mobile,Windows
22300,Mobile,Windows
22301,Tablet,Android
22302,Desktop,iOS
22303,Mobile,Windows
22304,Mobile,Windows
22305,Desktop,iOS
22306,Tablet,Windows
22307,Mobile,Android
22308,Tablet,Android
22309,Mobile,Windows
22310,Tablet,Windows
22311,Mobile,Android
22312,Desktop,Windows
22313,Mobile,Windows
22314,Mobile,iOS
22315,Mobile,iOS
22316,Mobile,Android
22317,Tablet,Android
22318,Desktop,iOS
22319,Desktop,Android
22320,Mobile,iOS
22321,Mobile,Android
22322,Desktop,macOS
22323,Desktop,Android
22324,Desktop,Android
22325,Desktop,macOS
22326,Mobile,Android
22327,Mobile,iOS
22328,Mobile,Android
22329,Mobile,Windows
22330,Mobile,iOS
22331,Desktop,iOS
22332,Mobile,Android
22333,Desktop,Android
22334,Mobile,iOS
22335,Mobile,Android
22336,Mobile,macOS
22337,Mobile,Windows
22338,Desktop,Android
22339,Mobile,Android
22340,Mobile,Android
22341,Mobile,iOS
22342,Tablet,Windows
22343,Desktop,Android
22344,Tablet,macOS
22345,Mobile,iOS
22346,Mobile,Android
22347,Mobile,Android
22348,Desktop,macOS
22349,Desktop,Android
22350,Mobile,Android
22351,Tablet,Windows
22352,Mobile,Android
22353,Mobile,Windows
22354,Mobile,Windows
22355,Mobile,Android
22356,Desktop,Android
22357,Mobile,iOS
22358,Mobile,iOS
22359,Mobile,Windows
22360,Desktop,Android
22361,Mobile,iOS
22362,Mobile,iOS
22363,Mobile,iOS
22364,Mobile,Android
22365,Mobile,macOS
22366,Desktop,Windows
22367,Mobile,iOS
22368,Mobile,macOS
22369,Mobile,Android
22370,Mobile,Windows
22371,Tablet,iOS
22372,Desktop,Android
22373,Mobile,Android
22374,Mobile,iOS
22375,Desktop,macOS
22376,Mobile,Android
22377,Mobile,Windows
22378,Mobile,iOS
22379,Mobile,Android
22380,Mobile,iOS
22381,Tablet,Android
22382,Mobile,iOS
22383,Desktop,Windows
22384,Mobile,Android
22385,Desktop,Windows
22386,Mobile,Android
22387,Mobile,iOS
22388,Mobile,macOS
22389,Mobile,Android
22390,Desktop,Windows
22391,Desktop,iOS
22392,Desktop,iOS
22393,Mobile,Android
22394,Mobile,iOS
22395,Desktop,macOS
22396,Desktop,Android
22397,Mobile,Android
22398,Mobile,macOS
22399,Mobile,Android
22400,Mobile,Android
22401,Mobile,macOS
22402,Mobile,Android
22403,Desktop,Android
22404,Mobile,iOS
22405,Desktop,Android
22406,Mobile,Windows
22407,Mobile,iOS
22408,Mobile,Windows
22409,Tablet,Android
22410,Mobile,Android
22411,Mobile,Windows
22412,Desktop,iOS
22413,Mobile,iOS
22414,Desktop,Android
22415,Desktop,iOS
22416,Mobile,Windows
22417,Desktop,Windows
22418,Desktop,iOS
22419,Tablet,Android
22420,Desktop,Windows
22421,Mobile,Android
22422,Mobile,Android
22423,Desktop,macOS
22424,Mobile,iOS
22425,Desktop,Windows
22426,Desktop,Windows
22427,Desktop,iOS
22428,Mobile,iOS
22429,Desktop,Android
22430,Mobile,Android
22431,Mobile,iOS
22432,Mobile,Android
22433,Mobile,iOS
22434,Desktop,iOS
22435,Desktop,Android
22436,Mobile,macOS
22437,Mobile,iOS
22438,Mobile,Android
22439,Mobile,iOS
22440,Mobile,iOS
22441,Mobile,iOS
22442,Mobile,Android
22443,Mobile,iOS
22444,Mobile,iOS
22445,Desktop,iOS
22446,Desktop,Windows
22447,Mobile,iOS
22448,Mobile,Windows
22449,Desktop,iOS
22450,Mobile,iOS
22451,Mobile,Windows
22452,Mobile,Windows
22453,Mobile,Windows
22454,Desktop,Android
22455,Mobile,Android
22456,Desktop,macOS
22457,Mobile,Windows
22458,Desktop,iOS
22459,Mobile,Windows
22460,Mobile,Android
22461,Mobile,iOS
22462,Desktop,Android
22463,Desktop,iOS
22464,Desktop,macOS
22465,Mobile,Windows
22466,Mobile,Windows
22467,Mobile,Windows
22468,Mobile,Android
22469,Mobile,Android
22470,Mobile,Android
22471,Mobile,macOS
22472,Mobile,iOS
22473,Desktop,iOS
22474,Desktop,Android
22475,Mobile,Android
22476,Mobile,iOS
22477,Mobile,Windows
22478,Mobile,Android
22479,Mobile,iOS
22480,Tablet,Android
22481,Mobile,Android
22482,Mobile,Windows
22483,Mobile,iOS
22484,Mobile,Android
22485,Mobile,Android
22486,Mobile,iOS
22487,Mobile,macOS
22488,Mobile,Android
22489,Mobile,Android
22490,Desktop,Windows
22491,Tablet,macOS
22492,Desktop,iOS
22493,Mobile,Windows
22494,Mobile,Android
22495,Desktop,iOS
22496,Desktop,Android
22497,Mobile,iOS
22498,Mobile,iOS
22499,Tablet,Android
22500,Mobile,iOS
22501,Mobile,Android
22502,Desktop,Windows
22503,Mobile,Windows
22504,Mobile,Android
22505,Desktop,Android
22506,Tablet,Android
22507,Mobile,Android
22508,Mobile,Windows
22509,Mobile,macOS
22510,Desktop,macOS
22511,Tablet,Windows
22512,Desktop,iOS
22513,Desktop,Android
22514,Desktop,Windows
22515,Mobile,Windows
22516,Mobile,Android
22517,Mobile,Android
22518,Desktop,Android
22519,Mobile,Windows
22520,Mobile,Android
22521,Tablet,Windows
22522,Desktop,Android
22523,Mobile,Android
22524,Mobile,Android
22525,Desktop,iOS
22526,Mobile,iOS
22527,Desktop,Windows
22528,Desktop,Android
22529,Tablet,iOS
22530,Mobile,iOS
22531,Desktop,iOS
22532,Mobile,Android
22533,Desktop,Windows
22534,Mobile,Android
22535,Mobile,Windows
22536,Mobile,Android
22537,Desktop,Android
22538,Mobile,Windows
22539,Mobile,Windows
22540,Desktop,macOS
22541,Mobile,iOS
22542,Mobile,Android
22543,Mobile,Windows
22544,Mobile,iOS
22545,Mobile,Windows
22546,Tablet,Windows
22547,Mobile,Windows
22548,Desktop,macOS
22549,Mobile,iOS
22550,Mobile,Android
22551,Tablet,iOS
22552,Mobile,Android
22553,Tablet,Windows
22554,Mobile,iOS
22555,Mobile,Windows
22556,Tablet,Android
22557,Mobile,iOS
22558,Mobile,Android
22559,Mobile,Android
22560,Desktop,Android
22561,Desktop,iOS
22562,Desktop,Android
22563,Desktop,iOS
22564,Mobile,macOS
22565,Mobile,iOS
22566,Tablet,iOS
22567,Mobile,iOS
22568,Tablet,iOS
22569,Mobile,iOS
22570,Mobile,Android
22571,Desktop,Android
22572,Mobile,Android
22573,Mobile,Android
22574,Desktop,Windows
22575,Mobile,iOS
22576,Mobile,Android
22577,Mobile,Android
22578,Desktop,Android
22579,Mobile,Android
22580,Mobile,Android
22581,Mobile,Android
22582,Tablet,Android
22583,Tablet,Android
22584,Mobile,Android
22585,Mobile,iOS
22586,Mobile,iOS
22587,Mobile,Windows
22588,Mobile,iOS
22589,Mobile,iOS
22590,Tablet,Android
22591,Mobile,iOS
22592,Desktop,Android
22593,Desktop,Windows
22594,Mobile,macOS
22595,Mobile,macOS
22596,Mobile,macOS
22597,Desktop,Windows
22598,Mobile,Windows
22599,Desktop,Windows
22600,Desktop,iOS
22601,Mobile,Android
22602,Desktop,Android
22603,Mobile,iOS
22604,Mobile,iOS
22605,Mobile,iOS
22606,Desktop,macOS
22607,Mobile,macOS
22608,Mobile,Android
22609,Mobile,iOS
22610,Mobile,iOS
22611,Desktop,Android
22612,Desktop,iOS
22613,Mobile,Windows
22614,Desktop,iOS
22615,Desktop,iOS
22616,Mobile,iOS
22617,Desktop,Android
22618,Desktop,macOS
22619,Desktop,macOS
22620,Mobile,macOS
22621,Mobile,iOS
22622,Desktop,iOS
22623,Mobile,Android
22624,Mobile,Android
22625,Mobile,macOS
22626,Desktop,Android
22627,Desktop,Android
22628,Mobile,Android
22629,Desktop,iOS
22630,Mobile,macOS
22631,Desktop,Android
22632,Desktop,Windows
22633,Mobile,iOS
22634,Mobile,Android
22635,Mobile,Windows
22636,Mobile,Android
22637,Mobile,Android
22638,Mobile,Android
22639,Desktop,Android
22640,Desktop,Android
22641,Tablet,Android
22642,Mobile,iOS
22643,Mobile,macOS
22644,Mobile,macOS
22645,Mobile,Windows
22646,Mobile,iOS
22647,Mobile,Android
22648,Mobile,iOS
22649,Mobile,Android
22650,Mobile,Android
22651,Desktop,Windows
22652,Mobile,iOS
22653,Mobile,Android
22654,Desktop,Android
22655,Mobile,Android
22656,Tablet,Windows
22657,Mobile,Android
22658,Desktop,Windows
22659,Desktop,iOS
22660,Desktop,iOS
22661,Mobile,Android
22662,Desktop,iOS
22663,Tablet,Android
22664,Tablet,Android
22665,Tablet,iOS
22666,Mobile,Windows
22667,Mobile,Windows
22668,Desktop,Windows
22669,Mobile,Android
22670,Mobile,iOS
22671,Desktop,iOS
22672,Desktop,Android
22673,Tablet,iOS
22674,Mobile,Windows
22675,Desktop,Android
22676,Mobile,iOS
22677,Mobile,Windows
22678,Desktop,iOS
22679,Desktop,macOS
22680,Desktop,Android
22681,Desktop,iOS
22682,Tablet,Android
22683,Desktop,Windows
22684,Mobile,iOS
22685,Desktop,Android
22686,Mobile,Windows
22687,Mobile,Windows
22688,Mobile,Windows
22689,Mobile,Android
22690,Desktop,macOS
22691,Desktop,iOS
22692,Mobile,Android
22693,Desktop,Android
22694,Mobile,Android
22695,Tablet,iOS
22696,Desktop,iOS
22697,Tablet,Android
22698,Desktop,iOS
22699,Mobile,Windows
22700,Mobile,Android
22701,Mobile,Android
22702,Tablet,Android
22703,Mobile,macOS
22704,Mobile,iOS
22705,Mobile,macOS
22706,Mobile,macOS
22707,Mobile,Windows
22708,Mobile,Android
22709,Mobile,Windows
22710,Mobile,Android
22711,Mobile,Windows
22712,Mobile,iOS
22713,Desktop,Android
22714,Mobile,iOS
22715,Mobile,Windows
22716,Mobile,Android
22717,Mobile,iOS
22718,Mobile,iOS
22719,Desktop,Android
22720,Mobile,macOS
22721,Desktop,Android
22722,Mobile,iOS
22723,Mobile,macOS
22724,Mobile,iOS
22725,Mobile,iOS
22726,Mobile,Windows
22727,Mobile,Android
22728,Mobile,Android
22729,Mobile,iOS
22730,Tablet,Android
22731,Mobile,Android
22732,Mobile,iOS
22733,Mobile,Windows
22734,Mobile,Android
22735,Mobile,Windows
22736,Mobile,Android
22737,Mobile,iOS
22738,Desktop,Android
22739,Mobile,iOS
22740,Desktop,Windows
22741,Mobile,Windows
22742,Mobile,Android
22743,Mobile,iOS
22744,Tablet,Android
22745,Desktop,Android
22746,Desktop,Windows
22747,Mobile,iOS
22748,Desktop,iOS
22749,Mobile,iOS
22750,Tablet,Windows
22751,Tablet,Windows
22752,Desktop,Android
22753,Desktop,Android
22754,Mobile,iOS
22755,Desktop,iOS
22756,Mobile,Android
22757,Mobile,Android
22758,Mobile,Android
22759,Desktop,Windows
22760,Mobile,Android
22761,Mobile,iOS
22762,Mobile,iOS
22763,Mobile,Windows
22764,Desktop,iOS
22765,Desktop,Android
22766,Desktop,Android
22767,Tablet,Windows
22768,Mobile,Windows
22769,Mobile,Android
22770,Mobile,Windows
22771,Desktop,Windows
22772,Desktop,iOS
22773,Desktop,iOS
22774,Mobile,Android
22775,Mobile,iOS
22776,Desktop,iOS
22777,Mobile,Windows
22778,Tablet,iOS
22779,Mobile,iOS
22780,Desktop,iOS
22781,Mobile,Windows
22782,Mobile,iOS
22783,Desktop,iOS
22784,Mobile,Android
22785,Mobile,Windows
22786,Desktop,iOS
22787,Tablet,Windows
22788,Mobile,Android
22789,Desktop,Android
22790,Mobile,iOS
22791,Mobile,Windows
22792,Mobile,Android
22793,Mobile,macOS
22794,Desktop,macOS
22795,Tablet,iOS
22796,Mobile,Android
22797,Desktop,Android
22798,Mobile,Android
22799,Mobile,Windows
22800,Mobile,Windows
22801,Mobile,macOS
22802,Desktop,iOS
22803,Tablet,iOS
22804,Desktop,Windows
22805,Desktop,Android
22806,Mobile,iOS
22807,Mobile,Android
22808,Mobile,iOS
22809,Mobile,iOS
22810,Mobile,iOS
22811,Mobile,Windows
22812,Desktop,Android
22813,Mobile,Windows
22814,Mobile,macOS
22815,Mobile,iOS
22816,Mobile,Windows
22817,Desktop,iOS
22818,Desktop,Android
22819,Mobile,Android
22820,Mobile,Android
22821,Mobile,Android
22822,Mobile,Android
22823,Mobile,Android
22824,Mobile,Android
22825,Mobile,Android
22826,Mobile,Windows
22827,Mobile,macOS
22828,Tablet,Android
22829,Desktop,Android
22830,Desktop,iOS
22831,Mobile,Windows
22832,Mobile,Android
22833,Mobile,Android
22834,Desktop,Windows
22835,Desktop,macOS
22836,Mobile,iOS
22837,Mobile,Android
22838,Mobile,Android
22839,Mobile,macOS
22840,Mobile,Windows
22841,Mobile,Android
22842,Desktop,iOS
22843,Mobile,Android
22844,Mobile,Android
22845,Mobile,macOS
22846,Mobile,iOS
22847,Mobile,iOS
22848,Desktop,Windows
22849,Mobile,iOS
22850,Mobile,Android
22851,Desktop,iOS
22852,Mobile,macOS
22853,Desktop,iOS
22854,Desktop,Android
22855,Desktop,macOS
22856,Desktop,Android
22857,Mobile,iOS
22858,Tablet,Windows
22859,Mobile,Windows
22860,Mobile,iOS
22861,Mobile,Android
22862,Mobile,Android
22863,Mobile,iOS
22864,Mobile,iOS
22865,Mobile,Android
22866,Mobile,Android
22867,Mobile,Windows
22868,Mobile,Android
22869,Mobile,iOS
22870,Mobile,iOS
22871,Desktop,Windows
22872,Desktop,Android
22873,Desktop,iOS
22874,Desktop,Windows
22875,Desktop,macOS
22876,Desktop,Android
22877,Tablet,Android
22878,Mobile,Android
22879,Mobile,Android
22880,Mobile,iOS
22881,Desktop,iOS
22882,Mobile,Android
22883,Mobile,Windows
22884,Mobile,Android
22885,Mobile,macOS
22886,Mobile,Windows
22887,Mobile,Android
22888,Desktop,iOS
22889,Mobile,iOS
22890,Desktop,Android
22891,Desktop,macOS
22892,Mobile,Android
22893,Mobile,Android
22894,Tablet,Windows
22895,Desktop,Windows
22896,Tablet,Android
22897,Mobile,Android
22898,Mobile,Android
22899,Mobile,iOS
22900,Desktop,iOS
22901,Mobile,iOS
22902,Mobile,Android
22903,Mobile,iOS
22904,Tablet,Android
22905,Mobile,iOS
22906,Mobile,Android
22907,Desktop,iOS
22908,Mobile,Android
22909,Desktop,iOS
22910,Mobile,Android
22911,Mobile,Android
22912,Mobile,Windows
22913,Tablet,iOS
22914,Mobile,Android
22915,Mobile,Windows
22916,Desktop,iOS
22917,Mobile,iOS
22918,Desktop,Android
22919,Mobile,iOS
22920,Mobile,Android
22921,Tablet,macOS
22922,Mobile,iOS
22923,Mobile,Windows
22924,Desktop,macOS
22925,Mobile,Android
22926,Desktop,Android
22927,Mobile,Android
22928,Mobile,Android
22929,Desktop,Android
22930,Desktop,Windows
22931,Desktop,Android
22932,Mobile,Windows
22933,Mobile,Windows
22934,Desktop,iOS
22935,Mobile,Android
22936,Mobile,Android
22937,Mobile,iOS
22938,Mobile,iOS
22939,Mobile,Windows
22940,Mobile,Android
22941,Mobile,iOS
22942,Desktop,Android
22943,Mobile,Android
22944,Tablet,macOS
22945,Tablet,Windows
22946,Tablet,iOS
22947,Desktop,Android
22948,Mobile,Android
22949,Desktop,iOS
22950,Mobile,Android
22951,Desktop,Windows
22952,Mobile,iOS
22953,Mobile,Android
22954,Tablet,Android
22955,Mobile,macOS
22956,Desktop,iOS
22957,Mobile,Android
22958,Desktop,Windows
22959,Tablet,macOS
22960,Mobile,iOS
22961,Mobile,Windows
22962,Mobile,macOS
22963,Mobile,Android
22964,Mobile,Windows
22965,Mobile,Windows
22966,Mobile,iOS
22967,Tablet,Windows
22968,Mobile,Android
22969,Mobile,iOS
22970,Mobile,iOS
22971,Desktop,Android
22972,Mobile,iOS
22973,Tablet,Android
22974,Desktop,Android
22975,Tablet,iOS
22976,Desktop,Android
22977,Desktop,iOS
22978,Mobile,Android
22979,Mobile,Android
22980,Mobile,Android
22981,Mobile,iOS
22982,Mobile,Android
22983,Desktop,macOS
22984,Mobile,iOS
22985,Desktop,iOS
22986,Mobile,Android
22987,Mobile,iOS
22988,Desktop,Android
22989,Tablet,iOS
22990,Desktop,Android
22991,Tablet,Android
22992,Desktop,Android
22993,Tablet,Android
22994,Mobile,iOS
22995,Mobile,Android
22996,Mobile,macOS
22997,Mobile,macOS
22998,Mobile,Windows
22999,Tablet,Windows
23000,Desktop,Android
23001,Mobile,Windows
23002,Mobile,iOS
23003,Desktop,Windows
23004,Desktop,iOS
23005,Desktop,iOS
23006,Desktop,Windows
23007,Mobile,iOS
23008,Tablet,iOS
23009,Tablet,Android
23010,Mobile,iOS
23011,Mobile,Android
23012,Desktop,Android
23013,Mobile,iOS
23014,Mobile,iOS
23015,Mobile,Windows
23016,Mobile,Android
23017,Mobile,Android
23018,Tablet,Android
23019,Mobile,Windows
23020,Mobile,iOS
23021,Mobile,iOS
23022,Desktop,Windows
23023,Desktop,Android
23024,Mobile,Windows
23025,Mobile,iOS
23026,Mobile,iOS
23027,Tablet,Android
23028,Mobile,iOS
23029,Mobile,iOS
23030,Mobile,iOS
23031,Desktop,Windows
23032,Mobile,iOS
23033,Desktop,macOS
23034,Mobile,iOS
23035,Desktop,Android
23036,Desktop,Windows
23037,Desktop,Android
23038,Mobile,Windows
23039,Mobile,Android
23040,Desktop,Windows
23041,Mobile,Android
23042,Tablet,Android
23043,Desktop,Android
23044,Desktop,macOS
23045,Mobile,iOS
23046,Desktop,iOS
23047,Mobile,Android
23048,Mobile,iOS
23049,Mobile,Windows
23050,Mobile,Android
23051,Desktop,Windows
23052,Mobile,Android
23053,Mobile,Windows
23054,Mobile,iOS
23055,Mobile,Windows
23056,Mobile,Android
23057,Desktop,iOS
23058,Desktop,Android
23059,Desktop,macOS
23060,Mobile,Android
23061,Mobile,Android
23062,Mobile,Android
23063,Tablet,iOS
23064,Mobile,macOS
23065,Desktop,Windows
23066,Desktop,macOS
23067,Mobile,Android
23068,Mobile,macOS
23069,Mobile,Windows
23070,Desktop,iOS
23071,Mobile,Android
23072,Desktop,Android
23073,Desktop,Android
23074,Desktop,Android
23075,Mobile,macOS
23076,Desktop,Android
23077,Mobile,Android
23078,Tablet,iOS
23079,Mobile,Android
23080,Mobile,Android
23081,Mobile,Android
23082,Mobile,Android
23083,Mobile,Windows
23084,Mobile,iOS
23085,Mobile,iOS
23086,Mobile,iOS
23087,Desktop,Android
23088,Mobile,Android
23089,Mobile,Windows
23090,Mobile,iOS
23091,Mobile,Windows
23092,Desktop,Windows
23093,Mobile,Android
23094,Mobile,Windows
23095,Mobile,iOS
23096,Mobile,iOS
23097,Mobile,iOS
23098,Mobile,Android
23099,Tablet,Windows
23100,Tablet,Android
23101,Mobile,Android
23102,Desktop,Windows
23103,Mobile,macOS
23104,Desktop,Android
23105,Mobile,Android
23106,Mobile,iOS
23107,Mobile,iOS
23108,Mobile,macOS
23109,Tablet,Android
23110,Tablet,Android
23111,Mobile,Windows
23112,Mobile,Android
23113,Tablet,Android
23114,Mobile,macOS
23115,Mobile,iOS
23116,Desktop,iOS
23117,Mobile,iOS
23118,Mobile,Windows
23119,Mobile,Windows
23120,Mobile,iOS
23121,Desktop,Android
23122,Desktop,Android
23123,Tablet,macOS
23124,Desktop,Windows
23125,Desktop,Android
23126,Desktop,iOS
23127,Mobile,Android
23128,Desktop,Android
23129,Mobile,iOS
23130,Desktop,Windows
23131,Desktop,iOS
23132,Mobile,iOS
23133,Mobile,Windows
23134,Mobile,iOS
23135,Desktop,Windows
23136,Mobile,macOS
23137,Mobile,Windows
23138,Desktop,iOS
23139,Desktop,Windows
23140,Mobile,macOS
23141,Mobile,iOS
23142,Mobile,Windows
23143,Mobile,Android
23144,Tablet,Android
23145,Mobile,iOS
23146,Tablet,iOS
23147,Mobile,Android
23148,Desktop,macOS
23149,Mobile,Android
23150,Mobile,iOS
23151,Desktop,iOS
23152,Desktop,Android
23153,Mobile,Windows
23154,Desktop,Android
23155,Tablet,iOS
23156,Mobile,Windows
23157,Mobile,Windows
23158,Mobile,Android
23159,Mobile,iOS
23160,Mobile,macOS
23161,Mobile,Android
23162,Mobile,Android
23163,Mobile,iOS
23164,Desktop,iOS
23165,Desktop,macOS
23166,Mobile,Android
23167,Mobile,Windows
23168,Mobile,Windows
23169,Mobile,Android
23170,Mobile,Android
23171,Mobile,iOS
23172,Mobile,iOS
23173,Mobile,Android
23174,Mobile,iOS
23175,Mobile,iOS
23176,Desktop,iOS
23177,Mobile,macOS
23178,Tablet,iOS
23179,Mobile,Windows
23180,Desktop,iOS
23181,Desktop,Windows
23182,Mobile,iOS
23183,Mobile,macOS
23184,Mobile,iOS
23185,Mobile,Android
23186,Mobile,Android
23187,Desktop,Windows
23188,Desktop,Android
23189,Mobile,macOS
23190,Mobile,iOS
23191,Mobile,Android
23192,Mobile,iOS
23193,Mobile,iOS
23194,Desktop,Android
23195,Desktop,Android
23196,Desktop,Android
23197,Mobile,iOS
23198,Tablet,Android
23199,Desktop,Android
23200,Mobile,Android
23201,Desktop,Android
23202,Desktop,iOS
23203,Mobile,Windows
23204,Mobile,macOS
23205,Mobile,Windows
23206,Desktop,Android
23207,Mobile,macOS
23208,Tablet,Android
23209,Mobile,Android
23210,Desktop,Android
23211,Desktop,iOS
23212,Mobile,iOS
23213,Mobile,iOS
23214,Mobile,iOS
23215,Mobile,Android
23216,Mobile,macOS
23217,Desktop,iOS
23218,Mobile,Android
23219,Mobile,Android
23220,Desktop,Windows
23221,Tablet,iOS
23222,Desktop,iOS
23223,Desktop,Android
23224,Mobile,Android
23225,Mobile,iOS
23226,Desktop,Android
23227,Desktop,Android
23228,Desktop,iOS
23229,Desktop,Windows
23230,Desktop,Android
23231,Mobile,iOS
23232,Desktop,Android
23233,Mobile,iOS
23234,Mobile,Windows
23235,Mobile,iOS
23236,Mobile,Android
23237,Desktop,Windows
23238,Tablet,Android
23239,Desktop,Windows
23240,Mobile,Windows
23241,Desktop,macOS
23242,Desktop,Windows
23243,Desktop,Windows
23244,Mobile,Windows
23245,Mobile,Android
23246,Mobile,Windows
23247,Mobile,Windows
23248,Mobile,Android
23249,Desktop,Windows
23250,Mobile,Windows
23251,Mobile,iOS
23252,Mobile,Android
23253,Mobile,Windows
23254,Desktop,Android
23255,Mobile,Android
23256,Mobile,macOS
23257,Mobile,Android
23258,Desktop,Android
23259,Mobile,iOS
23260,Desktop,Android
23261,Mobile,Android
23262,Mobile,iOS
23263,Desktop,Android
23264,Desktop,Android
23265,Mobile,iOS
23266,Desktop,Windows
23267,Mobile,Android
23268,Mobile,Android
23269,Desktop,Android
23270,Desktop,iOS
23271,Mobile,Android
23272,Mobile,Android
23273,Mobile,Android
23274,Mobile,Android
23275,Mobile,Android
23276,Mobile,Android
23277,Mobile,Windows
23278,Mobile,Windows
23279,Mobile,Android
23280,Mobile,Windows
23281,Mobile,Windows
23282,Mobile,Windows
23283,Mobile,Android
23284,Tablet,macOS
23285,Tablet,Android
23286,Mobile,iOS
23287,Mobile,iOS
23288,Mobile,Android
23289,Mobile,macOS
23290,Mobile,Android
23291,Mobile,Android
23292,Mobile,iOS
23293,Mobile,Android
23294,Desktop,iOS
23295,Desktop,macOS
23296,Desktop,iOS
23297,Mobile,Android
23298,Mobile,macOS
23299,Mobile,macOS
23300,Mobile,Windows
23301,Mobile,iOS
23302,Mobile,Windows
23303,Mobile,Android
23304,Mobile,Android
23305,Desktop,Android
23306,Desktop,iOS
23307,Desktop,macOS
23308,Mobile,iOS
23309,Mobile,Android
23310,Mobile,Windows
23311,Desktop,Android
23312,Tablet,macOS
23313,Desktop,macOS
23314,Mobile,Windows
23315,Mobile,Android
23316,Mobile,Android
23317,Tablet,Android
23318,Desktop,iOS
23319,Desktop,Android
23320,Desktop,Windows
23321,Mobile,macOS
23322,Mobile,iOS
23323,Mobile,Android
23324,Mobile,macOS
23325,Tablet,Windows
23326,Mobile,iOS
23327,Desktop,Android
23328,Desktop,Android
23329,Mobile,Android
23330,Mobile,iOS
23331,Mobile,Android
23332,Mobile,Windows
23333,Desktop,macOS
23334,Tablet,Android
23335,Mobile,Android
23336,Mobile,Windows
23337,Mobile,Android
23338,Desktop,Android
23339,Mobile,Android
23340,Desktop,iOS
23341,Desktop,iOS
23342,Mobile,Android
23343,Mobile,macOS
23344,Desktop,Android
23345,Mobile,iOS
23346,Desktop,Android
23347,Desktop,macOS
23348,Tablet,Android
23349,Mobile,Windows
23350,Desktop,iOS
23351,Mobile,Windows
23352,Mobile,Android
23353,Desktop,Windows
23354,Desktop,Android
23355,Mobile,Windows
23356,Tablet,Android
23357,Mobile,iOS
23358,Mobile,macOS
23359,Desktop,macOS
23360,Desktop,Android
23361,Mobile,Android
23362,Mobile,Windows
23363,Desktop,Android
23364,Mobile,iOS
23365,Mobile,Android
23366,Mobile,Windows
23367,Mobile,iOS
23368,Mobile,iOS
23369,Mobile,Android
23370,Mobile,Windows
23371,Desktop,Android
23372,Mobile,macOS
23373,Desktop,Windows
23374,Desktop,Android
23375,Mobile,iOS
23376,Mobile,Android
23377,Mobile,iOS
23378,Desktop,iOS
23379,Mobile,Android
23380,Mobile,Windows
23381,Mobile,Android
23382,Mobile,Windows
23383,Mobile,Android
23384,Mobile,Android
23385,Mobile,iOS
23386,Mobile,iOS
23387,Mobile,Android
23388,Desktop,Android
23389,Tablet,Android
23390,Mobile,macOS
23391,Mobile,Android
23392,Mobile,Android
23393,Mobile,Android
23394,Mobile,Android
23395,Tablet,Android
23396,Desktop,Android
23397,Desktop,Android
23398,Mobile,macOS
23399,Mobile,Android
23400,Desktop,Android
23401,Mobile,iOS
23402,Mobile,iOS
23403,Tablet,Android
23404,Desktop,macOS
23405,Mobile,Windows
23406,Mobile,Android
23407,Mobile,Windows
23408,Desktop,Android
23409,Mobile,iOS
23410,Mobile,Android
23411,Mobile,Android
23412,Desktop,Android
23413,Desktop,iOS
23414,Mobile,macOS
23415,Mobile,Windows
23416,Mobile,Android
23417,Mobile,Android
23418,Mobile,Windows
23419,Desktop,Android
23420,Mobile,Windows
23421,Mobile,Android
23422,Mobile,Android
23423,Desktop,Android
23424,Tablet,iOS
23425,Mobile,macOS
23426,Desktop,Android
23427,Mobile,iOS
23428,Desktop,Android
23429,Mobile,Windows
23430,Mobile,Windows
23431,Mobile,Android
23432,Mobile,Android
23433,Mobile,Android
23434,Desktop,iOS
23435,Mobile,Android
23436,Desktop,Android
23437,Mobile,Windows
23438,Mobile,Android
23439,Mobile,macOS
23440,Mobile,macOS
23441,Tablet,Windows
23442,Mobile,iOS
23443,Mobile,macOS
23444,Mobile,Windows
23445,Mobile,Android
23446,Mobile,iOS
23447,Mobile,iOS
23448,Desktop,Android
23449,Mobile,Windows
23450,Desktop,Android
23451,Mobile,iOS
23452,Desktop,iOS
23453,Desktop,macOS
23454,Mobile,Android
23455,Mobile,Windows
23456,Desktop,Android
23457,Mobile,iOS
23458,Mobile,iOS
23459,Mobile,Android
23460,Desktop,Android
23461,Desktop,Android
23462,Mobile,Windows
23463,Desktop,Windows
23464,Desktop,Android
23465,Desktop,Windows
23466,Desktop,Android
23467,Mobile,iOS
23468,Mobile,Windows
23469,Desktop,Windows
23470,Mobile,Windows
23471,Desktop,macOS
23472,Desktop,Android
23473,Desktop,Android
23474,Desktop,iOS
23475,Desktop,iOS
23476,Desktop,iOS
23477,Mobile,Android
23478,Mobile,Android
23479,Mobile,iOS
23480,Desktop,Android
23481,Desktop,Android
23482,Mobile,Android
23483,Mobile,iOS
23484,Mobile,Windows
23485,Desktop,Android
23486,Mobile,Android
23487,Desktop,Windows
23488,Mobile,iOS
23489,Tablet,Android
23490,Mobile,iOS
23491,Mobile,iOS
23492,Mobile,macOS
23493,Desktop,iOS
23494,Mobile,iOS
23495,Mobile,Windows
23496,Mobile,iOS
23497,Mobile,Android
23498,Mobile,Android
23499,Desktop,iOS
23500,Mobile,iOS
23501,Tablet,iOS
23502,Mobile,Android
23503,Mobile,Android
23504,Mobile,Windows
23505,Mobile,Android
23506,Mobile,Android
23507,Desktop,iOS
23508,Mobile,macOS
23509,Mobile,macOS
23510,Mobile,Windows
23511,Desktop,iOS
23512,Desktop,iOS
23513,Desktop,Android
23514,Desktop,iOS
23515,Mobile,iOS
23516,Mobile,iOS
23517,Mobile,iOS
23518,Desktop,iOS
23519,Mobile,Android
23520,Mobile,iOS
23521,Desktop,iOS
23522,Desktop,Windows
23523,Desktop,Android
23524,Mobile,Windows
23525,Desktop,iOS
23526,Desktop,iOS
23527,Mobile,iOS
23528,Mobile,Android
23529,Desktop,Android
23530,Desktop,Android
23531,Mobile,iOS
23532,Mobile,Android
23533,Tablet,Android
23534,Mobile,iOS
23535,Mobile,iOS
23536,Mobile,Android
23537,Mobile,Windows
23538,Mobile,iOS
23539,Mobile,Windows
23540,Desktop,Android
23541,Desktop,macOS
23542,Desktop,Windows
23543,Mobile,macOS
23544,Mobile,Android
23545,Desktop,Windows
23546,Mobile,Android
23547,Mobile,Android
23548,Mobile,Android
23549,Mobile,Android
23550,Desktop,Windows
23551,Desktop,Windows
23552,Desktop,Android
23553,Desktop,Android
23554,Mobile,Android
23555,Tablet,Windows
23556,Mobile,macOS
23557,Desktop,iOS
23558,Mobile,iOS
23559,Tablet,iOS
23560,Mobile,iOS
23561,Mobile,macOS
23562,Mobile,iOS
23563,Desktop,macOS
23564,Mobile,Android
23565,Mobile,Windows
23566,Mobile,iOS
23567,Mobile,Windows
23568,Desktop,iOS
23569,Desktop,iOS
23570,Mobile,iOS
23571,Mobile,Windows
23572,Mobile,iOS
23573,Mobile,iOS
23574,Mobile,Windows
23575,Mobile,Android
23576,Mobile,Android
23577,Desktop,Windows
23578,Mobile,Android
23579,Mobile,Android
23580,Desktop,Android
23581,Tablet,Android
23582,Mobile,Android
23583,Desktop,Windows
23584,Mobile,iOS
23585,Mobile,Android
23586,Desktop,Android
23587,Mobile,Windows
23588,Desktop,Android
23589,Desktop,Android
23590,Mobile,Android
23591,Desktop,Android
23592,Mobile,macOS
23593,Desktop,iOS
23594,Desktop,Android
23595,Mobile,Windows
23596,Mobile,iOS
23597,Mobile,Android
23598,Tablet,iOS
23599,Mobile,iOS
23600,Mobile,Android
23601,Desktop,Android
23602,Desktop,Android
23603,Mobile,Windows
23604,Desktop,macOS
23605,Mobile,Windows
23606,Desktop,iOS
23607,Desktop,Android
23608,Desktop,Windows
23609,Tablet,iOS
23610,Desktop,Android
23611,Mobile,iOS
23612,Mobile,iOS
23613,Mobile,Windows
23614,Desktop,iOS
23615,Desktop,Android
23616,Mobile,Windows
23617,Mobile,Windows
23618,Mobile,Android
23619,Desktop,iOS
23620,Mobile,Windows
23621,Desktop,iOS
23622,Desktop,Windows
23623,Tablet,Windows
23624,Mobile,Android
23625,Mobile,iOS
23626,Desktop,Windows
23627,Mobile,iOS
23628,Desktop,Windows
23629,Desktop,iOS
23630,Mobile,Windows
23631,Mobile,Android
23632,Mobile,Windows
23633,Mobile,Android
23634,Mobile,Android
23635,Mobile,Android
23636,Mobile,Android
23637,Mobile,Android
23638,Mobile,Windows
23639,Mobile,iOS
23640,Mobile,iOS
23641,Mobile,Android
23642,Mobile,Android
23643,Mobile,Android
23644,Mobile,iOS
23645,Tablet,Windows
23646,Mobile,Windows
23647,Desktop,Android
23648,Desktop,Android
23649,Desktop,Android
23650,Mobile,Android
23651,Mobile,iOS
23652,Mobile,iOS
23653,Mobile,Android
23654,Mobile,macOS
23655,Desktop,iOS
23656,Tablet,Windows
23657,Desktop,Android
23658,Mobile,iOS
23659,Mobile,Android
23660,Desktop,iOS
23661,Desktop,Android
23662,Desktop,Windows
23663,Desktop,macOS
23664,Mobile,Android
23665,Desktop,Windows
23666,Tablet,Android
23667,Mobile,iOS
23668,Desktop,iOS
23669,Mobile,iOS
23670,Mobile,Android
23671,Desktop,macOS
23672,Mobile,macOS
23673,Desktop,Android
23674,Mobile,macOS
23675,Mobile,iOS
23676,Mobile,Windows
23677,Mobile,Android
23678,Desktop,Windows
23679,Mobile,iOS
23680,Mobile,Android
23681,Tablet,Windows
23682,Mobile,iOS
23683,Desktop,Android
23684,Mobile,Windows
23685,Mobile,Windows
23686,Tablet,Android
23687,Mobile,Android
23688,Mobile,Android
23689,Mobile,Android
23690,Desktop,Android
23691,Desktop,iOS
23692,Mobile,Android
23693,Mobile,Android
23694,Mobile,Windows
23695,Mobile,Android
23696,Tablet,Android
23697,Mobile,Android
23698,Mobile,Android
23699,Desktop,Windows
23700,Desktop,Windows
23701,Mobile,Android
23702,Desktop,Windows
23703,Tablet,Android
23704,Mobile,Android
23705,Mobile,iOS
23706,Mobile,iOS
23707,Tablet,Windows
23708,Mobile,Windows
23709,Mobile,Android
23710,Mobile,Android
23711,Mobile,Windows
23712,Mobile,Android
23713,Mobile,iOS
23714,Mobile,Android
23715,Desktop,Android
23716,Mobile,Android
23717,Tablet,iOS
23718,Mobile,Android
23719,Mobile,Android
23720,Mobile,iOS
23721,Tablet,iOS
23722,Desktop,macOS
23723,Mobile,Android
23724,Desktop,iOS
23725,Desktop,Android
23726,Mobile,Android
23727,Mobile,Windows
23728,Mobile,Android
23729,Mobile,Windows
23730,Mobile,Android
23731,Desktop,iOS
23732,Mobile,Android
23733,Mobile,Android
23734,Mobile,Android
23735,Desktop,iOS
23736,Mobile,Android
23737,Desktop,macOS
23738,Mobile,Windows
23739,Desktop,Android
23740,Mobile,Android
23741,Mobile,Android
23742,Mobile,Windows
23743,Desktop,macOS
23744,Mobile,iOS
23745,Mobile,Windows
23746,Mobile,Android
23747,Mobile,Windows
23748,Mobile,Android
23749,Mobile,macOS
23750,Desktop,Android
23751,Mobile,Android
23752,Desktop,iOS
23753,Desktop,Windows
23754,Mobile,iOS
23755,Tablet,Windows
23756,Tablet,Android
23757,Mobile,iOS
23758,Mobile,iOS
23759,Desktop,Android
23760,Mobile,iOS
23761,Tablet,Android
23762,Mobile,Android
23763,Desktop,Windows
23764,Desktop,macOS
23765,Desktop,Android
23766,Mobile,iOS
23767,Desktop,iOS
23768,Tablet,macOS
23769,Mobile,Android
23770,Desktop,Android
23771,Desktop,Android
23772,Mobile,iOS
23773,Mobile,iOS
23774,Mobile,iOS
23775,Mobile,iOS
23776,Mobile,iOS
23777,Mobile,Android
23778,Mobile,Windows
23779,Mobile,Android
23780,Desktop,iOS
23781,Desktop,macOS
23782,Mobile,Android
23783,Mobile,Android
23784,Mobile,Windows
23785,Mobile,iOS
23786,Mobile,Android
23787,Mobile,Windows
23788,Desktop,Android
23789,Mobile,Windows
23790,Mobile,Android
23791,Tablet,Android
23792,Mobile,Android
23793,Mobile,Android
23794,Mobile,iOS
23795,Mobile,Android
23796,Tablet,Android
23797,Mobile,Android
23798,Desktop,Android
23799,Mobile,macOS
23800,Mobile,iOS
23801,Mobile,Android
23802,Mobile,Windows
23803,Mobile,Android
23804,Mobile,Windows
23805,Mobile,Windows
23806,Mobile,macOS
23807,Mobile,Windows
23808,Mobile,macOS
23809,Mobile,Windows
23810,Mobile,iOS
23811,Mobile,Android
23812,Mobile,iOS
23813,Mobile,Android
23814,Mobile,Android
23815,Desktop,Android
23816,Mobile,Windows
23817,Tablet,Android
23818,Desktop,Android
23819,Tablet,Android
23820,Mobile,iOS
23821,Mobile,Android
23822,Tablet,Android
23823,Desktop,iOS
23824,Mobile,Windows
23825,Mobile,Android
23826,Mobile,macOS
23827,Desktop,macOS
23828,Mobile,Android
23829,Desktop,iOS
23830,Desktop,iOS
23831,Mobile,macOS
23832,Mobile,iOS
23833,Tablet,Android
23834,Desktop,iOS
23835,Desktop,Android
23836,Mobile,iOS
23837,Mobile,iOS
23838,Mobile,Android
23839,Mobile,iOS
23840,Mobile,Windows
23841,Mobile,macOS
23842,Desktop,macOS
23843,Mobile,Android
23844,Mobile,iOS
23845,Mobile,Android
23846,Mobile,Android
23847,Desktop,iOS
23848,Desktop,iOS
23849,Desktop,macOS
23850,Mobile,Windows
23851,Mobile,Windows
23852,Mobile,Windows
23853,Mobile,Windows
23854,Mobile,iOS
23855,Mobile,Android
23856,Mobile,Android
23857,Mobile,Android
23858,Desktop,Android
23859,Mobile,Windows
23860,Mobile,iOS
23861,Mobile,iOS
23862,Desktop,Android
23863,Mobile,Android
23864,Desktop,iOS
23865,Desktop,Android
23866,Mobile,Android
23867,Desktop,Android
23868,Desktop,Android
23869,Desktop,Android
23870,Mobile,iOS
23871,Mobile,Android
23872,Mobile,Windows
23873,Mobile,Android
23874,Desktop,Windows
23875,Mobile,Windows
23876,Mobile,Android
23877,Desktop,iOS
23878,Mobile,iOS
23879,Mobile,iOS
23880,Desktop,macOS
23881,Mobile,iOS
23882,Mobile,Android
23883,Mobile,iOS
23884,Mobile,iOS
23885,Mobile,Windows
23886,Desktop,Android
23887,Mobile,macOS
23888,Desktop,Android
23889,Mobile,Android
23890,Mobile,iOS
23891,Mobile,iOS
23892,Mobile,Android
23893,Mobile,iOS
23894,Mobile,Android
23895,Mobile,iOS
23896,Mobile,macOS
23897,Desktop,iOS
23898,Mobile,iOS
23899,Mobile,Windows
23900,Desktop,Windows
23901,Desktop,Windows
23902,Mobile,Android
23903,Desktop,Windows
23904,Desktop,iOS
23905,Desktop,Android
23906,Desktop,Android
23907,Mobile,iOS
23908,Tablet,Windows
23909,Mobile,Android
23910,Desktop,Android
23911,Tablet,iOS
23912,Mobile,iOS
23913,Desktop,Android
23914,Tablet,Android
23915,Desktop,Android
23916,Mobile,Android
23917,Mobile,Android
23918,Mobile,Windows
23919,Mobile,Android
23920,Mobile,Windows
23921,Desktop,Android
23922,Mobile,Android
23923,Mobile,iOS
23924,Desktop,Windows
23925,Mobile,iOS
23926,Mobile,Android
23927,Mobile,Windows
23928,Desktop,macOS
23929,Mobile,Android
23930,Tablet,Android
23931,Mobile,iOS
23932,Mobile,Android
23933,Mobile,Windows
23934,Desktop,iOS
23935,Mobile,Android
23936,Mobile,iOS
23937,Desktop,Android
23938,Desktop,Windows
23939,Mobile,iOS
23940,Desktop,Android
23941,Mobile,Windows
23942,Mobile,Android
23943,Mobile,iOS
23944,Mobile,Android
23945,Mobile,macOS
23946,Mobile,Android
23947,Desktop,Windows
23948,Mobile,Android
23949,Desktop,iOS
23950,Mobile,iOS
23951,Desktop,iOS
23952,Desktop,Windows
23953,Desktop,Windows
23954,Desktop,Windows
23955,Mobile,iOS
23956,Mobile,Windows
23957,Desktop,Android
23958,Mobile,iOS
23959,Mobile,iOS
23960,Mobile,macOS
23961,Desktop,iOS
23962,Desktop,Android
23963,Desktop,Windows
23964,Desktop,Windows
23965,Mobile,Android
23966,Desktop,iOS
23967,Mobile,iOS
23968,Mobile,Windows
23969,Mobile,Windows
23970,Desktop,iOS
23971,Mobile,iOS
23972,Mobile,Android
23973,Mobile,iOS
23974,Mobile,Windows
23975,Desktop,iOS
23976,Mobile,Android
23977,Mobile,Android
23978,Mobile,Android
23979,Mobile,iOS
23980,Tablet,Android
23981,Tablet,Android
23982,Desktop,Android
23983,Mobile,Android
23984,Mobile,Android
23985,Desktop,Windows
23986,Mobile,Android
23987,Tablet,iOS
23988,Desktop,Windows
23989,Desktop,Windows
23990,Desktop,Android
23991,Desktop,Android
23992,Mobile,Android
23993,Desktop,iOS
23994,Desktop,macOS
23995,Mobile,Android
23996,Desktop,Windows
23997,Mobile,Android
23998,Mobile,iOS
23999,Mobile,iOS
24000,Mobile,Android
24001,Desktop,Android
24002,Mobile,iOS
24003,Mobile,Android
24004,Mobile,Android
24005,Mobile,Windows
24006,Mobile,Android
24007,Mobile,macOS
24008,Tablet,Android
24009,Desktop,Windows
24010,Mobile,Windows
24011,Mobile,Android
24012,Desktop,Android
24013,Mobile,Android
24014,Mobile,Windows
24015,Mobile,iOS
24016,Desktop,Windows
24017,Mobile,Android
24018,Desktop,iOS
24019,Mobile,Windows
24020,Desktop,Android
24021,Mobile,iOS
24022,Mobile,Android
24023,Mobile,macOS
24024,Mobile,Android
24025,Mobile,Android
24026,Mobile,Android
24027,Mobile,iOS
24028,Mobile,Android
24029,Mobile,Android
24030,Mobile,Android
24031,Mobile,iOS
24032,Mobile,iOS
24033,Desktop,Android
24034,Tablet,Android
24035,Tablet,Android
24036,Desktop,Windows
24037,Mobile,Android
24038,Desktop,Android
24039,Desktop,macOS
24040,Tablet,Android
24041,Mobile,Windows
24042,Mobile,Android
24043,Mobile,Windows
24044,Mobile,macOS
24045,Desktop,macOS
24046,Desktop,Windows
24047,Tablet,Android
24048,Tablet,Windows
24049,Mobile,Android
24050,Mobile,Windows
24051,Mobile,macOS
24052,Tablet,Android
24053,Mobile,Android
24054,Mobile,iOS
24055,Desktop,macOS
24056,Mobile,iOS
24057,Mobile,Android
24058,Mobile,Android
24059,Mobile,Windows
24060,Mobile,Android
24061,Mobile,macOS
24062,Mobile,Windows
24063,Tablet,Windows
24064,Mobile,iOS
24065,Desktop,Windows
24066,Mobile,Android
24067,Desktop,Windows
24068,Mobile,Android
24069,Mobile,iOS
24070,Desktop,Android
24071,Desktop,Windows
24072,Mobile,Android
24073,Mobile,Android
24074,Mobile,Android
24075,Mobile,iOS
24076,Desktop,Windows
24077,Mobile,iOS
24078,Desktop,macOS
24079,Mobile,Windows
24080,Desktop,Android
24081,Desktop,Android
24082,Desktop,Android
24083,Mobile,Windows
24084,Mobile,Android
24085,Mobile,Android
24086,Desktop,iOS
24087,Desktop,Windows
24088,Tablet,iOS
24089,Desktop,iOS
24090,Desktop,iOS
24091,Mobile,Android
24092,Mobile,Windows
24093,Desktop,iOS
24094,Desktop,iOS
24095,Mobile,Android
24096,Mobile,iOS
24097,Desktop,Android
24098,Desktop,iOS
24099,Mobile,Android
24100,Mobile,Android
24101,Mobile,Android
24102,Tablet,Windows
24103,Desktop,Android
24104,Mobile,iOS
24105,Mobile,Android
24106,Mobile,iOS
24107,Desktop,iOS
24108,Desktop,Android
24109,Mobile,iOS
24110,Mobile,iOS
24111,Mobile,Android
24112,Desktop,Android
24113,Mobile,Windows
24114,Tablet,Windows
24115,Mobile,iOS
24116,Tablet,iOS
24117,Mobile,iOS
24118,Mobile,Android
24119,Mobile,Windows
24120,Desktop,Android
24121,Mobile,macOS
24122,Desktop,macOS
24123,Mobile,iOS
24124,Tablet,Android
24125,Mobile,Android
24126,Mobile,iOS
24127,Tablet,Android
24128,Mobile,Android
24129,Mobile,Android
24130,Mobile,Android
24131,Desktop,Android
24132,Mobile,Android
24133,Mobile,Windows
24134,Mobile,iOS
24135,Tablet,iOS
24136,Mobile,macOS
24137,Tablet,Android
24138,Desktop,Android
24139,Tablet,iOS
24140,Mobile,Android
24141,Desktop,Windows
24142,Desktop,macOS
24143,Desktop,Windows
24144,Mobile,Android
24145,Desktop,Android
24146,Mobile,iOS
24147,Mobile,iOS
24148,Desktop,iOS
24149,Mobile,iOS
24150,Tablet,macOS
24151,Desktop,Android
24152,Mobile,iOS
24153,Mobile,Android
24154,Mobile,iOS
24155,Mobile,iOS
24156,Desktop,Android
24157,Mobile,Android
24158,Mobile,Android
24159,Desktop,iOS
24160,Mobile,Windows
24161,Mobile,macOS
24162,Mobile,Android
24163,Mobile,Android
24164,Mobile,iOS
24165,Desktop,iOS
24166,Mobile,Android
24167,Mobile,Android
24168,Mobile,Android
24169,Mobile,iOS
24170,Desktop,Android
24171,Mobile,Windows
24172,Tablet,Windows
24173,Mobile,iOS
24174,Tablet,iOS
24175,Mobile,Windows
24176,Mobile,Android
24177,Mobile,iOS
24178,Tablet,Android
24179,Mobile,iOS
24180,Mobile,Android
24181,Mobile,Android
24182,Desktop,Android
24183,Mobile,iOS
24184,Mobile,iOS
24185,Mobile,Android
24186,Mobile,iOS
24187,Desktop,Android
24188,Mobile,iOS
24189,Mobile,Windows
24190,Mobile,Android
24191,Mobile,iOS
24192,Desktop,Windows
24193,Mobile,Windows
24194,Desktop,Android
24195,Mobile,Windows
24196,Desktop,Android
24197,Mobile,Windows
24198,Mobile,Android
24199,Desktop,Android
24200,Desktop,Android
24201,Desktop,iOS
24202,Desktop,Windows
24203,Desktop,Android
24204,Mobile,iOS
24205,Mobile,Android
24206,Mobile,iOS
24207,Mobile,Android
24208,Mobile,Android
24209,Mobile,Windows
24210,Mobile,iOS
24211,Mobile,Android
24212,Desktop,Windows
24213,Mobile,iOS
24214,Desktop,Windows
24215,Desktop,Android
24216,Desktop,Android
24217,Mobile,Android
24218,Desktop,Android
24219,Tablet,Android
24220,Desktop,Android
24221,Mobile,Windows
24222,Mobile,Android
24223,Desktop,Android
24224,Mobile,Android
24225,Mobile,macOS
24226,Mobile,Android
24227,Desktop,Android
24228,Mobile,Windows
24229,Mobile,Android
24230,Mobile,iOS
24231,Desktop,Android
24232,Mobile,Android
24233,Mobile,macOS
24234,Desktop,iOS
24235,Desktop,iOS
24236,Mobile,Android
24237,Mobile,iOS
24238,Mobile,Android
24239,Desktop,iOS
24240,Mobile,Windows
24241,Desktop,macOS
24242,Mobile,Android
24243,Desktop,Android
24244,Tablet,macOS
24245,Mobile,iOS
24246,Mobile,Android
24247,Desktop,macOS
24248,Mobile,macOS
24249,Mobile,Windows
24250,Mobile,iOS
24251,Mobile,Windows
24252,Mobile,Windows
24253,Mobile,Android
24254,Desktop,Windows
24255,Mobile,Android
24256,Mobile,iOS
24257,Mobile,Windows
24258,Mobile,Android
24259,Desktop,Windows
24260,Mobile,Android
24261,Mobile,Android
24262,Mobile,Android
24263,Desktop,Android
24264,Mobile,iOS
24265,Mobile,iOS
24266,Mobile,macOS
24267,Tablet,Android
24268,Mobile,Android
24269,Mobile,iOS
24270,Desktop,Android
24271,Mobile,Windows
24272,Desktop,macOS
24273,Mobile,Windows
24274,Desktop,iOS
24275,Mobile,iOS
24276,Desktop,iOS
24277,Tablet,macOS
24278,Mobile,Android
24279,Mobile,Android
24280,Desktop,iOS
24281,Mobile,Android
24282,Desktop,Windows
24283,Tablet,Android
24284,Desktop,Android
24285,Mobile,Android
24286,Desktop,iOS
24287,Mobile,macOS
24288,Desktop,Android
24289,Mobile,Android
24290,Desktop,iOS
24291,Desktop,iOS
24292,Mobile,Android
24293,Mobile,iOS
24294,Desktop,Android
24295,Mobile,macOS
24296,Tablet,Windows
24297,Desktop,Android
24298,Desktop,Android
24299,Desktop,Windows
24300,Mobile,Android
24301,Desktop,Android
24302,Mobile,Android
24303,Mobile,Android
24304,Mobile,Windows
24305,Mobile,Windows
24306,Desktop,Windows
24307,Mobile,Windows
24308,Mobile,Android
24309,Mobile,Android
24310,Desktop,iOS
24311,Tablet,Windows
24312,Mobile,Android
24313,Mobile,Windows
24314,Mobile,Windows
24315,Mobile,iOS
24316,Mobile,Android
24317,Mobile,iOS
24318,Mobile,Android
24319,Desktop,Android
24320,Mobile,Android
24321,Mobile,Android
24322,Tablet,iOS
24323,Mobile,Windows
24324,Desktop,macOS
24325,Mobile,iOS
24326,Mobile,iOS
24327,Mobile,Android
24328,Desktop,iOS
24329,Desktop,iOS
24330,Tablet,Android
24331,Mobile,Android
24332,Tablet,macOS
24333,Mobile,Windows
24334,Mobile,macOS
24335,Desktop,iOS
24336,Mobile,macOS
24337,Desktop,Windows
24338,Mobile,Android
24339,Mobile,Windows
24340,Mobile,Windows
24341,Desktop,Android
24342,Mobile,macOS
24343,Mobile,Windows
24344,Desktop,iOS
24345,Mobile,Windows
24346,Desktop,Windows
24347,Mobile,Android
24348,Mobile,Android
24349,Mobile,Android
24350,Mobile,iOS
24351,Mobile,macOS
24352,Desktop,Android
24353,Mobile,Android
24354,Desktop,iOS
24355,Desktop,iOS
24356,Mobile,iOS
24357,Mobile,Android
24358,Mobile,Android
24359,Desktop,macOS
24360,Mobile,Android
24361,Mobile,iOS
24362,Desktop,iOS
24363,Mobile,Android
24364,Mobile,Android
24365,Mobile,iOS
24366,Mobile,Android
24367,Desktop,iOS
24368,Mobile,iOS
24369,Mobile,Android
24370,Mobile,Android
24371,Mobile,Android
24372,Desktop,Android
24373,Tablet,Android
24374,Tablet,Android
24375,Mobile,Android
24376,Mobile,Android
24377,Desktop,macOS
24378,Mobile,Windows
24379,Mobile,Android
24380,Tablet,macOS
24381,Mobile,Windows
24382,Desktop,Windows
24383,Desktop,Windows
24384,Mobile,Windows
24385,Mobile,iOS
24386,Mobile,iOS
24387,Tablet,Android
24388,Mobile,Android
24389,Desktop,iOS
24390,Mobile,Android
24391,Mobile,Windows
24392,Tablet,Android
24393,Mobile,Android
24394,Mobile,iOS
24395,Tablet,Android
24396,Mobile,Windows
24397,Mobile,Windows
24398,Mobile,iOS
24399,Desktop,iOS
24400,Mobile,macOS
24401,Mobile,Windows
24402,Tablet,Android
24403,Desktop,macOS
24404,Mobile,macOS
24405,Mobile,iOS
24406,Mobile,macOS
24407,Desktop,Android
24408,Mobile,Android
24409,Mobile,Android
24410,Desktop,Windows
24411,Mobile,iOS
24412,Mobile,Android
24413,Desktop,Windows
24414,Mobile,Android
24415,Desktop,Windows
24416,Tablet,Windows
24417,Mobile,iOS
24418,Tablet,iOS
24419,Tablet,iOS
24420,Mobile,macOS
24421,Tablet,Android
24422,Tablet,Android
24423,Desktop,Android
24424,Mobile,Android
24425,Tablet,Windows
24426,Mobile,Android
24427,Mobile,Windows
24428,Mobile,macOS
24429,Desktop,Windows
24430,Desktop,Android
24431,Desktop,Android
24432,Desktop,Android
24433,Mobile,Windows
24434,Mobile,Android
24435,Desktop,macOS
24436,Mobile,iOS
24437,Mobile,Android
24438,Desktop,Android
24439,Desktop,iOS
24440,Desktop,Windows
24441,Tablet,Android
24442,Mobile,Android
24443,Tablet,iOS
24444,Mobile,macOS
24445,Mobile,Windows
24446,Desktop,Android
24447,Desktop,macOS
24448,Desktop,macOS
24449,Desktop,Android
24450,Mobile,Android
24451,Desktop,iOS
24452,Desktop,iOS
24453,Desktop,Android
24454,Desktop,Windows
24455,Desktop,Android
24456,Mobile,iOS
24457,Desktop,Android
24458,Mobile,Windows
24459,Mobile,iOS
24460,Mobile,macOS
24461,Mobile,macOS
24462,Mobile,iOS
24463,Desktop,Windows
24464,Tablet,macOS
24465,Desktop,Android
24466,Desktop,iOS
24467,Mobile,Android
24468,Mobile,Android
24469,Mobile,macOS
24470,Mobile,Android
24471,Mobile,Android
24472,Mobile,Windows
24473,Mobile,Android
24474,Mobile,iOS
24475,Desktop,Windows
24476,Mobile,Android
24477,Mobile,macOS
24478,Desktop,iOS
24479,Desktop,Android
24480,Mobile,Windows
24481,Mobile,Android
24482,Desktop,Android
24483,Mobile,Windows
24484,Mobile,Android
24485,Mobile,Windows
24486,Mobile,Android
24487,Mobile,iOS
24488,Mobile,Windows
24489,Mobile,macOS
24490,Desktop,Windows
24491,Desktop,Android
24492,Mobile,Android
24493,Mobile,Android
24494,Desktop,Android
24495,Tablet,iOS
24496,Mobile,iOS
24497,Mobile,iOS
24498,Desktop,Android
24499,Mobile,Android
24500,Mobile,Android
24501,Mobile,Android
24502,Desktop,Android
24503,Mobile,Windows
24504,Tablet,iOS
24505,Desktop,Android
24506,Mobile,Android
24507,Tablet,Android
24508,Tablet,Windows
24509,Desktop,Android
24510,Mobile,Android
24511,Mobile,Android
24512,Mobile,Android
24513,Mobile,iOS
24514,Mobile,Windows
24515,Mobile,Android
24516,Mobile,Android
24517,Mobile,iOS
24518,Mobile,Android
24519,Desktop,iOS
24520,Mobile,macOS
24521,Mobile,Windows
24522,Mobile,Android
24523,Mobile,iOS
24524,Desktop,Android
24525,Desktop,Android
24526,Desktop,Windows
24527,Desktop,Windows
24528,Desktop,Windows
24529,Desktop,macOS
24530,Mobile,Android
24531,Tablet,Android
24532,Desktop,Android
24533,Mobile,Windows
24534,Desktop,Android
24535,Mobile,iOS
24536,Desktop,iOS
24537,Desktop,Android
24538,Mobile,Android
24539,Mobile,Windows
24540,Mobile,iOS
24541,Mobile,Android
24542,Desktop,Windows
24543,Mobile,macOS
24544,Mobile,Windows
24545,Tablet,Android
24546,Mobile,Android
24547,Mobile,macOS
24548,Mobile,iOS
24549,Mobile,Android
24550,Tablet,iOS
24551,Mobile,Android
24552,Mobile,Android
24553,Desktop,Windows
24554,Mobile,Android
24555,Mobile,Windows
24556,Mobile,Android
24557,Mobile,iOS
24558,Mobile,Android
24559,Desktop,Android
24560,Desktop,iOS
24561,Mobile,Android
24562,Mobile,Android
24563,Mobile,Android
24564,Desktop,Windows
24565,Mobile,Windows
24566,Mobile,Android
24567,Mobile,Windows
24568,Desktop,iOS
24569,Mobile,Android
24570,Mobile,Windows
24571,Mobile,Android
24572,Mobile,Windows
24573,Mobile,iOS
24574,Mobile,Android
24575,Mobile,Android
24576,Mobile,iOS
24577,Mobile,iOS
24578,Desktop,macOS
24579,Desktop,Windows
24580,Mobile,Android
24581,Mobile,iOS
24582,Mobile,Android
24583,Mobile,iOS
24584,Tablet,Windows
24585,Desktop,macOS
24586,Desktop,Android
24587,Mobile,Windows
24588,Desktop,Android
24589,Desktop,iOS
24590,Desktop,Windows
24591,Mobile,Windows
24592,Desktop,iOS
24593,Desktop,iOS
24594,Mobile,Android
24595,Desktop,iOS
24596,Mobile,Android
24597,Desktop,iOS
24598,Mobile,Windows
24599,Mobile,iOS
24600,Mobile,Windows
24601,Tablet,iOS
24602,Tablet,iOS
24603,Mobile,Android
24604,Desktop,iOS
24605,Mobile,Windows
24606,Desktop,Android
24607,Mobile,Android
24608,Mobile,Android
24609,Desktop,Android
24610,Mobile,iOS
24611,Desktop,Windows
24612,Mobile,Android
24613,Mobile,iOS
24614,Desktop,macOS
24615,Mobile,iOS
24616,Mobile,iOS
24617,Desktop,Android
24618,Tablet,Windows
24619,Desktop,Android
24620,Desktop,Android
24621,Mobile,macOS
24622,Mobile,Android
24623,Tablet,Android
24624,Tablet,Android
24625,Mobile,Android
24626,Mobile,Windows
24627,Mobile,Android
24628,Desktop,Android
24629,Mobile,Android
24630,Mobile,iOS
24631,Mobile,iOS
24632,Mobile,Android
24633,Desktop,Windows
24634,Mobile,Windows
24635,Mobile,iOS
24636,Mobile,iOS
24637,Mobile,Android
24638,Desktop,Android
24639,Desktop,Android
24640,Mobile,Android
24641,Mobile,macOS
24642,Mobile,Windows
24643,Mobile,Android
24644,Mobile,Android
24645,Mobile,Android
24646,Desktop,Android
24647,Desktop,Android
24648,Mobile,Windows
24649,Mobile,Windows
24650,Mobile,Android
24651,Mobile,Android
24652,Desktop,Android
24653,Mobile,Android
24654,Mobile,iOS
24655,Mobile,Windows
24656,Mobile,Android
24657,Desktop,Android
24658,Desktop,iOS
24659,Desktop,iOS
24660,Mobile,Android
24661,Mobile,Android
24662,Desktop,Android
24663,Desktop,Android
24664,Mobile,Android
24665,Mobile,Android
24666,Mobile,Android
24667,Mobile,Android
24668,Desktop,iOS
24669,Desktop,iOS
24670,Desktop,Windows
24671,Mobile,iOS
24672,Desktop,Android
24673,Mobile,Android
24674,Desktop,Android
24675,Desktop,Android
24676,Desktop,iOS
24677,Mobile,macOS
24678,Desktop,Android
24679,Desktop,Android
24680,Mobile,iOS
24681,Mobile,Android
24682,Mobile,macOS
24683,Desktop,Android
24684,Mobile,iOS
24685,Mobile,iOS
24686,Mobile,iOS
24687,Mobile,Android
24688,Desktop,Windows
24689,Desktop,Android
24690,Mobile,Windows
24691,Desktop,iOS
24692,Mobile,Android
24693,Tablet,iOS
24694,Mobile,Android
24695,Mobile,Windows
24696,Desktop,iOS
24697,Tablet,Android
24698,Tablet,Android
24699,Mobile,Windows
24700,Mobile,Windows
24701,Tablet,Android
24702,Tablet,iOS
24703,Mobile,iOS
24704,Desktop,iOS
24705,Mobile,Windows
24706,Tablet,iOS
24707,Tablet,Windows
24708,Tablet,Windows
24709,Desktop,Android
24710,Desktop,iOS
24711,Mobile,Android
24712,Mobile,iOS
24713,Tablet,Android
24714,Mobile,Windows
24715,Mobile,Windows
24716,Desktop,Android
24717,Desktop,Android
24718,Mobile,Android
24719,Desktop,Windows
24720,Desktop,Android
24721,Desktop,macOS
24722,Mobile,iOS
24723,Tablet,Windows
24724,Mobile,macOS
24725,Mobile,Windows
24726,Mobile,Android
24727,Mobile,macOS
24728,Mobile,Android
24729,Mobile,Android
24730,Mobile,Android
24731,Desktop,Windows
24732,Mobile,Windows
24733,Desktop,Android
24734,Mobile,iOS
24735,Desktop,Windows
24736,Desktop,Android
24737,Desktop,Windows
24738,Mobile,macOS
24739,Desktop,Android
24740,Mobile,Android
24741,Desktop,Android
24742,Desktop,macOS
24743,Tablet,iOS
24744,Mobile,iOS
24745,Mobile,iOS
24746,Mobile,Android
24747,Mobile,Android
24748,Mobile,Android
24749,Mobile,Android
24750,Mobile,iOS
24751,Desktop,Android
24752,Mobile,Windows
24753,Mobile,Windows
24754,Desktop,iOS
24755,Mobile,macOS
24756,Mobile,iOS
24757,Mobile,macOS
24758,Mobile,Android
24759,Mobile,Android
24760,Mobile,macOS
24761,Mobile,iOS
24762,Desktop,Android
24763,Mobile,iOS
24764,Mobile,macOS
24765,Mobile,iOS
24766,Mobile,Android
24767,Desktop,macOS
24768,Tablet,Windows
24769,Desktop,Android
24770,Mobile,macOS
24771,Mobile,Android
24772,Mobile,Windows
24773,Tablet,macOS
24774,Desktop,Android
24775,Desktop,iOS
24776,Mobile,iOS
24777,Mobile,iOS
24778,Mobile,Android
24779,Desktop,macOS
24780,Desktop,Android
24781,Mobile,Android
24782,Desktop,iOS
24783,Desktop,Android
24784,Mobile,Windows
24785,Tablet,macOS
24786,Mobile,iOS
24787,Desktop,Android
24788,Mobile,macOS
24789,Mobile,Windows
24790,Mobile,macOS
24791,Mobile,macOS
24792,Tablet,iOS
24793,Desktop,Windows
24794,Desktop,Windows
24795,Mobile,Windows
24796,Tablet,Android
24797,Mobile,Android
24798,Mobile,iOS
24799,Mobile,iOS
24800,Desktop,iOS
24801,Desktop,Windows
24802,Mobile,Android
24803,Mobile,iOS
24804,Desktop,macOS
24805,Mobile,iOS
24806,Desktop,macOS
24807,Mobile,iOS
24808,Desktop,Windows
24809,Mobile,Android
24810,Mobile,Windows
24811,Mobile,Android
24812,Mobile,iOS
24813,Tablet,Android
24814,Mobile,Windows
24815,Desktop,Android
24816,Mobile,Android
24817,Desktop,iOS
24818,Desktop,Android
24819,Desktop,Windows
24820,Desktop,Android
24821,Mobile,iOS
24822,Desktop,Windows
24823,Mobile,Android
24824,Desktop,Android
24825,Mobile,iOS
24826,Tablet,Android
24827,Mobile,iOS
24828,Desktop,Android
24829,Tablet,Android
24830,Mobile,Android
24831,Desktop,macOS
24832,Desktop,Android
24833,Mobile,Android
24834,Mobile,Android
24835,Desktop,iOS
24836,Desktop,Android
24837,Mobile,macOS
24838,Mobile,Android
24839,Mobile,macOS
24840,Desktop,Windows
24841,Mobile,Android
24842,Desktop,Android
24843,Mobile,Android
24844,Desktop,Windows
24845,Mobile,Android
24846,Mobile,Windows
24847,Desktop,Android
24848,Mobile,Android
24849,Mobile,Windows
24850,Mobile,Android
24851,Mobile,iOS
24852,Desktop,iOS
24853,Mobile,Android
24854,Desktop,Windows
24855,Mobile,Android
24856,Mobile,Android
24857,Tablet,iOS
24858,Mobile,Windows
24859,Mobile,Android
24860,Mobile,Android
24861,Mobile,Android
24862,Mobile,Windows
24863,Mobile,Android
24864,Desktop,macOS
24865,Mobile,Android
24866,Desktop,Windows
24867,Mobile,iOS
24868,Mobile,iOS
24869,Desktop,Android
24870,Mobile,Android
24871,Mobile,Android
24872,Mobile,iOS
24873,Mobile,Android
24874,Mobile,Android
24875,Tablet,Windows
24876,Mobile,Android
24877,Mobile,iOS
24878,Desktop,Android
24879,Tablet,Android
24880,Mobile,Android
24881,Tablet,Android
24882,Mobile,Android
24883,Desktop,macOS
24884,Desktop,iOS
24885,Mobile,Android
24886,Mobile,Android
24887,Mobile,Android
24888,Tablet,Android
24889,Mobile,Android
24890,Desktop,Android
24891,Desktop,Android
24892,Desktop,Windows
24893,Mobile,iOS
24894,Mobile,iOS
24895,Mobile,Android
24896,Mobile,Android
24897,Mobile,Android
24898,Mobile,iOS
24899,Tablet,Windows
24900,Tablet,Windows
24901,Mobile,macOS
24902,Tablet,Android
24903,Mobile,Android
24904,Desktop,macOS
24905,Mobile,Windows
24906,Mobile,iOS
24907,Mobile,iOS
24908,Mobile,Android
24909,Desktop,macOS
24910,Tablet,Windows
24911,Mobile,Android
24912,Mobile,Android
24913,Mobile,iOS
24914,Mobile,iOS
24915,Mobile,Android
24916,Mobile,Android
24917,Tablet,iOS
24918,Desktop,Windows
24919,Desktop,iOS
24920,Mobile,Android
24921,Tablet,Android
24922,Mobile,iOS
24923,Mobile,Android
24924,Mobile,Windows
24925,Tablet,Android
24926,Mobile,Android
24927,Desktop,Android
24928,Desktop,Android
24929,Mobile,Android
24930,Desktop,Windows
24931,Mobile,iOS
24932,Mobile,Android
24933,Desktop,Windows
24934,Mobile,Android
24935,Desktop,iOS
24936,Mobile,iOS
24937,Mobile,Windows
24938,Mobile,Android
24939,Mobile,Android
24940,Mobile,iOS
24941,Tablet,Android
24942,Mobile,Android
24943,Mobile,Windows
24944,Mobile,Android
24945,Desktop,Windows
24946,Mobile,Windows
24947,Mobile,Android
24948,Tablet,iOS
24949,Mobile,Windows
24950,Mobile,macOS
24951,Desktop,iOS
24952,Desktop,iOS
24953,Mobile,Android
24954,Mobile,iOS
24955,Tablet,macOS
24956,Desktop,Windows
24957,Mobile,Android
24958,Mobile,iOS
24959,Mobile,iOS
24960,Desktop,Windows
24961,Mobile,Android
24962,Desktop,Android
24963,Mobile,iOS
24964,Tablet,Android
24965,Mobile,Android
24966,Desktop,macOS
24967,Mobile,iOS
24968,Desktop,Android
24969,Mobile,Android
24970,Tablet,Windows
24971,Desktop,Android
24972,Mobile,iOS
24973,Desktop,Android
24974,Desktop,Android
24975,Mobile,Windows
24976,Desktop,Android
24977,Tablet,Android
24978,Mobile,Android
24979,Mobile,Android
24980,Mobile,Android
24981,Mobile,Android
24982,Mobile,iOS
24983,Desktop,Windows
24984,Mobile,macOS
24985,Mobile,macOS
24986,Desktop,Windows
24987,Mobile,Android
24988,Mobile,Windows
24989,Mobile,iOS
24990,Tablet,Android
24991,Mobile,iOS
24992,Tablet,iOS
24993,Desktop,iOS
24994,Mobile,iOS
24995,Mobile,Windows
24996,Mobile,Windows
24997,Mobile,iOS
24998,Mobile,Android
24999,Mobile,Windows
25000,Desktop,Android
25001,Desktop,Android
25002,Desktop,Windows
25003,Mobile,Windows
25004,Mobile,macOS
25005,Desktop,Windows
25006,Mobile,iOS
25007,Mobile,macOS
25008,Mobile,macOS
25009,Mobile,iOS
25010,Mobile,iOS
25011,Desktop,Android
25012,Desktop,Android
25013,Mobile,Android
25014,Mobile,Android
25015,Mobile,macOS
25016,Mobile,Windows
25017,Mobile,iOS
25018,Tablet,iOS
25019,Mobile,Android
25020,Desktop,macOS
25021,Mobile,iOS
25022,Mobile,iOS
25023,Mobile,Android
25024,Desktop,Windows
25025,Mobile,Android
25026,Desktop,Android
25027,Desktop,iOS
25028,Mobile,Android
25029,Mobile,Android
25030,Mobile,Android
25031,Mobile,Android
25032,Desktop,iOS
25033,Mobile,Android
25034,Tablet,Android
25035,Mobile,iOS
25036,Mobile,Windows
25037,Mobile,Android
25038,Mobile,Android
25039,Desktop,Android
25040,Mobile,Android
25041,Desktop,iOS
25042,Mobile,macOS
25043,Mobile,Android
25044,Mobile,Windows
25045,Desktop,Android
25046,Mobile,iOS
25047,Mobile,Windows
25048,Desktop,Windows
25049,Tablet,Windows
25050,Mobile,Windows
25051,Desktop,Android
25052,Mobile,Android
25053,Desktop,iOS
25054,Mobile,iOS
25055,Desktop,Android
25056,Mobile,Windows
25057,Desktop,Windows
25058,Desktop,Android
25059,Mobile,iOS
25060,Mobile,iOS
25061,Mobile,Windows
25062,Desktop,Windows
25063,Mobile,Android
25064,Mobile,iOS
25065,Mobile,Android
25066,Desktop,iOS
25067,Mobile,Android
25068,Desktop,Android
25069,Mobile,Android
25070,Tablet,iOS
25071,Mobile,Android
25072,Mobile,macOS
25073,Mobile,Android
25074,Desktop,macOS
25075,Desktop,macOS
25076,Mobile,Windows
25077,Mobile,macOS
25078,Desktop,Android
25079,Desktop,iOS
25080,Desktop,Android
25081,Mobile,Android
25082,Desktop,iOS
25083,Tablet,iOS
25084,Mobile,Android
25085,Desktop,Android
25086,Desktop,Android
25087,Mobile,iOS
25088,Mobile,iOS
25089,Desktop,iOS
25090,Desktop,iOS
25091,Desktop,iOS
25092,Tablet,Android
25093,Mobile,macOS
25094,Desktop,Android
25095,Desktop,iOS
25096,Desktop,macOS
25097,Mobile,iOS
25098,Mobile,Android
25099,Desktop,Windows
25100,Tablet,Windows
25101,Desktop,Windows
25102,Mobile,Android
25103,Mobile,Windows
25104,Desktop,Windows
25105,Mobile,macOS
25106,Mobile,macOS
25107,Mobile,Windows
25108,Mobile,Android
25109,Mobile,Android
25110,Mobile,Windows
25111,Desktop,Android
25112,Mobile,Windows
25113,Mobile,Android
25114,Mobile,Android
25115,Mobile,iOS
25116,Mobile,Windows
25117,Mobile,Android
25118,Tablet,Windows
25119,Mobile,iOS
25120,Mobile,Android
25121,Mobile,Android
25122,Mobile,macOS
25123,Desktop,Android
25124,Desktop,Windows
25125,Mobile,Android
25126,Desktop,Android
25127,Desktop,iOS
25128,Tablet,Windows
25129,Desktop,Windows
25130,Desktop,Android
25131,Mobile,Windows
25132,Mobile,Windows
25133,Mobile,Android
25134,Desktop,Android
25135,Desktop,Android
25136,Tablet,macOS
25137,Desktop,Android
25138,Mobile,Android
25139,Desktop,Android
25140,Mobile,Windows
25141,Desktop,Windows
25142,Tablet,iOS
25143,Desktop,macOS
25144,Mobile,macOS
25145,Mobile,macOS
25146,Mobile,Android
25147,Desktop,Android
25148,Mobile,Windows
25149,Desktop,Android
25150,Mobile,Windows
25151,Mobile,Windows
25152,Mobile,Android
25153,Mobile,iOS
25154,Mobile,Android
25155,Mobile,iOS
25156,Desktop,Android
25157,Mobile,macOS
25158,Desktop,macOS
25159,Mobile,Windows
25160,Tablet,Android
25161,Mobile,macOS
25162,Desktop,iOS
25163,Mobile,Android
25164,Mobile,Windows
25165,Mobile,Android
25166,Mobile,Windows
25167,Mobile,Android
25168,Desktop,Android
25169,Desktop,Android
25170,Mobile,Android
25171,Desktop,iOS
25172,Mobile,macOS
25173,Mobile,Android
25174,Mobile,iOS
25175,Mobile,Android
25176,Desktop,iOS
25177,Mobile,Android
25178,Mobile,iOS
25179,Desktop,iOS
25180,Desktop,iOS
25181,Mobile,Android
25182,Mobile,Android
25183,Desktop,Android
25184,Desktop,iOS
25185,Mobile,iOS
25186,Mobile,Android
25187,Tablet,Windows
25188,Desktop,iOS
25189,Desktop,Android
25190,Tablet,macOS
25191,Mobile,macOS
25192,Mobile,Windows
25193,Mobile,macOS
25194,Mobile,Windows
25195,Mobile,iOS
25196,Mobile,Android
25197,Mobile,Windows
25198,Desktop,Android
25199,Desktop,Android
25200,Mobile,Android
25201,Mobile,Android
25202,Mobile,macOS
25203,Mobile,Windows
25204,Desktop,macOS
25205,Mobile,iOS
25206,Desktop,Android
25207,Desktop,Android
25208,Mobile,Android
25209,Mobile,Android
25210,Mobile,Android
25211,Mobile,Android
25212,Mobile,iOS
25213,Mobile,iOS
25214,Mobile,Android
25215,Desktop,macOS
25216,Desktop,iOS
25217,Desktop,Android
25218,Mobile,Windows
25219,Mobile,iOS
25220,Mobile,Android
25221,Desktop,Android
25222,Mobile,iOS
25223,Desktop,Windows
25224,Desktop,macOS
25225,Mobile,macOS
25226,Tablet,Android
25227,Desktop,macOS
25228,Desktop,iOS
25229,Desktop,iOS
25230,Mobile,Android
25231,Desktop,Android
25232,Mobile,Android
25233,Desktop,iOS
25234,Desktop,macOS
25235,Mobile,Android
25236,Tablet,Android
25237,Mobile,macOS
25238,Mobile,Android
25239,Desktop,macOS
25240,Tablet,iOS
25241,Desktop,Android
25242,Desktop,iOS
25243,Desktop,Windows
25244,Mobile,iOS
25245,Mobile,macOS
25246,Desktop,Windows
25247,Mobile,Android
25248,Mobile,Windows
25249,Mobile,Android
25250,Mobile,iOS
25251,Desktop,iOS
25252,Mobile,Android
25253,Mobile,Android
25254,Desktop,macOS
25255,Mobile,Windows
25256,Mobile,Windows
25257,Mobile,iOS
25258,Desktop,iOS
25259,Mobile,Windows
25260,Mobile,Windows
25261,Mobile,Android
25262,Desktop,iOS
25263,Mobile,Android
25264,Mobile,Android
25265,Tablet,Android
25266,Mobile,Android
25267,Tablet,iOS
25268,Mobile,Android
25269,Mobile,macOS
25270,Mobile,Android
25271,Desktop,iOS
25272,Desktop,Android
25273,Mobile,iOS
25274,Desktop,Android
25275,Mobile,Android
25276,Mobile,Windows
25277,Desktop,Android
25278,Desktop,Android
25279,Desktop,Android
25280,Mobile,iOS
25281,Tablet,iOS
25282,Mobile,Android
25283,Mobile,Android
25284,Desktop,Windows
25285,Desktop,iOS
25286,Desktop,Android
25287,Tablet,Android
25288,Desktop,iOS
25289,Mobile,iOS
25290,Mobile,Android
25291,Desktop,Android
25292,Desktop,Android
25293,Desktop,Windows
25294,Mobile,Windows
25295,Mobile,iOS
25296,Mobile,Windows
25297,Desktop,iOS
25298,Tablet,iOS
25299,Mobile,iOS
25300,Mobile,Windows
25301,Tablet,iOS
25302,Desktop,Windows
25303,Mobile,Android
25304,Desktop,Android
25305,Tablet,Android
25306,Desktop,Android
25307,Mobile,iOS
25308,Desktop,Android
25309,Mobile,iOS
25310,Mobile,Android
25311,Tablet,Android
25312,Tablet,iOS
25313,Mobile,iOS
25314,Mobile,Android
25315,Desktop,macOS
25316,Desktop,iOS
25317,Desktop,Android
25318,Tablet,macOS
25319,Desktop,Android
25320,Mobile,macOS
25321,Mobile,macOS
25322,Desktop,Android
25323,Mobile,iOS
25324,Desktop,iOS
25325,Mobile,Windows
25326,Desktop,iOS
25327,Mobile,Android
25328,Mobile,iOS
25329,Tablet,Android
25330,Mobile,Android
25331,Mobile,iOS
25332,Mobile,iOS
25333,Mobile,macOS
25334,Desktop,iOS
25335,Mobile,iOS
25336,Mobile,Android
25337,Mobile,Android
25338,Mobile,Android
25339,Desktop,Android
25340,Mobile,macOS
25341,Mobile,iOS
25342,Mobile,Android
25343,Mobile,Android
25344,Desktop,iOS
25345,Mobile,Windows
25346,Desktop,iOS
25347,Desktop,iOS
25348,Mobile,macOS
25349,Desktop,Android
25350,Mobile,Android
25351,Desktop,Windows
25352,Mobile,Windows
25353,Mobile,Android
25354,Mobile,Android
25355,Desktop,Windows
25356,Mobile,Windows
25357,Desktop,iOS
25358,Mobile,Android
25359,Mobile,Android
25360,Desktop,Windows
25361,Mobile,iOS
25362,Mobile,Android
25363,Desktop,Windows
25364,Mobile,Android
25365,Mobile,Windows
25366,Desktop,Android
25367,Mobile,Android
25368,Mobile,macOS
25369,Desktop,Android
25370,Desktop,Android
25371,Desktop,macOS
25372,Mobile,iOS
25373,Mobile,Android
25374,Desktop,Android
25375,Tablet,iOS
25376,Desktop,Windows
25377,Mobile,Windows
25378,Desktop,Android
25379,Mobile,macOS
25380,Mobile,Android
25381,Mobile,iOS
25382,Tablet,Windows
25383,Mobile,Android
25384,Mobile,iOS
25385,Desktop,Windows
25386,Mobile,Android
25387,Desktop,Windows
25388,Mobile,iOS
25389,Mobile,Android
25390,Mobile,Android
25391,Mobile,Windows
25392,Mobile,iOS
25393,Desktop,macOS
25394,Mobile,iOS
25395,Mobile,Android
25396,Tablet,Android
25397,Mobile,Android
25398,Desktop,iOS
25399,Tablet,Android
25400,Desktop,Android
25401,Desktop,Android
25402,Mobile,Android
25403,Mobile,Android
25404,Mobile,Android
25405,Mobile,Android
25406,Mobile,Windows
25407,Mobile,Android
25408,Mobile,iOS
25409,Desktop,Android
25410,Mobile,Windows
25411,Mobile,Android
25412,Mobile,Windows
25413,Mobile,macOS
25414,Desktop,iOS
25415,Desktop,Windows
25416,Mobile,Android
25417,Mobile,Windows
25418,Mobile,iOS
25419,Mobile,macOS
25420,Mobile,Android
25421,Mobile,Windows
25422,Mobile,iOS
25423,Mobile,macOS
25424,Mobile,iOS
25425,Desktop,Android
25426,Mobile,Windows
25427,Desktop,Windows
25428,Mobile,Android
25429,Mobile,Android
25430,Desktop,iOS
25431,Desktop,iOS
25432,Mobile,Windows
25433,Desktop,Android
25434,Mobile,Android
25435,Mobile,Android
25436,Mobile,Android
25437,Desktop,iOS
25438,Mobile,Android
25439,Tablet,Android
25440,Tablet,iOS
25441,Mobile,iOS
25442,Mobile,iOS
25443,Mobile,Windows
25444,Mobile,Windows
25445,Desktop,Android
25446,Mobile,Android
25447,Mobile,Windows
25448,Mobile,Android
25449,Mobile,iOS
25450,Desktop,iOS
25451,Mobile,iOS
25452,Mobile,Android
25453,Tablet,Windows
25454,Mobile,iOS
25455,Mobile,macOS
25456,Mobile,Android
25457,Tablet,Android
25458,Mobile,Android
25459,Mobile,macOS
25460,Desktop,Android
25461,Mobile,Android
25462,Tablet,Windows
25463,Desktop,Android
25464,Mobile,Windows
25465,Desktop,Android
25466,Mobile,iOS
25467,Tablet,Android
25468,Tablet,Android
25469,Desktop,Android
25470,Desktop,iOS
25471,Mobile,Android
25472,Mobile,macOS
25473,Mobile,Android
25474,Mobile,Android
25475,Desktop,iOS
25476,Mobile,macOS
25477,Mobile,Android
25478,Mobile,iOS
25479,Mobile,Android
25480,Desktop,iOS
25481,Desktop,iOS
25482,Desktop,Android
25483,Mobile,iOS
25484,Mobile,Android
25485,Mobile,Android
25486,Mobile,Android
25487,Mobile,iOS
25488,Mobile,Windows
25489,Desktop,Android
25490,Mobile,Android
25491,Mobile,Android
25492,Mobile,iOS
25493,Desktop,Android
25494,Mobile,Android
25495,Mobile,macOS
25496,Desktop,Android
25497,Mobile,Android
25498,Mobile,macOS
25499,Mobile,Android
25500,Desktop,Android
25501,Mobile,Android
25502,Mobile,Android
25503,Mobile,Android
25504,Mobile,macOS
25505,Desktop,iOS
25506,Mobile,macOS
25507,Desktop,iOS
25508,Mobile,Android
25509,Mobile,Android
25510,Mobile,Windows
25511,Mobile,Android
25512,Tablet,Android
25513,Desktop,Android
25514,Desktop,Windows
25515,Mobile,Windows
25516,Mobile,Android
25517,Mobile,Android
25518,Mobile,iOS
25519,Mobile,Windows
25520,Mobile,Android
25521,Desktop,iOS
25522,Mobile,Android
25523,Mobile,iOS
25524,Mobile,Android
25525,Tablet,Windows
25526,Desktop,Windows
25527,Desktop,macOS
25528,Desktop,Android
25529,Mobile,macOS
25530,Mobile,Android
25531,Mobile,Android
25532,Desktop,iOS
25533,Desktop,Android
25534,Tablet,iOS
25535,Mobile,Android
25536,Desktop,Android
25537,Mobile,Android
25538,Mobile,iOS
25539,Mobile,Android
25540,Mobile,macOS
25541,Desktop,Android
25542,Desktop,iOS
25543,Mobile,Windows
25544,Mobile,Android
25545,Desktop,Android
25546,Mobile,Windows
25547,Mobile,Android
25548,Mobile,iOS
25549,Desktop,iOS
25550,Mobile,Windows
25551,Mobile,Android
25552,Mobile,macOS
25553,Mobile,Android
25554,Mobile,Android
25555,Mobile,macOS
25556,Mobile,iOS
25557,Mobile,Android
25558,Mobile,iOS
25559,Mobile,Windows
25560,Tablet,iOS
25561,Mobile,Windows
25562,Desktop,Android
25563,Mobile,Android
25564,Mobile,iOS
25565,Mobile,iOS
25566,Mobile,Android
25567,Mobile,iOS
25568,Mobile,iOS
25569,Desktop,Android
25570,Mobile,Android
25571,Desktop,iOS
25572,Mobile,macOS
25573,Desktop,iOS
25574,Mobile,Android
25575,Mobile,Android
25576,Mobile,Windows
25577,Mobile,Android
25578,Desktop,Android
25579,Mobile,iOS
25580,Mobile,macOS
25581,Mobile,Android
25582,Desktop,iOS
25583,Mobile,iOS
25584,Desktop,Android
25585,Desktop,iOS
25586,Mobile,Android
25587,Mobile,Android
25588,Desktop,Android
25589,Mobile,macOS
25590,Desktop,Android
25591,Desktop,Windows
25592,Mobile,iOS
25593,Tablet,iOS
25594,Mobile,Android
25595,Mobile,iOS
25596,Mobile,macOS
25597,Mobile,iOS
25598,Mobile,macOS
25599,Mobile,iOS
25600,Mobile,iOS
25601,Tablet,iOS
25602,Mobile,Android
25603,Mobile,Windows
25604,Mobile,iOS
25605,Mobile,Android
25606,Desktop,iOS
25607,Mobile,Windows
25608,Mobile,Android
25609,Desktop,iOS
25610,Mobile,iOS
25611,Desktop,Android
25612,Mobile,Android
25613,Mobile,Android
25614,Mobile,Android
25615,Desktop,Android
25616,Tablet,iOS
25617,Mobile,iOS
25618,Desktop,Android
25619,Desktop,Windows
25620,Tablet,Android
25621,Mobile,Android
25622,Mobile,Windows
25623,Desktop,Windows
25624,Desktop,Android
25625,Tablet,Android
25626,Mobile,Windows
25627,Mobile,macOS
25628,Desktop,Android
25629,Mobile,iOS
25630,Mobile,Android
25631,Desktop,Android
25632,Tablet,iOS
25633,Desktop,Windows
25634,Tablet,Android
25635,Desktop,iOS
25636,Desktop,Android
25637,Desktop,Windows
25638,Mobile,Android
25639,Desktop,iOS
25640,Mobile,iOS
25641,Desktop,iOS
25642,Desktop,Android
25643,Mobile,iOS
25644,Desktop,iOS
25645,Desktop,Android
25646,Mobile,Android
25647,Desktop,Windows
25648,Mobile,Android
25649,Desktop,Android
25650,Mobile,Android
25651,Mobile,Android
25652,Mobile,Android
25653,Mobile,iOS
25654,Desktop,Android
25655,Mobile,Android
25656,Desktop,Android
25657,Desktop,iOS
25658,Mobile,iOS
25659,Mobile,Windows
25660,Mobile,Android
25661,Mobile,iOS
25662,Mobile,iOS
25663,Mobile,Android
25664,Mobile,Windows
25665,Mobile,Android
25666,Tablet,iOS
25667,Mobile,iOS
25668,Mobile,iOS
25669,Desktop,Windows
25670,Mobile,Windows
25671,Mobile,iOS
25672,Mobile,macOS
25673,Mobile,Windows
25674,Mobile,Android
25675,Desktop,Android
25676,Tablet,Android
25677,Mobile,iOS
25678,Mobile,macOS
25679,Mobile,macOS
25680,Mobile,iOS
25681,Desktop,Android
25682,Mobile,Windows
25683,Desktop,iOS
25684,Mobile,iOS
25685,Mobile,Android
25686,Desktop,iOS
25687,Mobile,Android
25688,Mobile,Android
25689,Mobile,Android
25690,Desktop,Android
25691,Desktop,Android
25692,Desktop,iOS
25693,Mobile,iOS
25694,Desktop,Windows
25695,Mobile,Android
25696,Mobile,macOS
25697,Desktop,iOS
25698,Mobile,iOS
25699,Desktop,macOS
25700,Desktop,Android
25701,Desktop,iOS
25702,Mobile,iOS
25703,Mobile,Windows
25704,Mobile,Android
25705,Tablet,Windows
25706,Tablet,Android
25707,Desktop,iOS
25708,Mobile,iOS
25709,Tablet,Windows
25710,Desktop,Windows
25711,Mobile,iOS
25712,Desktop,Android
25713,Mobile,Android
25714,Mobile,macOS
25715,Mobile,iOS
25716,Desktop,Windows
25717,Mobile,Android
25718,Desktop,iOS
25719,Mobile,Android
25720,Mobile,Android
25721,Mobile,iOS
25722,Mobile,Android
25723,Mobile,Windows
25724,Mobile,Android
25725,Mobile,iOS
25726,Mobile,iOS
25727,Mobile,macOS
25728,Desktop,iOS
25729,Mobile,macOS
25730,Mobile,iOS
25731,Desktop,iOS
25732,Tablet,macOS
25733,Mobile,Android
25734,Tablet,iOS
25735,Mobile,Windows
25736,Mobile,Android
25737,Desktop,iOS
25738,Mobile,Windows
25739,Desktop,Android
25740,Desktop,iOS
25741,Desktop,Android
25742,Mobile,iOS
25743,Mobile,iOS
25744,Mobile,Windows
25745,Desktop,Windows
25746,Desktop,iOS
25747,Desktop,Windows
25748,Mobile,Android
25749,Mobile,Android
25750,Mobile,macOS
25751,Mobile,Android
25752,Mobile,Android
25753,Desktop,iOS
25754,Desktop,Windows
25755,Desktop,Android
25756,Mobile,Android
25757,Mobile,Android
25758,Mobile,iOS
25759,Desktop,Windows
25760,Desktop,iOS
25761,Mobile,Windows
25762,Desktop,iOS
25763,Desktop,Android
25764,Mobile,Android
25765,Mobile,Android
25766,Desktop,macOS
25767,Mobile,macOS
25768,Mobile,iOS
25769,Mobile,macOS
25770,Mobile,macOS
25771,Mobile,Windows
25772,Desktop,iOS
25773,Mobile,Android
25774,Desktop,Android
25775,Mobile,Android
25776,Mobile,iOS
25777,Tablet,macOS
25778,Mobile,Windows
25779,Desktop,iOS
25780,Mobile,Android
25781,Mobile,iOS
25782,Desktop,Android
25783,Mobile,Windows
25784,Mobile,Windows
25785,Desktop,macOS
25786,Desktop,iOS
25787,Desktop,Windows
25788,Mobile,Windows
25789,Mobile,iOS
25790,Mobile,Android
25791,Mobile,iOS
25792,Mobile,Android
25793,Mobile,Windows
25794,Tablet,Windows
25795,Tablet,Windows
25796,Mobile,Android
25797,Mobile,iOS
25798,Desktop,iOS
25799,Mobile,iOS
25800,Mobile,Android
25801,Mobile,iOS
25802,Mobile,Android
25803,Desktop,iOS
25804,Mobile,iOS
25805,Tablet,iOS
25806,Mobile,Android
25807,Mobile,iOS
25808,Desktop,iOS
25809,Desktop,Android
25810,Desktop,Android
25811,Desktop,Windows
25812,Desktop,Android
25813,Desktop,Android
25814,Mobile,iOS
25815,Mobile,iOS
25816,Desktop,iOS
25817,Mobile,macOS
25818,Tablet,iOS
25819,Tablet,Windows
25820,Mobile,Android
25821,Mobile,Android
25822,Mobile,Android
25823,Desktop,Android
25824,Desktop,macOS
25825,Mobile,Windows
25826,Mobile,Android
25827,Desktop,Windows
25828,Mobile,Android
25829,Desktop,iOS
25830,Tablet,iOS
25831,Mobile,Android
25832,Desktop,Android
25833,Desktop,iOS
25834,Tablet,Android
25835,Mobile,Android
25836,Tablet,iOS
25837,Mobile,macOS
25838,Desktop,Android
25839,Mobile,Android
25840,Mobile,Android
25841,Mobile,macOS
25842,Mobile,Android
25843,Desktop,Android
25844,Mobile,iOS
25845,Mobile,macOS
25846,Tablet,Android
25847,Desktop,Windows
25848,Desktop,Android
25849,Mobile,iOS
25850,Desktop,iOS
25851,Desktop,Android
25852,Mobile,iOS
25853,Mobile,Windows
25854,Mobile,iOS
25855,Desktop,Windows
25856,Desktop,iOS
25857,Desktop,Android
25858,Mobile,macOS
25859,Desktop,Android
25860,Mobile,macOS
25861,Desktop,iOS
25862,Desktop,Android
25863,Mobile,iOS
25864,Mobile,Android
25865,Desktop,Android
25866,Mobile,Android
25867,Mobile,Windows
25868,Desktop,Windows
25869,Desktop,Android
25870,Desktop,Windows
25871,Mobile,Android
25872,Mobile,Android
25873,Mobile,iOS
25874,Desktop,Android
25875,Mobile,macOS
25876,Mobile,macOS
25877,Desktop,Android
25878,Mobile,iOS
25879,Mobile,Android
25880,Desktop,Android
25881,Desktop,Windows
25882,Mobile,macOS
25883,Mobile,Android
25884,Mobile,Windows
25885,Mobile,Android
25886,Mobile,Android
25887,Desktop,macOS
25888,Tablet,Android
25889,Tablet,iOS
25890,Mobile,iOS
25891,Desktop,macOS
25892,Mobile,macOS
25893,Mobile,Android
25894,Mobile,Android
25895,Mobile,Windows
25896,Desktop,Android
25897,Mobile,Android
25898,Mobile,Android
25899,Mobile,Android
25900,Desktop,Windows
25901,Mobile,Android
25902,Mobile,Windows
25903,Desktop,Android
25904,Mobile,Windows
25905,Mobile,Android
25906,Mobile,Android
25907,Mobile,macOS
25908,Desktop,iOS
25909,Desktop,Windows
25910,Tablet,Android
25911,Desktop,Android
25912,Mobile,Android
25913,Mobile,iOS
25914,Mobile,iOS
25915,Mobile,iOS
25916,Desktop,Android
25917,Mobile,Android
25918,Tablet,Android
25919,Desktop,Android
25920,Desktop,iOS
25921,Mobile,Windows
25922,Mobile,Android
25923,Tablet,Android
25924,Mobile,iOS
25925,Mobile,Android
25926,Mobile,Android
25927,Mobile,Windows
25928,Mobile,iOS
25929,Mobile,Android
25930,Mobile,Windows
25931,Mobile,Android
25932,Desktop,iOS
25933,Desktop,Android
25934,Tablet,Windows
25935,Mobile,Android
25936,Desktop,Android
25937,Mobile,Windows
25938,Desktop,Android
25939,Mobile,Android
25940,Tablet,Android
25941,Mobile,Android
25942,Desktop,Android
25943,Desktop,Android
25944,Desktop,iOS
25945,Mobile,Android
25946,Mobile,macOS
25947,Mobile,Windows
25948,Mobile,Android
25949,Desktop,Android
25950,Tablet,Android
25951,Mobile,Android
25952,Tablet,macOS
25953,Mobile,Android
25954,Mobile,Windows
25955,Mobile,Android
25956,Mobile,macOS
25957,Tablet,Windows
25958,Mobile,Android
25959,Mobile,iOS
25960,Mobile,Windows
25961,Mobile,iOS
25962,Mobile,macOS
25963,Mobile,Android
25964,Desktop,iOS
25965,Mobile,Android
25966,Mobile,Android
25967,Mobile,iOS
25968,Mobile,Android
25969,Desktop,Android
25970,Mobile,Android
25971,Mobile,iOS
25972,Mobile,iOS
25973,Mobile,iOS
25974,Mobile,iOS
25975,Tablet,Android
25976,Mobile,iOS
25977,Mobile,iOS
25978,Desktop,Android
25979,Desktop,macOS
25980,Mobile,Android
25981,Tablet,Android
25982,Mobile,Android
25983,Mobile,Android
25984,Mobile,Android
25985,Mobile,Android
25986,Mobile,Android
25987,Mobile,Android
25988,Desktop,iOS
25989,Tablet,Android
25990,Mobile,Android
25991,Mobile,iOS
25992,Desktop,iOS
25993,Mobile,Windows
25994,Mobile,Android
25995,Mobile,iOS
25996,Mobile,Android
25997,Desktop,macOS
25998,Desktop,Windows
25999,Mobile,macOS
26000,Mobile,Android
26001,Mobile,iOS
26002,Desktop,Windows
26003,Mobile,Android
26004,Mobile,iOS
26005,Mobile,iOS
26006,Mobile,iOS
26007,Mobile,Android
26008,Desktop,Android
26009,Mobile,Windows
26010,Mobile,Android
26011,Mobile,Android
26012,Desktop,Android
26013,Mobile,iOS
26014,Desktop,iOS
26015,Mobile,Android
26016,Mobile,Android
26017,Mobile,iOS
26018,Mobile,macOS
26019,Mobile,Android
26020,Mobile,Android
26021,Mobile,Android
26022,Mobile,Android
26023,Mobile,Windows
26024,Mobile,Android
26025,Mobile,Android
26026,Mobile,Android
26027,Tablet,iOS
26028,Mobile,Android
26029,Mobile,macOS
26030,Desktop,iOS
26031,Mobile,Android
26032,Desktop,Android
26033,Desktop,Windows
26034,Mobile,iOS
26035,Desktop,Windows
26036,Desktop,Android
26037,Mobile,iOS
26038,Desktop,Android
26039,Mobile,macOS
26040,Mobile,Windows
26041,Desktop,macOS
26042,Mobile,macOS
26043,Mobile,macOS
26044,Desktop,iOS
26045,Mobile,Windows
26046,Desktop,Android
26047,Mobile,iOS
26048,Mobile,Windows
26049,Mobile,iOS
26050,Desktop,Android
26051,Desktop,iOS
26052,Mobile,Windows
26053,Mobile,Android
26054,Mobile,Android
26055,Mobile,Android
26056,Mobile,Windows
26057,Desktop,Android
26058,Desktop,Windows
26059,Mobile,Android
26060,Desktop,Windows
26061,Mobile,Android
26062,Mobile,Android
26063,Mobile,Windows
26064,Mobile,Android
26065,Mobile,iOS
26066,Desktop,Android
26067,Mobile,Windows
26068,Desktop,macOS
26069,Desktop,Android
26070,Tablet,iOS
26071,Tablet,Android
26072,Mobile,Windows
26073,Desktop,Android
26074,Tablet,Windows
26075,Mobile,Android
26076,Tablet,Android
26077,Mobile,macOS
26078,Mobile,iOS
26079,Tablet,Android
26080,Mobile,Android
26081,Desktop,iOS
26082,Mobile,Windows
26083,Tablet,Android
26084,Desktop,iOS
26085,Mobile,iOS
26086,Tablet,iOS
26087,Mobile,Windows
26088,Desktop,macOS
26089,Desktop,iOS
26090,Desktop,Windows
26091,Desktop,macOS
26092,Mobile,iOS
26093,Mobile,iOS
26094,Mobile,Android
26095,Tablet,macOS
26096,Mobile,macOS
26097,Mobile,Android
26098,Mobile,Android
26099,Desktop,iOS
26100,Tablet,Windows
26101,Desktop,iOS
26102,Desktop,Windows
26103,Desktop,Android
26104,Desktop,Android
26105,Desktop,Android
26106,Mobile,macOS
26107,Mobile,Android
26108,Mobile,Android
26109,Mobile,Windows
26110,Mobile,Android
26111,Desktop,iOS
26112,Mobile,Android
26113,Desktop,Android
26114,Mobile,iOS
26115,Desktop,Android
26116,Mobile,Android
26117,Mobile,Android
26118,Mobile,iOS
26119,Desktop,iOS
26120,Mobile,macOS
26121,Mobile,macOS
26122,Desktop,Android
26123,Mobile,iOS
26124,Mobile,Android
26125,Mobile,Android
26126,Mobile,Android
26127,Mobile,Android
26128,Mobile,Android
26129,Desktop,iOS
26130,Mobile,Windows
26131,Desktop,Android
26132,Tablet,Windows
26133,Desktop,iOS
26134,Desktop,Android
26135,Mobile,Android
26136,Mobile,Android
26137,Mobile,iOS
26138,Desktop,Windows
26139,Mobile,Android
26140,Mobile,Android
26141,Mobile,iOS
26142,Desktop,Windows
26143,Desktop,iOS
26144,Mobile,macOS
26145,Desktop,iOS
26146,Mobile,Android
26147,Desktop,Android
26148,Tablet,macOS
26149,Tablet,iOS
26150,Mobile,Android
26151,Mobile,macOS
26152,Desktop,iOS
26153,Mobile,iOS
26154,Mobile,macOS
26155,Mobile,Windows
26156,Mobile,macOS
26157,Mobile,Windows
26158,Desktop,Windows
26159,Desktop,Android
26160,Mobile,Android
26161,Mobile,Android
26162,Mobile,Windows
26163,Mobile,macOS
26164,Tablet,Android
26165,Desktop,Android
26166,Mobile,Android
26167,Mobile,Android
26168,Desktop,iOS
26169,Mobile,Windows
26170,Desktop,Android
26171,Mobile,Android
26172,Mobile,Android
26173,Mobile,Android
26174,Mobile,Android
26175,Mobile,Android
26176,Desktop,macOS
26177,Mobile,iOS
26178,Mobile,Android
26179,Mobile,Android
26180,Desktop,macOS
26181,Mobile,Windows
26182,Mobile,iOS
26183,Mobile,Android
26184,Desktop,iOS
26185,Mobile,macOS
26186,Mobile,Windows
26187,Mobile,Android
26188,Mobile,Android
26189,Mobile,macOS
26190,Mobile,iOS
26191,Desktop,Android
26192,Desktop,macOS
26193,Mobile,Android
26194,Mobile,Android
26195,Tablet,Android
26196,Mobile,Windows
26197,Tablet,Android
26198,Mobile,iOS
26199,Desktop,Android
26200,Mobile,macOS
26201,Mobile,Windows
26202,Desktop,iOS
26203,Mobile,Android
26204,Desktop,Windows
26205,Desktop,Windows
26206,Desktop,iOS
26207,Desktop,Windows
26208,Mobile,Android
26209,Mobile,iOS
26210,Mobile,iOS
26211,Mobile,Android
26212,Mobile,Windows
26213,Mobile,iOS
26214,Desktop,Windows
26215,Mobile,Windows
26216,Tablet,Android
26217,Mobile,Android
26218,Desktop,Android
26219,Tablet,iOS
26220,Mobile,Android
26221,Mobile,Android
26222,Mobile,Android
26223,Tablet,Android
26224,Desktop,Android
26225,Mobile,iOS
26226,Mobile,Windows
26227,Mobile,Android
26228,Desktop,Windows
26229,Mobile,macOS
26230,Desktop,iOS
26231,Desktop,macOS
26232,Mobile,Android
26233,Mobile,Android
26234,Mobile,Android
26235,Desktop,Windows
26236,Tablet,Android
26237,Mobile,iOS
26238,Desktop,Android
26239,Desktop,iOS
26240,Mobile,Windows
26241,Mobile,Windows
26242,Mobile,iOS
26243,Mobile,iOS
26244,Desktop,Android
26245,Mobile,Windows
26246,Mobile,macOS
26247,Desktop,Windows
26248,Mobile,Android
26249,Tablet,Windows
26250,Mobile,Android
26251,Mobile,macOS
26252,Desktop,iOS
26253,Mobile,Windows
26254,Mobile,macOS
26255,Mobile,Android
26256,Desktop,iOS
26257,Mobile,iOS
26258,Mobile,Android
26259,Mobile,Android
26260,Tablet,Android
26261,Desktop,iOS
26262,Tablet,Android
26263,Mobile,Android
26264,Desktop,Windows
26265,Desktop,iOS
26266,Mobile,iOS
26267,Desktop,Windows
26268,Desktop,Android
26269,Desktop,iOS
26270,Mobile,Android
26271,Mobile,Windows
26272,Mobile,Android
26273,Tablet,iOS
26274,Desktop,iOS
26275,Tablet,Windows
26276,Mobile,Android
26277,Mobile,Android
26278,Mobile,Android
26279,Mobile,Android
26280,Desktop,iOS
26281,Tablet,iOS
26282,Mobile,iOS
26283,Desktop,Android
26284,Desktop,Windows
26285,Mobile,Android
26286,Mobile,iOS
26287,Mobile,iOS
26288,Desktop,Windows
26289,Desktop,Android
26290,Desktop,iOS
26291,Tablet,macOS
26292,Mobile,Android
26293,Mobile,Windows
26294,Mobile,Windows
26295,Mobile,Windows
26296,Mobile,Android
26297,Desktop,Android
26298,Tablet,Windows
26299,Mobile,Android
26300,Desktop,Android
26301,Mobile,Android
26302,Desktop,macOS
26303,Mobile,Android
26304,Mobile,Android
26305,Mobile,iOS
26306,Desktop,iOS
26307,Mobile,macOS
26308,Mobile,Windows
26309,Mobile,iOS
26310,Mobile,Android
26311,Mobile,Windows
26312,Desktop,macOS
26313,Mobile,iOS
26314,Mobile,Android
26315,Mobile,macOS
26316,Mobile,Android
26317,Desktop,Android
26318,Desktop,Android
26319,Mobile,Windows
26320,Tablet,Windows
26321,Desktop,macOS
26322,Mobile,iOS
26323,Desktop,macOS
26324,Mobile,Android
26325,Mobile,Android
26326,Mobile,Android
26327,Mobile,iOS
26328,Desktop,Android
26329,Mobile,Android
26330,Mobile,macOS
26331,Desktop,Android
26332,Mobile,Android
26333,Mobile,Windows
26334,Mobile,macOS
26335,Desktop,iOS
26336,Mobile,iOS
26337,Mobile,Windows
26338,Desktop,Android
26339,Mobile,Android
26340,Desktop,Android
26341,Mobile,iOS
26342,Mobile,Windows
26343,Mobile,macOS
26344,Mobile,iOS
26345,Mobile,iOS
26346,Mobile,Android
26347,Mobile,iOS
26348,Mobile,Android
26349,Mobile,Windows
26350,Desktop,iOS
26351,Mobile,Android
26352,Desktop,Android
26353,Desktop,iOS
26354,Mobile,macOS
26355,Mobile,iOS
26356,Mobile,Android
26357,Mobile,iOS
26358,Tablet,iOS
26359,Mobile,iOS
26360,Mobile,iOS
26361,Mobile,Android
26362,Mobile,iOS
26363,Desktop,Android
26364,Mobile,iOS
26365,Mobile,Windows
26366,Mobile,iOS
26367,Mobile,Windows
26368,Tablet,iOS
26369,Desktop,Windows
26370,Mobile,Android
26371,Mobile,iOS
26372,Mobile,Windows
26373,Mobile,Android
26374,Mobile,Android
26375,Desktop,iOS
26376,Desktop,macOS
26377,Mobile,Windows
26378,Tablet,Android
26379,Mobile,Android
26380,Mobile,Android
26381,Desktop,iOS
26382,Desktop,iOS
26383,Mobile,Android
26384,Mobile,Android
26385,Mobile,Android
26386,Mobile,iOS
26387,Desktop,iOS
26388,Mobile,Windows
26389,Tablet,Windows
26390,Mobile,Android
26391,Desktop,Android
26392,Mobile,Android
26393,Desktop,Windows
26394,Mobile,Windows
26395,Mobile,Android
26396,Mobile,Windows
26397,Mobile,iOS
26398,Desktop,iOS
26399,Mobile,Android
26400,Mobile,iOS
26401,Desktop,Windows
26402,Mobile,iOS
26403,Desktop,Windows
26404,Mobile,iOS
26405,Mobile,Windows
26406,Mobile,macOS
26407,Mobile,macOS
26408,Desktop,Android
26409,Mobile,Android
26410,Mobile,Windows
26411,Mobile,Android
26412,Mobile,Windows
26413,Desktop,iOS
26414,Desktop,Android
26415,Mobile,Android
26416,Mobile,macOS
26417,Desktop,iOS
26418,Mobile,Android
26419,Mobile,Windows
26420,Desktop,Windows
26421,Mobile,Android
26422,Mobile,macOS
26423,Mobile,Windows
26424,Desktop,Android
26425,Mobile,iOS
26426,Mobile,Android
26427,Mobile,Android
26428,Mobile,iOS
26429,Tablet,iOS
26430,Mobile,iOS
26431,Mobile,Android
26432,Mobile,iOS
26433,Mobile,Android
26434,Mobile,macOS
26435,Mobile,macOS
26436,Tablet,Android
26437,Desktop,Android
26438,Desktop,Android
26439,Desktop,macOS
26440,Mobile,macOS
26441,Tablet,Windows
26442,Desktop,macOS
26443,Tablet,iOS
26444,Mobile,Windows
26445,Desktop,Android
26446,Mobile,Windows
26447,Mobile,iOS
26448,Desktop,iOS
26449,Mobile,iOS
26450,Desktop,iOS
26451,Mobile,iOS
26452,Desktop,Android
26453,Mobile,Windows
26454,Mobile,Windows
26455,Mobile,Android
26456,Tablet,macOS
26457,Desktop,iOS
26458,Mobile,macOS
26459,Mobile,Android
26460,Mobile,macOS
26461,Desktop,Windows
26462,Desktop,Android
26463,Mobile,iOS
26464,Desktop,macOS
26465,Mobile,iOS
26466,Mobile,iOS
26467,Mobile,Android
26468,Desktop,Android
26469,Desktop,iOS
26470,Mobile,iOS
26471,Mobile,macOS
26472,Desktop,macOS
26473,Desktop,Windows
26474,Mobile,Android
26475,Mobile,Android
26476,Mobile,iOS
26477,Mobile,Android
26478,Mobile,Windows
26479,Mobile,iOS
26480,Mobile,Android
26481,Mobile,iOS
26482,Mobile,iOS
26483,Mobile,macOS
26484,Mobile,iOS
26485,Desktop,iOS
26486,Mobile,Android
26487,Mobile,Windows
26488,Mobile,iOS
26489,Desktop,Android
26490,Mobile,macOS
26491,Desktop,iOS
26492,Mobile,Android
26493,Desktop,Android
26494,Mobile,iOS
26495,Desktop,Android
26496,Mobile,macOS
26497,Desktop,iOS
26498,Mobile,iOS
26499,Mobile,Android
26500,Mobile,Android
26501,Mobile,Android
26502,Desktop,macOS
26503,Desktop,Android
26504,Mobile,Windows
26505,Desktop,iOS
26506,Mobile,Android
26507,Mobile,iOS
26508,Mobile,Android
26509,Tablet,iOS
26510,Mobile,Windows
26511,Desktop,Android
26512,Desktop,Android
26513,Mobile,Android
26514,Tablet,Android
26515,Mobile,Android
26516,Mobile,Android
26517,Tablet,iOS
26518,Desktop,Android
26519,Desktop,Windows
26520,Desktop,Android
26521,Mobile,iOS
26522,Desktop,macOS
26523,Mobile,Windows
26524,Mobile,iOS
26525,Mobile,iOS
26526,Mobile,Android
26527,Tablet,macOS
26528,Desktop,Android
26529,Desktop,iOS
26530,Mobile,Windows
26531,Mobile,macOS
26532,Mobile,Android
26533,Desktop,macOS
26534,Mobile,Android
26535,Mobile,Android
26536,Desktop,Android
26537,Desktop,Android
26538,Mobile,Android
26539,Mobile,iOS
26540,Mobile,iOS
26541,Mobile,Android
26542,Mobile,Android
26543,Mobile,iOS
26544,Mobile,Android
26545,Mobile,Android
26546,Mobile,macOS
26547,Mobile,Windows
26548,Mobile,Android
26549,Desktop,Android
26550,Mobile,Android
26551,Mobile,iOS
26552,Tablet,iOS
26553,Mobile,Windows
26554,Desktop,iOS
26555,Desktop,Android
26556,Mobile,Android
26557,Desktop,iOS
26558,Desktop,iOS
26559,Desktop,iOS
26560,Mobile,iOS
26561,Desktop,iOS
26562,Mobile,Android
26563,Mobile,Android
26564,Mobile,macOS
26565,Mobile,iOS
26566,Desktop,iOS
26567,Desktop,iOS
26568,Mobile,iOS
26569,Mobile,iOS
26570,Desktop,Windows
26571,Desktop,Android
26572,Mobile,macOS
26573,Mobile,iOS
26574,Mobile,Android
26575,Tablet,Android
26576,Desktop,Windows
26577,Desktop,Android
26578,Mobile,Android
26579,Mobile,Android
26580,Desktop,Windows
26581,Mobile,Windows
26582,Desktop,Android
26583,Mobile,iOS
26584,Mobile,iOS
26585,Desktop,Windows
26586,Mobile,Android
26587,Desktop,Windows
26588,Mobile,iOS
26589,Desktop,iOS
26590,Desktop,Android
26591,Mobile,Windows
26592,Mobile,Android
26593,Mobile,iOS
26594,Mobile,iOS
26595,Mobile,iOS
26596,Mobile,Windows
26597,Mobile,Android
26598,Mobile,macOS
26599,Mobile,iOS
26600,Desktop,iOS
26601,Mobile,iOS
26602,Mobile,iOS
26603,Mobile,Android
26604,Mobile,Android
26605,Desktop,Android
26606,Mobile,Android
26607,Mobile,Android
26608,Desktop,Windows
26609,Mobile,Windows
26610,Desktop,Android
26611,Mobile,Android
26612,Mobile,iOS
26613,Mobile,iOS
26614,Mobile,iOS
26615,Desktop,iOS
26616,Desktop,Android
26617,Mobile,iOS
26618,Mobile,Android
26619,Desktop,Windows
26620,Mobile,Android
26621,Tablet,iOS
26622,Desktop,Windows
26623,Mobile,Android
26624,Desktop,macOS
26625,Mobile,Android
26626,Desktop,macOS
26627,Mobile,Android
26628,Desktop,iOS
26629,Mobile,iOS
26630,Mobile,Android
26631,Mobile,Windows
26632,Tablet,Android
26633,Mobile,Android
26634,Mobile,Android
26635,Mobile,Android
26636,Mobile,iOS
26637,Desktop,Android
26638,Desktop,Android
26639,Mobile,Android
26640,Mobile,Android
26641,Mobile,Android
26642,Mobile,Windows
26643,Mobile,Android
26644,Mobile,Windows
26645,Desktop,Android
26646,Mobile,Android
26647,Mobile,iOS
26648,Desktop,Windows
26649,Mobile,macOS
26650,Mobile,Windows
26651,Mobile,Windows
26652,Mobile,iOS
26653,Mobile,Windows
26654,Mobile,Android
26655,Desktop,Android
26656,Mobile,Android
26657,Mobile,Android
26658,Mobile,iOS
26659,Tablet,iOS
26660,Mobile,Android
26661,Tablet,Windows
26662,Mobile,iOS
26663,Mobile,iOS
26664,Mobile,Windows
26665,Desktop,macOS
26666,Mobile,iOS
26667,Mobile,Android
26668,Mobile,Windows
26669,Mobile,Windows
26670,Mobile,Android
26671,Mobile,Android
26672,Mobile,iOS
26673,Mobile,Android
26674,Mobile,Windows
26675,Mobile,iOS
26676,Mobile,Android
26677,Mobile,Android
26678,Mobile,iOS
26679,Mobile,Windows
26680,Mobile,iOS
26681,Desktop,Android
26682,Mobile,iOS
26683,Mobile,macOS
26684,Mobile,Windows
26685,Desktop,Windows
26686,Desktop,macOS
26687,Mobile,Windows
26688,Mobile,Windows
26689,Desktop,Android
26690,Desktop,Windows
26691,Tablet,Android
26692,Mobile,iOS
26693,Desktop,Android
26694,Desktop,Android
26695,Desktop,macOS
26696,Mobile,macOS
26697,Mobile,iOS
26698,Desktop,Android
26699,Mobile,Android
26700,Tablet,Android
26701,Desktop,Windows
26702,Mobile,iOS
26703,Mobile,Android
26704,Mobile,iOS
26705,Mobile,iOS
26706,Desktop,iOS
26707,Desktop,iOS
26708,Desktop,Android
26709,Tablet,Android
26710,Tablet,Android
26711,Tablet,Android
26712,Mobile,Android
26713,Mobile,macOS
26714,Desktop,Android
26715,Mobile,iOS
26716,Mobile,Android
26717,Mobile,Android
26718,Mobile,iOS
26719,Mobile,iOS
26720,Mobile,Windows
26721,Mobile,iOS
26722,Mobile,Android
26723,Desktop,Windows
26724,Desktop,macOS
26725,Mobile,Windows
26726,Desktop,Android
26727,Desktop,Android
26728,Mobile,Android
26729,Mobile,iOS
26730,Mobile,Android
26731,Mobile,Windows
26732,Desktop,Android
26733,Mobile,Android
26734,Mobile,Android
26735,Mobile,Android
26736,Tablet,Android
26737,Mobile,Android
26738,Mobile,Windows
26739,Desktop,iOS
26740,Desktop,iOS
26741,Desktop,Android
26742,Mobile,Android
26743,Desktop,Windows
26744,Mobile,Android
26745,Tablet,macOS
26746,Desktop,macOS
26747,Mobile,Android
26748,Desktop,Android
26749,Tablet,Android
26750,Tablet,Android
26751,Desktop,Windows
26752,Mobile,Android
26753,Mobile,iOS
26754,Mobile,Android
26755,Mobile,Android
26756,Mobile,Android
26757,Desktop,Android
26758,Mobile,Android
26759,Desktop,Android
26760,Mobile,Android
26761,Desktop,iOS
26762,Mobile,iOS
26763,Mobile,Windows
26764,Mobile,iOS
26765,Mobile,macOS
26766,Desktop,iOS
26767,Mobile,Windows
26768,Desktop,iOS
26769,Desktop,iOS
26770,Mobile,macOS
26771,Mobile,Android
26772,Mobile,Android
26773,Mobile,Android
26774,Desktop,iOS
26775,Desktop,Android
26776,Desktop,iOS
26777,Desktop,iOS
26778,Mobile,Android
26779,Desktop,iOS
26780,Mobile,iOS
26781,Desktop,macOS
26782,Mobile,Windows
26783,Desktop,iOS
26784,Desktop,Windows
26785,Mobile,macOS
26786,Mobile,Android
26787,Mobile,macOS
26788,Mobile,macOS
26789,Mobile,Android
26790,Desktop,macOS
26791,Mobile,Windows
26792,Mobile,iOS
26793,Mobile,Android
26794,Tablet,Windows
26795,Mobile,iOS
26796,Desktop,iOS
26797,Mobile,iOS
26798,Mobile,macOS
26799,Mobile,iOS
26800,Mobile,Android
26801,Mobile,Android
26802,Mobile,iOS
26803,Mobile,Android
26804,Mobile,Android
26805,Mobile,Windows
26806,Desktop,macOS
26807,Mobile,Windows
26808,Mobile,iOS
26809,Mobile,Android
26810,Mobile,Android
26811,Mobile,iOS
26812,Mobile,Android
26813,Mobile,Android
26814,Mobile,iOS
26815,Desktop,macOS
26816,Desktop,Android
26817,Desktop,Android
26818,Desktop,Windows
26819,Mobile,macOS
26820,Mobile,Android
26821,Mobile,Android
26822,Mobile,Android
26823,Tablet,Windows
26824,Mobile,iOS
26825,Desktop,Windows
26826,Mobile,Android
26827,Mobile,macOS
26828,Mobile,Windows
26829,Mobile,iOS
26830,Desktop,Android
26831,Desktop,Android
26832,Mobile,iOS
26833,Desktop,iOS
26834,Mobile,Android
26835,Mobile,Windows
26836,Mobile,Android
26837,Desktop,Android
26838,Mobile,macOS
26839,Tablet,Windows
26840,Desktop,Windows
26841,Desktop,iOS
26842,Tablet,Windows
26843,Mobile,macOS
26844,Mobile,Windows
26845,Desktop,Windows
26846,Mobile,iOS
26847,Mobile,Android
26848,Mobile,Android
26849,Mobile,Android
26850,Mobile,Windows
26851,Desktop,macOS
26852,Mobile,Windows
26853,Mobile,iOS
26854,Mobile,Android
26855,Mobile,Windows
26856,Tablet,macOS
26857,Desktop,Android
26858,Mobile,macOS
26859,Mobile,iOS
26860,Mobile,Windows
26861,Tablet,macOS
26862,Mobile,Android
26863,Mobile,Windows
26864,Mobile,Android
26865,Mobile,iOS
26866,Desktop,Windows
26867,Desktop,Windows
26868,Mobile,Windows
26869,Desktop,macOS
26870,Desktop,Windows
26871,Mobile,macOS
26872,Desktop,Windows
26873,Mobile,iOS
26874,Mobile,Windows
26875,Mobile,Windows
26876,Mobile,Android
26877,Mobile,Android
26878,Mobile,Android
26879,Desktop,iOS
26880,Mobile,Windows
26881,Tablet,iOS
26882,Tablet,Android
26883,Desktop,Windows
26884,Mobile,Windows
26885,Mobile,macOS
26886,Tablet,iOS
26887,Mobile,iOS
26888,Desktop,Windows
26889,Tablet,macOS
26890,Mobile,iOS
26891,Desktop,macOS
26892,Tablet,macOS
26893,Mobile,Android
26894,Mobile,Android
26895,Tablet,Android
26896,Mobile,Android
26897,Mobile,iOS
26898,Mobile,Android
26899,Mobile,Android
26900,Mobile,Android
26901,Mobile,iOS
26902,Mobile,macOS
26903,Mobile,Android
26904,Mobile,iOS
26905,Mobile,macOS
26906,Mobile,macOS
26907,Mobile,Android
26908,Desktop,Android
26909,Mobile,Android
26910,Desktop,Android
26911,Mobile,iOS
26912,Desktop,Android
26913,Mobile,iOS
26914,Tablet,Android
26915,Mobile,Windows
26916,Mobile,Android
26917,Mobile,Windows
26918,Mobile,Android
26919,Mobile,iOS
26920,Mobile,Windows
26921,Mobile,Android
26922,Mobile,iOS
26923,Mobile,iOS
26924,Desktop,Windows
26925,Mobile,iOS
26926,Mobile,Android
26927,Mobile,Android
26928,Mobile,Windows
26929,Desktop,Android
26930,Mobile,Android
26931,Mobile,Android
26932,Tablet,Windows
26933,Desktop,iOS
26934,Mobile,iOS
26935,Mobile,Android
26936,Desktop,Android
26937,Desktop,iOS
26938,Desktop,Android
26939,Desktop,macOS
26940,Mobile,macOS
26941,Mobile,Android
26942,Desktop,macOS
26943,Mobile,Android
26944,Tablet,iOS
26945,Desktop,iOS
26946,Mobile,Windows
26947,Tablet,macOS
26948,Desktop,iOS
26949,Mobile,iOS
26950,Mobile,macOS
26951,Desktop,iOS
26952,Tablet,Android
26953,Mobile,macOS
26954,Mobile,Android
26955,Desktop,macOS
26956,Desktop,Windows
26957,Desktop,Android
26958,Desktop,Android
26959,Desktop,iOS
26960,Desktop,macOS
26961,Mobile,iOS
26962,Mobile,iOS
26963,Mobile,Android
26964,Mobile,Android
26965,Mobile,Android
26966,Mobile,Android
26967,Mobile,Android
26968,Mobile,Android
26969,Mobile,iOS
26970,Desktop,Android
26971,Mobile,iOS
26972,Mobile,iOS
26973,Mobile,iOS
26974,Mobile,iOS
26975,Mobile,Android
26976,Mobile,Windows
26977,Mobile,Android
26978,Mobile,Android
26979,Desktop,Android
26980,Mobile,Windows
26981,Desktop,iOS
26982,Mobile,Android
26983,Desktop,Android
26984,Mobile,iOS
26985,Mobile,Android
26986,Mobile,Android
26987,Mobile,Windows
26988,Desktop,Android
26989,Tablet,Android
26990,Mobile,Android
26991,Desktop,macOS
26992,Mobile,Android
26993,Desktop,iOS
26994,Mobile,Android
26995,Desktop,Android
26996,Tablet,Android
26997,Mobile,Android
26998,Mobile,macOS
26999,Mobile,Android
27000,Mobile,iOS
27001,Mobile,Android
27002,Mobile,Android
27003,Desktop,iOS
27004,Mobile,Android
27005,Desktop,iOS
27006,Desktop,Android
27007,Mobile,Windows
27008,Tablet,Android
27009,Mobile,iOS
27010,Mobile,macOS
27011,Desktop,iOS
27012,Mobile,iOS
27013,Mobile,iOS
27014,Desktop,iOS
27015,Desktop,iOS
27016,Mobile,iOS
27017,Mobile,iOS
27018,Mobile,Android
27019,Desktop,macOS
27020,Tablet,Windows
27021,Mobile,Windows
27022,Mobile,iOS
27023,Mobile,Android
27024,Mobile,Android
27025,Desktop,iOS
27026,Mobile,Android
27027,Desktop,Android
27028,Mobile,macOS
27029,Mobile,macOS
27030,Desktop,iOS
27031,Desktop,Android
27032,Mobile,Android
27033,Mobile,Android
27034,Desktop,iOS
27035,Mobile,Android
27036,Desktop,Android
27037,Desktop,Windows
27038,Mobile,Windows
27039,Mobile,Windows
27040,Tablet,Android
27041,Desktop,macOS
27042,Mobile,Android
27043,Mobile,iOS
27044,Desktop,Android
27045,Desktop,Android
27046,Tablet,Android
27047,Desktop,iOS
27048,Desktop,macOS
27049,Mobile,Android
27050,Mobile,Android
27051,Tablet,iOS
27052,Mobile,macOS
27053,Mobile,Windows
27054,Desktop,Android
27055,Mobile,Android
27056,Mobile,iOS
27057,Tablet,Android
27058,Tablet,Android
27059,Desktop,Android
27060,Desktop,Windows
27061,Desktop,iOS
27062,Desktop,macOS
27063,Mobile,Android
27064,Mobile,macOS
27065,Desktop,Android
27066,Desktop,Android
27067,Mobile,Android
27068,Mobile,Android
27069,Desktop,Android
27070,Desktop,Android
27071,Mobile,iOS
27072,Mobile,iOS
27073,Tablet,macOS
27074,Mobile,Android
27075,Mobile,iOS
27076,Mobile,iOS
27077,Mobile,Windows
27078,Mobile,iOS
27079,Mobile,Windows
27080,Mobile,Android
27081,Mobile,Android
27082,Mobile,iOS
27083,Mobile,macOS
27084,Mobile,Windows
27085,Desktop,macOS
27086,Desktop,iOS
27087,Mobile,macOS
27088,Desktop,iOS
27089,Mobile,Android
27090,Mobile,Windows
27091,Mobile,iOS
27092,Mobile,Android
27093,Mobile,Android
27094,Mobile,Windows
27095,Mobile,Windows
27096,Mobile,iOS
27097,Tablet,Android
27098,Desktop,Android
27099,Mobile,Android
27100,Desktop,Android
27101,Desktop,iOS
27102,Mobile,Android
27103,Desktop,Windows
27104,Desktop,Android
27105,Desktop,macOS
27106,Desktop,macOS
27107,Mobile,Android
27108,Mobile,Android
27109,Mobile,Android
27110,Mobile,iOS
27111,Mobile,Android
27112,Desktop,macOS
27113,Mobile,Windows
27114,Mobile,Android
27115,Mobile,iOS
27116,Desktop,Windows
27117,Mobile,iOS
27118,Mobile,Android
27119,Mobile,Windows
27120,Mobile,iOS
27121,Tablet,Android
27122,Mobile,iOS
27123,Mobile,Android
27124,Mobile,macOS
27125,Tablet,iOS
27126,Mobile,Windows
27127,Desktop,Windows
27128,Mobile,iOS
27129,Tablet,macOS
27130,Desktop,Windows
27131,Mobile,iOS
27132,Mobile,iOS
27133,Desktop,Windows
27134,Desktop,Android
27135,Mobile,iOS
27136,Mobile,iOS
27137,Desktop,Android
27138,Desktop,Android
27139,Desktop,iOS
27140,Mobile,macOS
27141,Desktop,Android
27142,Desktop,iOS
27143,Mobile,Windows
27144,Mobile,Android
27145,Mobile,iOS
27146,Mobile,macOS
27147,Mobile,Android
27148,Desktop,iOS
27149,Desktop,Windows
27150,Mobile,Windows
27151,Tablet,Android
27152,Desktop,iOS
27153,Mobile,Android
27154,Desktop,Android
27155,Mobile,macOS
27156,Desktop,Windows
27157,Mobile,iOS
27158,Mobile,iOS
27159,Desktop,Windows
27160,Mobile,Windows
27161,Mobile,macOS
27162,Mobile,iOS
27163,Desktop,Android
27164,Tablet,Android
27165,Mobile,Android
27166,Mobile,iOS
27167,Tablet,Android
27168,Desktop,Android
27169,Mobile,iOS
27170,Mobile,Android
27171,Mobile,Android
27172,Mobile,Android
27173,Desktop,Android
27174,Mobile,Windows
27175,Mobile,Android
27176,Mobile,iOS
27177,Mobile,Android
27178,Desktop,Windows
27179,Mobile,Windows
27180,Tablet,Android
27181,Mobile,Android
27182,Mobile,iOS
27183,Mobile,Windows
27184,Mobile,Windows
27185,Tablet,Android
27186,Mobile,Android
27187,Mobile,iOS
27188,Mobile,macOS
27189,Mobile,iOS
27190,Mobile,Windows
27191,Desktop,Android
27192,Tablet,Windows
27193,Desktop,iOS
27194,Desktop,iOS
27195,Desktop,iOS
27196,Desktop,iOS
27197,Mobile,Android
27198,Desktop,Android
27199,Mobile,iOS
27200,Mobile,iOS
27201,Mobile,macOS
27202,Mobile,Android
27203,Mobile,Windows
27204,Mobile,macOS
27205,Mobile,iOS
27206,Tablet,iOS
27207,Desktop,Windows
27208,Tablet,iOS
27209,Desktop,iOS
27210,Mobile,Windows
27211,Mobile,macOS
27212,Mobile,iOS
27213,Mobile,Windows
27214,Mobile,Windows
27215,Mobile,iOS
27216,Mobile,Android
27217,Mobile,macOS
27218,Mobile,iOS
27219,Mobile,iOS
27220,Tablet,Android
27221,Desktop,Android
27222,Mobile,Android
27223,Tablet,Android
27224,Mobile,iOS
27225,Tablet,macOS
27226,Desktop,Android
27227,Mobile,macOS
27228,Desktop,Windows
27229,Tablet,iOS
27230,Mobile,Android
27231,Mobile,Android
27232,Mobile,Windows
27233,Mobile,Android
27234,Mobile,Android
27235,Desktop,iOS
27236,Mobile,Android
27237,Mobile,macOS
27238,Mobile,Windows
27239,Mobile,Windows
27240,Mobile,macOS
27241,Desktop,iOS
27242,Tablet,iOS
27243,Mobile,macOS
27244,Mobile,iOS
27245,Mobile,iOS
27246,Desktop,Android
27247,Mobile,iOS
27248,Mobile,iOS
27249,Mobile,Android
27250,Desktop,Windows
27251,Mobile,Android
27252,Mobile,iOS
27253,Desktop,iOS
27254,Desktop,Windows
27255,Desktop,Android
27256,Tablet,iOS
27257,Mobile,Windows
27258,Mobile,iOS
27259,Mobile,Android
27260,Mobile,iOS
27261,Tablet,iOS
27262,Mobile,Windows
27263,Mobile,Windows
27264,Mobile,iOS
27265,Mobile,Android
27266,Mobile,Windows
27267,Desktop,Android
27268,Mobile,Android
27269,Desktop,Android
27270,Desktop,Windows
27271,Mobile,Android
27272,Mobile,Android
27273,Mobile,Android
27274,Tablet,Windows
27275,Desktop,macOS
27276,Mobile,iOS
27277,Mobile,macOS
27278,Mobile,Android
27279,Mobile,Android
27280,Desktop,iOS
27281,Desktop,Android
27282,Mobile,Android
27283,Desktop,Android
27284,Desktop,iOS
27285,Desktop,Android
27286,Mobile,Windows
27287,Desktop,Android
27288,Desktop,Android
27289,Mobile,Android
27290,Mobile,Android
27291,Mobile,iOS
27292,Desktop,Windows
27293,Mobile,macOS
27294,Desktop,iOS
27295,Mobile,Windows
27296,Mobile,iOS
27297,Tablet,Android
27298,Desktop,iOS
27299,Mobile,Android
27300,Mobile,Android
27301,Mobile,Windows
27302,Desktop,macOS
27303,Desktop,Windows
27304,Mobile,iOS
27305,Mobile,Windows
27306,Desktop,Android
27307,Mobile,Windows
27308,Desktop,iOS
27309,Mobile,Android
27310,Mobile,Windows
27311,Mobile,macOS
27312,Mobile,Windows
27313,Desktop,iOS
27314,Mobile,Android
27315,Tablet,iOS
27316,Mobile,Android
27317,Desktop,Android
27318,Mobile,iOS
27319,Desktop,Android
27320,Desktop,Android
27321,Mobile,Android
27322,Mobile,Android
27323,Desktop,macOS
27324,Mobile,Android
27325,Desktop,Android
27326,Mobile,iOS
27327,Mobile,Windows
27328,Mobile,Android
27329,Mobile,Android
27330,Desktop,Android
27331,Mobile,Android
27332,Mobile,Windows
27333,Mobile,Android
27334,Mobile,Android
27335,Desktop,Android
27336,Desktop,Android
27337,Desktop,iOS
27338,Mobile,Windows
27339,Mobile,Android
27340,Desktop,macOS
27341,Mobile,Windows
27342,Mobile,Windows
27343,Mobile,Android
27344,Mobile,Android
27345,Mobile,Windows
27346,Mobile,iOS
27347,Desktop,Windows
27348,Mobile,Windows
27349,Mobile,Windows
27350,Mobile,Windows
27351,Mobile,Windows
27352,Mobile,iOS
27353,Tablet,macOS
27354,Tablet,Windows
27355,Desktop,iOS
27356,Desktop,macOS
27357,Mobile,Android
27358,Mobile,iOS
27359,Mobile,Android
27360,Desktop,iOS
27361,Desktop,Android
27362,Mobile,iOS
27363,Desktop,macOS
27364,Mobile,Android
27365,Desktop,Android
27366,Desktop,Android
27367,Mobile,iOS
27368,Mobile,iOS
27369,Desktop,iOS
27370,Mobile,Windows
27371,Mobile,Android
27372,Mobile,Android
27373,Mobile,Android
27374,Desktop,iOS
27375,Mobile,Android
27376,Mobile,iOS
27377,Mobile,Android
27378,Mobile,Android
27379,Mobile,Windows
27380,Desktop,iOS
27381,Desktop,Android
27382,Mobile,iOS
27383,Mobile,Android
27384,Mobile,iOS
27385,Mobile,Android
27386,Mobile,iOS
27387,Mobile,iOS
27388,Mobile,Android
27389,Mobile,iOS
27390,Mobile,Android
27391,Mobile,Windows
27392,Mobile,iOS
27393,Desktop,iOS
27394,Mobile,iOS
27395,Mobile,Android
27396,Mobile,iOS
27397,Desktop,Windows
27398,Desktop,iOS
27399,Mobile,Windows
27400,Mobile,Android
27401,Mobile,iOS
27402,Desktop,iOS
27403,Desktop,Windows
27404,Mobile,iOS
27405,Desktop,Windows
27406,Desktop,macOS
27407,Mobile,macOS
27408,Desktop,Android
27409,Mobile,iOS
27410,Mobile,Android
27411,Desktop,Windows
27412,Desktop,macOS
27413,Mobile,iOS
27414,Desktop,Android
27415,Mobile,Android
27416,Mobile,iOS
27417,Desktop,Windows
27418,Mobile,Windows
27419,Mobile,Windows
27420,Desktop,Android
27421,Mobile,Android
27422,Mobile,Windows
27423,Mobile,Windows
27424,Desktop,Windows
27425,Mobile,Android
27426,Desktop,iOS
27427,Mobile,iOS
27428,Desktop,Android
27429,Mobile,macOS
27430,Mobile,Windows
27431,Tablet,iOS
27432,Mobile,iOS
27433,Mobile,iOS
27434,Tablet,macOS
27435,Desktop,Android
27436,Mobile,iOS
27437,Mobile,Android
27438,Mobile,iOS
27439,Desktop,Android
27440,Mobile,Android
27441,Mobile,iOS
27442,Desktop,Android
27443,Mobile,iOS
27444,Desktop,Android
27445,Desktop,Android
27446,Mobile,Android
27447,Mobile,Android
27448,Mobile,Windows
27449,Mobile,Android
27450,Desktop,Android
27451,Desktop,Windows
27452,Mobile,Android
27453,Desktop,iOS
27454,Desktop,Android
27455,Mobile,Windows
27456,Desktop,macOS
27457,Mobile,Windows
27458,Tablet,iOS
27459,Mobile,iOS
27460,Tablet,Android
27461,Mobile,macOS
27462,Desktop,Android
27463,Desktop,Android
27464,Mobile,iOS
27465,Desktop,iOS
27466,Mobile,macOS
27467,Desktop,macOS
27468,Tablet,iOS
27469,Tablet,iOS
27470,Mobile,Android
27471,Desktop,Windows
27472,Mobile,Windows
27473,Mobile,Android
27474,Mobile,Android
27475,Desktop,Windows
27476,Mobile,Android
27477,Mobile,iOS
27478,Mobile,iOS
27479,Mobile,Windows
27480,Desktop,Windows
27481,Mobile,Windows
27482,Desktop,Android
27483,Mobile,Windows
27484,Desktop,Android
27485,Desktop,macOS
27486,Mobile,Android
27487,Desktop,Android
27488,Mobile,iOS
27489,Tablet,iOS
27490,Tablet,iOS
27491,Mobile,Windows
27492,Tablet,Android
27493,Mobile,macOS
27494,Mobile,macOS
27495,Desktop,macOS
27496,Mobile,Windows
27497,Mobile,Android
27498,Desktop,Windows
27499,Mobile,macOS
27500,Mobile,iOS
27501,Desktop,iOS
27502,Mobile,iOS
27503,Mobile,Windows
27504,Mobile,iOS
27505,Mobile,Android
27506,Mobile,macOS
27507,Mobile,Android
27508,Mobile,macOS
27509,Desktop,Windows
27510,Desktop,Android
27511,Desktop,macOS
27512,Mobile,iOS
27513,Mobile,Android
27514,Desktop,Android
27515,Desktop,Android
27516,Desktop,Android
27517,Tablet,iOS
27518,Mobile,Android
27519,Desktop,iOS
27520,Mobile,Android
27521,Mobile,Windows
27522,Mobile,Android
27523,Mobile,Android
27524,Mobile,Android
27525,Desktop,iOS
27526,Mobile,Android
27527,Mobile,Android
27528,Desktop,Windows
27529,Mobile,Android
27530,Mobile,Android
27531,Desktop,iOS
27532,Mobile,macOS
27533,Mobile,iOS
27534,Mobile,Windows
27535,Mobile,iOS
27536,Mobile,macOS
27537,Mobile,Android
27538,Mobile,Android
27539,Mobile,Android
27540,Mobile,Android
27541,Mobile,Android
27542,Desktop,iOS
27543,Desktop,macOS
27544,Tablet,iOS
27545,Mobile,Windows
27546,Mobile,iOS
27547,Mobile,Android
27548,Mobile,macOS
27549,Tablet,iOS
27550,Mobile,Windows
27551,Mobile,iOS
27552,Mobile,Android
27553,Mobile,Windows
27554,Desktop,Windows
27555,Mobile,iOS
27556,Mobile,Android
27557,Tablet,Windows
27558,Tablet,iOS
27559,Desktop,Android
27560,Tablet,Android
27561,Desktop,Windows
27562,Mobile,Android
27563,Mobile,Windows
27564,Desktop,iOS
27565,Mobile,Android
27566,Mobile,Android
27567,Mobile,iOS
27568,Desktop,iOS
27569,Mobile,iOS
27570,Mobile,Windows
27571,Desktop,Windows
27572,Mobile,Android
27573,Desktop,Android
27574,Mobile,Android
27575,Mobile,macOS
27576,Mobile,macOS
27577,Mobile,Windows
27578,Mobile,Windows
27579,Desktop,iOS
27580,Desktop,Android
27581,Mobile,Android
27582,Mobile,Android
27583,Desktop,iOS
27584,Mobile,iOS
27585,Desktop,Windows
27586,Mobile,Android
27587,Desktop,iOS
27588,Mobile,iOS
27589,Mobile,Windows
27590,Mobile,Windows
27591,Mobile,macOS
27592,Mobile,iOS
27593,Mobile,Android
27594,Mobile,Android
27595,Desktop,macOS
27596,Mobile,Android
27597,Mobile,iOS
27598,Desktop,macOS
27599,Mobile,Android
27600,Mobile,Android
27601,Mobile,Android
27602,Mobile,macOS
27603,Tablet,Android
27604,Tablet,Android
27605,Mobile,Android
27606,Mobile,iOS
27607,Desktop,Android
27608,Mobile,Android
27609,Desktop,Windows
27610,Mobile,Android
27611,Desktop,Android
27612,Mobile,Android
27613,Mobile,Android
27614,Tablet,iOS
27615,Desktop,iOS
27616,Desktop,Android
27617,Mobile,Windows
27618,Tablet,macOS
27619,Mobile,Android
27620,Mobile,Windows
27621,Desktop,iOS
27622,Mobile,Android
27623,Tablet,Android
27624,Mobile,iOS
27625,Desktop,iOS
27626,Mobile,Android
27627,Mobile,iOS
27628,Mobile,macOS
27629,Desktop,Android
27630,Mobile,Android
27631,Mobile,Android
27632,Mobile,Android
27633,Mobile,Android
27634,Desktop,iOS
27635,Mobile,Windows
27636,Desktop,iOS
27637,Mobile,macOS
27638,Mobile,iOS
27639,Mobile,Windows
27640,Mobile,Windows
27641,Desktop,Android
27642,Mobile,iOS
27643,Desktop,Android
27644,Tablet,macOS
27645,Mobile,Windows
27646,Tablet,Android
27647,Mobile,iOS
27648,Desktop,iOS
27649,Mobile,iOS
27650,Desktop,macOS
27651,Mobile,macOS
27652,Mobile,iOS
27653,Mobile,iOS
27654,Tablet,macOS
27655,Mobile,iOS
27656,Desktop,iOS
27657,Mobile,iOS
27658,Mobile,Android
27659,Desktop,Android
27660,Desktop,Android
27661,Mobile,macOS
27662,Mobile,Android
27663,Mobile,Android
27664,Mobile,Android
27665,Mobile,Android
27666,Desktop,Android
27667,Mobile,Android
27668,Desktop,iOS
27669,Mobile,Android
27670,Mobile,Android
27671,Desktop,iOS
27672,Desktop,iOS
27673,Mobile,iOS
27674,Desktop,macOS
27675,Desktop,macOS
27676,Mobile,Android
27677,Mobile,iOS
27678,Mobile,Android
27679,Desktop,macOS
27680,Mobile,Android
27681,Mobile,iOS
27682,Desktop,macOS
27683,Mobile,Windows
27684,Desktop,Android
27685,Mobile,Windows
27686,Desktop,iOS
27687,Mobile,iOS
27688,Desktop,macOS
27689,Desktop,Windows
27690,Mobile,Android
27691,Mobile,Android
27692,Desktop,Android
27693,Mobile,iOS
27694,Mobile,Android
27695,Mobile,iOS
27696,Mobile,Android
27697,Mobile,macOS
27698,Mobile,Android
27699,Desktop,iOS
27700,Desktop,Android
27701,Mobile,Android
27702,Mobile,Android
27703,Mobile,Android
27704,Mobile,Android
27705,Mobile,Android
27706,Mobile,Android
27707,Mobile,Android
27708,Mobile,Android
27709,Mobile,iOS
27710,Mobile,iOS
27711,Mobile,Android
27712,Desktop,Android
27713,Desktop,Android
27714,Desktop,Windows
27715,Desktop,Android
27716,Tablet,Android
27717,Mobile,Windows
27718,Desktop,iOS
27719,Mobile,macOS
27720,Desktop,Android
27721,Mobile,Android
27722,Mobile,Android
27723,Desktop,Android
27724,Desktop,iOS
27725,Desktop,Windows
27726,Mobile,Android
27727,Tablet,macOS
27728,Desktop,Windows
27729,Mobile,iOS
27730,Tablet,iOS
27731,Mobile,iOS
27732,Mobile,iOS
27733,Mobile,iOS
27734,Mobile,Android
27735,Mobile,Android
27736,Mobile,iOS
27737,Desktop,iOS
27738,Mobile,iOS
27739,Desktop,Android
27740,Mobile,macOS
27741,Mobile,Android
27742,Mobile,Windows
27743,Mobile,iOS
27744,Mobile,macOS
27745,Mobile,Windows
27746,Desktop,iOS
27747,Desktop,Windows
27748,Mobile,Android
27749,Mobile,iOS
27750,Mobile,Windows
27751,Desktop,iOS
27752,Mobile,Android
27753,Desktop,iOS
27754,Mobile,Android
27755,Mobile,Windows
27756,Mobile,macOS
27757,Mobile,Android
27758,Mobile,iOS
27759,Desktop,Android
27760,Tablet,Android
27761,Mobile,Windows
27762,Mobile,Android
27763,Mobile,Android
27764,Desktop,iOS
27765,Desktop,macOS
27766,Mobile,Windows
27767,Mobile,Windows
27768,Mobile,Android
27769,Desktop,Android
27770,Tablet,Android
27771,Tablet,Android
27772,Mobile,Android
27773,Desktop,Android
27774,Desktop,macOS
27775,Mobile,iOS
27776,Tablet,Windows
27777,Mobile,Android
27778,Mobile,Windows
27779,Mobile,iOS
27780,Mobile,iOS
27781,Desktop,Android
27782,Mobile,iOS
27783,Mobile,Windows
27784,Mobile,iOS
27785,Mobile,Android
27786,Desktop,iOS
27787,Mobile,macOS
27788,Mobile,Android
27789,Mobile,iOS
27790,Mobile,iOS
27791,Mobile,Android
27792,Mobile,Android
27793,Mobile,Windows
27794,Mobile,Windows
27795,Mobile,Android
27796,Desktop,Android
27797,Mobile,macOS
27798,Mobile,iOS
27799,Mobile,Android
27800,Desktop,Windows
27801,Mobile,iOS
27802,Desktop,Windows
27803,Mobile,Android
27804,Mobile,iOS
27805,Desktop,Android
27806,Mobile,Android
27807,Tablet,iOS
27808,Mobile,iOS
27809,Mobile,iOS
27810,Desktop,macOS
27811,Mobile,Android
27812,Mobile,iOS
27813,Desktop,iOS
27814,Mobile,iOS
27815,Mobile,Android
27816,Mobile,macOS
27817,Mobile,iOS
27818,Mobile,Windows
27819,Desktop,iOS
27820,Mobile,iOS
27821,Mobile,iOS
27822,Desktop,Windows
27823,Mobile,iOS
27824,Mobile,macOS
27825,Desktop,Android
27826,Mobile,Android
27827,Mobile,Android
27828,Tablet,Android
27829,Mobile,Android
27830,Desktop,Android
27831,Desktop,Windows
27832,Mobile,Android
27833,Mobile,iOS
27834,Mobile,Android
27835,Desktop,Windows
27836,Mobile,Windows
27837,Mobile,macOS
27838,Mobile,iOS
27839,Mobile,Android
27840,Mobile,Android
27841,Desktop,Android
27842,Mobile,Windows
27843,Mobile,Android
27844,Mobile,Android
27845,Desktop,iOS
27846,Mobile,Windows
27847,Mobile,iOS
27848,Desktop,Windows
27849,Desktop,iOS
27850,Mobile,Android
27851,Mobile,iOS
27852,Mobile,iOS
27853,Mobile,Android
27854,Mobile,iOS
27855,Desktop,Android
27856,Mobile,Android
27857,Desktop,Windows
27858,Mobile,Android
27859,Mobile,Android
27860,Mobile,iOS
27861,Mobile,macOS
27862,Desktop,Android
27863,Mobile,Android
27864,Tablet,iOS
27865,Mobile,macOS
27866,Mobile,iOS
27867,Desktop,iOS
27868,Mobile,iOS
27869,Tablet,Android
27870,Desktop,macOS
27871,Mobile,iOS
27872,Mobile,Android
27873,Desktop,Android
27874,Mobile,iOS
27875,Mobile,macOS
27876,Mobile,iOS
27877,Desktop,Android
27878,Desktop,Windows
27879,Mobile,Windows
27880,Mobile,Android
27881,Mobile,Android
27882,Mobile,iOS
27883,Tablet,Windows
27884,Mobile,macOS
27885,Mobile,Android
27886,Mobile,Windows
27887,Mobile,Windows
27888,Mobile,iOS
27889,Mobile,macOS
27890,Mobile,iOS
27891,Desktop,Android
27892,Mobile,iOS
27893,Mobile,Android
27894,Mobile,Android
27895,Desktop,Windows
27896,Mobile,Android
27897,Mobile,Windows
27898,Desktop,Android
27899,Mobile,iOS
27900,Mobile,iOS
27901,Tablet,Android
27902,Mobile,iOS
27903,Mobile,Android
27904,Mobile,Android
27905,Desktop,macOS
27906,Desktop,Windows
27907,Mobile,Windows
27908,Desktop,Android
27909,Mobile,iOS
27910,Desktop,Android
27911,Desktop,iOS
27912,Mobile,iOS
27913,Desktop,macOS
27914,Mobile,Windows
27915,Mobile,Windows
27916,Mobile,Windows
27917,Mobile,Windows
27918,Mobile,Android
27919,Desktop,macOS
27920,Mobile,Android
27921,Desktop,iOS
27922,Mobile,iOS
27923,Desktop,iOS
27924,Mobile,Windows
27925,Tablet,macOS
27926,Desktop,Android
27927,Mobile,Android
27928,Desktop,Windows
27929,Mobile,Android
27930,Mobile,Android
27931,Mobile,iOS
27932,Mobile,Android
27933,Tablet,Android
27934,Desktop,Android
27935,Mobile,Android
27936,Mobile,macOS
27937,Desktop,Windows
27938,Desktop,Android
27939,Mobile,macOS
27940,Mobile,Android
27941,Mobile,Android
27942,Mobile,iOS
27943,Mobile,Android
27944,Mobile,Windows
27945,Mobile,iOS
27946,Mobile,Android
27947,Mobile,Android
27948,Mobile,iOS
27949,Mobile,Windows
27950,Mobile,iOS
27951,Desktop,macOS
27952,Mobile,Android
27953,Desktop,Android
27954,Desktop,Android
27955,Mobile,Windows
27956,Tablet,iOS
27957,Desktop,Android
27958,Mobile,Android
27959,Mobile,iOS
27960,Mobile,iOS
27961,Mobile,Windows
27962,Mobile,iOS
27963,Desktop,Android
27964,Mobile,Android
27965,Mobile,iOS
27966,Mobile,Windows
27967,Mobile,iOS
27968,Mobile,iOS
27969,Desktop,macOS
27970,Mobile,Android
27971,Mobile,iOS
27972,Mobile,Android
27973,Desktop,Windows
27974,Mobile,Windows
27975,Mobile,Android
27976,Mobile,iOS
27977,Mobile,Android
27978,Mobile,Android
27979,Mobile,Android
27980,Desktop,iOS
27981,Desktop,iOS
27982,Desktop,Windows
27983,Desktop,Windows
27984,Tablet,iOS
27985,Mobile,iOS
27986,Desktop,Android
27987,Desktop,Android
27988,Mobile,Android
27989,Mobile,iOS
27990,Desktop,iOS
27991,Desktop,macOS
27992,Mobile,Windows
27993,Mobile,iOS
27994,Desktop,macOS
27995,Desktop,Android
27996,Desktop,macOS
27997,Mobile,Windows
27998,Mobile,Android
27999,Tablet,Android
28000,Mobile,Android
28001,Mobile,Android
28002,Tablet,iOS
28003,Mobile,Android
28004,Desktop,macOS
28005,Mobile,iOS
28006,Mobile,Android
28007,Mobile,Android
28008,Mobile,Windows
28009,Tablet,Android
28010,Mobile,Android
28011,Desktop,macOS
28012,Desktop,Android
28013,Mobile,iOS
28014,Desktop,Android
28015,Mobile,iOS
28016,Desktop,iOS
28017,Mobile,Windows
28018,Mobile,Android
28019,Mobile,Android
28020,Mobile,iOS
28021,Mobile,Windows
28022,Mobile,iOS
28023,Desktop,Android
28024,Desktop,iOS
28025,Desktop,iOS
28026,Desktop,Android
28027,Desktop,Windows
28028,Desktop,macOS
28029,Mobile,iOS
28030,Mobile,iOS
28031,Mobile,Windows
28032,Mobile,Android
28033,Mobile,Android
28034,Mobile,Android
28035,Tablet,Android
28036,Mobile,Android
28037,Tablet,Android
28038,Desktop,iOS
28039,Mobile,Android
28040,Mobile,iOS
28041,Mobile,iOS
28042,Mobile,Android
28043,Mobile,Windows
28044,Mobile,iOS
28045,Desktop,iOS
28046,Tablet,Android
28047,Mobile,iOS
28048,Mobile,iOS
28049,Desktop,Android
28050,Desktop,Android
28051,Mobile,Android
28052,Tablet,macOS
28053,Tablet,Android
28054,Mobile,Android
28055,Mobile,Windows
28056,Mobile,Android
28057,Desktop,Android
28058,Desktop,Android
28059,Mobile,iOS
28060,Mobile,Android
28061,Desktop,Android
28062,Mobile,Android
28063,Desktop,Windows
28064,Desktop,Android
28065,Desktop,Windows
28066,Mobile,Android
28067,Mobile,Android
28068,Tablet,iOS
28069,Tablet,Android
28070,Tablet,Android
28071,Mobile,Android
28072,Desktop,Windows
28073,Mobile,Android
28074,Mobile,Android
28075,Desktop,Android
28076,Mobile,macOS
28077,Desktop,Android
28078,Mobile,Android
28079,Desktop,Android
28080,Mobile,Android
28081,Desktop,iOS
28082,Mobile,macOS
28083,Mobile,iOS
28084,Mobile,Android
28085,Mobile,iOS
28086,Mobile,Android
28087,Desktop,iOS
28088,Mobile,Android
28089,Desktop,iOS
28090,Desktop,Android
28091,Desktop,Android
28092,Desktop,Windows
28093,Desktop,Android
28094,Desktop,iOS
28095,Mobile,Android
28096,Desktop,Android
28097,Mobile,Windows
28098,Mobile,Windows
28099,Desktop,Android
28100,Mobile,Android
28101,Mobile,Windows
28102,Mobile,Windows
28103,Desktop,Windows
28104,Desktop,Windows
28105,Desktop,Android
28106,Tablet,Android
28107,Mobile,Android
28108,Desktop,iOS
28109,Desktop,Android
28110,Mobile,iOS
28111,Tablet,Windows
28112,Mobile,Android
28113,Mobile,Android
28114,Mobile,Android
28115,Desktop,Android
28116,Desktop,Android
28117,Mobile,iOS
28118,Mobile,iOS
28119,Mobile,iOS
28120,Mobile,macOS
28121,Desktop,Windows
28122,Mobile,iOS
28123,Mobile,Android
28124,Mobile,Android
28125,Mobile,Android
28126,Mobile,Android
28127,Desktop,iOS
28128,Tablet,Android
28129,Mobile,macOS
28130,Mobile,Windows
28131,Tablet,iOS
28132,Mobile,Windows
28133,Mobile,iOS
28134,Mobile,Windows
28135,Mobile,Windows
28136,Mobile,Windows
28137,Mobile,Android
28138,Desktop,Windows
28139,Desktop,Android
28140,Mobile,Android
28141,Tablet,Windows
28142,Desktop,Android
28143,Mobile,Android
28144,Mobile,Android
28145,Mobile,macOS
28146,Mobile,Android
28147,Mobile,Windows
28148,Desktop,Android
28149,Mobile,iOS
28150,Desktop,Android
28151,Mobile,Windows
28152,Mobile,iOS
28153,Mobile,iOS
28154,Mobile,iOS
28155,Desktop,macOS
28156,Mobile,Android
28157,Mobile,iOS
28158,Mobile,Android
28159,Tablet,macOS
28160,Mobile,Android
28161,Desktop,Android
28162,Mobile,Windows
28163,Mobile,Android
28164,Mobile,Windows
28165,Desktop,Windows
28166,Mobile,Windows
28167,Desktop,Android
28168,Mobile,Android
28169,Desktop,macOS
28170,Mobile,Android
28171,Mobile,Android
28172,Mobile,Android
28173,Desktop,iOS
28174,Desktop,macOS
28175,Tablet,Windows
28176,Mobile,iOS
28177,Desktop,Android
28178,Mobile,Windows
28179,Tablet,Android
28180,Desktop,iOS
28181,Mobile,Android
28182,Desktop,Windows
28183,Mobile,Windows
28184,Desktop,Windows
28185,Mobile,Windows
28186,Desktop,iOS
28187,Mobile,iOS
28188,Mobile,iOS
28189,Mobile,Android
28190,Mobile,iOS
28191,Mobile,macOS
28192,Mobile,Android
28193,Desktop,Windows
28194,Desktop,iOS
28195,Desktop,Android
28196,Desktop,macOS
28197,Mobile,Windows
28198,Mobile,Android
28199,Tablet,Windows
28200,Mobile,Android
28201,Mobile,iOS
28202,Mobile,macOS
28203,Mobile,iOS
28204,Desktop,iOS
28205,Desktop,Android
28206,Mobile,iOS
28207,Mobile,Windows
28208,Desktop,iOS
28209,Desktop,iOS
28210,Mobile,iOS
28211,Mobile,Android
28212,Desktop,Windows
28213,Mobile,Android
28214,Mobile,iOS
28215,Mobile,Windows
28216,Tablet,iOS
28217,Mobile,Android
28218,Mobile,Android
28219,Desktop,iOS
28220,Desktop,macOS
28221,Tablet,Android
28222,Mobile,macOS
28223,Mobile,iOS
28224,Tablet,Windows
28225,Desktop,Android
28226,Mobile,Android
28227,Mobile,iOS
28228,Tablet,Android
28229,Mobile,Windows
28230,Mobile,Windows
28231,Mobile,Android
28232,Mobile,Windows
28233,Tablet,Android
28234,Desktop,Android
28235,Tablet,iOS
28236,Mobile,Android
28237,Mobile,Windows
28238,Desktop,macOS
28239,Mobile,iOS
28240,Mobile,Windows
28241,Desktop,iOS
28242,Mobile,iOS
28243,Desktop,iOS
28244,Mobile,iOS
28245,Mobile,Android
28246,Mobile,Android
28247,Desktop,Windows
28248,Mobile,Windows
28249,Tablet,iOS
28250,Desktop,iOS
28251,Mobile,Windows
28252,Tablet,Android
28253,Mobile,iOS
28254,Mobile,iOS
28255,Mobile,iOS
28256,Desktop,iOS
28257,Desktop,Android
28258,Desktop,iOS
28259,Mobile,Android
28260,Mobile,Windows
28261,Mobile,Windows
28262,Desktop,Android
28263,Mobile,Windows
28264,Mobile,macOS
28265,Mobile,iOS
28266,Desktop,Android
28267,Mobile,Windows
28268,Mobile,Android
28269,Desktop,iOS
28270,Tablet,Android
28271,Mobile,iOS
28272,Tablet,macOS
28273,Tablet,iOS
28274,Tablet,iOS
28275,Desktop,Android
28276,Mobile,iOS
28277,Mobile,iOS
28278,Mobile,iOS
28279,Mobile,iOS
28280,Mobile,Android
28281,Mobile,iOS
28282,Desktop,Android
28283,Mobile,Android
28284,Mobile,Android
28285,Desktop,Android
28286,Mobile,iOS
28287,Mobile,iOS
28288,Mobile,Windows
28289,Mobile,iOS
28290,Desktop,Android
28291,Desktop,iOS
28292,Desktop,Android
28293,Desktop,Android
28294,Desktop,iOS
28295,Desktop,Android
28296,Mobile,iOS
28297,Tablet,Windows
28298,Mobile,iOS
28299,Mobile,Windows
28300,Mobile,iOS
28301,Mobile,Windows
28302,Mobile,Android
28303,Mobile,iOS
28304,Mobile,macOS
28305,Mobile,iOS
28306,Desktop,iOS
28307,Desktop,Windows
28308,Mobile,Android
28309,Mobile,iOS
28310,Mobile,iOS
28311,Mobile,Android
28312,Desktop,Android
28313,Mobile,Windows
28314,Desktop,Android
28315,Mobile,iOS
28316,Mobile,Windows
28317,Desktop,macOS
28318,Desktop,macOS
28319,Desktop,iOS
28320,Mobile,Windows
28321,Mobile,Android
28322,Desktop,Android
28323,Desktop,macOS
28324,Mobile,macOS
28325,Mobile,Android
28326,Mobile,macOS
28327,Mobile,iOS
28328,Desktop,Windows
28329,Mobile,iOS
28330,Tablet,Android
28331,Desktop,iOS
28332,Mobile,Windows
28333,Tablet,Android
28334,Mobile,Android
28335,Desktop,iOS
28336,Mobile,Android
28337,Mobile,iOS
28338,Mobile,Android
28339,Tablet,Android
28340,Mobile,iOS
28341,Mobile,iOS
28342,Mobile,macOS
28343,Desktop,Android
28344,Mobile,iOS
28345,Desktop,iOS
28346,Mobile,Windows
28347,Desktop,iOS
28348,Tablet,Windows
28349,Tablet,iOS
28350,Mobile,Android
28351,Mobile,iOS
28352,Mobile,iOS
28353,Mobile,iOS
28354,Desktop,Android
28355,Mobile,macOS
28356,Desktop,macOS
28357,Tablet,Windows
28358,Mobile,macOS
28359,Mobile,Windows
28360,Desktop,Windows
28361,Tablet,Android
28362,Tablet,Android
28363,Tablet,Windows
28364,Desktop,macOS
28365,Desktop,macOS
28366,Desktop,Android
28367,Desktop,iOS
28368,Mobile,Android
28369,Tablet,Android
28370,Mobile,Android
28371,Mobile,Windows
28372,Mobile,Android
28373,Desktop,Android
28374,Desktop,iOS
28375,Mobile,Android
28376,Mobile,Windows
28377,Mobile,iOS
28378,Tablet,Android
28379,Mobile,Windows
28380,Mobile,macOS
28381,Mobile,iOS
28382,Mobile,Windows
28383,Mobile,iOS
28384,Mobile,Android
28385,Mobile,Android
28386,Mobile,Android
28387,Mobile,Windows
28388,Desktop,Android
28389,Mobile,Android
28390,Mobile,Android
28391,Desktop,macOS
28392,Mobile,Windows
28393,Mobile,macOS
28394,Mobile,iOS
28395,Mobile,Windows
28396,Mobile,macOS
28397,Mobile,iOS
28398,Desktop,Windows
28399,Tablet,iOS
28400,Mobile,Android
28401,Desktop,Windows
28402,Desktop,Android
28403,Desktop,Windows
28404,Mobile,Windows
28405,Mobile,iOS
28406,Mobile,macOS
28407,Mobile,Windows
28408,Mobile,Windows
28409,Mobile,Android
28410,Mobile,iOS
28411,Mobile,iOS
28412,Desktop,iOS
28413,Tablet,Android
28414,Tablet,Windows
28415,Desktop,Android
28416,Mobile,Android
28417,Mobile,Android
28418,Desktop,iOS
28419,Mobile,macOS
28420,Mobile,iOS
28421,Mobile,Android
28422,Mobile,Android
28423,Mobile,iOS
28424,Mobile,Windows
28425,Mobile,iOS
28426,Tablet,Android
28427,Mobile,iOS
28428,Mobile,Android
28429,Mobile,iOS
28430,Mobile,macOS
28431,Desktop,Windows
28432,Desktop,Windows
28433,Mobile,iOS
28434,Mobile,iOS
28435,Mobile,Windows
28436,Tablet,iOS
28437,Desktop,Windows
28438,Mobile,iOS
28439,Mobile,Android
28440,Mobile,iOS
28441,Mobile,Android
28442,Mobile,macOS
28443,Mobile,Android
28444,Mobile,macOS
28445,Desktop,iOS
28446,Desktop,Android
28447,Mobile,Android
28448,Mobile,Android
28449,Desktop,Android
28450,Mobile,Android
28451,Desktop,Android
28452,Mobile,macOS
28453,Desktop,Android
28454,Desktop,Android
28455,Mobile,Windows
28456,Mobile,Windows
28457,Desktop,Android
28458,Mobile,macOS
28459,Mobile,Windows
28460,Mobile,Android
28461,Mobile,Android
28462,Mobile,Android
28463,Mobile,Android
28464,Mobile,macOS
28465,Mobile,Android
28466,Mobile,iOS
28467,Desktop,macOS
28468,Mobile,iOS
28469,Mobile,iOS
28470,Mobile,Android
28471,Mobile,Android
28472,Mobile,macOS
28473,Mobile,iOS
28474,Desktop,iOS
28475,Mobile,Android
28476,Mobile,iOS
28477,Mobile,macOS
28478,Desktop,iOS
28479,Tablet,Android
28480,Mobile,iOS
28481,Mobile,Android
28482,Mobile,Android
28483,Mobile,Android
28484,Mobile,iOS
28485,Desktop,Android
28486,Desktop,Android
28487,Mobile,Android
28488,Tablet,iOS
28489,Mobile,Android
28490,Desktop,iOS
28491,Mobile,Android
28492,Mobile,Android
28493,Mobile,iOS
28494,Mobile,Android
28495,Tablet,Windows
28496,Desktop,Windows
28497,Mobile,Android
28498,Desktop,Android
28499,Desktop,Android
28500,Mobile,iOS
28501,Mobile,Windows
28502,Mobile,Android
28503,Mobile,Android
28504,Mobile,iOS
28505,Mobile,iOS
28506,Desktop,Android
28507,Desktop,iOS
28508,Mobile,Android
28509,Desktop,Android
28510,Tablet,Android
28511,Mobile,iOS
28512,Mobile,iOS
28513,Mobile,iOS
28514,Mobile,iOS
28515,Mobile,iOS
28516,Desktop,Windows
28517,Mobile,Android
28518,Mobile,macOS
28519,Desktop,Windows
28520,Desktop,Android
28521,Mobile,iOS
28522,Mobile,Windows
28523,Desktop,Android
28524,Desktop,Android
28525,Desktop,Android
28526,Mobile,Android
28527,Desktop,iOS
28528,Mobile,iOS
28529,Desktop,iOS
28530,Mobile,Android
28531,Mobile,iOS
28532,Desktop,iOS
28533,Mobile,iOS
28534,Mobile,Android
28535,Mobile,Android
28536,Desktop,Android
28537,Mobile,iOS
28538,Desktop,Android
28539,Mobile,Windows
28540,Desktop,Android
28541,Mobile,Windows
28542,Mobile,iOS
28543,Mobile,Windows
28544,Desktop,Windows
28545,Mobile,Android
28546,Mobile,Android
28547,Desktop,Android
28548,Desktop,macOS
28549,Desktop,Android
28550,Desktop,macOS
28551,Desktop,iOS
28552,Tablet,Android
28553,Mobile,Android
28554,Desktop,Windows
28555,Desktop,iOS
28556,Mobile,iOS
28557,Desktop,Windows
28558,Mobile,iOS
28559,Desktop,Android
28560,Desktop,Android
28561,Mobile,iOS
28562,Mobile,Android
28563,Mobile,iOS
28564,Mobile,Android
28565,Mobile,Android
28566,Mobile,Windows
28567,Mobile,Windows
28568,Mobile,macOS
28569,Mobile,Android
28570,Mobile,Android
28571,Desktop,Android
28572,Mobile,Windows
28573,Mobile,macOS
28574,Mobile,Android
28575,Desktop,Android
28576,Desktop,Android
28577,Mobile,Windows
28578,Desktop,Windows
28579,Mobile,iOS
28580,Mobile,iOS
28581,Mobile,Android
28582,Mobile,Android
28583,Desktop,Android
28584,Desktop,Windows
28585,Mobile,Windows
28586,Desktop,Android
28587,Desktop,Android
28588,Mobile,Windows
28589,Desktop,Android
28590,Mobile,macOS
28591,Mobile,Android
28592,Mobile,Windows
28593,Mobile,Android
28594,Desktop,iOS
28595,Mobile,iOS
28596,Desktop,Android
28597,Mobile,iOS
28598,Mobile,macOS
28599,Mobile,iOS
28600,Mobile,iOS
28601,Desktop,Android
28602,Mobile,Android
28603,Desktop,Android
28604,Mobile,Windows
28605,Tablet,Android
28606,Mobile,Android
28607,Desktop,Windows
28608,Mobile,iOS
28609,Mobile,iOS
28610,Desktop,macOS
28611,Mobile,Windows
28612,Mobile,Windows
28613,Mobile,Android
28614,Mobile,Android
28615,Desktop,iOS
28616,Mobile,iOS
28617,Mobile,iOS
28618,Mobile,iOS
28619,Desktop,Android
28620,Desktop,Android
28621,Desktop,Android
28622,Desktop,Android
28623,Mobile,macOS
28624,Tablet,iOS
28625,Desktop,Android
28626,Desktop,iOS
28627,Desktop,iOS
28628,Mobile,Android
28629,Mobile,Android
28630,Mobile,Windows
28631,Mobile,Android
28632,Desktop,Windows
28633,Mobile,Windows
28634,Desktop,Android
28635,Mobile,Android
28636,Desktop,Windows
28637,Mobile,macOS
28638,Tablet,Android
28639,Mobile,Android
28640,Desktop,Windows
28641,Desktop,Windows
28642,Mobile,macOS
28643,Desktop,Android
28644,Mobile,iOS
28645,Mobile,Android
28646,Mobile,Android
28647,Mobile,macOS
28648,Mobile,Android
28649,Desktop,iOS
28650,Desktop,Windows
28651,Desktop,Android
28652,Mobile,Android
28653,Mobile,iOS
28654,Desktop,Android
28655,Desktop,iOS
28656,Mobile,Android
28657,Desktop,iOS
28658,Desktop,Android
28659,Mobile,Windows
28660,Mobile,Windows
28661,Mobile,macOS
28662,Mobile,macOS
28663,Desktop,Windows
28664,Mobile,Android
28665,Mobile,Windows
28666,Desktop,iOS
28667,Desktop,iOS
28668,Mobile,iOS
28669,Mobile,Windows
28670,Tablet,Windows
28671,Mobile,iOS
28672,Desktop,macOS
28673,Mobile,Android
28674,Mobile,macOS
28675,Mobile,macOS
28676,Mobile,Windows
28677,Mobile,Android
28678,Desktop,Android
28679,Mobile,Android
28680,Desktop,iOS
28681,Mobile,Windows
28682,Mobile,Android
28683,Mobile,Windows
28684,Tablet,Windows
28685,Tablet,Windows
28686,Mobile,Windows
28687,Mobile,iOS
28688,Mobile,Android
28689,Mobile,Windows
28690,Tablet,Android
28691,Desktop,Android
28692,Mobile,Windows
28693,Desktop,iOS
28694,Mobile,Android
28695,Desktop,Android
28696,Mobile,iOS
28697,Mobile,Android
28698,Desktop,Android
28699,Mobile,Android
28700,Mobile,iOS
28701,Mobile,Android
28702,Mobile,macOS
28703,Mobile,iOS
28704,Desktop,Android
28705,Mobile,Android
28706,Mobile,iOS
28707,Desktop,Android
28708,Tablet,Android
28709,Mobile,iOS
28710,Tablet,Android
28711,Mobile,macOS
28712,Mobile,iOS
28713,Mobile,Android
28714,Mobile,iOS
28715,Mobile,Android
28716,Mobile,iOS
28717,Mobile,iOS
28718,Mobile,Android
28719,Mobile,Android
28720,Mobile,Windows
28721,Mobile,Android
28722,Tablet,Android
28723,Desktop,Android
28724,Desktop,Android
28725,Desktop,macOS
28726,Mobile,Windows
28727,Mobile,iOS
28728,Mobile,Android
28729,Mobile,macOS
28730,Mobile,iOS
28731,Mobile,Windows
28732,Mobile,Android
28733,Tablet,Windows
28734,Desktop,Android
28735,Desktop,Android
28736,Desktop,Windows
28737,Desktop,Android
28738,Desktop,Windows
28739,Tablet,Android
28740,Mobile,Android
28741,Desktop,Windows
28742,Desktop,macOS
28743,Desktop,macOS
28744,Mobile,macOS
28745,Mobile,Android
28746,Desktop,Windows
28747,Desktop,iOS
28748,Desktop,Android
28749,Mobile,Android
28750,Mobile,Android
28751,Mobile,Android
28752,Mobile,Android
28753,Mobile,iOS
28754,Desktop,Android
28755,Mobile,iOS
28756,Mobile,iOS
28757,Desktop,Android
28758,Desktop,iOS
28759,Desktop,Android
28760,Desktop,iOS
28761,Desktop,iOS
28762,Mobile,Android
28763,Mobile,Android
28764,Desktop,iOS
28765,Desktop,iOS
28766,Mobile,iOS
28767,Desktop,macOS
28768,Tablet,Android
28769,Desktop,Windows
28770,Desktop,Windows
28771,Tablet,Windows
28772,Desktop,Android
28773,Mobile,iOS
28774,Mobile,Windows
28775,Desktop,iOS
28776,Desktop,Android
28777,Mobile,Windows
28778,Mobile,Android
28779,Desktop,iOS
28780,Mobile,Windows
28781,Mobile,Android
28782,Mobile,Android
28783,Mobile,macOS
28784,Mobile,macOS
28785,Mobile,macOS
28786,Mobile,Android
28787,Mobile,iOS
28788,Mobile,Android
28789,Mobile,Android
28790,Desktop,macOS
28791,Mobile,Android
28792,Desktop,Android
28793,Mobile,Android
28794,Desktop,Android
28795,Mobile,iOS
28796,Tablet,Windows
28797,Mobile,Android
28798,Mobile,Android
28799,Mobile,Android
28800,Mobile,Android
28801,Mobile,Android
28802,Mobile,macOS
28803,Mobile,iOS
28804,Mobile,Android
28805,Mobile,Android
28806,Mobile,Android
28807,Tablet,Android
28808,Mobile,Windows
28809,Mobile,macOS
28810,Mobile,Android
28811,Mobile,iOS
28812,Mobile,Android
28813,Mobile,iOS
28814,Mobile,Windows
28815,Mobile,Android
28816,Desktop,Android
28817,Mobile,Android
28818,Mobile,iOS
28819,Mobile,macOS
28820,Desktop,Android
28821,Mobile,Android
28822,Mobile,iOS
28823,Mobile,Windows
28824,Mobile,iOS
28825,Mobile,iOS
28826,Mobile,Android
28827,Mobile,Android
28828,Mobile,iOS
28829,Desktop,Windows
28830,Mobile,Windows
28831,Desktop,Windows
28832,Tablet,Windows
28833,Mobile,Windows
28834,Tablet,iOS
28835,Desktop,Android
28836,Desktop,Windows
28837,Desktop,Android
28838,Mobile,Android
28839,Mobile,iOS
28840,Mobile,iOS
28841,Desktop,Windows
28842,Mobile,Android
28843,Mobile,iOS
28844,Desktop,iOS
28845,Desktop,Android
28846,Mobile,Android
28847,Mobile,Windows
28848,Desktop,Windows
28849,Desktop,Windows
28850,Mobile,iOS
28851,Mobile,iOS
28852,Mobile,iOS
28853,Tablet,iOS
28854,Mobile,Android
28855,Desktop,Android
28856,Mobile,macOS
28857,Mobile,Android
28858,Mobile,Windows
28859,Desktop,iOS
28860,Mobile,Android
28861,Mobile,Android
28862,Mobile,Android
28863,Mobile,iOS
28864,Mobile,iOS
28865,Desktop,iOS
28866,Mobile,iOS
28867,Mobile,Windows
28868,Mobile,Android
28869,Desktop,Windows
28870,Mobile,Android
28871,Mobile,iOS
28872,Mobile,iOS
28873,Mobile,Android
28874,Tablet,iOS
28875,Mobile,Android
28876,Mobile,Android
28877,Desktop,Windows
28878,Tablet,Windows
28879,Desktop,iOS
28880,Desktop,Android
28881,Mobile,Windows
28882,Desktop,iOS
28883,Desktop,Windows
28884,Desktop,Android
28885,Mobile,iOS
28886,Desktop,Android
28887,Mobile,Android
28888,Tablet,macOS
28889,Mobile,Windows
28890,Mobile,Windows
28891,Desktop,iOS
28892,Desktop,Windows
28893,Desktop,iOS
28894,Tablet,iOS
28895,Mobile,iOS
28896,Mobile,iOS
28897,Desktop,iOS
28898,Mobile,Android
28899,Mobile,Android
28900,Desktop,Android
28901,Mobile,Android
28902,Mobile,Android
28903,Mobile,Windows
28904,Desktop,Windows
28905,Tablet,macOS
28906,Tablet,Android
28907,Desktop,Android
28908,Mobile,Windows
28909,Mobile,Android
28910,Mobile,iOS
28911,Mobile,Android
28912,Desktop,Android
28913,Tablet,Windows
28914,Desktop,iOS
28915,Desktop,Windows
28916,Desktop,Windows
28917,Desktop,iOS
28918,Tablet,Android
28919,Mobile,Android
28920,Mobile,Windows
28921,Desktop,macOS
28922,Desktop,Windows
28923,Mobile,Android
28924,Mobile,macOS
28925,Desktop,Android
28926,Mobile,Windows
28927,Mobile,Windows
28928,Mobile,macOS
28929,Tablet,macOS
28930,Mobile,Android
28931,Mobile,macOS
28932,Desktop,Android
28933,Mobile,macOS
28934,Mobile,iOS
28935,Mobile,Android
28936,Tablet,iOS
28937,Mobile,Android
28938,Mobile,iOS
28939,Mobile,Windows
28940,Desktop,macOS
28941,Desktop,Android
28942,Mobile,macOS
28943,Mobile,Android
28944,Mobile,Windows
28945,Tablet,Windows
28946,Tablet,Windows
28947,Mobile,Windows
28948,Tablet,Android
28949,Desktop,Windows
28950,Mobile,Android
28951,Mobile,iOS
28952,Mobile,Android
28953,Desktop,iOS
28954,Mobile,iOS
28955,Mobile,macOS
28956,Desktop,Android
28957,Mobile,Windows
28958,Desktop,Windows
28959,Mobile,iOS
28960,Mobile,Android
28961,Desktop,Android
28962,Mobile,macOS
28963,Mobile,Android
28964,Desktop,Android
28965,Desktop,Android
28966,Mobile,Windows
28967,Mobile,iOS
28968,Desktop,Windows
28969,Desktop,Android
28970,Mobile,iOS
28971,Mobile,iOS
28972,Mobile,iOS
28973,Tablet,Windows
28974,Mobile,Windows
28975,Desktop,iOS
28976,Mobile,Android
28977,Mobile,iOS
28978,Desktop,Android
28979,Tablet,iOS
28980,Mobile,macOS
28981,Mobile,Android
28982,Mobile,Windows
28983,Desktop,Android
28984,Desktop,macOS
28985,Mobile,iOS
28986,Desktop,Windows
28987,Mobile,Android
28988,Mobile,macOS
28989,Desktop,Android
28990,Mobile,Windows
28991,Mobile,iOS
28992,Mobile,iOS
28993,Mobile,Android
28994,Mobile,iOS
28995,Mobile,iOS
28996,Desktop,Android
28997,Mobile,Android
28998,Mobile,iOS
28999,Tablet,Android
29000,Desktop,Android
29001,Mobile,iOS
29002,Tablet,Windows
29003,Desktop,iOS
29004,Desktop,iOS
29005,Mobile,macOS
29006,Mobile,iOS
29007,Desktop,Android
29008,Mobile,Android
29009,Mobile,iOS
29010,Desktop,iOS
29011,Mobile,iOS
29012,Mobile,iOS
29013,Mobile,Android
29014,Mobile,iOS
29015,Desktop,Android
29016,Mobile,iOS
29017,Mobile,Android
29018,Desktop,macOS
29019,Tablet,Android
29020,Mobile,Windows
29021,Mobile,Android
29022,Mobile,Android
29023,Desktop,Android
29024,Mobile,Windows
29025,Mobile,iOS
29026,Mobile,Android
29027,Mobile,Android
29028,Mobile,Android
29029,Desktop,iOS
29030,Mobile,iOS
29031,Mobile,Android
29032,Desktop,Windows
29033,Desktop,Android
29034,Desktop,Windows
29035,Mobile,Android
29036,Desktop,Android
29037,Mobile,iOS
29038,Mobile,iOS
29039,Desktop,macOS
29040,Mobile,Android
29041,Mobile,Android
29042,Desktop,iOS
29043,Desktop,macOS
29044,Mobile,Android
29045,Mobile,iOS
29046,Mobile,Android
29047,Mobile,iOS
29048,Mobile,Android
29049,Mobile,iOS
29050,Desktop,iOS
29051,Mobile,Android
29052,Mobile,Windows
29053,Mobile,iOS
29054,Desktop,Windows
29055,Desktop,Android
29056,Desktop,Android
29057,Desktop,iOS
29058,Mobile,Android
29059,Desktop,iOS
29060,Desktop,Android
29061,Mobile,Windows
29062,Mobile,Android
29063,Mobile,Android
29064,Mobile,iOS
29065,Mobile,Android
29066,Mobile,Android
29067,Mobile,Android
29068,Mobile,Android
29069,Mobile,iOS
29070,Mobile,macOS
29071,Mobile,iOS
29072,Mobile,Android
29073,Desktop,macOS
29074,Mobile,Android
29075,Desktop,Android
29076,Mobile,Android
29077,Mobile,Android
29078,Mobile,Android
29079,Mobile,iOS
29080,Mobile,Android
29081,Mobile,Android
29082,Mobile,iOS
29083,Desktop,iOS
29084,Tablet,Android
29085,Mobile,Android
29086,Mobile,Android
29087,Desktop,Android
29088,Desktop,Android
29089,Mobile,Windows
29090,Mobile,Android
29091,Tablet,Windows
29092,Mobile,Android
29093,Mobile,Windows
29094,Mobile,Android
29095,Desktop,Android
29096,Mobile,Windows
29097,Desktop,iOS
29098,Desktop,Android
29099,Mobile,Android
29100,Mobile,Android
29101,Mobile,Android
29102,Mobile,Android
29103,Mobile,Android
29104,Mobile,macOS
29105,Desktop,Windows
29106,Desktop,Android
29107,Mobile,Android
29108,Desktop,Android
29109,Desktop,Android
29110,Mobile,macOS
29111,Desktop,Windows
29112,Mobile,Android
29113,Desktop,iOS
29114,Mobile,Android
29115,Desktop,Android
29116,Tablet,Android
29117,Mobile,Android
29118,Desktop,macOS
29119,Mobile,iOS
29120,Mobile,iOS
29121,Mobile,iOS
29122,Mobile,iOS
29123,Mobile,Android
29124,Tablet,Android
29125,Mobile,Windows
29126,Desktop,iOS
29127,Mobile,Android
29128,Mobile,iOS
29129,Mobile,iOS
29130,Mobile,Android
29131,Tablet,macOS
29132,Desktop,Android
29133,Mobile,Android
29134,Mobile,Android
29135,Mobile,Android
29136,Mobile,Windows
29137,Mobile,iOS
29138,Mobile,iOS
29139,Mobile,Android
29140,Desktop,Windows
29141,Mobile,Windows
29142,Mobile,iOS
29143,Mobile,Android
29144,Mobile,iOS
29145,Mobile,iOS
29146,Mobile,iOS
29147,Desktop,Android
29148,Desktop,iOS
29149,Mobile,iOS
29150,Desktop,Windows
29151,Mobile,Windows
29152,Desktop,Android
29153,Mobile,Android
29154,Mobile,iOS
29155,Mobile,Android
29156,Mobile,Android
29157,Mobile,Android
29158,Mobile,Android
29159,Tablet,iOS
29160,Mobile,Windows
29161,Mobile,iOS
29162,Desktop,iOS
29163,Mobile,Android
29164,Desktop,Android
29165,Mobile,macOS
29166,Mobile,Windows
29167,Mobile,Android
29168,Desktop,Android
29169,Mobile,Android
29170,Tablet,iOS
29171,Mobile,Android
29172,Tablet,Android
29173,Mobile,macOS
29174,Mobile,Android
29175,Desktop,Android
29176,Desktop,Windows
29177,Mobile,iOS
29178,Mobile,Android
29179,Mobile,iOS
29180,Mobile,Windows
29181,Mobile,Windows
29182,Mobile,macOS
29183,Mobile,iOS
29184,Mobile,Android
29185,Mobile,Windows
29186,Mobile,macOS
29187,Mobile,iOS
29188,Mobile,macOS
29189,Mobile,Windows
29190,Mobile,iOS
29191,Mobile,Android
29192,Tablet,iOS
29193,Tablet,iOS
29194,Mobile,Android
29195,Desktop,Android
29196,Mobile,iOS
29197,Mobile,iOS
29198,Mobile,iOS
29199,Mobile,Android
29200,Desktop,iOS
29201,Desktop,Android
29202,Desktop,Android
29203,Mobile,Windows
29204,Desktop,Android
29205,Mobile,Android
29206,Desktop,iOS
29207,Desktop,Windows
29208,Mobile,Android
29209,Tablet,macOS
29210,Mobile,Android
29211,Mobile,Android
29212,Desktop,Android
29213,Desktop,Android
29214,Desktop,Android
29215,Mobile,Windows
29216,Mobile,iOS
29217,Desktop,Android
29218,Desktop,Android
29219,Mobile,macOS
29220,Tablet,Windows
29221,Desktop,Windows
29222,Mobile,iOS
29223,Mobile,iOS
29224,Tablet,Windows
29225,Tablet,iOS
29226,Mobile,Windows
29227,Mobile,macOS
29228,Mobile,Windows
29229,Mobile,Windows
29230,Mobile,macOS
29231,Mobile,Windows
29232,Mobile,Android
29233,Mobile,Windows
29234,Mobile,iOS
29235,Mobile,macOS
29236,Desktop,iOS
29237,Desktop,Windows
29238,Mobile,Android
29239,Desktop,iOS
29240,Mobile,Windows
29241,Desktop,macOS
29242,Desktop,iOS
29243,Mobile,Android
29244,Mobile,Windows
29245,Mobile,Android
29246,Desktop,Windows
29247,Mobile,Windows
29248,Desktop,Android
29249,Mobile,Android
29250,Mobile,iOS
29251,Mobile,iOS
29252,Desktop,Android
29253,Mobile,Android
29254,Mobile,iOS
29255,Desktop,macOS
29256,Mobile,Android
29257,Mobile,Android
29258,Mobile,iOS
29259,Mobile,Windows
29260,Tablet,Windows
29261,Mobile,macOS
29262,Mobile,Windows
29263,Mobile,iOS
29264,Desktop,Windows
29265,Mobile,Windows
29266,Mobile,macOS
29267,Desktop,macOS
29268,Mobile,iOS
29269,Mobile,iOS
29270,Mobile,Android
29271,Mobile,Android
29272,Mobile,Android
29273,Desktop,iOS
29274,Mobile,Windows
29275,Desktop,Android
29276,Mobile,Android
29277,Desktop,Android
29278,Desktop,macOS
29279,Mobile,Android
29280,Mobile,Android
29281,Tablet,Android
29282,Desktop,Android
29283,Desktop,macOS
29284,Desktop,Windows
29285,Mobile,Android
29286,Mobile,Android
29287,Mobile,Android
29288,Desktop,Windows
29289,Mobile,iOS
29290,Desktop,Windows
29291,Desktop,macOS
29292,Mobile,iOS
29293,Desktop,Android
29294,Mobile,iOS
29295,Mobile,Windows
29296,Mobile,Windows
29297,Mobile,Android
29298,Mobile,Android
29299,Mobile,Android
29300,Desktop,Android
29301,Tablet,Android
29302,Mobile,Android
29303,Mobile,Android
29304,Desktop,Android
29305,Mobile,Windows
29306,Mobile,iOS
29307,Mobile,Windows
29308,Mobile,Android
29309,Tablet,iOS
29310,Mobile,Android
29311,Desktop,Android
29312,Desktop,iOS
29313,Mobile,iOS
29314,Mobile,macOS
29315,Desktop,Android
29316,Desktop,Android
29317,Mobile,Android
29318,Mobile,Android
29319,Mobile,Android
29320,Mobile,Android
29321,Mobile,Android
29322,Desktop,Android
29323,Mobile,iOS
29324,Mobile,Android
29325,Desktop,Android
29326,Mobile,Android
29327,Mobile,Android
29328,Desktop,iOS
29329,Mobile,macOS
29330,Mobile,macOS
29331,Mobile,Android
29332,Mobile,Android
29333,Mobile,Windows
29334,Mobile,Android
29335,Mobile,Android
29336,Mobile,iOS
29337,Mobile,iOS
29338,Mobile,Windows
29339,Mobile,Android
29340,Desktop,Windows
29341,Mobile,Android
29342,Desktop,iOS
29343,Desktop,iOS
29344,Desktop,Android
29345,Desktop,Android
29346,Tablet,iOS
29347,Desktop,Windows
29348,Desktop,Android
29349,Mobile,Android
29350,Desktop,Android
29351,Desktop,Android
29352,Mobile,iOS
29353,Tablet,iOS
29354,Desktop,macOS
29355,Desktop,Windows
29356,Tablet,iOS
29357,Mobile,Android
29358,Desktop,iOS
29359,Desktop,iOS
29360,Desktop,iOS
29361,Mobile,macOS
29362,Mobile,Android
29363,Desktop,Windows
29364,Mobile,iOS
29365,Mobile,Android
29366,Mobile,iOS
29367,Mobile,Windows
29368,Mobile,Android
29369,Desktop,Windows
29370,Desktop,iOS
29371,Desktop,iOS
29372,Mobile,Android
29373,Desktop,Windows
29374,Mobile,Windows
29375,Mobile,Android
29376,Desktop,iOS
29377,Mobile,Android
29378,Mobile,Android
29379,Mobile,Android
29380,Desktop,iOS
29381,Mobile,macOS
29382,Mobile,Android
29383,Mobile,iOS
29384,Desktop,Android
29385,Mobile,iOS
29386,Mobile,iOS
29387,Desktop,iOS
29388,Mobile,Android
29389,Desktop,Windows
29390,Desktop,Android
29391,Mobile,Android
29392,Mobile,iOS
29393,Mobile,Android
29394,Desktop,macOS
29395,Mobile,iOS
29396,Desktop,Windows
29397,Mobile,Android
29398,Mobile,iOS
29399,Desktop,iOS
29400,Mobile,Android
29401,Mobile,Windows
29402,Desktop,Windows
29403,Mobile,iOS
29404,Mobile,Android
29405,Desktop,iOS
29406,Mobile,iOS
29407,Mobile,iOS
29408,Tablet,Android
29409,Mobile,Windows
29410,Mobile,Android
29411,Mobile,iOS
29412,Mobile,iOS
29413,Desktop,Windows
29414,Tablet,Android
29415,Tablet,Android
29416,Tablet,iOS
29417,Mobile,iOS
29418,Mobile,iOS
29419,Mobile,Android
29420,Tablet,Android
29421,Desktop,Android
29422,Mobile,Android
29423,Desktop,Android
29424,Mobile,macOS
29425,Desktop,Android
29426,Desktop,Android
29427,Mobile,Android
29428,Desktop,iOS
29429,Tablet,Android
29430,Desktop,Android
29431,Desktop,iOS
29432,Tablet,Android
29433,Desktop,iOS
29434,Mobile,Windows
29435,Mobile,Android
29436,Mobile,iOS
29437,Mobile,Android
29438,Mobile,Android
29439,Mobile,Android
29440,Mobile,macOS
29441,Mobile,Windows
29442,Mobile,Android
29443,Mobile,Android
29444,Mobile,Android
29445,Desktop,Android
29446,Mobile,Windows
29447,Mobile,Android
29448,Mobile,iOS
29449,Desktop,Android
29450,Mobile,Android
29451,Mobile,Android
29452,Tablet,Android
29453,Mobile,Windows
29454,Desktop,Android
29455,Desktop,Windows
29456,Desktop,iOS
29457,Desktop,Android
29458,Mobile,Android
29459,Mobile,iOS
29460,Mobile,Android
29461,Desktop,Android
29462,Desktop,Windows
29463,Mobile,iOS
29464,Mobile,Windows
29465,Desktop,iOS
29466,Mobile,Windows
29467,Mobile,Android
29468,Tablet,Android
29469,Mobile,Android
29470,Mobile,Android
29471,Mobile,iOS
29472,Mobile,Android
29473,Mobile,iOS
29474,Desktop,Android
29475,Mobile,Windows
29476,Desktop,macOS
29477,Mobile,Windows
29478,Desktop,iOS
29479,Desktop,Windows
29480,Mobile,Windows
29481,Mobile,Android
29482,Desktop,Android
29483,Mobile,iOS
29484,Mobile,Windows
29485,Mobile,iOS
29486,Tablet,Windows
29487,Mobile,Windows
29488,Mobile,macOS
29489,Mobile,iOS
29490,Mobile,Android
29491,Desktop,macOS
29492,Mobile,Windows
29493,Mobile,Windows
29494,Mobile,Android
29495,Desktop,Android
29496,Mobile,Android
29497,Mobile,Android
29498,Mobile,iOS
29499,Mobile,Windows
29500,Mobile,Android
29501,Tablet,Windows
29502,Mobile,Android
29503,Desktop,iOS
29504,Mobile,Android
29505,Mobile,Android
29506,Desktop,Android
29507,Mobile,Windows
29508,Mobile,iOS
29509,Desktop,iOS
29510,Mobile,iOS
29511,Mobile,Android
29512,Desktop,iOS
29513,Tablet,Android
29514,Mobile,Android
29515,Desktop,iOS
29516,Mobile,Android
29517,Desktop,Android
29518,Mobile,Android
29519,Mobile,iOS
29520,Desktop,iOS
29521,Mobile,Windows
29522,Tablet,iOS
29523,Desktop,Android
29524,Desktop,Android
29525,Mobile,macOS
29526,Tablet,macOS
29527,Desktop,Android
29528,Mobile,Android
29529,Mobile,Android
29530,Mobile,Windows
29531,Desktop,macOS
29532,Desktop,iOS
29533,Tablet,Android
29534,Mobile,Android
29535,Tablet,Android
29536,Mobile,Windows
29537,Tablet,macOS
29538,Mobile,iOS
29539,Mobile,Android
29540,Desktop,Android
29541,Mobile,Android
29542,Mobile,macOS
29543,Mobile,Android
29544,Tablet,Windows
29545,Mobile,Windows
29546,Desktop,Android
29547,Desktop,Android
29548,Desktop,Android
29549,Desktop,iOS
29550,Mobile,Android
29551,Mobile,Android
29552,Tablet,Windows
29553,Desktop,Windows
29554,Mobile,Android
29555,Mobile,iOS
29556,Mobile,Android
29557,Mobile,Android
29558,Tablet,Android
29559,Desktop,Windows
29560,Mobile,iOS
29561,Mobile,Android
29562,Mobile,iOS
29563,Mobile,Android
29564,Tablet,iOS
29565,Mobile,Android
29566,Mobile,Windows
29567,Tablet,Windows
29568,Mobile,Windows
29569,Desktop,Windows
29570,Mobile,iOS
29571,Mobile,macOS
29572,Desktop,Android
29573,Mobile,Android
29574,Mobile,macOS
29575,Mobile,Android
29576,Mobile,Android
29577,Mobile,Windows
29578,Tablet,Android
29579,Mobile,Windows
29580,Mobile,iOS
29581,Mobile,Windows
29582,Mobile,Android
29583,Desktop,Windows
29584,Mobile,iOS
29585,Mobile,Android
29586,Mobile,macOS
29587,Mobile,iOS
29588,Mobile,iOS
29589,Desktop,Android
29590,Desktop,Android
29591,Mobile,Android
29592,Desktop,Android
29593,Mobile,Windows
29594,Mobile,Android
29595,Mobile,Android
29596,Mobile,macOS
29597,Mobile,Windows
29598,Desktop,iOS
29599,Mobile,iOS
29600,Desktop,iOS
29601,Mobile,macOS
29602,Mobile,Windows
29603,Desktop,Android
29604,Mobile,Android
29605,Desktop,Android
29606,Mobile,Windows
29607,Desktop,iOS
29608,Mobile,iOS
29609,Mobile,Android
29610,Desktop,macOS
29611,Mobile,Windows
29612,Desktop,Android
29613,Desktop,Android
29614,Mobile,Android
29615,Mobile,Android
29616,Desktop,iOS
29617,Mobile,macOS
29618,Mobile,iOS
29619,Mobile,Android
29620,Mobile,iOS
29621,Mobile,Windows
29622,Mobile,iOS
29623,Mobile,Windows
29624,Desktop,Windows
29625,Mobile,Android
29626,Mobile,Android
29627,Desktop,Windows
29628,Mobile,Android
29629,Tablet,Windows
29630,Desktop,Android
29631,Mobile,macOS
29632,Desktop,iOS
29633,Mobile,iOS
29634,Desktop,Windows
29635,Desktop,Android
29636,Desktop,iOS
29637,Mobile,Windows
29638,Desktop,iOS
29639,Mobile,Android
29640,Desktop,Android
29641,Mobile,Windows
29642,Mobile,Android
29643,Desktop,Android
29644,Tablet,Android
29645,Mobile,iOS
29646,Mobile,Android
29647,Mobile,iOS
29648,Mobile,iOS
29649,Mobile,Windows
29650,Desktop,iOS
29651,Desktop,Android
29652,Mobile,macOS
29653,Mobile,iOS
29654,Mobile,macOS
29655,Mobile,Android
29656,Mobile,macOS
29657,Mobile,Android
29658,Desktop,Windows
29659,Mobile,Android
29660,Desktop,iOS
29661,Mobile,Windows
29662,Mobile,Android
29663,Tablet,iOS
29664,Desktop,macOS
29665,Mobile,Android
29666,Mobile,iOS
29667,Mobile,iOS
29668,Mobile,Android
29669,Mobile,Windows
29670,Mobile,iOS
29671,Mobile,iOS
29672,Mobile,Android
29673,Mobile,Android
29674,Mobile,Windows
29675,Mobile,Android
29676,Mobile,iOS
29677,Desktop,macOS
29678,Mobile,Windows
29679,Tablet,iOS
29680,Tablet,Android
29681,Mobile,iOS
29682,Mobile,Android
29683,Mobile,Android
29684,Mobile,Android
29685,Desktop,Android
29686,Mobile,Android
29687,Mobile,Windows
29688,Tablet,Windows
29689,Mobile,Windows
29690,Desktop,macOS
29691,Mobile,Windows
29692,Mobile,Android
29693,Mobile,Windows
29694,Tablet,iOS
29695,Desktop,iOS
29696,Tablet,iOS
29697,Mobile,Windows
29698,Tablet,Android
29699,Mobile,Android
29700,Mobile,iOS
29701,Mobile,Android
29702,Desktop,Android
29703,Mobile,iOS
29704,Mobile,Android
29705,Mobile,iOS
29706,Mobile,Android
29707,Mobile,Android
29708,Desktop,Android
29709,Mobile,Android
29710,Tablet,iOS
29711,Mobile,macOS
29712,Mobile,Windows
29713,Mobile,Android
29714,Mobile,iOS
29715,Mobile,Android
29716,Mobile,Windows
29717,Mobile,Windows
29718,Desktop,iOS
29719,Tablet,Android
29720,Mobile,macOS
29721,Mobile,iOS
29722,Tablet,Android
29723,Desktop,Android
29724,Desktop,Windows
29725,Mobile,iOS
29726,Desktop,iOS
29727,Mobile,Android
29728,Mobile,Android
29729,Mobile,Windows
29730,Desktop,iOS
29731,Mobile,Android
29732,Mobile,iOS
29733,Mobile,iOS
29734,Mobile,Windows
29735,Desktop,iOS
29736,Desktop,Windows
29737,Mobile,Windows
29738,Desktop,Android
29739,Mobile,macOS
29740,Mobile,iOS
29741,Mobile,Android
29742,Mobile,macOS
29743,Mobile,Android
29744,Mobile,Android
29745,Mobile,iOS
29746,Desktop,Windows
29747,Mobile,Android
29748,Desktop,macOS
29749,Tablet,iOS
29750,Mobile,Android
29751,Mobile,macOS
29752,Mobile,Windows
29753,Desktop,iOS
29754,Tablet,Android
29755,Mobile,iOS
29756,Desktop,iOS
29757,Tablet,Windows
29758,Mobile,Android
29759,Mobile,iOS
29760,Desktop,Android
29761,Mobile,iOS
29762,Desktop,iOS
29763,Mobile,Windows
29764,Mobile,macOS
29765,Mobile,Windows
29766,Desktop,Android
29767,Desktop,Android
29768,Mobile,macOS
29769,Mobile,Windows
29770,Tablet,iOS
29771,Mobile,iOS
29772,Mobile,iOS
29773,Desktop,iOS
29774,Desktop,Windows
29775,Desktop,iOS
29776,Tablet,Android
29777,Mobile,iOS
29778,Mobile,iOS
29779,Mobile,iOS
29780,Mobile,Android
29781,Mobile,Android
29782,Tablet,Android
29783,Mobile,iOS
29784,Mobile,iOS
29785,Mobile,iOS
29786,Desktop,Android
29787,Mobile,iOS
29788,Mobile,Windows
29789,Tablet,Windows
29790,Mobile,Android
29791,Mobile,iOS
29792,Mobile,Android
29793,Mobile,Android
29794,Desktop,Android
29795,Mobile,macOS
29796,Mobile,iOS
29797,Mobile,iOS
29798,Mobile,Android
29799,Mobile,Android
29800,Desktop,Android
29801,Desktop,Windows
29802,Mobile,Android
29803,Mobile,iOS
29804,Tablet,Android
29805,Mobile,Windows
29806,Desktop,iOS
29807,Desktop,iOS
29808,Mobile,Android
29809,Tablet,Android
29810,Mobile,macOS
29811,Tablet,iOS
29812,Mobile,Android
29813,Desktop,Android
29814,Mobile,Windows
29815,Desktop,iOS
29816,Desktop,iOS
29817,Mobile,iOS
29818,Desktop,Android
29819,Mobile,Android
29820,Desktop,Android
29821,Mobile,iOS
29822,Mobile,iOS
29823,Mobile,Android
29824,Mobile,iOS
29825,Mobile,Android
29826,Mobile,macOS
29827,Desktop,Android
29828,Mobile,macOS
29829,Mobile,iOS
29830,Mobile,Android
29831,Desktop,iOS
29832,Desktop,Android
29833,Mobile,iOS
29834,Desktop,Android
29835,Mobile,Android
29836,Mobile,Windows
29837,Mobile,Android
29838,Tablet,Windows
29839,Desktop,Windows
29840,Desktop,Android
29841,Desktop,Android
29842,Mobile,Android
29843,Mobile,iOS
29844,Mobile,Android
29845,Mobile,iOS
29846,Desktop,macOS
29847,Mobile,Windows
29848,Mobile,Android
29849,Mobile,Android
29850,Desktop,Android
29851,Mobile,iOS
29852,Mobile,iOS
29853,Mobile,Android
29854,Mobile,macOS
29855,Mobile,Android
29856,Desktop,Android
29857,Desktop,iOS
29858,Mobile,iOS
29859,Mobile,Android
29860,Mobile,Android
29861,Mobile,iOS
29862,Mobile,Windows
29863,Mobile,Android
29864,Desktop,Windows
29865,Mobile,macOS
29866,Mobile,Android
29867,Mobile,iOS
29868,Desktop,iOS
29869,Mobile,Android
29870,Tablet,macOS
29871,Mobile,iOS
29872,Tablet,Android
29873,Mobile,Android
29874,Desktop,iOS
29875,Desktop,iOS
29876,Mobile,Android
29877,Mobile,Android
29878,Mobile,iOS
29879,Tablet,iOS
29880,Mobile,Windows
29881,Tablet,Android
29882,Mobile,iOS
29883,Mobile,macOS
29884,Mobile,Android
29885,Desktop,macOS
29886,Mobile,macOS
29887,Tablet,Android
29888,Desktop,Android
29889,Mobile,Android
29890,Tablet,Windows
29891,Tablet,macOS
29892,Mobile,Android
29893,Desktop,Windows
29894,Mobile,Android
29895,Desktop,Android
29896,Mobile,iOS
29897,Desktop,iOS
29898,Mobile,iOS
29899,Mobile,Android
29900,Desktop,macOS
29901,Desktop,iOS
29902,Mobile,Android
29903,Mobile,iOS
29904,Desktop,iOS
29905,Desktop,iOS
29906,Desktop,iOS
29907,Mobile,iOS
29908,Desktop,Windows
29909,Mobile,macOS
29910,Mobile,Android
29911,Mobile,Android
29912,Mobile,Android
29913,Desktop,Windows
29914,Tablet,iOS
29915,Desktop,Android
29916,Mobile,macOS
29917,Mobile,iOS
29918,Mobile,Android
29919,Mobile,macOS
29920,Mobile,Windows
29921,Desktop,Windows
29922,Desktop,Android
29923,Mobile,Android
29924,Mobile,Android
29925,Desktop,iOS
29926,Tablet,Android
29927,Mobile,iOS
29928,Desktop,Android
29929,Mobile,Windows
29930,Mobile,Windows
29931,Mobile,Android
29932,Mobile,Android
29933,Tablet,iOS
29934,Mobile,Android
29935,Mobile,macOS
29936,Desktop,Android
29937,Mobile,iOS
29938,Mobile,macOS
29939,Mobile,iOS
29940,Desktop,Android
29941,Mobile,macOS
29942,Mobile,Android
29943,Mobile,Android
29944,Mobile,iOS
29945,Mobile,Android
29946,Mobile,Android
29947,Desktop,Windows
29948,Desktop,iOS
29949,Desktop,Android
29950,Mobile,iOS
29951,Desktop,macOS
29952,Desktop,Windows
29953,Desktop,Windows
29954,Mobile,Android
29955,Mobile,Android
29956,Mobile,iOS
29957,Mobile,Windows
29958,Desktop,Android
29959,Mobile,Windows
29960,Mobile,Android
29961,Tablet,Windows
29962,Desktop,Android
29963,Mobile,Android
29964,Desktop,Android
29965,Desktop,Windows
29966,Mobile,Windows
29967,Tablet,Android
29968,Mobile,iOS
29969,Mobile,Android
29970,Mobile,Windows
29971,Desktop,iOS
29972,Mobile,Android
29973,Mobile,iOS
29974,Tablet,iOS
29975,Desktop,iOS
29976,Desktop,Android
29977,Mobile,Android
29978,Mobile,iOS
29979,Mobile,Windows
29980,Mobile,Android
29981,Mobile,Android
29982,Mobile,Android
29983,Mobile,Android
29984,Mobile,iOS
29985,Mobile,Android
29986,Mobile,iOS
29987,Mobile,iOS
29988,Mobile,Android
29989,Desktop,Android
29990,Mobile,Android
29991,Tablet,Windows
29992,Mobile,Android
29993,Desktop,Windows
29994,Mobile,Windows
29995,Mobile,Android
29996,Mobile,iOS
29997,Mobile,Windows
29998,Mobile,Android
29999,Mobile,Windows
30000,Mobile,Android
