case_id,transaction_id,customer_id,case_open_date,case_severity,investigation_status,resolution_hours
1,20,12310,2026-06-29,Medium,Confirmed Fraud,19.1
2,33,46557,2025-10-09,High,False Positive,6.5
3,115,14001,2025-10-15,High,Under Review,10.2
4,136,34617,2025-02-14,Medium,Confirmed Fraud,15.4
5,137,18461,2025-01-16,High,Closed - No Fraud,15.7
6,172,6844,2026-05-05,Medium,Confirmed Fraud,16.4
7,192,15340,2025-04-26,Critical,Confirmed Fraud,20.4
8,284,41575,2025-12-24,High,Confirmed Fraud,16.7
9,306,30761,2025-01-23,High,Confirmed Fraud,7.8
10,401,22833,2026-08-26,Medium,False Positive,4.4
11,497,26287,2025-12-16,High,Confirmed Fraud,6.7
12,531,42881,2025-05-07,Medium,Confirmed Fraud,3.4
13,596,36956,2025-03-06,High,Confirmed Fraud,25.8
14,657,26218,2025-07-18,High,Under Review,8.5
15,696,19878,2025-07-17,Medium,Confirmed Fraud,9.1
16,759,38820,2026-12-20,High,Confirmed Fraud,8.7
17,764,48496,2026-05-21,Critical,Closed - No Fraud,11.4
18,845,28188,2025-04-20,Low,False Positive,6.8
19,853,20143,2026-11-24,Medium,Confirmed Fraud,12.7
20,873,31522,2025-10-10,Medium,False Positive,5.3
21,954,18264,2025-01-20,High,Closed - No Fraud,6.3
22,989,7663,2026-03-03,Medium,Confirmed Fraud,9.2
23,1141,2247,2026-12-30,Low,Confirmed Fraud,13.5
24,1145,41696,2025-03-10,Medium,Confirmed Fraud,9.9
25,1149,25349,2025-07-21,High,Confirmed Fraud,11.5
26,1177,18126,2026-07-25,Low,Confirmed Fraud,51.0
27,1253,43703,2026-10-31,High,Closed - No Fraud,19.2
28,1286,40737,2025-07-03,High,Confirmed Fraud,11.5
29,1307,48952,2025-10-07,High,Confirmed Fraud,5.8
30,1343,46353,2026-04-27,High,Confirmed Fraud,37.1
31,1433,8967,2026-05-30,Medium,Confirmed Fraud,12.1
32,1518,8853,2025-09-09,Critical,False Positive,29.2
33,1519,20320,2026-01-08,Low,Confirmed Fraud,5.3
34,1571,40964,2025-07-19,High,Confirmed Fraud,10.3
35,1597,27958,2025-04-13,High,Closed - No Fraud,19.7
36,1604,937,2026-01-25,Medium,Confirmed Fraud,35.4
37,1665,13630,2026-12-09,Medium,Confirmed Fraud,11.0
38,1681,9458,2026-01-26,High,Confirmed Fraud,24.2
39,1682,18185,2025-05-04,High,Confirmed Fraud,6.5
40,1756,49347,2025-12-28,Medium,Confirmed Fraud,52.9
41,1758,18335,2026-04-30,Medium,Confirmed Fraud,8.8
42,1780,23224,2025-02-04,Medium,False Positive,14.0
43,1798,13570,2026-10-09,High,Under Review,33.8
44,1926,3565,2026-04-10,Critical,Confirmed Fraud,14.7
45,1935,19858,2025-02-15,High,Under Review,13.2
46,2152,33520,2026-08-10,Medium,Closed - No Fraud,22.2
47,2217,31136,2026-07-16,Medium,Confirmed Fraud,21.8
48,2279,21375,2026-04-12,Low,Closed - No Fraud,14.3
49,2315,14796,2025-05-23,Medium,Confirmed Fraud,4.0
50,2402,2919,2025-02-11,Medium,Confirmed Fraud,18.3
51,2452,46054,2026-09-23,Medium,False Positive,21.4
52,2471,39523,2025-10-18,Low,Under Review,62.0
53,2599,15204,2025-10-26,High,Confirmed Fraud,13.2
54,2700,2781,2025-01-26,High,Confirmed Fraud,10.7
55,2704,6438,2026-07-17,Medium,False Positive,30.1
56,2823,43899,2025-10-10,Medium,False Positive,8.5
57,2834,26728,2025-01-15,High,Closed - No Fraud,17.1
58,2857,44028,2026-10-22,Critical,Confirmed Fraud,8.5
59,2956,9846,2026-04-10,Medium,Confirmed Fraud,7.5
60,2976,28870,2026-04-10,Low,Confirmed Fraud,36.6
61,3028,14829,2026-03-04,High,False Positive,14.5
62,3059,49544,2026-01-24,High,Confirmed Fraud,40.6
63,3090,24271,2025-06-25,Medium,Confirmed Fraud,4.2
64,3095,44592,2025-02-04,High,Confirmed Fraud,18.7
65,3182,45963,2026-06-27,High,Confirmed Fraud,15.5
66,3187,45496,2026-09-23,Medium,Confirmed Fraud,21.7
67,3202,27534,2025-02-11,High,Confirmed Fraud,17.4
68,3208,14007,2025-03-23,High,Closed - No Fraud,5.3
69,3305,33472,2026-09-09,Medium,Closed - No Fraud,8.3
70,3383,6750,2025-10-20,Medium,Under Review,3.5
71,3399,43394,2025-08-17,Critical,False Positive,9.4
72,3402,19248,2026-02-24,Critical,False Positive,19.1
73,3408,20290,2026-11-08,Medium,Confirmed Fraud,9.1
74,3443,7994,2026-10-17,Critical,Confirmed Fraud,3.7
75,3528,13948,2025-02-23,Medium,Confirmed Fraud,7.7
76,3543,38957,2026-05-22,Medium,Confirmed Fraud,18.7
77,3573,13079,2025-10-13,High,Confirmed Fraud,21.2
78,3576,2817,2026-02-24,Medium,Confirmed Fraud,9.3
79,3769,44842,2025-12-18,Critical,Confirmed Fraud,17.4
80,3885,12528,2026-04-22,High,Closed - No Fraud,11.6
81,3909,34256,2025-01-06,High,Confirmed Fraud,9.7
82,3925,46173,2025-02-21,Medium,Confirmed Fraud,3.4
83,3993,41349,2025-04-17,Critical,Under Review,6.1
84,4238,15885,2026-01-08,Medium,False Positive,41.4
85,4246,16805,2026-05-16,Low,Confirmed Fraud,5.1
86,4248,34915,2026-03-25,High,Confirmed Fraud,13.3
87,4264,3842,2026-10-29,High,Confirmed Fraud,1.4
88,4291,837,2025-07-24,Medium,Under Review,23.7
89,4328,46436,2025-08-30,High,Confirmed Fraud,4.8
90,4369,33689,2025-01-07,Medium,Confirmed Fraud,1.3
91,4393,20637,2026-01-13,Medium,Under Review,5.0
92,4438,37808,2025-10-01,High,Confirmed Fraud,8.5
93,4439,26483,2026-01-27,Low,Confirmed Fraud,2.7
94,4498,23150,2026-12-05,High,Confirmed Fraud,84.6
95,4541,40993,2025-09-14,Medium,Confirmed Fraud,11.4
96,4597,24693,2025-08-27,Medium,Under Review,14.9
97,4631,22222,2026-09-12,Low,Closed - No Fraud,14.3
98,4715,41603,2026-05-06,Medium,Confirmed Fraud,4.5
99,4772,16701,2025-05-22,High,Confirmed Fraud,24.5
100,4842,49916,2025-11-01,High,Confirmed Fraud,3.3
101,4848,29233,2026-04-02,Low,False Positive,24.3
102,4893,25119,2026-10-18,Medium,Confirmed Fraud,21.1
103,4906,37116,2026-07-14,Medium,Confirmed Fraud,18.0
104,4998,41619,2025-07-09,Low,Under Review,36.0
105,5004,30830,2025-12-10,High,Confirmed Fraud,20.8
106,5048,27518,2025-10-29,Low,Closed - No Fraud,7.3
107,5066,11992,2025-05-25,Medium,Confirmed Fraud,21.8
108,5070,35706,2025-09-07,High,Confirmed Fraud,23.1
109,5169,26598,2025-01-22,Medium,Confirmed Fraud,14.7
110,5208,27303,2025-03-31,High,Confirmed Fraud,16.2
111,5247,47106,2026-09-08,Medium,Confirmed Fraud,2.2
112,5278,36685,2025-03-03,Medium,Confirmed Fraud,5.0
113,5294,13095,2025-02-23,Low,Confirmed Fraud,64.7
114,5401,25258,2026-01-14,High,Confirmed Fraud,22.3
115,5414,34610,2025-03-13,Medium,False Positive,3.4
116,5492,5617,2026-07-18,High,Confirmed Fraud,12.6
117,5498,46936,2026-04-24,Medium,Confirmed Fraud,11.4
118,5631,10936,2025-06-29,Medium,Under Review,4.2
119,5640,37085,2025-12-11,High,Confirmed Fraud,17.7
120,5696,10674,2026-03-10,Critical,Confirmed Fraud,5.9
121,5776,29710,2025-05-03,Medium,Confirmed Fraud,17.3
122,5809,47831,2025-03-23,Medium,False Positive,14.8
123,5910,48285,2025-03-26,High,Confirmed Fraud,10.5
124,5993,20913,2025-12-25,High,Closed - No Fraud,19.0
125,6010,24625,2025-10-30,Medium,Confirmed Fraud,17.3
126,6078,36233,2026-10-19,Low,Confirmed Fraud,32.0
127,6140,12157,2025-01-18,Critical,False Positive,13.1
128,6145,22495,2025-06-06,High,Confirmed Fraud,50.0
129,6167,15663,2026-03-09,Medium,Confirmed Fraud,14.2
130,6231,2520,2026-11-22,Low,Confirmed Fraud,12.9
131,6300,18057,2025-11-16,High,Confirmed Fraud,26.4
132,6344,42258,2026-04-24,High,Confirmed Fraud,31.6
133,6451,4365,2025-03-03,Critical,Closed - No Fraud,24.7
134,6467,41139,2025-12-18,High,Under Review,1.5
135,6504,33321,2026-11-04,Critical,Confirmed Fraud,9.1
136,6566,28491,2026-03-28,High,Confirmed Fraud,15.9
137,6570,3383,2026-03-13,Medium,Confirmed Fraud,4.7
138,6578,44618,2025-08-30,High,Confirmed Fraud,4.1
139,6758,32916,2026-05-13,Low,Confirmed Fraud,16.3
140,6782,7283,2026-03-14,High,Confirmed Fraud,5.5
141,6811,19207,2026-11-11,Medium,Confirmed Fraud,24.7
142,6880,19419,2025-02-17,Low,Confirmed Fraud,18.5
143,6905,22854,2026-06-13,High,False Positive,10.2
144,6941,8213,2025-09-05,Medium,Closed - No Fraud,15.6
145,6952,5002,2026-01-21,High,Under Review,5.2
146,6957,7502,2025-07-27,Medium,Closed - No Fraud,16.1
147,7037,39240,2026-09-22,High,Under Review,7.6
148,7188,46019,2026-02-03,Critical,Confirmed Fraud,13.8
149,7192,7527,2025-11-22,Low,Confirmed Fraud,5.7
150,7251,29583,2025-11-08,Medium,Confirmed Fraud,12.5
151,7287,40966,2025-10-09,Medium,Confirmed Fraud,7.5
152,7476,35889,2026-10-24,High,Confirmed Fraud,19.2
153,7577,25936,2025-11-06,High,Confirmed Fraud,14.5
154,7582,39722,2026-10-11,Medium,Closed - No Fraud,4.3
155,7587,44870,2025-09-25,Low,Confirmed Fraud,16.0
156,7601,37260,2025-03-20,High,Confirmed Fraud,4.5
157,8058,45387,2026-05-10,Medium,Confirmed Fraud,19.6
158,8105,19740,2025-11-13,High,Confirmed Fraud,10.0
159,8120,24788,2026-06-27,High,Under Review,4.6
160,8142,46881,2026-07-24,High,Closed - No Fraud,14.4
161,8156,23851,2026-07-07,Medium,Under Review,11.7
162,8163,35198,2025-12-01,High,Confirmed Fraud,4.8
163,8171,6777,2026-07-19,High,Confirmed Fraud,9.4
164,8202,38025,2025-08-26,Medium,Confirmed Fraud,3.9
165,8235,45128,2025-04-16,Low,Confirmed Fraud,20.0
166,8284,6624,2026-02-28,High,Under Review,6.0
167,8332,41473,2026-07-14,Low,Confirmed Fraud,19.3
168,8337,32151,2025-12-15,High,Confirmed Fraud,9.0
169,8637,19725,2026-07-23,High,Closed - No Fraud,10.8
170,8670,45978,2026-12-02,High,Confirmed Fraud,18.5
171,8682,44053,2025-05-19,Medium,Confirmed Fraud,8.0
172,8687,46122,2025-11-04,High,Confirmed Fraud,34.8
173,8798,14823,2026-02-14,High,Confirmed Fraud,6.6
174,8810,14824,2025-05-08,Low,Confirmed Fraud,8.5
175,8860,21952,2025-11-11,High,Confirmed Fraud,16.7
176,8864,10657,2026-05-18,Medium,Confirmed Fraud,30.3
177,8922,39999,2025-07-31,Medium,Under Review,66.8
178,8932,5870,2025-04-23,Low,Under Review,6.5
179,8975,48042,2026-02-28,Medium,Confirmed Fraud,7.2
180,9038,4382,2026-09-30,Medium,Confirmed Fraud,25.3
181,9041,22926,2025-10-09,Medium,Confirmed Fraud,9.3
182,9055,11555,2025-01-25,High,Confirmed Fraud,12.1
183,9064,49821,2025-04-05,Critical,Under Review,11.3
184,9080,20988,2025-09-26,Medium,Confirmed Fraud,6.1
185,9162,21420,2026-01-19,High,Under Review,60.5
186,9237,39801,2026-04-18,Medium,Confirmed Fraud,41.5
187,9251,21288,2025-10-13,Medium,Confirmed Fraud,7.8
188,9255,14418,2026-12-27,Medium,Confirmed Fraud,16.0
189,9330,9699,2026-08-04,Critical,Under Review,19.5
190,9341,31157,2025-06-20,Critical,Confirmed Fraud,11.6
191,9352,13780,2025-09-16,High,False Positive,3.6
192,9358,46905,2025-03-19,High,False Positive,29.9
193,9412,16374,2026-01-22,Medium,Confirmed Fraud,38.3
194,9551,41394,2025-11-15,High,Closed - No Fraud,6.4
195,9575,33302,2025-12-15,High,Confirmed Fraud,18.3
196,9584,38330,2026-09-13,Medium,Under Review,24.9
197,9590,34648,2025-10-19,Critical,Confirmed Fraud,61.0
198,9597,8224,2025-05-23,High,Confirmed Fraud,9.4
199,9605,49927,2026-01-14,High,Confirmed Fraud,2.5
200,9618,14447,2025-03-24,Low,Confirmed Fraud,19.3
201,9658,11934,2026-10-09,Medium,Under Review,6.2
202,9697,34864,2025-04-01,Critical,False Positive,12.5
203,9729,10325,2025-10-11,High,Under Review,19.6
204,9788,25935,2026-06-23,Medium,Confirmed Fraud,12.3
205,9825,15646,2025-06-13,Medium,Confirmed Fraud,17.9
206,9885,7142,2025-04-23,Critical,Confirmed Fraud,43.6
207,9909,43339,2026-06-26,Medium,Confirmed Fraud,7.3
208,9963,33010,2026-04-13,High,Confirmed Fraud,9.6
209,10023,47048,2026-05-30,Medium,Closed - No Fraud,13.9
210,10045,23411,2025-02-09,Low,Under Review,18.9
211,10055,44024,2026-06-25,High,Confirmed Fraud,14.3
212,10060,6518,2025-11-21,Medium,Confirmed Fraud,18.7
213,10136,47407,2025-07-14,High,False Positive,26.1
214,10151,23377,2025-03-13,Medium,Confirmed Fraud,13.2
215,10160,47012,2025-02-14,Critical,Confirmed Fraud,8.5
216,10226,26979,2025-05-04,Critical,Confirmed Fraud,11.8
217,10253,4741,2026-08-23,Medium,Confirmed Fraud,36.4
218,10256,35980,2025-06-11,High,Under Review,22.9
219,10278,7625,2025-06-08,Medium,Closed - No Fraud,22.4
220,10290,17399,2025-05-21,Low,Confirmed Fraud,13.6
221,10329,9896,2026-06-07,Low,Confirmed Fraud,5.1
222,10346,22472,2026-11-17,High,Confirmed Fraud,4.2
223,10354,3323,2025-04-08,Medium,Confirmed Fraud,6.6
224,10355,21707,2026-12-13,Critical,False Positive,15.3
225,10392,10014,2026-08-02,Low,Confirmed Fraud,11.9
226,10423,45839,2025-06-04,Critical,Confirmed Fraud,19.6
227,10432,43122,2025-10-17,Medium,Confirmed Fraud,33.5
228,10456,48110,2026-08-16,Low,Closed - No Fraud,55.0
229,10510,32591,2026-12-02,Medium,Closed - No Fraud,21.1
230,10577,11695,2026-05-26,Medium,False Positive,3.4
231,10611,45581,2026-08-14,Critical,Closed - No Fraud,2.5
232,10616,29014,2026-07-03,Critical,False Positive,5.3
233,10632,12437,2025-12-21,Medium,Closed - No Fraud,12.1
234,10654,3992,2025-12-18,High,False Positive,12.3
235,10659,37365,2026-05-06,Critical,False Positive,23.1
236,10696,6047,2026-08-28,High,Closed - No Fraud,2.0
237,10740,41456,2025-01-16,Critical,Under Review,7.3
238,10764,3624,2025-11-12,Critical,Confirmed Fraud,11.0
239,10776,45400,2026-07-29,High,Closed - No Fraud,14.3
240,10843,30618,2025-02-22,Low,Confirmed Fraud,11.8
241,10852,46940,2025-04-02,Low,Closed - No Fraud,46.0
242,10896,43625,2025-06-30,Low,Confirmed Fraud,24.8
243,10909,36242,2025-05-01,Medium,Confirmed Fraud,31.3
244,10912,17398,2026-11-09,Medium,Confirmed Fraud,4.3
245,10941,16670,2026-11-17,Medium,Confirmed Fraud,2.3
246,10961,5538,2025-10-05,Medium,Confirmed Fraud,19.7
247,10966,25813,2025-07-22,High,Closed - No Fraud,2.0
248,11040,14376,2025-09-17,High,Confirmed Fraud,9.2
249,11066,41772,2025-08-27,Low,False Positive,8.5
250,11211,37172,2025-02-23,High,Closed - No Fraud,8.3
251,11292,38477,2025-06-30,High,Confirmed Fraud,16.9
252,11329,27506,2025-03-19,High,Confirmed Fraud,3.0
253,11331,34853,2026-07-22,Medium,Closed - No Fraud,5.6
254,11365,19059,2026-07-15,Critical,Closed - No Fraud,5.3
255,11393,12335,2025-05-29,Low,Closed - No Fraud,11.1
256,11394,14101,2025-06-21,High,Confirmed Fraud,11.4
257,11427,22350,2025-12-26,High,Confirmed Fraud,12.9
258,11437,32363,2026-11-16,Medium,Confirmed Fraud,4.4
259,11451,14090,2025-02-07,Medium,Confirmed Fraud,4.1
260,11490,46031,2026-01-05,High,False Positive,3.9
261,11493,42611,2026-02-05,Medium,Closed - No Fraud,25.8
262,11514,8314,2026-11-29,High,Confirmed Fraud,17.4
263,11522,46190,2025-12-06,High,Under Review,9.6
264,11572,28566,2025-04-02,High,Under Review,31.9
265,11582,14630,2026-03-03,High,Confirmed Fraud,13.6
266,11590,7697,2025-03-10,High,Confirmed Fraud,5.8
267,11606,22786,2026-11-18,Medium,Confirmed Fraud,29.1
268,11625,29007,2025-05-26,High,Confirmed Fraud,12.3
269,11633,24926,2025-11-21,Medium,Confirmed Fraud,6.0
270,11705,30406,2026-07-08,Low,Confirmed Fraud,2.5
271,11757,6905,2025-11-23,High,Confirmed Fraud,24.6
272,11786,14932,2026-07-29,Critical,Confirmed Fraud,10.4
273,11788,36015,2025-07-17,High,Confirmed Fraud,19.5
274,11804,5154,2025-03-24,Low,False Positive,18.2
275,11882,42296,2025-12-12,Critical,Confirmed Fraud,6.0
276,11940,24393,2025-11-29,Medium,Closed - No Fraud,2.3
277,12042,20122,2026-09-28,Critical,Confirmed Fraud,37.4
278,12054,7222,2025-08-09,High,Closed - No Fraud,16.0
279,12055,28176,2026-06-25,Medium,Closed - No Fraud,20.6
280,12060,10199,2025-12-06,Medium,Confirmed Fraud,3.9
281,12061,44871,2025-10-28,Medium,Confirmed Fraud,6.2
282,12065,676,2026-02-22,Medium,Confirmed Fraud,9.4
283,12116,49982,2025-12-02,Medium,Confirmed Fraud,11.1
284,12220,3520,2025-12-31,Medium,Confirmed Fraud,9.6
285,12224,21486,2025-08-15,High,Confirmed Fraud,1.9
286,12240,44941,2025-01-29,Critical,Confirmed Fraud,2.9
287,12279,9980,2026-10-10,High,Confirmed Fraud,30.7
288,12327,31395,2026-06-12,Low,Confirmed Fraud,6.2
289,12360,17253,2026-12-01,High,Closed - No Fraud,17.6
290,12397,22975,2026-12-11,High,Confirmed Fraud,7.2
291,12417,3506,2025-03-10,Critical,Confirmed Fraud,17.2
292,12433,11540,2025-01-14,High,Confirmed Fraud,25.2
293,12479,4843,2026-12-01,High,False Positive,3.6
294,12522,30423,2026-10-01,High,Closed - No Fraud,9.8
295,12538,19393,2025-09-04,Medium,Confirmed Fraud,4.7
296,12620,24105,2025-05-14,Critical,Confirmed Fraud,6.1
297,12627,37049,2025-06-29,High,Confirmed Fraud,26.8
298,12740,38061,2025-06-05,Medium,Confirmed Fraud,4.5
299,12747,32751,2025-02-18,Critical,Closed - No Fraud,10.4
300,12769,17329,2026-09-18,Medium,Confirmed Fraud,17.3
301,12866,31730,2026-01-05,High,Confirmed Fraud,13.2
302,12892,38492,2026-02-12,Critical,Confirmed Fraud,3.3
303,12923,5672,2026-02-24,High,Confirmed Fraud,34.2
304,12949,19608,2026-06-20,High,Confirmed Fraud,71.9
305,13018,3688,2025-08-13,Critical,False Positive,4.6
306,13057,23409,2026-08-19,Low,False Positive,7.4
307,13066,46389,2025-02-01,Critical,Confirmed Fraud,11.5
308,13084,29236,2026-05-22,High,Confirmed Fraud,6.3
309,13120,15251,2025-10-01,Medium,Confirmed Fraud,58.1
310,13167,4340,2025-03-12,Medium,Confirmed Fraud,16.9
311,13279,44854,2025-01-19,Low,Confirmed Fraud,6.4
312,13302,26302,2025-02-05,High,Closed - No Fraud,24.7
313,13337,32407,2026-06-11,Low,Confirmed Fraud,12.1
314,13406,35094,2025-07-14,Low,Confirmed Fraud,17.5
315,13421,10681,2025-08-04,Medium,Confirmed Fraud,5.5
316,13444,18233,2026-10-20,Medium,Closed - No Fraud,11.9
317,13446,7551,2025-04-11,High,Confirmed Fraud,7.2
318,13447,14395,2026-06-08,Medium,Closed - No Fraud,10.8
319,13461,5731,2025-06-15,High,Closed - No Fraud,5.6
320,13563,12381,2026-06-13,Critical,Closed - No Fraud,3.9
321,13564,29728,2026-05-29,Low,Confirmed Fraud,11.1
322,13624,14260,2026-04-10,Medium,Confirmed Fraud,30.8
323,13627,36457,2026-07-11,Medium,Confirmed Fraud,11.3
324,13673,34000,2025-02-09,High,False Positive,19.8
325,13675,15154,2025-07-07,High,False Positive,7.3
326,13700,5870,2025-05-04,High,Confirmed Fraud,10.6
327,13754,42450,2025-01-24,Low,Confirmed Fraud,2.0
328,13880,21635,2025-08-01,Critical,Closed - No Fraud,23.5
329,13916,15048,2026-09-11,Medium,Confirmed Fraud,18.5
330,13926,4806,2026-08-09,High,Confirmed Fraud,4.7
331,13933,34815,2025-05-14,Medium,Confirmed Fraud,7.7
332,13998,14503,2026-08-25,Medium,Confirmed Fraud,7.6
333,14085,11623,2025-01-18,Medium,Confirmed Fraud,38.5
334,14184,19009,2025-08-24,High,False Positive,9.9
335,14221,19740,2025-12-01,Medium,Confirmed Fraud,10.2
336,14268,39815,2025-06-28,Medium,Confirmed Fraud,63.8
337,14280,48404,2025-02-04,High,Confirmed Fraud,8.2
338,14308,47246,2026-10-27,Medium,Confirmed Fraud,28.9
339,14310,28909,2026-01-04,High,Confirmed Fraud,7.8
340,14314,45747,2026-12-03,High,False Positive,2.2
341,14361,862,2026-06-29,High,Under Review,2.3
342,14384,21216,2025-06-26,Low,Confirmed Fraud,10.0
343,14409,15453,2026-01-14,Medium,Confirmed Fraud,4.9
344,14415,38431,2026-08-16,High,Confirmed Fraud,14.1
345,14466,34488,2025-03-31,High,Closed - No Fraud,13.2
346,14565,39694,2026-07-26,High,Confirmed Fraud,6.8
347,14595,2663,2026-02-08,Medium,Confirmed Fraud,16.3
348,14615,11270,2025-08-06,High,Confirmed Fraud,4.7
349,14629,22261,2025-05-20,Low,Confirmed Fraud,11.3
350,14668,48153,2025-03-04,Low,Confirmed Fraud,2.4
351,14834,3766,2026-03-18,Critical,Confirmed Fraud,44.8
352,14855,46035,2026-03-26,High,False Positive,39.6
353,14860,207,2026-12-31,High,False Positive,14.2
354,14884,49229,2025-10-09,Medium,Confirmed Fraud,16.6
355,14909,49229,2025-03-31,Medium,Confirmed Fraud,27.1
356,14922,8261,2025-07-23,High,False Positive,6.4
357,14969,7136,2025-12-25,High,Confirmed Fraud,8.9
358,14981,9687,2025-04-19,High,Confirmed Fraud,12.3
359,14998,35432,2026-03-26,Low,Confirmed Fraud,8.9
360,15066,45983,2026-05-14,Medium,Closed - No Fraud,6.4
361,15086,43413,2025-04-10,Low,Confirmed Fraud,11.2
362,15232,23101,2025-06-27,Critical,Under Review,4.3
363,15282,16866,2025-04-15,High,Confirmed Fraud,29.6
364,15334,6995,2026-10-22,Critical,Confirmed Fraud,15.8
365,15360,26879,2025-09-24,Low,Confirmed Fraud,11.4
366,15386,10562,2025-10-02,High,Confirmed Fraud,15.3
367,15387,32289,2025-09-29,Medium,False Positive,9.3
368,15430,3092,2025-07-18,High,Closed - No Fraud,15.8
369,15521,3037,2025-12-27,Low,Confirmed Fraud,13.6
370,15545,25985,2025-03-15,Low,Confirmed Fraud,7.3
371,15613,8740,2025-02-22,Medium,False Positive,1.2
372,15651,34859,2025-02-05,Medium,False Positive,49.8
373,15688,11802,2025-01-25,Critical,Confirmed Fraud,6.3
374,15700,40847,2026-10-10,Low,Confirmed Fraud,18.5
375,15701,40238,2026-08-02,Critical,Confirmed Fraud,11.9
376,15744,23674,2025-05-17,High,Confirmed Fraud,14.8
377,15822,43052,2025-09-26,Medium,Confirmed Fraud,21.6
378,15898,25894,2025-05-26,Medium,Confirmed Fraud,13.8
379,15913,7916,2025-08-08,Medium,Confirmed Fraud,13.7
380,15980,43724,2025-09-18,High,False Positive,20.5
381,16045,8694,2025-09-17,Medium,Confirmed Fraud,20.7
382,16052,45207,2025-02-22,Low,Confirmed Fraud,10.5
383,16123,44712,2025-11-22,High,Confirmed Fraud,1.7
384,16159,14914,2025-07-02,Medium,Confirmed Fraud,15.4
385,16163,30050,2025-06-03,Low,Confirmed Fraud,11.7
386,16251,37944,2026-08-10,Low,Confirmed Fraud,4.4
387,16280,19028,2025-03-22,High,Confirmed Fraud,23.0
388,16383,9081,2026-05-26,Low,Confirmed Fraud,14.6
389,16409,8317,2026-02-14,Critical,Confirmed Fraud,13.9
390,16415,15226,2025-04-21,High,Confirmed Fraud,12.2
391,16476,27705,2026-07-09,High,Confirmed Fraud,12.1
392,16484,17885,2026-04-29,High,Confirmed Fraud,7.1
393,16556,25262,2026-03-14,Medium,False Positive,11.4
394,16630,28212,2026-05-06,High,Closed - No Fraud,15.8
395,16644,8461,2026-03-20,Medium,Confirmed Fraud,9.9
396,16702,28310,2025-07-21,Critical,Confirmed Fraud,10.2
397,16706,3685,2025-09-11,Low,Confirmed Fraud,33.5
398,16718,42076,2025-10-14,High,Confirmed Fraud,5.8
399,16807,19772,2025-05-24,Medium,Confirmed Fraud,4.2
400,16819,4876,2025-09-02,Low,Closed - No Fraud,11.1
401,16833,25641,2026-03-24,High,Confirmed Fraud,7.5
402,16840,33345,2025-06-04,Medium,Confirmed Fraud,25.3
403,16848,39634,2026-04-07,High,Confirmed Fraud,38.8
404,16878,40386,2026-03-18,Medium,Confirmed Fraud,8.6
405,16906,4952,2026-12-24,High,Confirmed Fraud,7.3
406,16912,45842,2025-10-28,High,Confirmed Fraud,62.7
407,16929,45843,2025-11-14,Low,Confirmed Fraud,5.6
408,16966,14765,2025-08-19,High,Confirmed Fraud,20.0
409,17010,32093,2025-11-04,Medium,False Positive,12.6
410,17018,33957,2025-11-25,Medium,Closed - No Fraud,6.5
411,17072,13300,2025-01-04,Critical,Confirmed Fraud,11.8
412,17118,33164,2025-02-17,Critical,False Positive,7.8
413,17131,48887,2026-10-08,High,Closed - No Fraud,4.9
414,17140,12656,2025-01-19,High,Confirmed Fraud,16.1
415,17249,11603,2025-03-27,Critical,Confirmed Fraud,18.6
416,17268,32784,2026-07-28,High,Confirmed Fraud,3.6
417,17312,42472,2025-01-02,Critical,False Positive,5.1
418,17346,32663,2026-12-24,High,Confirmed Fraud,12.4
419,17366,32192,2025-01-25,High,Under Review,4.6
420,17371,42178,2025-08-09,High,Confirmed Fraud,2.7
421,17436,36162,2026-12-20,Medium,Confirmed Fraud,2.2
422,17462,46592,2025-05-01,Low,Confirmed Fraud,9.6
423,17625,38520,2026-06-17,Medium,Confirmed Fraud,12.4
424,17646,43628,2026-02-19,High,Confirmed Fraud,7.9
425,17678,15658,2026-03-27,Medium,Confirmed Fraud,16.7
426,17759,2752,2026-04-03,High,Closed - No Fraud,4.3
427,17806,15927,2025-11-20,Medium,False Positive,17.0
428,17838,49789,2025-04-24,Medium,Confirmed Fraud,10.4
429,17929,13407,2025-12-12,Medium,Confirmed Fraud,9.3
430,18007,7657,2026-11-27,High,Confirmed Fraud,7.4
431,18011,32855,2026-07-06,Medium,Confirmed Fraud,7.8
432,18041,28459,2025-02-06,High,Confirmed Fraud,9.4
433,18079,18826,2025-08-12,Medium,Confirmed Fraud,21.4
434,18142,46475,2026-06-06,High,Confirmed Fraud,19.0
435,18148,47245,2025-09-10,High,Confirmed Fraud,7.6
436,18194,18250,2025-09-21,Medium,Confirmed Fraud,11.0
437,18353,2227,2025-12-14,High,Confirmed Fraud,13.1
438,18360,41155,2025-03-20,Critical,Confirmed Fraud,8.0
439,18372,21820,2025-07-16,Critical,Confirmed Fraud,5.5
440,18387,22420,2025-07-01,Low,Confirmed Fraud,5.7
441,18413,29265,2025-07-27,High,Confirmed Fraud,2.9
442,18430,6794,2025-09-26,Medium,Confirmed Fraud,11.7
443,18536,46292,2026-04-13,Medium,Confirmed Fraud,19.6
444,18550,27549,2025-01-28,Low,Confirmed Fraud,9.3
445,18574,14010,2025-04-26,High,Confirmed Fraud,36.3
446,18575,12836,2026-04-08,Critical,Confirmed Fraud,3.7
447,18585,36042,2025-08-04,Medium,Confirmed Fraud,17.3
448,18595,46022,2025-10-13,Critical,Confirmed Fraud,6.9
449,18613,6297,2025-10-06,Medium,Confirmed Fraud,5.4
450,18790,11674,2025-08-27,High,Confirmed Fraud,12.8
451,18821,36173,2026-08-13,Medium,Confirmed Fraud,9.0
452,18839,39124,2025-06-07,Medium,Confirmed Fraud,69.8
453,18851,34928,2026-05-16,High,Under Review,21.5
454,18855,22611,2026-07-11,Critical,Confirmed Fraud,7.8
455,18891,5249,2026-12-30,High,Confirmed Fraud,5.9
456,18907,28555,2025-05-22,Low,Under Review,28.8
457,18976,40050,2025-08-17,Low,Confirmed Fraud,17.4
458,18992,39020,2025-04-19,High,Confirmed Fraud,32.6
459,19007,1198,2026-05-05,High,Under Review,74.7
460,19069,41596,2025-08-14,Medium,Confirmed Fraud,1.2
461,19081,26312,2026-09-19,High,Under Review,9.3
462,19104,35816,2025-12-12,Medium,Confirmed Fraud,4.6
463,19106,40200,2026-04-19,High,Confirmed Fraud,13.2
464,19151,14853,2025-03-19,Medium,Confirmed Fraud,4.1
465,19240,28510,2025-05-03,Critical,Under Review,14.7
466,19253,24252,2025-04-30,Medium,Confirmed Fraud,9.1
467,19309,7894,2025-12-13,Low,Confirmed Fraud,4.8
468,19389,10330,2025-03-04,High,Confirmed Fraud,20.2
469,19450,12397,2025-07-23,Critical,Confirmed Fraud,8.7
470,19453,48437,2025-08-05,High,Closed - No Fraud,18.3
471,19493,7173,2025-05-20,Medium,Under Review,21.3
472,19517,38477,2025-02-16,Critical,False Positive,22.4
473,19690,40249,2025-03-31,High,Closed - No Fraud,19.4
474,19706,36768,2025-04-05,Low,Confirmed Fraud,3.7
475,19775,46592,2026-02-23,High,Under Review,47.5
476,19802,12682,2026-06-20,Medium,Confirmed Fraud,10.3
477,19819,10636,2025-06-21,High,Confirmed Fraud,19.4
478,19874,23684,2025-06-26,Medium,Confirmed Fraud,16.1
479,19911,25535,2025-01-04,High,Confirmed Fraud,28.6
480,19951,43363,2025-02-27,High,Confirmed Fraud,6.7
481,20214,34669,2025-10-10,Medium,Confirmed Fraud,10.5
482,20228,46041,2026-07-07,Medium,Closed - No Fraud,5.0
483,20294,36336,2025-04-16,High,Confirmed Fraud,10.0
484,20317,44415,2025-05-01,Critical,Confirmed Fraud,21.1
485,20371,40349,2025-10-06,Medium,Confirmed Fraud,31.2
486,20380,31559,2026-08-23,Critical,Closed - No Fraud,17.8
487,20387,48456,2025-06-27,High,Closed - No Fraud,30.7
488,20426,27821,2026-02-02,Medium,Confirmed Fraud,1.2
489,20459,19653,2026-10-25,Medium,Under Review,10.9
490,20647,2425,2026-02-19,High,False Positive,21.2
491,20680,15854,2025-02-14,Critical,Confirmed Fraud,58.4
492,20720,39589,2026-09-08,High,Closed - No Fraud,3.4
493,20740,14878,2025-09-06,Medium,False Positive,17.9
494,20760,22559,2026-09-24,Low,Confirmed Fraud,6.3
495,20782,14151,2025-09-18,High,Under Review,20.8
496,20795,16811,2025-04-18,Medium,Confirmed Fraud,6.0
497,20801,20972,2026-09-04,High,Confirmed Fraud,13.8
498,20955,1198,2025-01-21,Medium,Confirmed Fraud,6.7
499,21065,36525,2025-07-01,Critical,Confirmed Fraud,4.5
500,21150,41192,2025-02-13,Low,Closed - No Fraud,5.5
501,21169,28129,2026-06-29,Medium,Confirmed Fraud,15.0
502,21182,500,2025-10-06,Medium,Confirmed Fraud,12.8
503,21203,16832,2026-11-10,Medium,Closed - No Fraud,11.7
504,21210,41194,2025-01-02,High,False Positive,13.6
505,21239,33563,2025-02-21,Medium,Confirmed Fraud,1.3
506,21265,48928,2026-10-10,Medium,Confirmed Fraud,30.1
507,21313,26753,2025-08-12,Critical,Confirmed Fraud,9.6
508,21399,2759,2026-10-07,Medium,Confirmed Fraud,2.2
509,21427,20505,2025-06-03,Medium,Confirmed Fraud,15.2
510,21462,40285,2026-05-27,Critical,False Positive,5.5
511,21495,26676,2025-05-02,Low,Confirmed Fraud,12.9
512,21496,14304,2025-03-08,High,Under Review,1.5
513,21578,4661,2025-05-13,High,Closed - No Fraud,3.2
514,21616,32977,2026-05-17,Critical,Confirmed Fraud,9.9
515,21637,31146,2025-11-05,Medium,Closed - No Fraud,6.6
516,21656,8263,2025-04-05,High,Under Review,21.1
517,21694,40921,2025-08-22,Critical,Under Review,5.9
518,21708,26876,2026-01-23,Low,Confirmed Fraud,9.7
519,21769,6698,2025-12-27,High,Confirmed Fraud,2.2
520,21830,27317,2025-10-08,High,Confirmed Fraud,9.1
521,21852,7245,2026-04-07,High,Confirmed Fraud,1.4
522,21877,43742,2025-09-12,Low,Confirmed Fraud,3.1
523,21927,40089,2026-11-23,Medium,Confirmed Fraud,2.8
524,21966,6404,2026-01-30,High,Confirmed Fraud,17.1
525,22146,35845,2025-05-08,High,Confirmed Fraud,16.6
526,22150,8052,2026-04-10,Medium,Confirmed Fraud,11.6
527,22166,5824,2025-11-18,Medium,Confirmed Fraud,35.9
528,22190,14784,2026-10-19,High,Confirmed Fraud,26.1
529,22193,30779,2026-07-06,High,Confirmed Fraud,9.8
530,22203,7516,2026-06-15,Medium,Confirmed Fraud,28.9
531,22216,21930,2025-03-08,Medium,Confirmed Fraud,23.8
532,22289,35844,2025-05-20,Low,Confirmed Fraud,23.4
533,22291,15704,2025-02-13,Medium,Under Review,35.6
534,22351,7484,2026-08-21,High,Confirmed Fraud,16.0
535,22380,24248,2025-10-10,Low,Closed - No Fraud,3.9
536,22382,34365,2026-01-27,Critical,Confirmed Fraud,11.1
537,22429,20168,2026-01-27,Critical,Under Review,15.1
538,22441,45332,2025-06-07,High,Confirmed Fraud,14.4
539,22452,20488,2026-08-03,High,Confirmed Fraud,37.4
540,22476,42666,2025-06-08,High,Confirmed Fraud,11.0
541,22505,3861,2026-05-04,Medium,Confirmed Fraud,6.9
542,22517,39806,2025-07-30,Critical,Confirmed Fraud,10.8
543,22535,23179,2025-05-22,High,Confirmed Fraud,10.8
544,22558,26814,2026-03-06,High,Confirmed Fraud,12.5
545,22643,9068,2026-09-14,Low,Confirmed Fraud,4.9
546,22650,25616,2025-08-23,Medium,Under Review,32.6
547,22654,33962,2025-07-15,High,Confirmed Fraud,3.8
548,22723,7630,2025-06-25,High,Under Review,8.3
549,22865,39159,2026-12-29,Critical,False Positive,24.8
550,22906,4038,2026-12-08,Medium,Confirmed Fraud,71.6
551,22908,48471,2025-06-08,High,Confirmed Fraud,13.4
552,22925,28789,2025-01-14,High,Closed - No Fraud,7.8
553,22970,38528,2026-01-29,High,Confirmed Fraud,6.1
554,23010,6956,2025-11-22,Medium,Confirmed Fraud,8.5
555,23023,29096,2025-12-01,High,False Positive,13.8
556,23075,12947,2025-04-01,Low,Closed - No Fraud,14.0
557,23098,30326,2025-01-20,Critical,False Positive,9.6
558,23165,31266,2026-08-07,Medium,Confirmed Fraud,8.4
559,23177,17647,2025-02-05,Medium,Under Review,9.7
560,23265,25117,2026-09-25,High,Confirmed Fraud,10.0
561,23271,47349,2026-02-01,Medium,Confirmed Fraud,3.3
562,23342,43470,2025-03-11,High,Confirmed Fraud,4.9
563,23358,26644,2025-01-07,Medium,Confirmed Fraud,13.8
564,23370,39958,2026-01-27,Medium,Confirmed Fraud,20.7
565,23414,37751,2026-10-30,Medium,Confirmed Fraud,2.6
566,23431,7928,2025-11-28,High,False Positive,15.2
567,23459,42100,2026-01-27,Critical,Under Review,4.3
568,23488,24070,2026-07-10,High,Confirmed Fraud,11.1
569,23499,11310,2026-01-27,High,Confirmed Fraud,31.3
570,23600,20811,2025-09-05,Medium,False Positive,10.3
571,23677,33314,2025-01-15,Critical,Confirmed Fraud,8.1
572,23683,30337,2026-02-12,High,Confirmed Fraud,2.6
573,23718,11492,2026-12-14,High,Closed - No Fraud,26.6
574,23786,31354,2026-11-11,High,Confirmed Fraud,11.4
575,23831,44960,2026-07-31,Medium,Under Review,8.9
576,23843,43227,2026-08-21,High,Confirmed Fraud,9.4
577,23869,43980,2026-07-23,Medium,Under Review,17.6
578,23972,26431,2025-03-06,Critical,Confirmed Fraud,14.4
579,23984,10299,2025-07-11,High,False Positive,28.4
580,24008,38149,2025-04-10,Critical,Confirmed Fraud,4.0
581,24030,36014,2026-12-28,Low,False Positive,8.1
582,24059,28883,2026-05-03,Low,False Positive,5.4
583,24074,3673,2025-01-26,Critical,Confirmed Fraud,2.7
584,24079,14779,2025-01-20,Medium,Closed - No Fraud,34.6
585,24134,44276,2026-05-11,Critical,Confirmed Fraud,12.4
586,24186,37423,2026-10-17,Medium,Closed - No Fraud,19.4
587,24188,32998,2025-12-29,High,Confirmed Fraud,8.6
588,24202,8117,2026-02-19,High,Confirmed Fraud,18.7
589,24242,21850,2025-05-18,Medium,Confirmed Fraud,6.4
590,24293,26649,2025-11-21,Medium,Confirmed Fraud,18.3
591,24302,46605,2025-08-26,Medium,Confirmed Fraud,5.1
592,24330,13534,2025-05-05,Critical,Confirmed Fraud,76.8
593,24343,33813,2025-06-29,High,Confirmed Fraud,20.1
594,24356,3327,2026-04-28,Medium,Confirmed Fraud,39.8
595,24473,13784,2025-06-19,High,Confirmed Fraud,7.2
596,24490,24257,2025-04-04,Medium,Confirmed Fraud,31.6
597,24493,20440,2026-10-12,High,Closed - No Fraud,119.5
598,24519,11834,2025-01-30,Low,False Positive,17.8
599,24534,41799,2025-07-16,Medium,Confirmed Fraud,27.4
600,24590,24453,2026-10-11,Medium,Under Review,1.6
601,24640,11870,2026-05-26,High,Confirmed Fraud,22.5
602,24741,31324,2025-04-05,High,Confirmed Fraud,4.2
603,24742,47329,2025-11-10,High,Confirmed Fraud,7.7
604,24745,49054,2026-04-14,Medium,False Positive,5.5
605,24768,35936,2025-01-14,Critical,Closed - No Fraud,11.4
606,24841,21118,2026-03-02,High,Confirmed Fraud,7.1
607,24857,46568,2025-09-28,Medium,Closed - No Fraud,20.5
608,24869,48764,2025-12-15,Medium,Closed - No Fraud,25.9
609,24982,38938,2025-09-19,High,Confirmed Fraud,9.6
610,25005,46711,2026-03-19,High,Closed - No Fraud,7.4
611,25024,34887,2025-02-23,High,Closed - No Fraud,23.6
612,25030,17410,2025-04-02,Critical,Confirmed Fraud,19.3
613,25064,33575,2026-04-28,Low,Confirmed Fraud,11.6
614,25121,16784,2026-05-27,High,Confirmed Fraud,11.1
615,25143,34771,2025-08-09,High,Under Review,1.5
616,25167,23773,2026-02-10,Medium,False Positive,12.7
617,25210,28365,2025-04-22,Medium,Under Review,5.0
618,25221,20421,2025-12-26,Medium,Closed - No Fraud,3.3
619,25258,8016,2025-09-13,Low,False Positive,12.6
620,25275,42611,2026-12-28,Critical,Closed - No Fraud,18.0
621,25316,25598,2025-10-21,High,Confirmed Fraud,30.5
622,25402,476,2025-03-07,High,Confirmed Fraud,18.0
623,25520,34356,2025-03-15,Medium,Closed - No Fraud,6.8
624,25549,4067,2025-12-29,Medium,False Positive,8.6
625,25601,13770,2026-08-25,Low,Confirmed Fraud,3.7
626,25650,34839,2025-02-25,Low,Confirmed Fraud,4.2
627,25657,44615,2025-08-14,Medium,Confirmed Fraud,12.4
628,25669,13775,2026-10-09,Medium,Confirmed Fraud,3.3
629,25674,20574,2026-08-29,Medium,Confirmed Fraud,18.8
630,25711,18785,2025-04-10,Low,Closed - No Fraud,21.5
631,25716,35847,2026-06-16,High,Confirmed Fraud,7.2
632,25717,26227,2025-04-01,High,Confirmed Fraud,18.4
633,25747,22037,2026-11-09,Medium,Confirmed Fraud,12.1
634,25826,19389,2026-04-22,High,Confirmed Fraud,10.3
635,25852,36652,2026-09-15,Low,Confirmed Fraud,7.5
636,25896,11272,2025-08-12,High,Confirmed Fraud,13.0
637,25899,46999,2025-12-15,High,Confirmed Fraud,13.8
638,25907,29382,2026-12-10,High,Confirmed Fraud,6.9
639,26000,32306,2025-04-09,Medium,False Positive,2.4
640,26095,31525,2025-12-06,Medium,Confirmed Fraud,22.0
641,26176,22363,2026-07-05,High,Confirmed Fraud,21.0
642,26215,13059,2025-10-18,High,False Positive,7.4
643,26246,20375,2026-01-13,High,Confirmed Fraud,3.7
644,26259,24527,2026-11-14,Critical,Confirmed Fraud,12.0
645,26268,37143,2025-11-25,Low,Confirmed Fraud,4.5
646,26283,25827,2025-11-14,High,Confirmed Fraud,19.5
647,26300,20144,2025-03-26,Medium,Confirmed Fraud,88.2
648,26342,49433,2025-11-27,High,Confirmed Fraud,12.1
649,26359,18161,2025-11-04,High,Confirmed Fraud,53.5
650,26519,31240,2025-08-18,Low,Confirmed Fraud,8.5
651,26549,23537,2025-07-27,Critical,Confirmed Fraud,42.5
652,26624,10121,2025-08-22,High,Confirmed Fraud,4.7
653,26627,7251,2026-08-27,Medium,Closed - No Fraud,18.2
654,26632,17136,2025-01-11,Medium,Confirmed Fraud,17.1
655,26643,5013,2025-03-18,Medium,Confirmed Fraud,10.0
656,26662,25414,2025-08-15,High,Confirmed Fraud,2.3
657,26694,42009,2026-08-16,Medium,Confirmed Fraud,1.6
658,26719,28795,2026-09-29,High,Confirmed Fraud,104.3
659,26726,19958,2026-04-11,High,Confirmed Fraud,10.4
660,26775,41727,2025-07-21,High,Confirmed Fraud,6.9
661,26784,36839,2026-03-24,High,False Positive,13.0
662,26789,30554,2026-01-19,High,Confirmed Fraud,24.0
663,26858,28218,2026-08-12,Medium,Under Review,6.5
664,26919,26272,2026-01-03,High,Closed - No Fraud,27.6
665,26986,9006,2025-06-29,Critical,Confirmed Fraud,14.3
666,26996,20187,2025-11-16,High,Under Review,4.0
667,27073,34440,2026-01-17,Low,False Positive,17.1
668,27084,41572,2026-11-24,Medium,Confirmed Fraud,24.5
669,27100,8560,2026-01-26,Low,Confirmed Fraud,39.0
670,27146,38990,2025-05-15,Medium,Confirmed Fraud,5.1
671,27180,12970,2025-02-12,High,Closed - No Fraud,17.2
672,27191,40277,2026-09-23,High,Confirmed Fraud,4.1
673,27244,22799,2026-06-24,Medium,Confirmed Fraud,30.7
674,27252,48958,2025-12-30,Low,Confirmed Fraud,15.4
675,27351,46730,2025-12-24,Medium,Confirmed Fraud,2.4
676,27396,25142,2025-01-24,High,Confirmed Fraud,7.2
677,27417,46496,2025-05-21,Medium,Confirmed Fraud,11.1
678,27475,3311,2025-11-13,Critical,Confirmed Fraud,31.2
679,27479,29219,2026-06-06,High,Confirmed Fraud,28.5
680,27486,32155,2025-04-24,High,Under Review,22.6
681,27488,1352,2026-09-04,High,Under Review,1.9
682,27509,35777,2025-11-02,Medium,Confirmed Fraud,9.1
683,27518,23861,2026-01-11,High,Confirmed Fraud,14.9
684,27546,27438,2025-09-09,High,Confirmed Fraud,34.3
685,27600,30407,2025-04-27,Medium,Confirmed Fraud,20.6
686,27691,10301,2026-08-20,High,Confirmed Fraud,14.5
687,27718,9908,2026-12-09,High,Confirmed Fraud,16.1
688,27770,11609,2026-11-18,High,Confirmed Fraud,32.1
689,27779,15383,2025-08-25,Low,Under Review,5.2
690,27781,48368,2026-05-03,High,Confirmed Fraud,13.3
691,27971,4101,2025-04-15,Critical,Confirmed Fraud,6.5
692,28013,10077,2026-12-19,Low,Confirmed Fraud,22.1
693,28022,38513,2025-04-08,Medium,False Positive,20.6
694,28057,41090,2025-12-07,Critical,Confirmed Fraud,15.5
695,28059,49505,2026-04-23,High,Confirmed Fraud,18.3
696,28073,19896,2025-06-20,High,Under Review,2.6
697,28080,14161,2025-02-24,Critical,Confirmed Fraud,3.3
698,28096,49196,2025-06-23,Low,Confirmed Fraud,11.2
699,28113,34496,2025-05-22,High,Confirmed Fraud,17.3
700,28134,33700,2026-10-20,High,Confirmed Fraud,10.4
701,28168,37455,2026-11-14,Medium,Confirmed Fraud,1.0
702,28270,24962,2025-08-16,High,Confirmed Fraud,16.9
703,28344,24725,2026-07-25,Low,Under Review,3.5
704,28353,21842,2026-09-15,High,Confirmed Fraud,28.7
705,28382,49652,2026-02-20,High,Confirmed Fraud,10.2
706,28398,9121,2025-04-16,Medium,Confirmed Fraud,13.4
707,28456,5138,2025-04-20,High,Confirmed Fraud,14.7
708,28508,44131,2025-02-03,Critical,Confirmed Fraud,20.9
709,28581,27853,2025-12-25,High,Confirmed Fraud,5.4
710,28596,5811,2026-11-06,Low,False Positive,6.2
711,28605,27937,2026-04-26,High,Under Review,3.5
712,28615,3663,2026-05-27,High,Confirmed Fraud,33.1
713,28687,32058,2026-05-20,Critical,Confirmed Fraud,13.0
714,28730,2201,2025-03-27,Critical,Under Review,35.9
715,28813,19810,2025-03-02,High,Under Review,19.8
716,28829,9007,2025-08-24,Medium,Confirmed Fraud,21.3
717,28838,2,2025-06-22,High,Confirmed Fraud,7.9
718,28841,5089,2026-01-14,Medium,Confirmed Fraud,11.0
719,28874,33804,2025-06-06,Medium,Under Review,5.8
720,29026,42878,2025-09-23,Low,Closed - No Fraud,9.9
721,29090,24919,2025-07-01,Medium,Confirmed Fraud,8.1
722,29194,12576,2025-01-22,Medium,Confirmed Fraud,12.1
723,29251,20209,2025-05-22,Critical,Confirmed Fraud,2.6
724,29332,28453,2026-02-22,High,Confirmed Fraud,3.2
725,29391,22993,2025-11-16,Medium,Confirmed Fraud,15.2
726,29482,14411,2025-01-11,Medium,Confirmed Fraud,15.6
727,29520,32559,2026-07-21,Medium,Confirmed Fraud,21.8
728,29536,20118,2025-08-07,Medium,Confirmed Fraud,12.1
729,29545,21253,2025-02-14,High,False Positive,15.5
730,29577,20574,2026-03-28,Low,Confirmed Fraud,6.4
731,29652,16236,2026-08-03,Low,Confirmed Fraud,18.0
732,29729,35940,2025-12-10,Critical,Confirmed Fraud,3.0
733,29748,23929,2025-02-02,Critical,Confirmed Fraud,4.7
734,29784,43703,2025-09-04,Medium,Confirmed Fraud,5.1
735,29802,19719,2025-07-04,Medium,False Positive,8.5
736,29828,7790,2026-07-06,High,Under Review,5.7
737,29848,47979,2025-05-03,Medium,Closed - No Fraud,18.1
738,29875,26006,2025-04-22,Medium,False Positive,8.6
739,29885,28051,2026-12-09,High,False Positive,3.4
740,29893,26444,2025-02-13,Medium,Confirmed Fraud,8.4
741,29940,23881,2026-07-26,Critical,Confirmed Fraud,5.7
742,29965,1134,2026-04-26,Medium,Closed - No Fraud,12.0
743,29970,17045,2025-04-13,Medium,Closed - No Fraud,27.2
744,30082,28002,2026-04-04,Medium,Confirmed Fraud,26.5
745,30175,4946,2025-04-05,Low,Confirmed Fraud,2.1
746,30206,14213,2025-07-16,High,Confirmed Fraud,46.8
747,30229,10791,2025-01-17,Critical,False Positive,7.7
748,30319,46024,2025-09-24,High,Confirmed Fraud,4.5
749,30339,11971,2026-11-23,High,Closed - No Fraud,5.4
750,30340,25740,2025-09-09,Medium,Closed - No Fraud,20.9
751,30360,1641,2025-04-18,Critical,False Positive,17.9
752,30367,32669,2025-07-11,Medium,Confirmed Fraud,8.6
753,30441,14896,2026-07-05,Medium,Confirmed Fraud,7.0
754,30447,241,2025-04-11,Medium,False Positive,12.4
755,30488,173,2025-06-10,High,Confirmed Fraud,15.4
756,30591,12593,2025-06-13,Critical,Confirmed Fraud,17.7
757,30654,42615,2025-12-06,Critical,Confirmed Fraud,5.0
758,30722,27417,2025-12-25,High,Confirmed Fraud,5.1
759,30733,42360,2026-11-02,Low,Confirmed Fraud,17.9
760,30760,6932,2026-11-12,Medium,Closed - No Fraud,9.8
761,30785,38048,2026-12-04,Low,Confirmed Fraud,6.8
762,30854,31380,2025-10-07,Low,Confirmed Fraud,7.7
763,30897,46750,2025-07-16,Low,Confirmed Fraud,12.4
764,30939,16305,2025-03-19,High,Confirmed Fraud,4.4
765,30949,23495,2026-03-17,Medium,Closed - No Fraud,31.0
766,30950,1614,2025-05-23,Medium,Under Review,17.4
767,30975,24185,2025-04-26,High,Confirmed Fraud,11.2
768,31042,39734,2025-02-15,High,Confirmed Fraud,19.4
769,31191,42341,2025-09-25,High,Confirmed Fraud,9.6
770,31194,23646,2026-04-18,High,Confirmed Fraud,40.2
771,31221,35121,2025-05-03,High,False Positive,40.7
772,31232,12577,2026-01-12,Medium,Confirmed Fraud,37.6
773,31287,25056,2026-10-29,High,Confirmed Fraud,8.3
774,31331,36579,2025-04-01,Critical,Confirmed Fraud,42.0
775,31362,11203,2026-12-14,Medium,Confirmed Fraud,4.2
776,31433,6139,2026-07-25,Medium,Confirmed Fraud,3.1
777,31434,11111,2025-12-08,Low,Confirmed Fraud,64.3
778,31496,21495,2026-12-20,Critical,False Positive,3.8
779,31549,8680,2026-05-20,Critical,False Positive,4.7
780,31561,35392,2025-02-07,High,Closed - No Fraud,7.1
781,31618,5999,2025-02-25,High,Confirmed Fraud,21.8
782,31745,5053,2025-09-24,High,Closed - No Fraud,4.4
783,31771,30454,2026-07-10,Medium,Under Review,18.0
784,31779,11942,2025-05-23,Medium,Confirmed Fraud,11.5
785,31799,13705,2026-10-30,Critical,Confirmed Fraud,19.3
786,31829,1528,2026-12-21,Medium,Confirmed Fraud,12.4
787,31853,15798,2025-10-03,Medium,Confirmed Fraud,4.9
788,31904,44241,2026-02-05,High,Confirmed Fraud,16.8
789,31973,760,2026-03-14,Critical,Confirmed Fraud,51.7
790,31993,30699,2025-06-23,Medium,Confirmed Fraud,12.4
791,31997,42219,2025-02-18,Critical,Confirmed Fraud,10.8
792,32102,29281,2025-06-26,Medium,Confirmed Fraud,40.2
793,32259,42128,2026-08-06,Medium,Confirmed Fraud,1.7
794,32290,3234,2025-06-12,Medium,Confirmed Fraud,4.1
795,32326,2061,2025-06-03,Medium,Confirmed Fraud,56.6
796,32347,44366,2026-09-22,Critical,Under Review,35.9
797,32361,32093,2025-04-20,Low,Confirmed Fraud,28.7
798,32374,7791,2025-05-27,Low,Confirmed Fraud,6.3
799,32443,27707,2025-01-03,Medium,Confirmed Fraud,9.3
800,32494,24407,2026-12-10,Medium,Closed - No Fraud,7.3
801,32498,12547,2025-02-22,Critical,Confirmed Fraud,6.4
802,32545,11582,2026-06-08,Medium,Confirmed Fraud,20.4
803,32587,12056,2025-07-02,Critical,Confirmed Fraud,32.6
804,32594,34702,2026-07-29,Medium,Confirmed Fraud,15.3
805,32714,9606,2025-03-31,High,Confirmed Fraud,8.6
806,32737,43969,2026-09-05,Critical,False Positive,17.7
807,32755,33669,2025-02-13,Medium,False Positive,14.4
808,32854,6566,2025-03-06,Medium,Under Review,14.9
809,32984,6678,2025-01-15,Low,Confirmed Fraud,8.5
810,33032,11596,2025-06-17,Medium,Confirmed Fraud,2.8
811,33089,2305,2025-06-27,High,Confirmed Fraud,5.2
812,33105,42351,2026-02-27,Critical,False Positive,23.7
813,33242,19714,2025-02-08,High,Closed - No Fraud,2.2
814,33387,49041,2025-04-06,Critical,Closed - No Fraud,7.3
815,33435,4486,2025-10-19,Medium,Under Review,2.9
816,33504,48674,2025-06-22,Medium,Confirmed Fraud,16.4
817,33514,6773,2025-05-01,Critical,Confirmed Fraud,17.9
818,33526,32144,2026-03-07,Medium,Confirmed Fraud,22.2
819,33789,41621,2025-02-25,High,Confirmed Fraud,15.0
820,33828,6031,2025-01-12,High,Confirmed Fraud,7.0
821,33849,3387,2025-05-03,Medium,Confirmed Fraud,39.2
822,33855,7389,2025-02-10,Medium,Confirmed Fraud,9.8
823,33912,12226,2025-08-29,Low,Confirmed Fraud,3.1
824,33943,19794,2025-05-09,Medium,Confirmed Fraud,29.8
825,33981,27062,2025-03-31,High,Confirmed Fraud,4.9
826,33994,8723,2025-04-03,Medium,Confirmed Fraud,11.2
827,34056,45047,2026-05-12,Low,Confirmed Fraud,11.2
828,34062,26821,2025-01-08,Medium,Confirmed Fraud,49.3
829,34158,5162,2025-05-21,Medium,Confirmed Fraud,8.4
830,34172,12862,2025-02-07,High,Confirmed Fraud,10.2
831,34199,2270,2026-08-23,High,Confirmed Fraud,17.5
832,34260,5840,2026-05-09,Medium,False Positive,8.5
833,34270,1089,2026-01-29,High,Confirmed Fraud,4.6
834,34312,23715,2026-05-06,High,Confirmed Fraud,8.6
835,34411,44996,2026-09-18,Medium,Confirmed Fraud,3.2
836,34429,46389,2026-10-23,High,Closed - No Fraud,52.8
837,34437,48150,2025-02-12,High,Closed - No Fraud,9.4
838,34495,47125,2025-01-02,Medium,Confirmed Fraud,7.5
839,34511,14071,2025-12-09,Medium,Confirmed Fraud,4.5
840,34579,5434,2025-12-04,High,Confirmed Fraud,4.1
841,34701,6523,2025-08-09,Critical,False Positive,15.8
842,34707,37685,2026-04-27,Medium,Confirmed Fraud,13.2
843,34717,19488,2025-05-15,Low,Confirmed Fraud,10.6
844,34809,39814,2025-07-16,High,Closed - No Fraud,28.0
845,34816,3216,2025-06-21,High,Confirmed Fraud,13.2
846,34845,21805,2025-05-25,Medium,Confirmed Fraud,37.4
847,35030,46504,2025-08-19,Medium,Confirmed Fraud,6.4
848,35082,43255,2025-05-11,Low,False Positive,29.8
849,35101,28766,2025-05-28,High,Under Review,14.8
850,35199,16125,2025-04-21,Low,Under Review,93.1
851,35200,10010,2026-02-23,Medium,Under Review,5.5
852,35231,15474,2026-01-19,Critical,Confirmed Fraud,17.8
853,35234,27606,2026-10-26,Critical,Confirmed Fraud,11.3
854,35242,8108,2026-10-07,High,Confirmed Fraud,5.6
855,35248,12178,2025-08-07,High,False Positive,45.5
856,35307,23190,2026-04-09,High,Confirmed Fraud,12.5
857,35366,9990,2026-04-02,Critical,Under Review,34.0
858,35479,45976,2026-11-27,Medium,Confirmed Fraud,24.9
859,35499,16372,2025-04-03,High,Confirmed Fraud,22.4
860,35518,3420,2025-06-15,Critical,Confirmed Fraud,21.9
861,35529,45195,2025-04-22,Critical,False Positive,125.8
862,35530,13090,2026-05-19,Low,Closed - No Fraud,2.7
863,35571,18018,2026-03-12,Medium,Under Review,17.8
864,35636,38655,2025-02-10,Low,Confirmed Fraud,14.3
865,35666,17778,2025-04-27,Low,Confirmed Fraud,2.8
866,35693,29468,2026-06-09,Medium,Confirmed Fraud,10.1
867,35718,25565,2025-01-30,Low,False Positive,3.8
868,35730,24262,2025-10-03,Medium,Confirmed Fraud,24.4
869,35767,23505,2025-03-13,Medium,Closed - No Fraud,20.0
870,36022,1909,2025-08-07,High,Confirmed Fraud,8.3
871,36100,13083,2025-07-12,Critical,Confirmed Fraud,5.3
872,36117,17250,2026-12-14,High,Confirmed Fraud,57.1
873,36231,10368,2025-06-02,High,Confirmed Fraud,8.5
874,36241,37133,2025-06-01,Medium,Confirmed Fraud,23.6
875,36279,33808,2025-04-14,Critical,Confirmed Fraud,5.5
876,36316,7214,2025-01-24,High,Confirmed Fraud,29.4
877,36320,42986,2026-01-31,Medium,Confirmed Fraud,11.7
878,36337,39743,2025-09-13,High,Confirmed Fraud,4.6
879,36370,16076,2025-12-20,High,Confirmed Fraud,5.0
880,36437,25156,2025-05-26,Low,Confirmed Fraud,19.6
881,36463,43866,2025-06-02,Low,Confirmed Fraud,11.8
882,36491,12888,2025-08-01,High,Confirmed Fraud,3.8
883,36496,12505,2026-11-17,Low,Closed - No Fraud,13.0
884,36687,47642,2025-04-02,High,Confirmed Fraud,12.7
885,36702,45204,2026-06-27,Low,Confirmed Fraud,1.3
886,36725,9322,2025-05-14,Low,False Positive,1.2
887,36764,41983,2025-08-11,High,Confirmed Fraud,2.5
888,36855,11951,2026-04-14,High,Confirmed Fraud,27.5
889,36970,29500,2025-12-28,High,Confirmed Fraud,13.3
890,36978,48205,2026-10-02,Medium,Confirmed Fraud,5.1
891,37003,15612,2025-02-10,Medium,Confirmed Fraud,17.2
892,37043,26843,2026-11-14,Medium,Confirmed Fraud,16.4
893,37083,1672,2025-09-19,High,Confirmed Fraud,6.8
894,37087,28917,2025-09-26,Medium,Confirmed Fraud,5.3
895,37090,45234,2025-01-30,Medium,Confirmed Fraud,4.3
896,37115,49178,2026-12-02,High,Confirmed Fraud,32.9
897,37121,6925,2026-09-25,Medium,Closed - No Fraud,5.7
898,37123,10606,2026-07-29,Medium,Confirmed Fraud,45.8
899,37128,11761,2026-11-01,Low,Closed - No Fraud,3.2
900,37168,20177,2025-12-10,High,Confirmed Fraud,3.9
901,37355,12256,2025-04-22,Low,Confirmed Fraud,7.3
902,37365,15881,2026-08-07,Critical,Confirmed Fraud,6.4
903,37379,1519,2026-08-17,Critical,Confirmed Fraud,5.2
904,37416,49070,2025-04-02,High,Confirmed Fraud,4.0
905,37424,10962,2025-11-11,High,Closed - No Fraud,13.6
906,37428,23227,2025-06-02,Medium,Under Review,4.5
907,37460,21593,2026-09-24,Low,Closed - No Fraud,6.4
908,37468,28811,2026-07-28,Critical,Confirmed Fraud,23.3
909,37477,20829,2025-09-10,Low,False Positive,9.5
910,37491,48717,2025-11-12,Medium,Under Review,9.6
911,37507,26006,2025-02-14,High,Confirmed Fraud,12.0
912,37538,14404,2025-02-07,High,Confirmed Fraud,4.7
913,37544,39943,2026-06-21,Medium,False Positive,8.2
914,37559,5532,2026-11-12,Low,Closed - No Fraud,11.7
915,37596,39555,2026-05-25,Low,Closed - No Fraud,15.9
916,37654,49329,2025-01-17,High,Confirmed Fraud,76.6
917,37792,48414,2026-10-28,High,Closed - No Fraud,41.2
918,37856,12494,2025-05-12,Critical,Confirmed Fraud,11.6
919,37913,39886,2025-10-21,Medium,Confirmed Fraud,9.5
920,37939,8191,2025-10-17,High,Confirmed Fraud,11.5
921,38004,14849,2026-10-28,High,Confirmed Fraud,10.2
922,38029,39515,2025-09-10,High,Confirmed Fraud,41.7
923,38039,29989,2026-09-16,High,Confirmed Fraud,17.5
924,38045,15653,2026-11-17,Medium,Closed - No Fraud,16.3
925,38072,48297,2026-01-10,Medium,Closed - No Fraud,23.9
926,38188,4601,2025-07-01,High,Under Review,11.2
927,38192,9802,2026-09-06,Medium,Under Review,7.3
928,38293,39971,2025-02-27,High,Under Review,15.3
929,38297,30009,2025-11-26,High,Confirmed Fraud,10.4
930,38319,15981,2025-10-20,High,Confirmed Fraud,16.1
931,38465,9531,2026-08-10,Medium,False Positive,5.5
932,38479,31706,2025-12-26,Medium,Confirmed Fraud,2.8
933,38501,17189,2025-09-10,Critical,Confirmed Fraud,9.2
934,38546,10476,2025-03-24,Medium,False Positive,5.3
935,38590,336,2026-01-22,Medium,Confirmed Fraud,26.7
936,38631,45210,2025-03-12,Medium,Confirmed Fraud,17.9
937,38639,29726,2026-02-12,Critical,Confirmed Fraud,9.0
938,38644,8666,2026-12-12,Low,Closed - No Fraud,2.6
939,38647,37537,2026-09-11,Medium,Closed - No Fraud,9.8
940,38702,22817,2026-05-29,Medium,Confirmed Fraud,2.9
941,38934,23826,2025-01-21,High,Closed - No Fraud,10.3
942,39008,40891,2026-09-28,Critical,Closed - No Fraud,4.7
943,39014,49422,2025-01-12,Medium,Under Review,14.8
944,39044,45005,2025-03-02,Critical,Confirmed Fraud,5.6
945,39076,31534,2025-06-02,High,Under Review,5.9
946,39149,31404,2025-05-31,Medium,Confirmed Fraud,8.2
947,39245,27329,2025-01-10,Medium,False Positive,11.6
948,39288,31109,2025-08-23,Medium,Confirmed Fraud,2.1
949,39404,47553,2026-05-08,Medium,Closed - No Fraud,5.8
950,39480,2908,2025-12-24,Medium,Confirmed Fraud,14.3
951,39523,32596,2026-01-21,Low,Confirmed Fraud,12.5
952,39590,11145,2025-01-22,High,Confirmed Fraud,8.5
953,39609,24478,2026-03-17,Medium,Confirmed Fraud,5.0
954,39833,24651,2025-02-17,Medium,Confirmed Fraud,25.6
955,39841,29736,2026-11-20,Critical,Confirmed Fraud,5.7
956,39873,17167,2025-03-16,High,Confirmed Fraud,5.1
957,39921,16420,2025-03-20,Critical,Confirmed Fraud,3.8
958,39991,5537,2026-07-30,Medium,Confirmed Fraud,3.9
959,40022,28247,2025-07-01,Medium,False Positive,14.7
960,40023,2562,2026-03-12,Critical,False Positive,10.6
961,40087,22498,2025-12-18,High,False Positive,16.4
962,40099,30733,2025-05-25,Low,Confirmed Fraud,12.0
963,40147,24147,2025-04-27,Low,Confirmed Fraud,25.9
964,40205,32298,2025-12-13,Critical,Closed - No Fraud,6.8
965,40211,1075,2026-12-09,Critical,Confirmed Fraud,16.0
966,40250,21589,2026-07-24,High,Confirmed Fraud,14.1
967,40268,47034,2026-11-10,High,Confirmed Fraud,2.5
968,40294,38627,2026-07-06,Critical,Confirmed Fraud,11.2
969,40319,20084,2026-06-22,High,Under Review,9.1
970,40336,32570,2026-06-12,High,Confirmed Fraud,15.8
971,40343,628,2026-09-28,Medium,Confirmed Fraud,24.1
972,40372,35099,2025-04-11,Medium,Closed - No Fraud,7.4
973,40473,10176,2026-02-06,High,Confirmed Fraud,15.0
974,40551,1266,2026-11-18,High,False Positive,4.9
975,40607,46347,2026-05-21,High,Confirmed Fraud,26.5
976,40702,12209,2025-06-30,Medium,Confirmed Fraud,4.9
977,40713,46701,2026-02-21,Medium,Confirmed Fraud,16.6
978,40726,40539,2025-11-13,High,Confirmed Fraud,94.5
979,40746,38371,2025-02-13,Medium,Under Review,54.2
980,40775,21499,2026-02-02,Medium,False Positive,3.7
981,40801,26926,2025-07-01,High,Confirmed Fraud,9.2
982,40812,41505,2025-01-24,Medium,Confirmed Fraud,4.7
983,40823,36986,2026-06-08,Critical,Closed - No Fraud,22.3
984,40824,46790,2026-08-22,High,Confirmed Fraud,15.8
985,40925,39553,2025-05-16,Critical,Confirmed Fraud,16.0
986,40930,45216,2026-11-01,High,Closed - No Fraud,21.3
987,40997,32645,2025-04-23,High,Under Review,25.6
988,41008,6467,2026-07-15,Critical,False Positive,6.9
989,41009,48431,2025-06-16,Critical,False Positive,5.4
990,41018,46259,2025-01-08,Medium,Confirmed Fraud,9.3
991,41064,20484,2026-09-24,High,Confirmed Fraud,15.3
992,41065,49312,2026-02-15,High,Confirmed Fraud,1.8
993,41083,47996,2026-11-17,High,Confirmed Fraud,9.7
994,41142,630,2026-07-13,Critical,Confirmed Fraud,17.6
995,41177,13097,2026-03-20,Medium,Confirmed Fraud,5.8
996,41180,44903,2025-09-14,High,Confirmed Fraud,22.3
997,41255,43310,2026-11-11,High,Confirmed Fraud,7.5
998,41315,23262,2025-07-28,High,Closed - No Fraud,9.5
999,41335,280,2025-10-02,High,Confirmed Fraud,9.5
1000,41396,28829,2025-11-20,Medium,Confirmed Fraud,26.4
1001,41404,27326,2026-12-07,Medium,Confirmed Fraud,4.5
1002,41511,41414,2025-01-12,Critical,Confirmed Fraud,1.5
1003,41543,26165,2025-06-30,Medium,Confirmed Fraud,40.0
1004,41565,25635,2026-11-28,Low,Closed - No Fraud,34.4
1005,41576,27030,2026-05-08,Medium,Confirmed Fraud,9.2
1006,41593,48282,2025-04-11,Medium,Confirmed Fraud,39.0
1007,41644,24688,2025-07-06,High,Confirmed Fraud,7.2
1008,41658,15064,2025-10-20,Medium,Confirmed Fraud,65.5
1009,41675,44037,2025-02-20,High,Confirmed Fraud,3.5
1010,41684,26505,2025-09-28,High,Confirmed Fraud,17.1
1011,41696,28386,2025-09-03,Medium,Confirmed Fraud,17.2
1012,41714,36940,2025-02-17,High,Confirmed Fraud,13.4
1013,41727,14682,2026-09-04,Low,Confirmed Fraud,61.5
1014,41848,23535,2025-11-29,High,Confirmed Fraud,2.0
1015,41868,30233,2025-04-09,Medium,False Positive,15.2
1016,41900,293,2026-09-19,Medium,Confirmed Fraud,7.7
1017,41964,38136,2025-06-04,High,Confirmed Fraud,24.5
1018,41968,18562,2025-10-25,Critical,Under Review,42.9
1019,42189,40478,2026-12-08,Critical,Confirmed Fraud,1.4
1020,42195,14342,2026-02-08,Medium,Confirmed Fraud,37.5
1021,42210,15360,2026-06-08,High,Confirmed Fraud,4.1
1022,42267,37698,2026-10-05,High,False Positive,16.0
1023,42308,34739,2025-11-14,Low,Closed - No Fraud,8.8
1024,42314,1641,2026-03-22,High,Closed - No Fraud,38.6
1025,42430,4043,2026-07-07,Medium,Confirmed Fraud,5.5
1026,42477,17147,2026-06-05,Medium,Confirmed Fraud,2.8
1027,42489,47263,2025-04-14,High,Confirmed Fraud,18.1
1028,42490,23928,2026-05-06,Medium,Confirmed Fraud,21.5
1029,42519,37539,2026-05-21,Critical,Closed - No Fraud,1.6
1030,42594,33059,2026-11-16,High,Confirmed Fraud,13.0
1031,42671,7349,2025-08-06,Medium,Confirmed Fraud,83.8
1032,42692,45206,2025-02-15,Critical,Confirmed Fraud,3.4
1033,42733,21313,2025-03-22,High,Confirmed Fraud,5.9
1034,42752,24655,2025-03-03,Critical,Confirmed Fraud,4.7
1035,42766,28925,2025-08-08,Medium,Confirmed Fraud,12.7
1036,42776,47652,2025-01-24,High,False Positive,15.0
1037,42818,48129,2026-11-24,High,Closed - No Fraud,26.2
1038,42848,1408,2025-03-22,Medium,Under Review,13.4
1039,42947,9556,2026-08-22,High,False Positive,27.9
1040,42997,14742,2026-08-02,Low,Under Review,17.7
1041,43002,43064,2025-03-05,Medium,Confirmed Fraud,7.5
1042,43017,22847,2026-05-04,Medium,Confirmed Fraud,4.2
1043,43025,28342,2026-05-02,High,Confirmed Fraud,14.0
1044,43063,42182,2025-10-02,High,Confirmed Fraud,22.6
1045,43100,30388,2025-11-14,High,Confirmed Fraud,9.5
1046,43140,3982,2026-11-08,High,Confirmed Fraud,9.2
1047,43157,7976,2026-03-10,Low,Confirmed Fraud,1.5
1048,43248,26820,2026-02-23,Medium,Confirmed Fraud,21.4
1049,43251,46622,2025-08-31,High,Confirmed Fraud,19.3
1050,43258,30265,2026-11-30,Medium,Confirmed Fraud,28.9
1051,43286,44317,2026-03-12,High,Confirmed Fraud,6.6
1052,43303,9925,2026-04-19,High,Confirmed Fraud,7.0
1053,43415,13932,2026-05-21,High,Closed - No Fraud,14.8
1054,43446,29563,2026-01-20,Critical,Confirmed Fraud,26.5
1055,43473,2129,2025-08-02,Critical,Confirmed Fraud,8.1
1056,43605,33443,2026-01-13,Medium,Confirmed Fraud,19.6
1057,43708,23609,2026-09-24,Medium,Confirmed Fraud,14.5
1058,43711,36377,2025-10-03,High,Confirmed Fraud,12.5
1059,43746,42053,2025-04-19,Low,Under Review,43.5
1060,43760,31868,2025-10-21,Critical,Confirmed Fraud,7.4
1061,43861,7159,2026-06-28,High,Confirmed Fraud,28.2
1062,43975,44492,2025-10-29,Medium,Confirmed Fraud,10.5
1063,43996,42117,2026-06-13,Low,Confirmed Fraud,34.7
1064,44010,15614,2025-01-18,Medium,Confirmed Fraud,12.8
1065,44028,38196,2025-09-13,Low,Confirmed Fraud,25.0
1066,44089,16258,2026-12-05,High,Confirmed Fraud,19.6
1067,44112,3224,2025-07-10,High,Confirmed Fraud,31.2
1068,44168,40334,2026-05-19,Medium,Confirmed Fraud,21.8
1069,44215,35569,2025-04-16,Medium,Confirmed Fraud,4.9
1070,44228,19370,2026-10-29,Critical,Confirmed Fraud,11.3
1071,44291,17565,2026-12-01,High,Confirmed Fraud,6.9
1072,44325,13821,2025-02-27,High,Confirmed Fraud,25.7
1073,44366,25225,2026-11-08,Medium,Confirmed Fraud,9.0
1074,44401,43176,2026-04-08,High,False Positive,12.3
1075,44477,32703,2025-07-16,Medium,Under Review,51.7
1076,44496,33288,2026-12-02,Medium,Confirmed Fraud,20.0
1077,44542,9029,2026-12-04,Critical,False Positive,23.2
1078,44648,36006,2026-05-08,High,Confirmed Fraud,10.6
1079,44669,41458,2025-10-22,Low,Confirmed Fraud,6.6
1080,44676,33277,2026-09-17,High,Confirmed Fraud,19.2
1081,44713,42865,2025-07-03,Medium,Confirmed Fraud,1.7
1082,44714,19331,2026-03-14,Medium,Confirmed Fraud,16.1
1083,44773,39285,2025-11-10,Medium,Confirmed Fraud,25.3
1084,44846,36159,2025-03-01,High,False Positive,5.3
1085,44857,24774,2025-08-20,High,Confirmed Fraud,11.7
1086,44860,8601,2025-03-26,Medium,Confirmed Fraud,18.4
1087,44917,41803,2025-06-27,High,Confirmed Fraud,7.2
1088,44923,10823,2025-04-16,Critical,Under Review,1.6
1089,44943,41186,2026-06-27,High,Under Review,5.5
1090,44964,30007,2026-05-02,High,Confirmed Fraud,8.3
1091,44984,42486,2026-07-01,Medium,Confirmed Fraud,35.2
1092,44987,45098,2026-02-18,High,Under Review,7.5
1093,45017,18835,2025-09-03,Critical,Confirmed Fraud,16.0
1094,45043,12058,2026-05-17,High,Confirmed Fraud,16.6
1095,45045,32852,2025-01-30,High,Closed - No Fraud,10.8
1096,45104,5734,2026-07-25,High,False Positive,13.3
1097,45135,894,2025-08-31,High,False Positive,9.9
1098,45203,46305,2025-07-04,Medium,Confirmed Fraud,7.1
1099,45345,7817,2026-12-04,Medium,Confirmed Fraud,6.2
1100,45366,49819,2026-09-19,High,Confirmed Fraud,10.8
1101,45385,33713,2025-10-18,High,Confirmed Fraud,8.2
1102,45409,11502,2026-07-29,Medium,False Positive,47.5
1103,45427,43949,2025-02-11,Critical,Confirmed Fraud,11.9
1104,45430,38119,2025-03-15,High,Closed - No Fraud,3.8
1105,45465,10483,2026-06-04,High,Confirmed Fraud,5.4
1106,45530,23205,2025-12-15,Low,Confirmed Fraud,4.4
1107,45534,26171,2026-09-07,Critical,Confirmed Fraud,51.5
1108,45610,3485,2025-01-24,High,Confirmed Fraud,14.0
1109,45627,11448,2026-06-06,Critical,Confirmed Fraud,7.1
1110,45635,4940,2025-01-28,Medium,Confirmed Fraud,7.2
1111,45696,32610,2026-10-10,Critical,Confirmed Fraud,8.4
1112,45700,34729,2026-02-11,High,Confirmed Fraud,6.3
1113,45708,28131,2026-10-19,High,Confirmed Fraud,12.0
1114,45821,26833,2026-01-06,Critical,Closed - No Fraud,16.4
1115,45855,42626,2025-01-03,Critical,Confirmed Fraud,2.6
1116,45886,43696,2025-01-20,High,Confirmed Fraud,3.0
1117,45957,23226,2026-08-31,Critical,Closed - No Fraud,9.0
1118,45975,22679,2025-02-17,Medium,Confirmed Fraud,10.6
1119,46091,34552,2025-01-18,Low,Confirmed Fraud,4.4
1120,46144,23209,2025-05-22,High,False Positive,6.8
1121,46160,6675,2025-02-23,Low,Confirmed Fraud,10.3
1122,46181,21158,2025-03-11,Low,Under Review,7.6
1123,46214,48800,2025-12-25,High,Confirmed Fraud,10.8
1124,46292,16193,2025-09-13,Medium,False Positive,10.9
1125,46296,31240,2026-11-25,Low,Confirmed Fraud,15.6
1126,46303,32077,2026-03-20,Critical,Confirmed Fraud,3.4
1127,46304,47211,2025-03-24,Medium,Confirmed Fraud,6.1
1128,46324,41171,2025-01-11,Medium,False Positive,8.3
1129,46327,38593,2025-08-01,Medium,Confirmed Fraud,22.6
1130,46411,3855,2025-10-19,High,Confirmed Fraud,11.0
1131,46456,10992,2025-02-05,Medium,Closed - No Fraud,3.9
1132,46478,427,2025-11-03,Low,Confirmed Fraud,4.3
1133,46516,16496,2026-04-29,Low,Under Review,35.2
1134,46563,35856,2026-02-20,Low,Confirmed Fraud,27.2
1135,46603,25810,2026-03-23,Medium,Confirmed Fraud,23.9
1136,46649,5317,2026-03-21,Low,Confirmed Fraud,6.0
1137,46661,19684,2025-04-22,High,Under Review,1.7
1138,46665,27081,2026-10-24,High,Under Review,10.9
1139,46721,35583,2026-05-02,Medium,Confirmed Fraud,28.3
1140,46742,42428,2025-02-22,Low,Confirmed Fraud,2.1
1141,46743,46289,2026-05-07,High,Confirmed Fraud,12.3
1142,46768,9931,2026-04-11,Medium,Confirmed Fraud,10.3
1143,46818,23005,2026-04-05,High,Closed - No Fraud,5.5
1144,46831,34268,2026-09-05,Low,Closed - No Fraud,17.9
1145,46907,28535,2026-11-04,Medium,Confirmed Fraud,8.4
1146,46940,40758,2026-11-01,High,Confirmed Fraud,12.4
1147,46947,18954,2025-10-08,Medium,Confirmed Fraud,22.0
1148,46949,12916,2025-03-05,High,Confirmed Fraud,6.2
1149,46993,30552,2025-05-06,Medium,Closed - No Fraud,61.2
1150,47043,2410,2025-09-19,Medium,Confirmed Fraud,5.8
1151,47183,14523,2025-08-12,High,Confirmed Fraud,27.2
1152,47322,42003,2026-10-03,High,Confirmed Fraud,16.9
1153,47373,36781,2026-03-12,Low,False Positive,24.0
1154,47434,16942,2025-03-08,High,Confirmed Fraud,11.8
1155,47440,29724,2026-02-23,High,Confirmed Fraud,28.9
1156,47468,14855,2025-01-27,High,Closed - No Fraud,12.1
1157,47520,2885,2026-09-18,Low,Confirmed Fraud,33.8
1158,47547,39917,2026-08-24,Medium,Confirmed Fraud,7.8
1159,47556,42284,2025-03-17,Medium,Confirmed Fraud,8.4
1160,47605,49115,2025-01-16,Medium,Confirmed Fraud,5.7
1161,47614,45679,2026-09-18,High,Confirmed Fraud,8.3
1162,47655,25522,2026-09-21,High,Confirmed Fraud,8.3
1163,47764,21105,2025-10-26,Medium,Confirmed Fraud,36.1
1164,47812,17301,2025-04-10,High,Closed - No Fraud,8.4
1165,47830,33374,2025-10-20,Critical,Confirmed Fraud,3.5
1166,47837,4532,2026-07-05,Medium,Confirmed Fraud,11.6
1167,47838,40739,2026-02-02,Medium,Confirmed Fraud,15.4
1168,47855,42784,2025-05-06,Medium,Closed - No Fraud,56.0
1169,47885,3914,2025-01-17,High,Closed - No Fraud,13.9
1170,47929,30956,2026-01-28,Medium,False Positive,9.7
1171,47957,15768,2025-05-02,Medium,Confirmed Fraud,8.6
1172,48022,8597,2025-06-29,Medium,Confirmed Fraud,12.9
1173,48047,20073,2025-08-11,High,Confirmed Fraud,1.8
1174,48098,2784,2026-07-16,High,Confirmed Fraud,13.7
1175,48120,31056,2025-01-31,Medium,Confirmed Fraud,12.1
1176,48169,48267,2025-09-11,Medium,Confirmed Fraud,7.3
1177,48183,15704,2026-04-15,Medium,Confirmed Fraud,7.1
1178,48197,38892,2025-04-25,High,Confirmed Fraud,7.4
1179,48198,7435,2025-04-03,High,Confirmed Fraud,5.2
1180,48204,18518,2026-03-06,High,Confirmed Fraud,33.7
1181,48205,14163,2025-11-04,Medium,Confirmed Fraud,10.9
1182,48256,4913,2025-05-05,Medium,Confirmed Fraud,15.7
1183,48368,27781,2025-10-09,Medium,Confirmed Fraud,31.0
1184,48373,34136,2025-02-17,Critical,False Positive,5.3
1185,48401,19821,2025-02-05,High,Closed - No Fraud,9.8
1186,48433,6677,2025-04-06,High,Closed - No Fraud,6.1
1187,48475,8683,2025-03-31,Critical,Confirmed Fraud,3.7
1188,48480,22853,2026-07-10,High,Confirmed Fraud,6.8
1189,48505,47186,2025-04-12,Medium,Confirmed Fraud,5.7
1190,48536,35821,2026-09-04,Medium,Closed - No Fraud,25.8
1191,48538,19480,2026-05-31,Medium,Confirmed Fraud,16.1
1192,48691,479,2026-01-18,Critical,Confirmed Fraud,35.5
1193,48707,23545,2026-03-15,High,Confirmed Fraud,4.7
1194,48724,14829,2025-08-01,High,Confirmed Fraud,12.2
1195,48770,912,2025-06-23,High,Confirmed Fraud,63.4
1196,48831,25451,2025-04-11,Critical,Confirmed Fraud,12.3
1197,48837,21922,2025-03-15,Medium,Confirmed Fraud,4.2
1198,48838,24474,2025-04-06,High,False Positive,4.5
1199,48925,38577,2026-02-09,High,Confirmed Fraud,36.8
1200,49007,36797,2025-05-10,High,Confirmed Fraud,11.4
1201,49020,46954,2025-04-03,Critical,Under Review,28.5
1202,49072,12997,2026-02-09,Medium,Closed - No Fraud,3.7
1203,49105,28110,2026-05-04,Medium,Confirmed Fraud,9.0
1204,49107,10003,2025-04-29,Medium,Closed - No Fraud,8.3
1205,49109,27813,2025-08-10,Low,Confirmed Fraud,8.3
1206,49110,10147,2025-12-18,High,Confirmed Fraud,9.1
1207,49195,2090,2026-07-31,Medium,Confirmed Fraud,5.3
1208,49211,34858,2026-12-27,Medium,Confirmed Fraud,13.0
1209,49313,5298,2026-09-26,Low,Confirmed Fraud,11.4
1210,49319,45368,2026-09-26,Medium,Confirmed Fraud,15.3
1211,49362,11931,2026-02-18,Critical,Closed - No Fraud,17.1
1212,49504,8993,2026-01-12,High,Confirmed Fraud,7.8
1213,49561,12498,2025-07-09,High,Confirmed Fraud,20.5
1214,49595,24541,2025-02-21,High,Confirmed Fraud,5.2
1215,49611,31722,2025-06-20,High,Confirmed Fraud,10.0
1216,49644,12914,2026-12-03,Critical,False Positive,16.1
1217,49674,42079,2025-03-17,Medium,Confirmed Fraud,16.3
1218,49707,10580,2025-11-28,High,Closed - No Fraud,9.9
1219,49724,9744,2025-02-20,Low,Confirmed Fraud,8.0
1220,49748,39791,2025-10-16,Critical,Confirmed Fraud,4.9
1221,49776,9123,2025-02-08,Low,Closed - No Fraud,8.5
1222,49817,44817,2025-06-22,Medium,Confirmed Fraud,3.1
1223,49830,24874,2026-12-11,High,Confirmed Fraud,22.0
1224,49832,22823,2026-12-25,High,Confirmed Fraud,25.6
1225,49943,35120,2026-10-24,High,False Positive,21.2
1226,49953,19426,2026-06-29,Medium,False Positive,22.6
1227,50035,24487,2025-11-21,High,Confirmed Fraud,6.0
1228,50048,12438,2026-05-09,High,False Positive,2.3
1229,50114,34181,2026-03-03,Medium,Closed - No Fraud,7.5
1230,50163,2031,2026-10-04,Low,Confirmed Fraud,15.3
1231,50167,26092,2025-04-16,Medium,Confirmed Fraud,5.6
1232,50243,42506,2026-07-11,Medium,Confirmed Fraud,7.5
1233,50248,38743,2026-05-17,High,Confirmed Fraud,6.1
1234,50260,17210,2025-05-07,Critical,Confirmed Fraud,6.4
1235,50266,16484,2025-09-30,Low,Confirmed Fraud,26.2
1236,50301,10429,2025-01-03,High,Confirmed Fraud,10.2
1237,50310,23687,2025-03-02,Medium,Confirmed Fraud,99.0
1238,50339,37916,2026-02-13,Medium,Closed - No Fraud,11.2
1239,50388,43905,2025-07-10,Low,Confirmed Fraud,4.0
1240,50455,49947,2025-11-11,Medium,Confirmed Fraud,8.8
1241,50480,37102,2025-10-10,High,Closed - No Fraud,3.0
1242,50519,16673,2025-11-11,Medium,Confirmed Fraud,30.5
1243,50533,37253,2026-02-28,Low,Confirmed Fraud,3.7
1244,50541,9170,2025-06-16,Medium,False Positive,7.8
1245,50574,28478,2025-01-07,Low,Confirmed Fraud,4.1
1246,50676,31611,2025-04-18,High,False Positive,4.7
1247,50710,20489,2025-03-28,Medium,Confirmed Fraud,7.4
1248,50732,21975,2025-07-08,High,Confirmed Fraud,2.6
1249,50737,31043,2025-05-20,Low,False Positive,9.0
1250,50771,41857,2025-03-10,Medium,Closed - No Fraud,29.2
1251,50816,24785,2026-01-06,Low,False Positive,2.7
1252,50908,18472,2026-10-24,High,Confirmed Fraud,7.0
1253,50958,6326,2026-08-27,Medium,Confirmed Fraud,6.5
1254,50977,6583,2025-01-18,High,Closed - No Fraud,9.1
1255,51003,47517,2025-07-04,High,Confirmed Fraud,35.4
1256,51028,27769,2025-02-09,Medium,False Positive,40.9
1257,51050,25291,2026-07-02,Medium,Confirmed Fraud,5.8
1258,51052,48687,2025-04-26,Critical,Closed - No Fraud,25.1
1259,51054,37685,2025-07-17,Critical,False Positive,4.8
1260,51176,6478,2025-12-14,Medium,Confirmed Fraud,3.9
1261,51207,44409,2025-02-17,Medium,Closed - No Fraud,25.0
1262,51255,13120,2025-09-17,Low,False Positive,37.3
1263,51285,36040,2025-06-29,High,Confirmed Fraud,13.8
1264,51341,2455,2026-12-14,High,Closed - No Fraud,20.5
1265,51364,4044,2026-01-04,Medium,Confirmed Fraud,13.2
1266,51403,19794,2026-05-23,Low,Confirmed Fraud,14.6
1267,51473,44423,2025-01-24,Low,Confirmed Fraud,24.1
1268,51479,17747,2025-05-14,Low,Confirmed Fraud,23.4
1269,51480,42622,2025-04-20,Critical,Confirmed Fraud,10.3
1270,51488,9657,2025-07-12,High,Under Review,12.2
1271,51517,29570,2025-04-11,Critical,Confirmed Fraud,8.6
1272,51535,34949,2026-07-16,High,Confirmed Fraud,14.1
1273,51571,47247,2026-05-03,High,Confirmed Fraud,4.7
1274,51591,1134,2026-05-29,Medium,Closed - No Fraud,8.7
1275,51674,5056,2025-01-08,Critical,Confirmed Fraud,5.4
1276,51715,20683,2025-01-05,Medium,Under Review,22.6
1277,51726,4614,2025-01-31,Medium,Confirmed Fraud,15.1
1278,51837,32108,2025-05-25,Medium,Confirmed Fraud,80.3
1279,51856,40512,2025-12-23,Low,Confirmed Fraud,7.4
1280,51875,3360,2025-01-03,High,Under Review,10.7
1281,51937,41053,2026-08-09,Critical,Confirmed Fraud,61.9
1282,51976,830,2025-07-20,Critical,Closed - No Fraud,14.8
1283,52000,10516,2025-12-31,High,Confirmed Fraud,7.3
1284,52023,31782,2025-01-16,High,Confirmed Fraud,15.4
1285,52037,40732,2026-06-30,Critical,Confirmed Fraud,19.2
1286,52041,29857,2025-10-06,High,Confirmed Fraud,14.3
1287,52095,28345,2026-06-24,High,Confirmed Fraud,3.6
1288,52107,120,2025-03-07,High,Confirmed Fraud,14.7
1289,52510,7959,2025-12-24,High,Confirmed Fraud,6.3
1290,52563,30076,2025-11-30,Critical,Confirmed Fraud,13.0
1291,52613,35337,2026-01-20,Medium,Confirmed Fraud,43.4
1292,52617,38809,2025-04-15,Critical,Confirmed Fraud,5.6
1293,52694,21375,2025-06-12,High,Closed - No Fraud,21.4
1294,52790,24977,2025-09-18,Medium,Confirmed Fraud,10.1
1295,52810,41343,2025-11-05,High,Closed - No Fraud,10.5
1296,52821,47776,2026-01-05,Medium,Under Review,6.7
1297,52931,39827,2025-10-25,Medium,Confirmed Fraud,6.0
1298,53053,7120,2026-04-14,Medium,Confirmed Fraud,18.3
1299,53056,2906,2025-09-18,Low,Closed - No Fraud,23.5
1300,53075,45476,2025-02-24,Medium,Confirmed Fraud,6.7
1301,53083,46863,2025-01-14,Low,False Positive,7.8
1302,53104,29733,2026-09-02,High,False Positive,7.4
1303,53126,565,2025-06-22,High,Confirmed Fraud,4.0
1304,53160,14984,2025-03-07,Medium,Confirmed Fraud,5.8
1305,53226,13141,2026-07-03,Critical,Closed - No Fraud,3.7
1306,53245,8668,2026-10-03,High,Confirmed Fraud,5.2
1307,53280,16941,2026-12-18,High,Confirmed Fraud,3.9
1308,53299,32944,2026-07-27,Medium,Closed - No Fraud,21.3
1309,53321,15976,2025-05-13,Medium,Confirmed Fraud,6.6
1310,53414,6654,2025-08-14,High,Confirmed Fraud,6.7
1311,53434,31162,2025-06-11,High,Confirmed Fraud,8.4
1312,53467,30868,2026-10-03,Medium,Closed - No Fraud,23.2
1313,53478,33089,2025-02-27,High,Confirmed Fraud,67.3
1314,53494,194,2025-10-14,High,Confirmed Fraud,8.7
1315,53526,13814,2025-08-23,High,Confirmed Fraud,9.2
1316,53643,22243,2026-06-27,High,Confirmed Fraud,41.0
1317,53676,39988,2026-09-07,High,Confirmed Fraud,2.9
1318,53683,28077,2025-04-03,High,Confirmed Fraud,27.5
1319,53704,41070,2025-09-09,Low,Confirmed Fraud,21.2
1320,53714,34705,2025-08-11,High,Confirmed Fraud,67.2
1321,53716,20971,2026-11-02,High,False Positive,6.8
1322,53741,38046,2025-03-26,High,Confirmed Fraud,6.2
1323,53757,28971,2025-04-13,High,Confirmed Fraud,11.0
1324,53848,20400,2025-04-01,High,False Positive,23.3
1325,53859,38475,2026-07-18,Low,Confirmed Fraud,4.7
1326,53878,12642,2025-03-14,Critical,False Positive,22.5
1327,53884,7809,2025-07-05,Low,Closed - No Fraud,4.6
1328,53894,46075,2026-06-13,Critical,Closed - No Fraud,24.7
1329,53921,34312,2026-07-16,Critical,False Positive,32.9
1330,53925,28474,2025-07-24,High,Confirmed Fraud,4.6
1331,53970,1423,2026-05-05,High,Confirmed Fraud,44.1
1332,53998,1059,2025-05-02,High,Confirmed Fraud,6.4
1333,54099,16492,2026-09-15,High,Confirmed Fraud,19.3
1334,54103,31337,2026-04-24,High,Confirmed Fraud,17.8
1335,54127,37925,2026-07-25,Medium,Confirmed Fraud,23.4
1336,54162,4829,2025-01-15,Critical,Confirmed Fraud,10.6
1337,54243,11833,2025-01-21,Low,Confirmed Fraud,20.2
1338,54257,6224,2025-09-06,Medium,Confirmed Fraud,9.0
1339,54264,30065,2025-02-24,High,Closed - No Fraud,51.0
1340,54278,9828,2025-03-20,High,Confirmed Fraud,13.3
1341,54339,10368,2025-02-11,High,Closed - No Fraud,19.1
1342,54349,5629,2025-12-21,Critical,Under Review,18.7
1343,54370,48025,2026-07-13,Medium,Confirmed Fraud,13.6
1344,54377,40750,2026-07-11,High,Closed - No Fraud,14.3
1345,54433,34383,2026-06-20,High,Closed - No Fraud,19.4
1346,54575,47455,2025-03-22,High,Confirmed Fraud,12.1
1347,54592,44281,2026-02-19,Critical,Confirmed Fraud,8.7
1348,54678,26428,2026-09-06,High,Closed - No Fraud,6.2
1349,54684,35858,2025-01-22,High,Confirmed Fraud,45.8
1350,54724,35109,2026-04-28,Medium,Confirmed Fraud,69.3
1351,54789,30641,2026-04-25,High,Confirmed Fraud,16.4
1352,54807,49946,2026-11-16,High,Confirmed Fraud,1.4
1353,54817,2129,2026-09-13,Medium,Confirmed Fraud,4.9
1354,54825,29892,2025-09-18,Medium,Confirmed Fraud,8.6
1355,55105,8313,2026-11-03,Medium,Confirmed Fraud,14.3
1356,55108,8497,2025-05-25,High,Confirmed Fraud,11.0
1357,55140,8722,2026-04-13,Medium,Closed - No Fraud,16.2
1358,55143,49850,2026-01-29,Low,Confirmed Fraud,20.3
1359,55180,22261,2025-12-07,High,Closed - No Fraud,10.7
1360,55212,21297,2026-11-24,Low,Confirmed Fraud,17.1
1361,55307,45281,2025-12-29,Medium,Confirmed Fraud,18.8
1362,55409,38310,2025-06-22,High,Confirmed Fraud,12.4
1363,55467,45757,2025-01-03,High,Confirmed Fraud,6.8
1364,55500,35121,2026-09-16,Critical,Under Review,7.0
1365,55514,15073,2026-01-02,Critical,Confirmed Fraud,2.8
1366,55635,28334,2026-10-23,Critical,False Positive,11.6
1367,55739,16304,2025-05-18,Medium,Confirmed Fraud,68.0
1368,55743,39026,2025-12-04,High,Confirmed Fraud,19.8
1369,55800,9855,2026-04-14,High,Confirmed Fraud,32.7
1370,55801,36360,2025-01-27,Medium,Confirmed Fraud,4.7
1371,55849,48370,2025-06-23,Critical,Confirmed Fraud,8.5
1372,55859,36146,2026-05-21,High,Confirmed Fraud,2.9
1373,55907,34502,2026-06-18,Low,Confirmed Fraud,8.2
1374,55982,46046,2025-04-15,High,Confirmed Fraud,2.1
1375,56072,22911,2026-05-24,High,Confirmed Fraud,1.4
1376,56099,26165,2025-06-30,Critical,Confirmed Fraud,44.2
1377,56109,314,2025-12-20,Critical,Closed - No Fraud,8.6
1378,56150,14886,2025-02-06,Medium,Confirmed Fraud,3.6
1379,56153,15128,2025-01-11,High,False Positive,3.4
1380,56197,23476,2026-03-31,Critical,Confirmed Fraud,10.9
1381,56200,26912,2025-02-07,Medium,Under Review,4.3
1382,56275,33824,2026-06-27,High,Confirmed Fraud,4.3
1383,56318,10137,2025-03-26,Medium,Closed - No Fraud,41.7
1384,56455,23369,2026-11-03,High,Closed - No Fraud,15.4
1385,56475,18860,2025-09-02,Medium,Under Review,34.7
1386,56544,18711,2025-06-16,High,Confirmed Fraud,26.6
1387,56553,20033,2026-02-08,Medium,Confirmed Fraud,23.9
1388,56567,29056,2025-02-23,Medium,False Positive,4.8
1389,56693,11889,2026-01-10,High,Confirmed Fraud,7.1
1390,56701,23216,2026-04-15,Low,Confirmed Fraud,11.2
1391,56705,27148,2025-02-15,Critical,Confirmed Fraud,9.5
1392,56722,34382,2026-05-18,Low,Closed - No Fraud,4.8
1393,56729,5549,2026-03-25,Critical,Confirmed Fraud,15.9
1394,56754,30502,2025-10-27,High,Confirmed Fraud,4.4
1395,56764,37704,2026-04-18,High,Confirmed Fraud,7.2
1396,56799,31427,2025-04-30,Low,Under Review,2.1
1397,56821,43119,2025-06-12,Medium,Confirmed Fraud,13.8
1398,56833,13050,2025-07-12,High,Under Review,8.1
1399,56842,42689,2025-02-09,Medium,Confirmed Fraud,5.3
1400,56862,11358,2026-01-17,High,Confirmed Fraud,8.8
1401,56923,1350,2026-01-23,Critical,Confirmed Fraud,11.2
1402,56949,13534,2025-03-18,High,Closed - No Fraud,19.7
1403,56957,21837,2026-05-23,High,Confirmed Fraud,2.4
1404,56968,8155,2026-03-28,Medium,Confirmed Fraud,17.3
1405,56973,916,2025-06-21,Medium,Confirmed Fraud,13.7
1406,57023,28769,2025-07-05,Medium,Confirmed Fraud,3.3
1407,57068,11963,2026-11-15,High,Confirmed Fraud,46.7
1408,57070,4713,2025-04-14,High,Confirmed Fraud,50.1
1409,57147,27669,2026-07-09,High,Under Review,19.0
1410,57161,45697,2026-03-11,Low,Confirmed Fraud,11.6
1411,57196,22562,2026-10-29,Critical,Under Review,3.5
1412,57255,6238,2026-08-07,High,Confirmed Fraud,9.2
1413,57296,49889,2025-08-30,High,Confirmed Fraud,10.0
1414,57340,23493,2026-01-02,High,Confirmed Fraud,7.9
1415,57365,9037,2025-01-24,High,Confirmed Fraud,31.1
1416,57397,39521,2026-04-12,Medium,Confirmed Fraud,12.3
1417,57440,20731,2025-06-27,Medium,Confirmed Fraud,21.9
1418,57444,18285,2026-11-22,High,Confirmed Fraud,25.4
1419,57463,38189,2026-10-09,High,Under Review,3.7
1420,57513,32004,2026-01-03,High,Confirmed Fraud,7.1
1421,57607,23963,2026-06-23,Critical,Confirmed Fraud,3.5
1422,57610,34870,2025-12-03,High,Confirmed Fraud,9.7
1423,57651,28660,2026-02-05,Medium,Confirmed Fraud,14.6
1424,57771,12434,2026-04-23,Low,Confirmed Fraud,7.2
1425,57794,26258,2026-12-07,Medium,Confirmed Fraud,27.8
1426,57805,1256,2026-09-23,Critical,Confirmed Fraud,20.3
1427,57868,20582,2025-01-10,Medium,Confirmed Fraud,13.3
1428,57912,40912,2025-10-02,High,Confirmed Fraud,5.0
1429,57915,27362,2025-08-08,Medium,Confirmed Fraud,9.6
1430,58024,6282,2025-02-11,Critical,Confirmed Fraud,35.2
1431,58080,5302,2025-05-17,Medium,Confirmed Fraud,13.6
1432,58112,31643,2025-08-11,Critical,Under Review,5.1
1433,58147,30092,2025-09-26,Medium,Confirmed Fraud,15.4
1434,58200,39714,2026-01-20,Low,Under Review,8.3
1435,58265,14548,2026-03-26,Medium,Under Review,10.4
1436,58266,36563,2026-10-30,High,Closed - No Fraud,18.2
1437,58267,47916,2025-08-12,High,Confirmed Fraud,11.3
1438,58283,2130,2026-06-18,High,Confirmed Fraud,9.4
1439,58292,33743,2025-01-08,Critical,Confirmed Fraud,18.5
1440,58444,42568,2025-08-09,Low,Confirmed Fraud,28.8
1441,58449,27083,2025-01-24,Critical,False Positive,4.3
1442,58530,13947,2025-11-11,Critical,Closed - No Fraud,37.4
1443,58578,23625,2025-02-16,Low,Closed - No Fraud,6.4
1444,58597,37128,2026-08-21,High,Confirmed Fraud,22.2
1445,58607,21307,2026-11-28,Critical,Closed - No Fraud,50.6
1446,58742,27089,2026-12-08,Low,Confirmed Fraud,3.1
1447,58869,36605,2026-04-17,Low,False Positive,15.2
1448,58921,4310,2025-08-24,Low,Confirmed Fraud,8.2
1449,58963,24223,2025-07-29,Critical,Under Review,17.6
1450,59015,45915,2025-11-26,Medium,Closed - No Fraud,8.3
1451,59020,48929,2025-02-16,High,Confirmed Fraud,15.5
1452,59059,14449,2026-06-28,High,Confirmed Fraud,62.5
1453,59067,20718,2026-02-03,High,Closed - No Fraud,6.0
1454,59083,9969,2025-12-21,High,Confirmed Fraud,6.2
1455,59124,44971,2025-07-17,Medium,False Positive,16.6
1456,59154,40015,2026-06-09,Critical,Confirmed Fraud,6.5
1457,59216,48556,2025-02-13,Medium,Confirmed Fraud,12.7
1458,59303,40872,2025-03-18,High,False Positive,12.0
1459,59389,44146,2025-10-09,High,Under Review,8.7
1460,59461,26503,2026-11-20,High,Confirmed Fraud,1.4
1461,59476,41787,2025-03-15,Low,Confirmed Fraud,16.3
1462,59540,31040,2025-07-05,Low,Confirmed Fraud,6.7
1463,59562,39317,2026-05-23,High,Confirmed Fraud,4.7
1464,59587,17896,2025-02-07,High,Confirmed Fraud,34.9
1465,59607,40962,2026-07-02,Critical,Confirmed Fraud,4.9
1466,59618,4297,2025-02-27,High,Confirmed Fraud,6.8
1467,59622,28990,2026-10-26,Low,Confirmed Fraud,22.3
1468,59636,48075,2026-10-02,High,Confirmed Fraud,7.1
1469,59639,10910,2026-10-20,High,Confirmed Fraud,3.7
1470,59665,38522,2025-06-25,Critical,Under Review,14.8
1471,59696,5036,2026-07-08,Medium,Closed - No Fraud,12.1
1472,59752,14090,2025-02-04,Medium,Closed - No Fraud,10.5
1473,59791,46907,2025-12-17,High,Confirmed Fraud,17.7
1474,59807,33471,2025-03-16,High,Under Review,12.5
1475,59843,47183,2026-08-31,Critical,Under Review,7.9
1476,60040,19286,2025-03-01,Medium,Confirmed Fraud,19.4
1477,60057,826,2025-01-09,Critical,Closed - No Fraud,4.1
1478,60066,17346,2025-02-17,Medium,Closed - No Fraud,8.4
1479,60163,30528,2025-08-28,Critical,Confirmed Fraud,11.6
1480,60272,10351,2025-01-26,High,Closed - No Fraud,14.8
1481,60339,49509,2026-10-04,High,Confirmed Fraud,3.7
1482,60367,38497,2025-03-18,Medium,Under Review,3.4
1483,60369,47674,2025-07-07,High,Confirmed Fraud,26.3
1484,60383,23116,2026-04-27,Critical,Confirmed Fraud,19.9
1485,60395,21503,2025-05-25,High,Confirmed Fraud,6.6
1486,60448,29763,2025-03-19,Medium,Closed - No Fraud,6.7
1487,60559,26023,2025-07-06,High,Confirmed Fraud,3.3
1488,60595,37353,2025-11-06,High,Confirmed Fraud,14.2
1489,60642,32766,2025-02-06,Critical,Confirmed Fraud,6.2
1490,60656,15411,2025-06-22,High,Under Review,14.8
1491,60766,24554,2026-12-23,Medium,Confirmed Fraud,7.3
1492,60789,27957,2026-06-27,High,Confirmed Fraud,74.8
1493,60812,24879,2025-01-24,High,Under Review,2.2
1494,60832,937,2025-07-24,Medium,Closed - No Fraud,1.0
1495,60846,26452,2026-04-23,Medium,Confirmed Fraud,11.1
1496,60906,38292,2025-08-22,Critical,Confirmed Fraud,82.0
1497,60985,4391,2026-05-20,Critical,Confirmed Fraud,28.1
1498,61103,43082,2025-05-02,Medium,Confirmed Fraud,3.9
1499,61122,29693,2025-10-07,Medium,Closed - No Fraud,17.1
1500,61141,42670,2025-08-23,Low,Confirmed Fraud,8.6
1501,61156,5992,2025-11-06,High,Confirmed Fraud,11.9
1502,61197,23471,2025-04-26,Low,Confirmed Fraud,30.0
1503,61211,793,2025-03-17,Critical,Confirmed Fraud,19.5
1504,61222,48516,2025-05-30,High,Confirmed Fraud,11.9
1505,61310,23949,2025-09-21,Medium,Confirmed Fraud,6.6
1506,61319,45135,2025-05-06,High,False Positive,10.2
1507,61329,17559,2026-08-24,High,Confirmed Fraud,4.8
1508,61346,16615,2026-05-30,High,Confirmed Fraud,10.3
1509,61402,4163,2025-02-18,Medium,Confirmed Fraud,1.9
1510,61470,14293,2026-06-13,Low,Closed - No Fraud,3.3
1511,61501,43416,2026-04-05,High,Confirmed Fraud,5.8
1512,61535,34318,2026-07-23,Medium,False Positive,4.1
1513,61553,32126,2025-12-15,Medium,Confirmed Fraud,19.7
1514,61554,44909,2026-06-14,High,False Positive,15.4
1515,61687,25583,2025-03-08,Low,Confirmed Fraud,10.2
1516,61740,39862,2026-02-11,High,Confirmed Fraud,11.6
1517,61768,2136,2025-05-11,Critical,Closed - No Fraud,12.6
1518,61779,42873,2026-09-25,Medium,Closed - No Fraud,7.4
1519,61782,39074,2026-04-04,Low,Under Review,29.9
1520,61791,42514,2026-05-25,Medium,Confirmed Fraud,4.2
1521,61881,44343,2026-01-10,Medium,Confirmed Fraud,4.6
1522,61899,27701,2026-05-21,High,Confirmed Fraud,13.1
1523,61983,1885,2026-08-26,Medium,Confirmed Fraud,2.0
1524,61994,47201,2025-03-03,Critical,Under Review,12.4
1525,62026,11485,2026-09-27,High,Confirmed Fraud,3.4
1526,62053,25355,2025-03-02,High,Confirmed Fraud,26.0
1527,62078,39828,2025-01-15,Critical,Confirmed Fraud,21.6
1528,62291,6267,2025-02-22,Medium,Closed - No Fraud,18.3
1529,62297,34142,2025-09-18,Medium,Confirmed Fraud,7.3
1530,62318,8507,2025-02-24,Medium,Closed - No Fraud,7.9
1531,62346,46671,2026-12-28,High,Confirmed Fraud,16.8
1532,62388,4897,2026-10-31,High,Closed - No Fraud,2.5
1533,62416,43389,2026-05-09,Medium,False Positive,29.3
1534,62463,2125,2025-08-05,Medium,Confirmed Fraud,26.9
1535,62486,18222,2025-01-04,Medium,Confirmed Fraud,8.9
1536,62502,32458,2026-01-31,Critical,Confirmed Fraud,38.3
1537,62561,32874,2025-09-19,High,Confirmed Fraud,4.7
1538,62635,18498,2025-01-23,Medium,Under Review,18.6
1539,62643,594,2026-02-15,Medium,Confirmed Fraud,28.6
1540,62666,36754,2026-02-14,High,Confirmed Fraud,17.8
1541,62727,31912,2025-02-23,High,Confirmed Fraud,22.1
1542,62735,11615,2026-12-20,High,Under Review,3.2
1543,62902,21379,2026-03-09,High,False Positive,24.0
1544,62916,2684,2025-04-07,High,Confirmed Fraud,5.9
1545,63050,16903,2025-12-18,High,Under Review,4.4
1546,63098,47595,2025-07-29,Medium,Confirmed Fraud,4.7
1547,63116,11139,2025-07-07,Medium,Confirmed Fraud,2.7
1548,63185,5877,2025-04-13,Medium,False Positive,24.3
1549,63218,7086,2025-09-25,High,Confirmed Fraud,29.1
1550,63226,49692,2025-07-26,Critical,Confirmed Fraud,8.8
1551,63261,31509,2025-11-03,High,Confirmed Fraud,7.4
1552,63283,29047,2025-05-14,Critical,Confirmed Fraud,3.1
1553,63300,4811,2026-12-14,High,Closed - No Fraud,10.3
1554,63315,26451,2026-03-22,Medium,Confirmed Fraud,53.7
1555,63363,23365,2026-03-09,High,Closed - No Fraud,7.1
1556,63394,37218,2025-08-21,High,Confirmed Fraud,18.9
1557,63397,37807,2025-06-22,Critical,Confirmed Fraud,10.9
1558,63418,32391,2026-08-16,High,Confirmed Fraud,10.9
1559,63463,35811,2026-02-02,High,Confirmed Fraud,1.9
1560,63512,41973,2026-05-02,Medium,Confirmed Fraud,25.5
1561,63561,35426,2025-07-28,Critical,Closed - No Fraud,5.9
1562,63597,45288,2026-05-31,High,Closed - No Fraud,6.2
1563,63599,8516,2026-12-10,Low,Confirmed Fraud,9.6
1564,63603,29259,2025-12-15,Medium,Confirmed Fraud,8.0
1565,63614,17642,2025-05-02,High,Confirmed Fraud,6.8
1566,63624,17951,2025-01-07,Medium,Confirmed Fraud,15.0
1567,63626,11249,2026-11-12,Medium,Confirmed Fraud,7.9
1568,63666,8301,2026-01-29,Medium,Closed - No Fraud,25.0
1569,63691,25818,2025-03-14,Medium,Confirmed Fraud,10.3
1570,63723,17364,2025-07-10,High,Closed - No Fraud,10.2
1571,63747,7604,2025-09-22,High,False Positive,10.9
1572,63751,17945,2026-06-18,Medium,Confirmed Fraud,9.3
1573,63753,313,2026-04-28,High,Confirmed Fraud,6.2
1574,63764,37351,2026-11-30,High,Under Review,6.3
1575,63788,17594,2026-05-09,Medium,Under Review,18.8
1576,63812,6175,2025-11-17,High,Closed - No Fraud,4.1
1577,63938,17300,2025-01-02,High,Closed - No Fraud,4.8
1578,63955,37352,2025-05-02,Medium,Under Review,9.7
1579,63989,43785,2025-07-12,Medium,Confirmed Fraud,8.8
1580,64005,1105,2025-04-21,Critical,Confirmed Fraud,8.0
1581,64036,33434,2025-11-01,High,Confirmed Fraud,6.4
1582,64098,31427,2025-01-06,Critical,Confirmed Fraud,22.7
1583,64122,40733,2026-11-02,Medium,Closed - No Fraud,18.1
1584,64135,31557,2025-05-27,Medium,Confirmed Fraud,6.0
1585,64142,15727,2026-05-09,High,Confirmed Fraud,4.4
1586,64188,31736,2025-12-14,Medium,Confirmed Fraud,6.3
1587,64256,9977,2026-03-01,Medium,False Positive,24.3
1588,64306,49421,2026-09-08,Medium,Confirmed Fraud,3.7
1589,64318,16304,2025-08-19,High,Confirmed Fraud,20.2
1590,64363,11167,2025-12-16,High,Closed - No Fraud,14.6
1591,64375,49723,2025-04-10,High,Confirmed Fraud,4.7
1592,64392,29096,2026-11-20,Medium,Confirmed Fraud,7.6
1593,64413,20322,2026-02-12,Critical,False Positive,8.8
1594,64512,24817,2025-05-16,High,Closed - No Fraud,5.8
1595,64531,7594,2025-11-04,High,Confirmed Fraud,4.2
1596,64541,12997,2026-04-22,Low,Confirmed Fraud,18.5
1597,64582,29291,2026-06-18,High,Confirmed Fraud,16.5
1598,64613,30359,2026-10-06,Medium,Confirmed Fraud,11.1
1599,64661,22559,2025-03-06,Low,False Positive,12.7
1600,64666,36308,2025-06-23,High,Under Review,8.4
1601,64687,47854,2025-12-02,High,Confirmed Fraud,34.8
1602,64704,25830,2025-01-07,Medium,Under Review,6.2
1603,64791,688,2026-05-06,Low,Under Review,9.5
1604,64834,8325,2026-02-08,Medium,Confirmed Fraud,8.1
1605,64865,39142,2025-05-29,High,False Positive,17.0
1606,64879,33080,2025-05-15,Low,Confirmed Fraud,5.9
1607,64926,14000,2025-04-25,High,Confirmed Fraud,32.4
1608,64973,34569,2026-11-22,High,Confirmed Fraud,22.7
1609,64975,7202,2025-05-21,High,Closed - No Fraud,7.5
1610,64984,17787,2026-07-18,High,Closed - No Fraud,13.4
1611,65018,50000,2026-04-26,Medium,Confirmed Fraud,16.0
1612,65135,48481,2025-01-09,High,Confirmed Fraud,20.6
1613,65176,47303,2025-12-06,Medium,False Positive,12.5
1614,65196,47325,2025-05-02,High,Closed - No Fraud,9.3
1615,65220,27156,2026-01-16,Medium,Closed - No Fraud,28.4
1616,65237,30263,2025-04-30,Low,Under Review,6.3
1617,65243,16831,2025-11-28,High,Confirmed Fraud,10.4
1618,65303,20815,2025-03-27,Low,False Positive,31.8
1619,65490,22432,2025-10-03,High,Confirmed Fraud,2.7
1620,65498,42263,2025-02-27,High,Confirmed Fraud,6.7
1621,65512,6379,2025-10-06,Critical,Confirmed Fraud,2.6
1622,65616,2673,2025-05-30,Medium,False Positive,8.9
1623,65663,6349,2025-10-31,Medium,Confirmed Fraud,7.2
1624,65665,40901,2026-10-14,Low,Under Review,10.7
1625,65793,17804,2025-05-05,Medium,Confirmed Fraud,23.1
1626,65872,21116,2026-01-01,Low,Confirmed Fraud,12.0
1627,65893,6986,2026-10-19,Medium,Confirmed Fraud,27.0
1628,65916,1643,2025-11-19,High,Confirmed Fraud,22.3
1629,65956,22576,2026-03-03,Medium,Closed - No Fraud,4.3
1630,65982,42262,2025-07-28,Medium,Closed - No Fraud,16.7
1631,65991,44913,2026-03-16,Critical,Confirmed Fraud,7.8
1632,66069,24518,2026-01-03,High,Confirmed Fraud,39.1
1633,66149,31723,2025-01-12,Low,Confirmed Fraud,17.9
1634,66171,8870,2025-03-03,Medium,Confirmed Fraud,14.6
1635,66199,46142,2025-04-09,High,False Positive,28.7
1636,66225,40063,2025-02-21,High,Closed - No Fraud,4.5
1637,66227,32712,2025-11-17,High,Confirmed Fraud,18.1
1638,66339,29993,2025-08-03,High,Closed - No Fraud,8.0
1639,66441,44715,2025-02-12,High,Closed - No Fraud,15.3
1640,66452,32470,2025-06-24,Medium,False Positive,12.7
1641,66479,45709,2025-02-20,High,Confirmed Fraud,5.3
1642,66481,4519,2026-08-29,Low,Confirmed Fraud,24.7
1643,66610,48477,2025-11-17,Medium,False Positive,31.0
1644,66613,22769,2026-05-20,Medium,Confirmed Fraud,10.4
1645,66615,1700,2025-11-08,Medium,Confirmed Fraud,2.1
1646,66687,18353,2025-10-04,Low,Confirmed Fraud,14.4
1647,66710,36103,2026-07-19,High,Confirmed Fraud,4.3
1648,66728,27913,2026-05-26,High,Closed - No Fraud,8.6
1649,66790,46929,2026-08-24,Medium,Under Review,37.2
1650,66795,49801,2026-02-09,High,Under Review,2.6
1651,66819,9769,2025-03-31,High,Closed - No Fraud,20.4
1652,66824,31564,2025-11-07,High,Confirmed Fraud,63.1
1653,66835,28579,2026-08-28,Critical,Confirmed Fraud,9.0
1654,66836,34269,2026-09-18,High,Confirmed Fraud,4.1
1655,66906,5361,2025-12-10,High,Confirmed Fraud,7.1
1656,66918,23355,2026-08-11,High,Confirmed Fraud,11.4
1657,66932,42703,2026-11-05,Critical,Confirmed Fraud,13.3
1658,67048,31205,2025-07-21,High,Confirmed Fraud,4.0
1659,67051,32749,2025-10-28,High,Confirmed Fraud,14.5
1660,67135,44208,2026-08-14,High,Under Review,7.4
1661,67236,26491,2025-07-03,Medium,Confirmed Fraud,18.9
1662,67298,30315,2025-06-18,Critical,Confirmed Fraud,3.3
1663,67303,32319,2025-02-23,Critical,Confirmed Fraud,5.4
1664,67304,45725,2025-03-26,High,Confirmed Fraud,14.6
1665,67314,44909,2026-03-24,Medium,Confirmed Fraud,3.7
1666,67437,31114,2025-05-01,Medium,Confirmed Fraud,6.9
1667,67455,42979,2026-03-18,Medium,False Positive,21.2
1668,67490,35414,2025-02-27,Medium,Confirmed Fraud,12.1
1669,67508,24376,2026-12-28,Low,Closed - No Fraud,26.3
1670,67517,49285,2026-01-17,Medium,False Positive,15.5
1671,67525,1671,2025-04-15,Critical,Confirmed Fraud,17.6
1672,67594,14844,2025-10-16,Medium,Closed - No Fraud,3.8
1673,67635,10689,2025-05-15,Medium,Confirmed Fraud,9.6
1674,67652,45789,2026-05-08,Medium,Confirmed Fraud,11.4
1675,67705,25890,2026-12-23,High,Confirmed Fraud,14.2
1676,67741,44847,2026-01-11,High,Closed - No Fraud,4.4
1677,67743,35957,2026-06-21,Medium,Confirmed Fraud,11.9
1678,67777,9231,2025-02-19,High,Confirmed Fraud,15.2
1679,67820,40401,2025-03-31,Critical,Confirmed Fraud,4.1
1680,67909,34268,2026-12-15,Medium,Confirmed Fraud,14.6
1681,67955,39785,2026-09-17,Medium,Confirmed Fraud,16.4
1682,67964,8210,2026-02-23,Medium,Confirmed Fraud,17.4
1683,67988,34343,2026-06-23,High,Confirmed Fraud,2.9
1684,68012,43741,2026-06-15,Low,Closed - No Fraud,21.4
1685,68056,3068,2025-03-20,Medium,Confirmed Fraud,13.6
1686,68141,37687,2026-05-30,Medium,Confirmed Fraud,3.4
1687,68159,9217,2026-08-05,High,Confirmed Fraud,5.6
1688,68304,43607,2026-12-13,High,Confirmed Fraud,5.0
1689,68375,46081,2026-06-19,Medium,Closed - No Fraud,13.0
1690,68379,24320,2026-07-09,Medium,Confirmed Fraud,3.9
1691,68396,35300,2025-08-18,Low,Closed - No Fraud,3.8
1692,68480,37154,2025-04-07,Medium,Confirmed Fraud,1.8
1693,68494,47770,2025-03-19,High,Confirmed Fraud,2.4
1694,68585,39005,2026-06-23,Critical,Under Review,15.9
1695,68677,49200,2026-07-21,High,Confirmed Fraud,1.5
1696,68778,36380,2026-08-14,High,Confirmed Fraud,9.0
1697,68783,22359,2025-02-23,Medium,Closed - No Fraud,5.4
1698,68796,4125,2025-12-26,High,Confirmed Fraud,4.6
1699,68902,33977,2025-11-29,Medium,Confirmed Fraud,5.4
1700,68958,20362,2026-02-10,Critical,Confirmed Fraud,2.5
1701,68986,28100,2025-08-05,Medium,Confirmed Fraud,6.7
1702,69010,44678,2026-07-08,Low,Confirmed Fraud,9.7
1703,69062,20314,2026-10-07,High,Closed - No Fraud,5.6
1704,69068,23153,2025-03-02,Medium,Confirmed Fraud,10.0
1705,69141,4102,2026-05-30,High,Closed - No Fraud,5.9
1706,69151,6664,2025-01-02,Medium,Under Review,17.4
1707,69163,29319,2026-01-15,High,Under Review,8.2
1708,69202,42445,2026-07-28,Medium,Closed - No Fraud,20.5
1709,69268,19411,2025-11-18,High,Confirmed Fraud,8.6
1710,69295,35615,2026-05-29,Medium,Confirmed Fraud,15.7
1711,69316,39238,2025-07-25,High,Confirmed Fraud,33.8
1712,69369,17610,2026-10-11,Medium,Confirmed Fraud,6.9
1713,69373,10555,2026-05-05,High,Confirmed Fraud,3.6
1714,69436,15478,2025-02-28,High,Confirmed Fraud,14.9
1715,69462,49318,2025-07-03,Critical,Confirmed Fraud,10.1
1716,69467,29667,2026-02-17,Critical,Confirmed Fraud,11.6
1717,69565,49441,2026-02-15,Critical,False Positive,7.6
1718,69582,22351,2025-02-02,Medium,Confirmed Fraud,11.7
1719,69731,14635,2026-10-17,High,Confirmed Fraud,5.9
1720,69771,7443,2025-05-19,High,Confirmed Fraud,37.2
1721,69799,41035,2025-04-26,High,Confirmed Fraud,18.1
1722,69845,17446,2026-09-17,High,Confirmed Fraud,6.9
1723,69876,48243,2026-07-02,High,Confirmed Fraud,7.8
1724,69978,49635,2025-07-09,Medium,Confirmed Fraud,5.4
1725,69980,15511,2026-08-11,High,Closed - No Fraud,2.0
1726,69986,15363,2026-06-15,High,False Positive,12.1
1727,70039,45161,2026-12-18,High,Confirmed Fraud,17.0
1728,70058,16885,2025-01-21,Low,Confirmed Fraud,9.3
1729,70084,1532,2026-03-27,Critical,Confirmed Fraud,30.9
1730,70170,43593,2025-07-22,Critical,Confirmed Fraud,9.2
1731,70191,43602,2026-07-15,High,Confirmed Fraud,29.5
1732,70250,2628,2026-11-04,Medium,Confirmed Fraud,3.5
1733,70258,5514,2025-02-08,Critical,Confirmed Fraud,3.0
1734,70311,28745,2026-02-27,Medium,Closed - No Fraud,9.1
1735,70377,38289,2025-01-24,Low,Confirmed Fraud,31.9
1736,70419,11009,2026-01-19,High,Confirmed Fraud,11.2
1737,70443,18256,2025-06-30,High,Confirmed Fraud,11.8
1738,70485,24372,2025-06-01,Critical,Confirmed Fraud,4.9
1739,70521,8123,2025-07-22,High,Confirmed Fraud,5.5
1740,70549,23978,2025-06-05,Medium,Confirmed Fraud,3.9
1741,70580,25803,2026-11-17,Low,Confirmed Fraud,12.6
1742,70649,12968,2025-02-25,Low,Confirmed Fraud,7.7
1743,70760,11057,2025-06-30,Critical,Confirmed Fraud,8.2
1744,70765,6176,2025-05-22,Low,Under Review,4.3
1745,70812,27906,2025-05-12,Low,Under Review,12.9
1746,70888,18732,2025-10-15,High,Closed - No Fraud,4.2
1747,70953,27065,2025-12-01,High,Confirmed Fraud,10.1
1748,71043,38497,2025-04-29,Critical,Confirmed Fraud,27.0
1749,71090,25874,2025-11-02,High,Confirmed Fraud,3.8
1750,71163,6922,2025-11-28,High,Confirmed Fraud,11.0
1751,71203,14176,2026-03-07,Low,Confirmed Fraud,19.5
1752,71230,22528,2026-03-09,High,Confirmed Fraud,45.7
1753,71273,13442,2025-12-27,Medium,Confirmed Fraud,44.8
1754,71303,49090,2026-05-03,High,False Positive,5.9
1755,71343,42611,2026-03-13,High,Confirmed Fraud,6.8
1756,71345,30528,2026-08-13,High,Confirmed Fraud,94.0
1757,71388,6677,2025-05-14,High,Confirmed Fraud,22.0
1758,71428,19772,2025-03-24,Medium,Confirmed Fraud,1.7
1759,71469,5789,2025-01-10,Low,Confirmed Fraud,11.7
1760,71491,4631,2025-08-29,Medium,Closed - No Fraud,33.3
1761,71554,16603,2026-09-03,Medium,Under Review,13.8
1762,71589,40783,2026-10-04,High,Confirmed Fraud,8.3
1763,71606,27538,2026-12-27,Medium,Confirmed Fraud,13.5
1764,71652,30134,2026-01-14,Low,Confirmed Fraud,11.2
1765,71657,39926,2025-10-31,Medium,Confirmed Fraud,19.9
1766,71756,3287,2026-02-25,High,Confirmed Fraud,7.8
1767,71774,8511,2026-08-21,Low,Under Review,10.5
1768,71800,40963,2025-10-30,Medium,Confirmed Fraud,7.9
1769,71833,35880,2025-06-05,High,Confirmed Fraud,12.3
1770,71851,47514,2026-11-12,Medium,Confirmed Fraud,9.8
1771,71900,28123,2025-07-22,High,Confirmed Fraud,9.5
1772,71920,47780,2025-10-06,Medium,Confirmed Fraud,22.6
1773,71967,21538,2026-09-16,High,Confirmed Fraud,51.3
1774,72002,45096,2026-11-29,Critical,Under Review,3.1
1775,72005,25715,2025-10-11,High,Confirmed Fraud,16.4
1776,72014,9723,2025-03-10,Medium,Confirmed Fraud,9.8
1777,72151,32925,2025-12-04,Low,Confirmed Fraud,42.9
1778,72190,36324,2025-05-19,Low,Confirmed Fraud,10.8
1779,72214,31700,2026-04-08,Medium,Closed - No Fraud,6.8
1780,72238,5800,2025-02-28,High,Confirmed Fraud,70.6
1781,72329,12240,2026-01-09,High,Confirmed Fraud,36.4
1782,72346,8886,2026-05-08,Medium,Confirmed Fraud,88.6
1783,72354,2455,2025-11-27,High,Closed - No Fraud,2.5
1784,72378,27043,2025-09-19,Medium,Confirmed Fraud,18.2
1785,72404,18527,2026-06-13,Medium,Confirmed Fraud,12.9
1786,72416,43603,2025-04-08,High,False Positive,6.1
1787,72432,5790,2025-08-17,Low,Confirmed Fraud,7.4
1788,72435,48350,2025-09-20,Low,Confirmed Fraud,8.9
1789,72482,24756,2025-04-08,Critical,Confirmed Fraud,18.0
1790,72533,32142,2026-09-03,Medium,Confirmed Fraud,11.6
1791,72758,8953,2025-01-04,Low,Confirmed Fraud,9.1
1792,72762,19670,2025-05-16,Medium,Confirmed Fraud,8.0
1793,72807,18819,2025-01-28,Low,Confirmed Fraud,25.4
1794,72837,46340,2025-01-03,Low,Confirmed Fraud,3.3
1795,72839,12712,2026-10-01,Low,False Positive,132.7
1796,72856,43995,2026-02-11,Medium,Confirmed Fraud,14.3
1797,72870,49752,2025-11-30,Low,Under Review,9.3
1798,72883,23339,2025-04-19,Medium,Confirmed Fraud,4.6
1799,72904,19374,2025-08-12,Medium,Closed - No Fraud,6.0
1800,72983,41001,2026-01-19,Medium,Confirmed Fraud,9.8
1801,73047,10705,2026-11-04,Critical,Confirmed Fraud,3.6
1802,73084,22524,2025-08-20,Medium,Confirmed Fraud,15.9
1803,73086,41727,2026-07-05,Medium,Under Review,7.6
1804,73137,30341,2026-07-31,High,Confirmed Fraud,19.9
1805,73151,9798,2025-10-10,Medium,Confirmed Fraud,13.8
1806,73226,35827,2025-10-19,Critical,Confirmed Fraud,6.0
1807,73257,27260,2025-06-20,Critical,Closed - No Fraud,4.2
1808,73272,10923,2025-12-15,Medium,Closed - No Fraud,49.7
1809,73275,24649,2025-02-09,High,Confirmed Fraud,5.8
1810,73336,31531,2025-12-08,High,Closed - No Fraud,4.0
1811,73370,20447,2025-03-10,Critical,Confirmed Fraud,12.2
1812,73405,21345,2025-08-07,Critical,Closed - No Fraud,18.2
1813,73462,26121,2026-01-16,High,Confirmed Fraud,35.1
1814,73464,31995,2025-04-08,Critical,False Positive,5.2
1815,73479,23063,2025-09-13,High,Confirmed Fraud,4.4
1816,73506,3786,2025-11-11,High,Under Review,12.2
1817,73527,45426,2025-12-08,High,Closed - No Fraud,21.5
1818,73582,14342,2026-05-28,Low,Confirmed Fraud,3.3
1819,73620,28419,2025-10-31,High,Confirmed Fraud,5.4
1820,73678,46898,2025-02-24,Medium,Confirmed Fraud,44.9
1821,73698,35556,2026-03-11,High,Confirmed Fraud,9.7
1822,73742,36752,2026-04-11,Medium,False Positive,9.4
1823,73788,11629,2026-05-10,High,Confirmed Fraud,23.0
1824,73791,308,2025-02-03,Medium,Confirmed Fraud,9.9
1825,73881,32420,2026-08-21,Critical,Confirmed Fraud,6.1
1826,73952,15751,2025-06-25,Low,Confirmed Fraud,31.7
1827,73962,5879,2025-09-22,High,Under Review,9.4
1828,73980,2542,2026-12-31,Medium,Confirmed Fraud,7.3
1829,74027,9862,2025-08-03,High,Closed - No Fraud,19.5
1830,74036,15535,2026-04-22,Medium,Confirmed Fraud,5.7
1831,74037,17060,2025-10-30,Low,Closed - No Fraud,7.5
1832,74038,14040,2025-03-14,Medium,Confirmed Fraud,17.0
1833,74044,45998,2026-12-21,High,Confirmed Fraud,15.7
1834,74076,21047,2025-02-07,Medium,Confirmed Fraud,7.5
1835,74082,30211,2026-02-08,High,Confirmed Fraud,14.7
1836,74084,25360,2025-03-31,Low,False Positive,11.6
1837,74145,19276,2026-11-17,High,Closed - No Fraud,8.6
1838,74183,49019,2026-12-06,Critical,Confirmed Fraud,11.6
1839,74243,42554,2026-06-03,High,Confirmed Fraud,21.6
1840,74249,35764,2026-12-03,Critical,Confirmed Fraud,27.3
1841,74254,30132,2025-02-10,High,Closed - No Fraud,10.2
1842,74335,26790,2025-11-28,High,Confirmed Fraud,3.5
1843,74356,741,2026-12-29,High,Confirmed Fraud,6.4
1844,74468,39878,2026-10-06,Medium,Confirmed Fraud,11.4
1845,74488,14765,2025-02-12,Low,Confirmed Fraud,11.1
1846,74505,45763,2025-12-15,Medium,Closed - No Fraud,24.2
1847,74525,21588,2026-08-30,Critical,Confirmed Fraud,20.0
1848,74629,47157,2026-09-20,High,Closed - No Fraud,14.9
1849,74653,11141,2026-08-17,Critical,Confirmed Fraud,9.7
1850,74669,45891,2025-10-31,High,Confirmed Fraud,7.1
1851,74677,40815,2026-02-16,Medium,False Positive,4.1
1852,74718,48914,2025-07-24,High,Confirmed Fraud,9.5
1853,74725,13747,2025-12-21,Critical,Closed - No Fraud,45.3
1854,74770,30682,2025-05-23,High,Confirmed Fraud,4.2
1855,74772,38606,2025-10-21,Critical,Confirmed Fraud,24.1
1856,74784,30104,2025-01-20,High,Confirmed Fraud,2.0
1857,74803,28143,2025-10-29,High,Closed - No Fraud,24.0
1858,74810,26546,2025-04-27,High,Confirmed Fraud,15.0
1859,74848,7152,2025-06-15,Medium,Confirmed Fraud,18.6
1860,74850,45745,2025-08-17,High,Under Review,18.2
1861,74931,21984,2026-03-14,Medium,False Positive,6.9
1862,75067,36325,2026-04-16,High,Confirmed Fraud,13.9
1863,75187,38680,2025-11-10,High,Closed - No Fraud,14.6
1864,75196,3915,2025-06-26,Medium,False Positive,9.1
1865,75273,13631,2025-04-19,Critical,Confirmed Fraud,10.1
1866,75302,36598,2025-05-16,High,Closed - No Fraud,12.5
1867,75309,181,2025-06-07,Medium,Under Review,5.0
1868,75338,22133,2026-07-04,High,Confirmed Fraud,12.3
1869,75394,27941,2025-02-15,High,Confirmed Fraud,2.1
1870,75420,42172,2026-10-27,High,Confirmed Fraud,9.7
1871,75454,10816,2026-01-06,High,Confirmed Fraud,11.7
1872,75516,5094,2025-09-22,Medium,Confirmed Fraud,9.2
1873,75598,24119,2025-04-02,Critical,False Positive,21.5
1874,75624,43409,2025-03-10,Low,Confirmed Fraud,4.6
1875,75674,9213,2026-10-20,Medium,Confirmed Fraud,7.1
1876,75749,30237,2025-02-11,Low,Confirmed Fraud,2.7
1877,75788,10584,2026-11-04,Medium,Confirmed Fraud,19.3
1878,75799,49216,2025-10-29,Medium,Closed - No Fraud,35.8
1879,75853,26146,2025-07-08,High,Confirmed Fraud,26.4
1880,76057,18897,2025-07-21,High,Confirmed Fraud,22.2
1881,76072,21671,2025-08-18,High,Confirmed Fraud,6.6
1882,76163,25546,2026-01-24,High,Closed - No Fraud,7.4
1883,76170,3922,2025-07-14,Low,Confirmed Fraud,6.1
1884,76282,30761,2025-04-10,High,Confirmed Fraud,4.8
1885,76284,6696,2026-09-30,High,Under Review,11.6
1886,76301,16284,2026-09-17,High,Confirmed Fraud,18.0
1887,76361,6936,2026-02-01,Low,Confirmed Fraud,20.7
1888,76369,3850,2026-02-07,High,Confirmed Fraud,23.2
1889,76417,14405,2025-06-02,Critical,Under Review,24.9
1890,76420,7428,2025-08-02,High,Confirmed Fraud,16.6
1891,76436,28759,2025-12-08,Medium,Confirmed Fraud,24.6
1892,76530,35261,2025-01-16,High,Confirmed Fraud,8.8
1893,76571,24487,2025-05-25,Medium,Closed - No Fraud,5.4
1894,76602,44709,2025-02-05,High,Confirmed Fraud,17.6
1895,76669,18383,2025-03-14,High,Confirmed Fraud,45.4
1896,76695,6166,2026-11-22,High,Confirmed Fraud,10.3
1897,76707,21349,2025-02-14,Critical,Under Review,19.6
1898,76709,27964,2025-04-26,Medium,Confirmed Fraud,16.3
1899,76722,36090,2025-01-01,Medium,Confirmed Fraud,3.5
1900,76727,10392,2025-07-08,Critical,Confirmed Fraud,3.4
1901,76866,38684,2026-05-11,Critical,Confirmed Fraud,11.0
1902,76878,15510,2025-08-14,Medium,Confirmed Fraud,42.6
1903,76988,42930,2026-12-13,Low,Confirmed Fraud,11.0
1904,77022,5216,2026-10-03,Low,Confirmed Fraud,12.9
1905,77045,21424,2026-09-17,Medium,Under Review,18.8
1906,77059,28724,2026-02-03,High,Closed - No Fraud,2.5
1907,77064,36638,2026-11-11,High,Confirmed Fraud,5.7
1908,77087,524,2025-01-27,Medium,Closed - No Fraud,11.4
1909,77108,36144,2026-09-17,Critical,Confirmed Fraud,8.3
1910,77120,29866,2025-09-21,High,Confirmed Fraud,12.1
1911,77145,19309,2025-01-12,High,Confirmed Fraud,15.7
1912,77149,39041,2026-04-25,Medium,False Positive,4.5
1913,77183,25929,2025-07-12,High,Confirmed Fraud,9.3
1914,77234,14255,2025-03-30,Medium,Confirmed Fraud,12.0
1915,77255,22199,2025-08-12,Medium,Confirmed Fraud,15.8
1916,77308,46586,2025-05-08,Medium,Closed - No Fraud,1.7
1917,77411,29137,2026-11-18,Low,Confirmed Fraud,21.0
1918,77465,9898,2026-05-09,Medium,False Positive,12.9
1919,77475,44119,2026-10-14,High,Confirmed Fraud,3.8
1920,77516,2042,2025-03-05,High,Confirmed Fraud,5.9
1921,77601,1012,2025-07-31,Medium,Closed - No Fraud,2.7
1922,77603,34827,2026-07-27,High,Confirmed Fraud,4.9
1923,77619,5676,2026-06-25,High,Confirmed Fraud,7.9
1924,77634,9596,2026-03-13,High,Confirmed Fraud,9.0
1925,77691,31509,2025-02-06,Medium,Under Review,7.9
1926,77696,12387,2025-09-14,High,Confirmed Fraud,22.0
1927,77698,37386,2025-05-16,High,Confirmed Fraud,2.6
1928,77723,4550,2026-05-12,Critical,Confirmed Fraud,7.1
1929,77820,15763,2026-05-07,High,Confirmed Fraud,16.0
1930,77847,38980,2025-10-17,Low,Under Review,9.9
1931,77931,8510,2025-12-22,Critical,Confirmed Fraud,2.5
1932,77958,23035,2025-09-13,Low,Confirmed Fraud,10.9
1933,78225,47342,2026-11-15,Critical,False Positive,29.0
1934,78243,35260,2026-02-01,Medium,Confirmed Fraud,3.5
1935,78277,2567,2025-06-20,High,Closed - No Fraud,5.8
1936,78293,6892,2025-08-15,Medium,Confirmed Fraud,33.6
1937,78310,11891,2026-05-25,High,Confirmed Fraud,9.7
1938,78334,29860,2025-06-02,Medium,False Positive,5.8
1939,78343,12694,2026-03-11,Medium,Under Review,36.8
1940,78403,42742,2025-02-24,Medium,False Positive,13.3
1941,78629,27842,2025-12-19,High,Confirmed Fraud,44.2
1942,78640,19663,2026-10-05,Medium,Confirmed Fraud,3.5
1943,78731,38213,2025-01-26,Medium,Confirmed Fraud,12.8
1944,78820,211,2025-05-11,Low,Confirmed Fraud,28.7
1945,78826,23831,2026-03-15,Medium,Confirmed Fraud,28.3
1946,78835,16086,2025-03-27,Medium,Confirmed Fraud,11.8
1947,78928,1937,2026-05-21,Medium,Under Review,6.7
1948,78968,11561,2025-09-11,Medium,Confirmed Fraud,9.4
1949,79021,40222,2025-11-15,Medium,Confirmed Fraud,24.5
1950,79058,33928,2025-04-08,Medium,Confirmed Fraud,4.9
1951,79123,42798,2025-09-02,Medium,Confirmed Fraud,7.1
1952,79140,11941,2026-09-23,High,Confirmed Fraud,26.5
1953,79219,24230,2025-10-10,High,Under Review,4.1
1954,79269,30145,2025-01-31,Critical,Confirmed Fraud,3.4
1955,79364,31668,2026-07-28,High,Confirmed Fraud,4.9
1956,79423,3168,2025-08-06,High,Confirmed Fraud,25.5
1957,79448,46956,2025-01-21,Critical,False Positive,19.3
1958,79516,44822,2026-05-29,Medium,Under Review,5.7
1959,79541,36636,2025-12-05,High,Closed - No Fraud,8.6
1960,79588,21226,2026-12-24,Low,Confirmed Fraud,6.6
1961,79606,40864,2025-02-21,High,Confirmed Fraud,74.7
1962,79694,24234,2026-02-23,Critical,Confirmed Fraud,7.8
1963,79710,41060,2025-03-06,Critical,Confirmed Fraud,12.2
1964,79793,37349,2026-01-17,High,Confirmed Fraud,6.1
1965,79815,22012,2026-02-26,Critical,Under Review,20.5
1966,79846,29574,2026-06-17,Medium,False Positive,7.7
1967,79926,20440,2025-08-07,High,Confirmed Fraud,5.5
1968,79952,23658,2026-11-17,Low,Confirmed Fraud,2.1
1969,80003,11474,2026-05-05,Critical,Closed - No Fraud,44.4
1970,80040,36697,2026-10-17,Medium,Confirmed Fraud,17.7
1971,80148,13368,2025-07-13,High,Confirmed Fraud,12.1
1972,80225,1919,2026-09-16,Critical,Confirmed Fraud,5.2
1973,80291,14780,2025-10-04,Medium,Confirmed Fraud,4.0
1974,80391,15730,2026-12-20,Medium,Closed - No Fraud,4.8
1975,80439,3441,2025-08-11,Critical,Under Review,29.1
1976,80459,32372,2025-08-18,Medium,Confirmed Fraud,13.7
1977,80522,18169,2025-10-03,High,Confirmed Fraud,7.0
1978,80525,12290,2025-06-07,Critical,Confirmed Fraud,10.7
1979,80547,568,2025-04-30,High,Confirmed Fraud,16.7
1980,80570,9593,2025-05-28,Medium,Confirmed Fraud,6.4
1981,80595,85,2026-03-02,Critical,Confirmed Fraud,19.3
1982,80599,9865,2025-06-04,Low,Confirmed Fraud,12.8
1983,80686,9666,2026-12-25,High,Closed - No Fraud,18.3
1984,80711,30628,2025-10-16,Medium,Under Review,14.9
1985,80734,31452,2025-05-11,High,Confirmed Fraud,7.1
1986,80818,12296,2026-01-06,High,Confirmed Fraud,27.6
1987,80883,2800,2025-12-28,High,Under Review,13.9
1988,80936,37957,2025-03-02,Medium,Confirmed Fraud,96.9
1989,80972,25913,2026-05-08,High,Confirmed Fraud,8.0
1990,80983,34680,2026-08-08,Critical,Confirmed Fraud,3.7
1991,81060,23262,2025-03-06,Medium,Confirmed Fraud,18.2
1992,81070,4747,2026-10-06,Medium,False Positive,5.9
1993,81126,26797,2025-05-02,Medium,Confirmed Fraud,5.7
1994,81181,37201,2026-08-18,High,Confirmed Fraud,44.1
1995,81210,34232,2025-05-01,Medium,Confirmed Fraud,9.3
1996,81222,201,2026-01-15,High,Confirmed Fraud,5.1
1997,81244,19938,2026-01-28,Critical,Confirmed Fraud,10.4
1998,81281,27624,2025-04-30,Low,Under Review,20.7
1999,81371,15848,2025-11-29,Medium,Confirmed Fraud,25.3
2000,81404,49555,2026-10-03,High,Confirmed Fraud,10.5
2001,81445,14298,2026-08-16,Low,Confirmed Fraud,35.2
2002,81457,40281,2026-12-06,Critical,Closed - No Fraud,3.4
2003,81524,26553,2026-08-13,Medium,Confirmed Fraud,12.7
2004,81614,10210,2026-11-30,High,Confirmed Fraud,6.2
2005,81630,47501,2025-07-19,Medium,Confirmed Fraud,4.2
2006,81641,45308,2025-01-31,Medium,Closed - No Fraud,12.4
2007,81650,5395,2025-01-12,Medium,Confirmed Fraud,14.0
2008,81661,31864,2025-11-15,High,Under Review,30.4
2009,81666,38571,2025-07-20,Critical,Confirmed Fraud,9.3
2010,81732,14434,2025-04-25,High,Closed - No Fraud,7.0
2011,81769,8654,2026-07-08,High,Confirmed Fraud,10.7
2012,81783,49684,2025-01-02,Low,Confirmed Fraud,12.7
2013,81804,30551,2025-03-06,Medium,Confirmed Fraud,22.5
2014,81825,20595,2026-02-12,High,Confirmed Fraud,13.7
2015,81921,46086,2025-12-27,Medium,Confirmed Fraud,3.9
2016,81944,34928,2026-08-03,High,False Positive,11.2
2017,81987,35374,2025-07-18,Medium,Confirmed Fraud,2.9
2018,81992,40615,2025-03-18,Critical,Confirmed Fraud,14.7
2019,82141,9143,2025-12-18,Critical,Confirmed Fraud,5.0
2020,82145,7684,2026-09-09,Medium,Confirmed Fraud,7.6
2021,82156,31982,2026-02-23,Critical,Confirmed Fraud,8.4
2022,82323,8481,2026-02-20,Medium,Confirmed Fraud,2.1
2023,82358,48635,2025-02-24,Critical,Confirmed Fraud,14.1
2024,82363,34461,2025-04-20,Medium,Closed - No Fraud,8.6
2025,82390,13817,2026-12-27,High,Confirmed Fraud,6.9
2026,82413,18381,2025-03-06,Medium,Confirmed Fraud,29.2
2027,82453,24069,2025-06-25,Medium,Confirmed Fraud,31.8
2028,82485,10623,2026-02-23,High,Confirmed Fraud,8.8
2029,82550,13809,2025-10-15,High,Closed - No Fraud,11.7
2030,82561,8907,2025-04-24,Medium,Confirmed Fraud,38.2
2031,82565,23229,2026-11-19,Medium,Confirmed Fraud,5.6
2032,82578,20890,2026-04-16,Medium,False Positive,21.0
2033,82603,211,2025-06-18,High,Confirmed Fraud,8.5
2034,82675,28746,2026-05-05,Critical,Confirmed Fraud,12.9
2035,82681,20540,2025-03-02,High,Closed - No Fraud,9.2
2036,82698,4480,2026-08-12,High,Closed - No Fraud,32.2
2037,82741,12129,2025-06-24,Medium,Confirmed Fraud,7.5
2038,82835,32570,2025-06-14,Medium,Confirmed Fraud,11.4
2039,82902,30214,2026-03-06,High,Confirmed Fraud,6.5
2040,82909,34788,2026-03-06,Medium,Closed - No Fraud,16.0
2041,83062,17359,2026-03-25,High,Confirmed Fraud,74.1
2042,83074,49774,2026-11-23,High,Closed - No Fraud,5.4
2043,83182,2300,2025-08-19,Low,Confirmed Fraud,9.1
2044,83239,3836,2026-10-31,Medium,Confirmed Fraud,5.6
2045,83276,3126,2025-07-18,Medium,Confirmed Fraud,19.4
2046,83317,2005,2025-06-13,High,Confirmed Fraud,10.9
2047,83328,27676,2026-08-12,Critical,Confirmed Fraud,8.2
2048,83480,45550,2025-03-24,High,Confirmed Fraud,5.1
2049,83544,42141,2025-01-26,Medium,Under Review,9.4
2050,83590,42428,2026-01-21,Medium,Under Review,25.8
2051,83629,36801,2025-07-13,Medium,Confirmed Fraud,89.3
2052,83638,42240,2025-10-20,High,Under Review,10.6
2053,83657,49008,2025-11-03,High,Confirmed Fraud,27.5
2054,83679,10601,2026-11-30,Critical,False Positive,34.9
2055,83688,32368,2026-11-09,Medium,Confirmed Fraud,2.6
2056,83708,30593,2026-08-22,Medium,Confirmed Fraud,13.6
2057,83727,48463,2026-02-15,High,Confirmed Fraud,27.3
2058,83758,30671,2025-05-08,High,Confirmed Fraud,35.9
2059,83821,12764,2025-06-07,Critical,Confirmed Fraud,18.1
2060,83831,33849,2026-06-04,High,Confirmed Fraud,83.7
2061,83850,10949,2025-02-28,High,Closed - No Fraud,22.2
2062,83978,21530,2026-05-16,High,Confirmed Fraud,11.1
2063,83997,19610,2025-11-09,High,Confirmed Fraud,12.1
2064,84024,28745,2025-06-30,Low,Closed - No Fraud,30.8
2065,84071,43345,2025-05-27,Critical,Confirmed Fraud,7.9
2066,84143,49680,2026-11-05,Medium,Confirmed Fraud,3.3
2067,84221,13997,2025-02-02,Low,Confirmed Fraud,20.3
2068,84232,24025,2026-12-07,Medium,Closed - No Fraud,8.0
2069,84307,20062,2025-01-20,Medium,Confirmed Fraud,32.3
2070,84326,6125,2025-01-17,Low,Confirmed Fraud,11.0
2071,84378,33176,2025-06-02,Critical,Confirmed Fraud,20.3
2072,84399,46097,2026-03-12,High,False Positive,16.0
2073,84425,29230,2025-09-03,High,Closed - No Fraud,2.6
2074,84453,14061,2025-01-21,Medium,Confirmed Fraud,22.4
2075,84458,42818,2025-11-22,Medium,Closed - No Fraud,12.1
2076,84661,4529,2026-05-18,Medium,Confirmed Fraud,6.9
2077,84717,22386,2026-04-13,Low,Confirmed Fraud,9.5
2078,84810,9057,2026-03-25,Medium,Confirmed Fraud,11.9
2079,84849,20192,2026-02-20,Low,Under Review,3.6
2080,84910,41765,2025-12-17,Low,Confirmed Fraud,52.1
2081,84911,26539,2026-02-15,Critical,Confirmed Fraud,19.9
2082,84978,27860,2026-09-17,High,Confirmed Fraud,30.3
2083,85031,6814,2026-06-26,Medium,Closed - No Fraud,21.9
2084,85039,32221,2025-01-22,Medium,Confirmed Fraud,31.2
2085,85047,20108,2025-12-24,High,Confirmed Fraud,25.7
2086,85063,25678,2025-01-04,High,Confirmed Fraud,14.4
2087,85071,20116,2025-09-16,Critical,Confirmed Fraud,7.6
2088,85076,24623,2025-01-27,High,Confirmed Fraud,33.4
2089,85160,7111,2026-06-05,Medium,False Positive,14.5
2090,85172,1594,2026-03-19,High,Confirmed Fraud,9.4
2091,85180,22445,2026-11-30,Medium,Confirmed Fraud,20.6
2092,85248,13547,2026-08-05,Low,Confirmed Fraud,46.6
2093,85266,28216,2026-01-19,High,Confirmed Fraud,7.9
2094,85329,3454,2026-11-26,High,Confirmed Fraud,12.7
2095,85421,44807,2025-07-17,Critical,Confirmed Fraud,11.0
2096,85461,4499,2025-03-08,High,Confirmed Fraud,10.5
2097,85472,8851,2026-08-24,High,False Positive,58.4
2098,85589,14511,2025-02-23,Low,Confirmed Fraud,7.0
2099,85660,20683,2025-08-07,High,Confirmed Fraud,39.4
2100,85701,23639,2025-10-27,Medium,Closed - No Fraud,19.6
2101,85756,27774,2025-09-19,Medium,Confirmed Fraud,21.5
2102,85793,34070,2025-11-10,Low,Closed - No Fraud,22.4
2103,85830,12150,2026-05-18,High,Under Review,5.3
2104,85843,18050,2025-03-23,High,Confirmed Fraud,14.6
2105,85864,19666,2025-09-17,High,Confirmed Fraud,22.1
2106,85924,14258,2025-01-22,High,Closed - No Fraud,71.3
2107,85934,9086,2026-12-30,High,Confirmed Fraud,5.8
2108,86013,45457,2026-03-23,High,Under Review,31.3
2109,86059,37346,2026-05-25,High,False Positive,8.3
2110,86098,38378,2026-04-11,High,Confirmed Fraud,3.4
2111,86131,20410,2026-03-16,High,False Positive,5.9
2112,86166,40535,2025-09-25,High,Confirmed Fraud,27.3
2113,86223,48749,2025-04-11,Critical,Confirmed Fraud,5.7
2114,86310,41410,2026-07-22,Medium,Confirmed Fraud,36.0
2115,86322,27683,2025-02-09,Critical,False Positive,11.0
2116,86330,44014,2026-12-02,Critical,Closed - No Fraud,7.7
2117,86368,28851,2026-11-04,Medium,Under Review,18.8
2118,86439,8737,2025-06-12,Low,False Positive,12.2
2119,86454,14243,2026-02-20,High,Confirmed Fraud,8.3
2120,86488,21660,2026-04-03,Critical,Confirmed Fraud,13.4
2121,86707,9278,2026-11-24,Medium,Confirmed Fraud,6.0
2122,86726,12438,2025-03-22,Critical,Confirmed Fraud,4.7
2123,86763,49582,2025-04-06,Critical,Confirmed Fraud,1.6
2124,86789,3240,2026-01-31,Medium,Confirmed Fraud,18.4
2125,86862,21692,2025-02-17,Medium,Confirmed Fraud,6.8
2126,86918,2312,2025-06-20,Medium,Confirmed Fraud,3.8
2127,86934,13723,2026-02-09,Medium,Confirmed Fraud,5.1
2128,86960,37331,2025-04-27,High,Confirmed Fraud,43.3
2129,87022,13115,2025-02-16,Medium,Confirmed Fraud,9.3
2130,87080,42732,2025-02-10,Low,Confirmed Fraud,21.1
2131,87105,23942,2026-06-18,High,Confirmed Fraud,6.6
2132,87112,40501,2025-01-15,Medium,False Positive,4.2
2133,87130,18795,2025-01-07,Low,Confirmed Fraud,33.4
2134,87142,8715,2026-12-23,Medium,Confirmed Fraud,5.2
2135,87149,37686,2026-10-14,Medium,Confirmed Fraud,10.9
2136,87167,23986,2025-09-30,Medium,Confirmed Fraud,10.6
2137,87195,17496,2026-06-01,Medium,Confirmed Fraud,17.6
2138,87204,17508,2025-06-06,Medium,Under Review,4.0
2139,87205,32582,2026-02-01,High,Closed - No Fraud,8.5
2140,87267,43261,2025-03-03,Medium,Confirmed Fraud,9.1
2141,87307,30278,2026-03-08,Medium,Confirmed Fraud,114.9
2142,87408,4455,2025-04-21,High,Confirmed Fraud,2.8
2143,87409,21206,2025-03-10,Low,Confirmed Fraud,4.0
2144,87449,22446,2026-08-27,Critical,Under Review,3.8
2145,87468,22092,2025-08-11,Medium,Confirmed Fraud,6.6
2146,87491,31468,2026-02-07,Critical,Confirmed Fraud,44.1
2147,87506,7708,2026-11-01,Medium,False Positive,2.5
2148,87549,3012,2026-05-03,Low,Confirmed Fraud,4.0
2149,87557,27454,2025-01-26,High,Closed - No Fraud,8.8
2150,87587,5896,2026-06-23,Critical,Confirmed Fraud,23.6
2151,87588,32498,2025-06-30,Low,Confirmed Fraud,57.0
2152,87662,47567,2025-07-16,Medium,Confirmed Fraud,7.9
2153,87712,5002,2025-03-19,Critical,Confirmed Fraud,29.3
2154,87713,41920,2025-04-08,Medium,Confirmed Fraud,4.2
2155,87718,15486,2026-04-17,Medium,Confirmed Fraud,16.7
2156,87871,4806,2026-01-01,Medium,Confirmed Fraud,5.7
2157,87892,46064,2025-07-28,Low,Confirmed Fraud,7.8
2158,87940,21246,2026-07-04,High,Confirmed Fraud,30.2
2159,88001,9203,2025-09-04,High,Under Review,7.9
2160,88011,9100,2025-02-22,High,Confirmed Fraud,17.4
2161,88032,2633,2026-09-15,Medium,Closed - No Fraud,6.1
2162,88124,48897,2025-12-19,Medium,Confirmed Fraud,29.4
2163,88133,3324,2026-10-25,High,Confirmed Fraud,10.1
2164,88175,13034,2025-05-16,Low,Under Review,21.0
2165,88227,31016,2025-03-04,Low,Closed - No Fraud,21.8
2166,88246,13904,2025-07-08,Medium,Confirmed Fraud,19.3
2167,88265,40457,2025-03-22,Medium,Confirmed Fraud,17.6
2168,88272,34254,2025-06-14,Low,Confirmed Fraud,8.3
2169,88317,38628,2026-04-20,Low,Under Review,11.4
2170,88381,37016,2026-10-02,Medium,Under Review,35.0
2171,88419,5065,2025-09-30,High,Closed - No Fraud,13.5
2172,88444,29448,2025-02-26,High,Confirmed Fraud,6.8
2173,88517,37457,2026-07-27,Critical,Closed - No Fraud,39.8
2174,88553,11365,2026-06-01,High,Confirmed Fraud,14.1
2175,88575,15353,2025-05-16,High,Confirmed Fraud,4.7
2176,88675,16259,2025-03-18,Low,False Positive,5.8
2177,88824,26563,2026-06-06,Low,False Positive,6.7
2178,88826,44973,2026-02-26,Medium,Closed - No Fraud,6.4
2179,88880,13086,2026-03-18,Medium,Confirmed Fraud,17.6
2180,88883,27908,2025-02-18,Critical,Confirmed Fraud,20.5
2181,88954,46184,2025-09-03,Medium,Confirmed Fraud,16.5
2182,88992,35815,2025-12-02,Medium,Confirmed Fraud,8.6
2183,89052,1910,2026-12-11,High,Confirmed Fraud,16.3
2184,89092,28106,2026-06-16,High,Confirmed Fraud,30.1
2185,89124,11706,2026-07-25,High,Confirmed Fraud,6.3
2186,89170,30305,2026-08-30,High,Confirmed Fraud,47.0
2187,89171,39718,2026-08-04,Critical,Confirmed Fraud,6.9
2188,89288,37605,2026-06-08,High,Confirmed Fraud,11.5
2189,89299,33468,2026-04-17,Critical,Confirmed Fraud,57.2
2190,89302,34333,2025-10-26,High,Confirmed Fraud,4.3
2191,89309,37203,2025-03-18,Critical,Confirmed Fraud,4.4
2192,89319,5628,2025-05-01,High,Confirmed Fraud,8.2
2193,89328,7011,2025-07-10,High,Closed - No Fraud,11.3
2194,89370,11780,2025-08-31,High,Confirmed Fraud,2.9
2195,89426,49228,2025-06-29,High,False Positive,13.7
2196,89516,6575,2025-10-21,Critical,Under Review,9.3
2197,89549,28185,2025-07-22,Low,False Positive,3.2
2198,89580,23107,2025-01-21,Low,Confirmed Fraud,12.4
2199,89593,2075,2026-10-14,Critical,Confirmed Fraud,2.3
2200,89602,20904,2025-12-21,High,Confirmed Fraud,12.6
2201,89636,16070,2025-02-11,Medium,False Positive,14.3
2202,89748,8056,2026-04-27,Medium,Confirmed Fraud,3.8
2203,89763,804,2025-08-02,Medium,Closed - No Fraud,6.8
2204,89782,23963,2026-08-22,Low,False Positive,21.2
2205,89801,22439,2025-08-21,Medium,Confirmed Fraud,18.8
2206,89816,47228,2026-08-22,High,False Positive,4.5
2207,89821,27777,2026-05-26,High,Confirmed Fraud,7.7
2208,89904,41359,2025-06-13,Low,Confirmed Fraud,21.0
2209,89907,36283,2025-02-15,Critical,Closed - No Fraud,28.2
2210,89929,3576,2025-03-11,Medium,Confirmed Fraud,4.7
2211,89999,4043,2025-05-05,High,Under Review,15.0
2212,90008,24943,2026-05-23,High,False Positive,11.1
2213,90014,12801,2026-05-07,High,Confirmed Fraud,12.3
2214,90037,24493,2025-10-09,Low,Confirmed Fraud,9.9
2215,90158,811,2025-09-04,Medium,Confirmed Fraud,4.6
2216,90187,18631,2025-04-19,Critical,Closed - No Fraud,7.0
2217,90215,40609,2026-10-06,Medium,Confirmed Fraud,4.4
2218,90225,30029,2025-11-28,Medium,Closed - No Fraud,61.0
2219,90279,24955,2025-06-14,Medium,False Positive,7.7
2220,90315,29991,2025-05-03,Medium,Confirmed Fraud,27.4
2221,90401,14801,2025-06-18,High,Closed - No Fraud,8.1
2222,90486,46413,2025-01-05,High,Confirmed Fraud,9.5
2223,90589,42318,2025-12-01,High,Confirmed Fraud,35.2
2224,90598,47050,2025-09-10,Critical,Confirmed Fraud,30.4
2225,90639,47582,2025-07-17,High,Closed - No Fraud,13.4
2226,90673,565,2025-11-05,High,Confirmed Fraud,5.0
2227,90733,13084,2025-06-01,High,Closed - No Fraud,14.8
2228,90747,37760,2025-03-19,Low,Under Review,32.0
2229,90753,30706,2026-05-30,Critical,False Positive,13.8
2230,90761,8008,2025-05-13,High,False Positive,6.8
2231,90821,49811,2025-01-16,Medium,Confirmed Fraud,2.5
2232,90866,11741,2026-03-07,High,Confirmed Fraud,8.5
2233,90893,7801,2026-02-28,Medium,Confirmed Fraud,23.8
2234,91025,31629,2025-06-02,Medium,False Positive,4.0
2235,91062,20638,2026-10-01,Medium,Confirmed Fraud,5.1
2236,91091,29778,2025-03-21,High,Closed - No Fraud,11.6
2237,91149,17062,2026-11-19,High,Closed - No Fraud,1.7
2238,91239,15808,2025-08-02,Medium,Confirmed Fraud,4.2
2239,91261,4374,2025-05-04,Medium,Confirmed Fraud,3.4
2240,91313,26256,2025-06-18,High,Confirmed Fraud,10.4
2241,91337,45099,2025-05-29,Medium,Under Review,9.2
2242,91341,9004,2026-07-23,High,Under Review,29.5
2243,91342,11465,2026-02-05,High,Confirmed Fraud,9.4
2244,91405,40598,2026-10-28,Medium,False Positive,2.1
2245,91429,5478,2026-02-08,High,Confirmed Fraud,4.2
2246,91479,22119,2026-06-07,High,Confirmed Fraud,10.7
2247,91519,29142,2025-08-20,Critical,False Positive,13.0
2248,91585,34731,2025-02-26,High,Closed - No Fraud,34.5
2249,91605,27171,2025-05-30,Medium,Under Review,19.9
2250,91628,28804,2025-09-29,Medium,Confirmed Fraud,4.5
2251,91651,45586,2025-03-04,Medium,Confirmed Fraud,3.8
2252,91660,47752,2025-06-24,Medium,Confirmed Fraud,10.6
2253,91689,8027,2026-03-30,High,Confirmed Fraud,17.8
2254,91782,16022,2025-07-29,Medium,Confirmed Fraud,17.6
2255,91818,4387,2026-04-20,Medium,Confirmed Fraud,20.3
2256,91865,11143,2025-04-04,High,Closed - No Fraud,12.7
2257,91918,17765,2026-01-09,Medium,Closed - No Fraud,35.8
2258,91940,23018,2026-09-04,Critical,False Positive,14.7
2259,91965,47098,2025-01-29,High,Confirmed Fraud,2.7
2260,92073,20501,2025-04-27,Medium,Confirmed Fraud,5.5
2261,92228,28512,2025-09-18,High,Confirmed Fraud,6.9
2262,92307,30086,2025-04-05,Critical,Under Review,9.0
2263,92317,41862,2026-07-19,Medium,Confirmed Fraud,14.4
2264,92362,7809,2025-09-16,Low,Confirmed Fraud,15.1
2265,92389,45206,2025-08-30,High,Confirmed Fraud,12.6
2266,92447,26085,2025-09-25,Medium,Confirmed Fraud,3.5
2267,92501,26321,2026-09-07,Medium,Closed - No Fraud,12.6
2268,92526,41435,2026-11-13,High,Closed - No Fraud,5.2
2269,92580,15744,2026-09-24,Critical,Confirmed Fraud,4.1
2270,92626,38359,2026-11-09,High,Confirmed Fraud,17.8
2271,92633,26964,2026-08-28,Low,Closed - No Fraud,5.7
2272,92654,2627,2025-08-26,Medium,Closed - No Fraud,39.1
2273,92712,1412,2025-01-31,Medium,Confirmed Fraud,18.4
2274,92761,47676,2025-03-05,Low,Confirmed Fraud,4.1
2275,92852,23665,2025-10-28,High,Under Review,1.5
2276,92853,7808,2025-06-29,High,Confirmed Fraud,4.3
2277,92895,21593,2025-05-11,Critical,Confirmed Fraud,52.9
2278,92941,31662,2025-03-06,High,Confirmed Fraud,5.2
2279,92956,13462,2026-11-23,Medium,Under Review,29.8
2280,93002,13169,2025-03-08,Low,Confirmed Fraud,17.0
2281,93005,30012,2025-08-06,High,Under Review,4.5
2282,93020,26120,2025-03-23,Critical,Confirmed Fraud,2.8
2283,93032,15177,2025-01-30,High,Confirmed Fraud,23.5
2284,93057,10545,2026-08-22,High,Confirmed Fraud,3.3
2285,93084,46742,2025-04-04,High,Confirmed Fraud,5.1
2286,93118,36721,2026-11-05,Critical,Confirmed Fraud,8.0
2287,93155,23181,2026-01-22,Low,Confirmed Fraud,9.1
2288,93314,5217,2026-01-28,Low,Confirmed Fraud,22.5
2289,93484,43718,2025-05-21,Medium,Confirmed Fraud,15.9
2290,93501,36259,2026-03-13,Critical,Confirmed Fraud,4.8
2291,93518,13796,2025-02-04,Low,Confirmed Fraud,129.9
2292,93556,12526,2025-08-28,Low,Confirmed Fraud,6.4
2293,93579,33718,2025-09-24,High,Confirmed Fraud,5.2
2294,93617,42036,2025-08-06,Medium,Confirmed Fraud,3.8
2295,93647,10401,2026-04-10,High,Confirmed Fraud,25.7
2296,93648,12809,2026-05-31,High,Closed - No Fraud,6.7
2297,93693,5568,2025-05-31,Critical,Confirmed Fraud,11.7
2298,93707,30874,2025-09-07,High,Confirmed Fraud,11.1
2299,93832,21033,2025-03-06,Low,Confirmed Fraud,15.3
2300,93917,32316,2025-01-18,High,Confirmed Fraud,37.4
2301,93942,21522,2025-02-10,Medium,Confirmed Fraud,21.0
2302,94024,20028,2025-11-24,Critical,Confirmed Fraud,28.4
2303,94063,18831,2025-11-28,Critical,Confirmed Fraud,3.3
2304,94072,26851,2026-03-17,Low,Closed - No Fraud,33.3
2305,94079,14740,2025-01-14,Medium,Confirmed Fraud,11.0
2306,94116,6371,2025-10-03,High,Confirmed Fraud,2.4
2307,94141,917,2026-08-16,Critical,Confirmed Fraud,6.4
2308,94150,17302,2026-05-25,High,Under Review,4.6
2309,94159,17312,2025-06-18,Medium,Confirmed Fraud,7.8
2310,94164,45196,2025-08-26,Medium,Confirmed Fraud,10.7
2311,94166,16826,2025-04-05,Medium,Confirmed Fraud,13.2
2312,94177,11306,2025-01-05,Medium,Confirmed Fraud,9.1
2313,94314,16943,2025-09-24,High,Confirmed Fraud,22.2
2314,94325,1934,2026-10-29,High,Under Review,2.5
2315,94386,44624,2025-12-07,Critical,Confirmed Fraud,20.5
2316,94415,31854,2025-03-30,Medium,Confirmed Fraud,14.8
2317,94432,30670,2025-04-29,High,Confirmed Fraud,8.5
2318,94434,23538,2025-04-20,Medium,Confirmed Fraud,5.4
2319,94537,31554,2025-09-18,Medium,Confirmed Fraud,7.7
2320,94551,3743,2025-06-10,Critical,Under Review,44.6
2321,94558,14376,2026-08-26,Critical,Confirmed Fraud,23.3
2322,94586,49361,2025-08-30,High,Confirmed Fraud,19.3
2323,94737,3553,2025-08-19,High,Closed - No Fraud,11.4
2324,94824,27699,2026-07-03,High,Confirmed Fraud,20.8
2325,94854,17097,2025-07-21,Low,Confirmed Fraud,26.9
2326,94869,35900,2025-11-19,Medium,Confirmed Fraud,25.2
2327,94882,13906,2025-05-04,High,Confirmed Fraud,17.0
2328,94886,12460,2026-05-17,High,Confirmed Fraud,3.0
2329,94963,14698,2026-01-18,Medium,False Positive,5.1
2330,94964,42405,2026-08-02,Low,Under Review,17.6
2331,94989,10050,2025-08-01,High,Confirmed Fraud,6.0
2332,95042,15431,2025-03-01,High,Confirmed Fraud,20.1
2333,95101,30684,2026-09-02,High,Confirmed Fraud,19.0
2334,95153,26195,2025-08-14,High,Confirmed Fraud,5.6
2335,95178,45005,2025-08-18,Critical,Confirmed Fraud,36.0
2336,95216,21490,2026-09-07,Medium,Confirmed Fraud,23.8
2337,95242,32289,2026-09-12,High,Confirmed Fraud,9.4
2338,95372,8918,2025-06-25,Critical,Confirmed Fraud,2.9
2339,95382,19136,2025-04-28,High,Confirmed Fraud,26.5
2340,95384,18026,2025-01-11,Medium,Confirmed Fraud,13.8
2341,95462,26512,2025-08-22,Medium,Confirmed Fraud,3.9
2342,95480,16793,2025-11-16,Critical,Confirmed Fraud,10.4
2343,95499,20491,2025-03-07,High,False Positive,5.3
2344,95507,30589,2025-10-25,High,Confirmed Fraud,3.2
2345,95537,33809,2025-08-17,High,Confirmed Fraud,6.8
2346,95546,5685,2026-09-08,Critical,Confirmed Fraud,9.7
2347,95579,44532,2025-04-26,Medium,Confirmed Fraud,3.1
2348,95617,40341,2025-10-26,Critical,Confirmed Fraud,15.9
2349,95646,1475,2025-01-02,High,Closed - No Fraud,9.6
2350,95709,7030,2025-10-07,Low,Under Review,3.2
2351,95720,31699,2025-09-28,High,Confirmed Fraud,24.6
2352,95729,15377,2025-06-22,Medium,Confirmed Fraud,22.3
2353,95779,21627,2025-03-21,High,Closed - No Fraud,10.8
2354,95801,45808,2026-04-18,High,False Positive,27.4
2355,95834,45137,2025-04-12,Critical,Confirmed Fraud,8.9
2356,95835,19322,2026-04-14,High,Under Review,23.5
2357,95840,22560,2025-11-04,Medium,Confirmed Fraud,7.2
2358,95891,13399,2025-03-14,High,Confirmed Fraud,4.8
2359,95893,49878,2025-11-26,Low,Confirmed Fraud,15.8
2360,95900,23172,2025-01-17,Medium,Confirmed Fraud,21.1
2361,95913,1228,2026-01-06,High,Closed - No Fraud,10.0
2362,95977,6373,2025-07-20,High,Confirmed Fraud,6.9
2363,96011,17410,2025-03-22,Critical,Confirmed Fraud,5.7
2364,96051,12548,2025-08-10,High,Under Review,13.1
2365,96054,38256,2026-02-14,High,Confirmed Fraud,18.4
2366,96058,48361,2025-02-19,Critical,Confirmed Fraud,1.3
2367,96065,26873,2025-01-05,High,Confirmed Fraud,4.2
2368,96093,46636,2025-07-25,Low,Confirmed Fraud,4.4
2369,96193,10406,2026-11-15,Critical,False Positive,14.1
2370,96199,7458,2025-03-06,High,Confirmed Fraud,33.3
2371,96248,3838,2025-04-27,Medium,Confirmed Fraud,22.4
2372,96271,30713,2025-06-19,Critical,Confirmed Fraud,18.3
2373,96272,23694,2025-07-17,High,Confirmed Fraud,14.9
2374,96319,330,2026-10-08,High,Confirmed Fraud,5.4
2375,96333,13860,2026-09-09,High,Confirmed Fraud,15.3
2376,96376,46445,2025-07-25,Medium,Confirmed Fraud,15.4
2377,96435,24493,2026-05-04,Low,Confirmed Fraud,8.2
2378,96452,24598,2025-10-23,Critical,Confirmed Fraud,18.4
2379,96548,6172,2026-01-13,Medium,Confirmed Fraud,48.2
2380,96550,6957,2025-12-24,Critical,Confirmed Fraud,9.2
2381,96593,23585,2026-05-08,Low,False Positive,10.1
2382,96599,6932,2025-04-14,High,Confirmed Fraud,9.5
2383,96756,3734,2026-01-07,Medium,False Positive,6.8
2384,96812,44112,2026-01-09,Medium,Under Review,34.2
2385,96881,45380,2025-09-29,High,Confirmed Fraud,4.9
2386,96907,3667,2026-05-27,Medium,False Positive,11.5
2387,96947,18675,2025-09-18,Critical,False Positive,10.4
2388,96955,29220,2025-06-26,Critical,Confirmed Fraud,9.5
2389,96958,11104,2025-05-02,Medium,Confirmed Fraud,26.2
2390,97049,4483,2026-05-20,Medium,Under Review,13.3
2391,97053,11366,2025-08-08,High,Confirmed Fraud,3.8
2392,97079,34739,2025-03-29,Medium,Confirmed Fraud,36.5
2393,97080,8891,2026-11-30,High,Confirmed Fraud,7.0
2394,97114,28422,2025-02-20,Medium,Confirmed Fraud,1.8
2395,97131,15249,2025-02-26,Critical,Confirmed Fraud,24.3
2396,97166,27520,2025-12-11,High,Confirmed Fraud,37.8
2397,97183,32379,2026-12-18,Medium,Confirmed Fraud,4.4
2398,97224,29853,2025-07-21,Medium,False Positive,16.5
2399,97230,35137,2025-01-02,High,Confirmed Fraud,14.6
2400,97260,8060,2025-03-27,High,False Positive,10.0
2401,97270,23861,2026-01-28,High,Under Review,28.6
2402,97285,1183,2025-03-31,High,Confirmed Fraud,19.2
2403,97305,39093,2025-05-31,High,Closed - No Fraud,13.4
2404,97317,25198,2026-11-14,High,Confirmed Fraud,4.4
2405,97431,32542,2025-08-29,Critical,Confirmed Fraud,10.6
2406,97435,11567,2026-06-03,Low,Confirmed Fraud,28.3
2407,97583,21935,2026-02-27,Medium,False Positive,15.5
2408,97627,18285,2026-01-19,Medium,Confirmed Fraud,20.0
2409,97634,34231,2025-01-24,Critical,Confirmed Fraud,32.4
2410,97646,44925,2025-09-01,Medium,Confirmed Fraud,18.7
2411,97850,37804,2026-09-17,Critical,Confirmed Fraud,14.2
2412,97869,13432,2025-04-05,Medium,Confirmed Fraud,6.6
2413,97938,38796,2025-09-12,High,Confirmed Fraud,3.8
2414,97994,46828,2025-04-19,High,Confirmed Fraud,8.4
2415,98035,43287,2026-03-16,High,Confirmed Fraud,20.4
2416,98056,42355,2025-10-22,Medium,Confirmed Fraud,18.8
2417,98091,496,2026-02-06,High,Confirmed Fraud,20.0
2418,98115,9228,2025-03-16,High,Closed - No Fraud,6.9
2419,98164,26990,2025-01-20,High,Under Review,18.2
2420,98191,9020,2025-05-14,High,Confirmed Fraud,15.1
2421,98271,36107,2025-03-05,Medium,Confirmed Fraud,4.7
2422,98289,33824,2026-01-17,Medium,Confirmed Fraud,16.2
2423,98312,4701,2025-06-02,High,Closed - No Fraud,10.2
2424,98321,18785,2026-04-22,High,Closed - No Fraud,21.1
2425,98354,37847,2025-01-08,High,Closed - No Fraud,7.2
2426,98447,1706,2026-09-23,Low,Confirmed Fraud,2.6
2427,98448,15840,2025-02-28,Low,Confirmed Fraud,9.8
2428,98500,46263,2025-01-15,Low,Closed - No Fraud,22.2
2429,98644,6028,2025-05-25,High,Closed - No Fraud,5.9
2430,98716,41543,2026-04-07,Low,Confirmed Fraud,9.7
2431,98728,4602,2026-12-10,Medium,Confirmed Fraud,2.8
2432,98742,45805,2025-06-18,High,Confirmed Fraud,33.4
2433,98817,9915,2025-01-31,High,Confirmed Fraud,9.3
2434,98829,5540,2026-03-27,Low,Confirmed Fraud,5.7
2435,98845,11133,2026-09-22,High,Closed - No Fraud,18.6
2436,98893,8236,2025-08-02,High,Confirmed Fraud,16.7
2437,98936,46131,2026-12-26,High,Closed - No Fraud,15.3
2438,98940,48288,2025-11-30,Critical,Confirmed Fraud,13.1
2439,98977,20006,2026-01-03,Low,Closed - No Fraud,7.2
2440,98979,49500,2025-03-09,High,False Positive,13.5
2441,98984,20343,2026-08-16,Critical,Confirmed Fraud,3.1
2442,99036,6414,2025-09-18,Medium,Confirmed Fraud,5.7
2443,99050,38416,2026-12-24,Medium,Confirmed Fraud,5.0
2444,99137,11140,2026-08-20,Medium,Confirmed Fraud,13.4
2445,99257,7424,2026-08-24,High,Closed - No Fraud,1.1
2446,99261,2844,2026-05-16,Critical,Confirmed Fraud,7.0
2447,99274,40715,2026-06-23,Medium,Confirmed Fraud,6.9
2448,99417,43472,2026-08-11,High,Confirmed Fraud,22.2
2449,99428,36944,2025-05-14,High,Confirmed Fraud,27.8
2450,99542,25087,2026-09-08,Medium,Confirmed Fraud,3.6
2451,99579,22466,2025-05-19,Medium,Closed - No Fraud,17.9
2452,99612,27481,2025-05-07,Critical,Closed - No Fraud,2.9
2453,99748,42189,2025-10-23,Critical,Confirmed Fraud,14.0
2454,99751,24018,2026-05-30,Low,Confirmed Fraud,13.4
2455,99840,24751,2025-01-19,High,Confirmed Fraud,4.9
2456,99953,41927,2025-05-01,Medium,False Positive,13.1
2457,99974,45985,2026-03-14,Medium,Confirmed Fraud,16.6
2458,100128,22264,2025-08-23,High,False Positive,3.5
2459,100138,16583,2025-08-25,Critical,Closed - No Fraud,20.1
2460,100195,36780,2025-09-24,High,False Positive,29.0
2461,100212,4679,2026-06-24,Critical,Confirmed Fraud,8.6
2462,100214,22343,2025-10-18,Medium,Closed - No Fraud,4.0
2463,100230,13837,2025-06-11,High,Confirmed Fraud,7.4
2464,100238,37209,2025-06-01,High,Under Review,16.2
2465,100246,1381,2025-11-13,Low,Confirmed Fraud,6.5
2466,100247,30218,2026-09-24,Medium,Confirmed Fraud,12.5
2467,100250,11396,2025-01-04,Low,Under Review,12.6
2468,100373,20605,2025-03-09,High,Confirmed Fraud,4.4
2469,100382,20009,2025-10-21,Medium,Confirmed Fraud,11.6
2470,100395,45145,2026-03-28,Medium,Confirmed Fraud,14.8
2471,100436,32032,2025-04-18,Medium,False Positive,56.8
2472,100442,21098,2025-01-10,High,Confirmed Fraud,64.3
2473,100462,38571,2025-02-20,High,Confirmed Fraud,19.0
2474,100573,33721,2026-12-15,High,Confirmed Fraud,8.0
2475,100591,47387,2026-03-19,Medium,Confirmed Fraud,6.4
2476,100603,36068,2025-03-09,Medium,Confirmed Fraud,50.9
2477,100675,20898,2025-06-29,Medium,False Positive,12.3
2478,100753,16294,2025-10-09,High,Under Review,3.7
2479,100803,27574,2025-06-21,Critical,Confirmed Fraud,8.3
2480,100826,3092,2026-09-17,Medium,Under Review,3.6
2481,100894,18197,2025-06-08,Medium,Confirmed Fraud,9.3
2482,100909,816,2025-05-20,Medium,Confirmed Fraud,4.6
2483,100936,23705,2025-02-20,Medium,Confirmed Fraud,15.4
2484,100989,8515,2025-08-04,High,Confirmed Fraud,22.2
2485,101084,16441,2025-09-21,Medium,Closed - No Fraud,4.4
2486,101090,25786,2026-08-28,Medium,Under Review,5.2
2487,101117,33064,2026-05-18,Medium,Confirmed Fraud,12.4
2488,101142,48299,2025-05-27,Medium,Under Review,7.2
2489,101159,31473,2025-03-02,High,Confirmed Fraud,31.4
2490,101178,16270,2026-06-09,Medium,Confirmed Fraud,3.9
2491,101210,12970,2025-11-03,Low,Closed - No Fraud,83.7
2492,101219,46638,2025-05-22,Medium,Confirmed Fraud,13.9
2493,101257,21655,2026-12-29,High,Confirmed Fraud,18.0
2494,101280,12720,2025-03-03,High,Confirmed Fraud,30.9
2495,101296,24887,2025-05-16,High,Confirmed Fraud,16.3
2496,101303,49430,2025-07-09,Low,Confirmed Fraud,8.7
2497,101532,3667,2026-01-21,Medium,Confirmed Fraud,10.6
2498,101546,16130,2025-01-01,High,Confirmed Fraud,4.4
2499,101553,29305,2025-12-21,Critical,Confirmed Fraud,16.3
2500,101588,182,2026-10-27,Medium,Confirmed Fraud,11.9
2501,101607,34750,2026-06-27,Low,Confirmed Fraud,5.0
2502,101623,14378,2026-03-29,Medium,Confirmed Fraud,8.9
2503,101682,47523,2025-03-02,High,Confirmed Fraud,21.8
2504,101747,3566,2026-01-20,Critical,Confirmed Fraud,6.7
2505,101753,4687,2026-05-15,Critical,Confirmed Fraud,6.1
2506,101784,36078,2025-04-16,Critical,Confirmed Fraud,3.3
2507,101830,6778,2025-02-04,Low,Confirmed Fraud,17.0
2508,101934,42030,2026-02-04,High,Confirmed Fraud,13.0
2509,101945,5048,2025-11-04,High,Confirmed Fraud,23.5
2510,102036,12975,2026-09-09,High,Confirmed Fraud,15.6
2511,102098,30819,2026-11-13,Medium,Closed - No Fraud,9.8
2512,102166,44141,2026-04-20,Low,False Positive,15.0
2513,102219,39990,2025-06-13,High,Confirmed Fraud,20.2
2514,102290,42318,2025-11-22,Medium,False Positive,7.5
2515,102295,12153,2026-02-09,High,Confirmed Fraud,36.6
2516,102305,16177,2026-07-21,Medium,Confirmed Fraud,5.4
2517,102353,11579,2025-05-12,Low,False Positive,3.0
2518,102372,37975,2025-05-24,High,Confirmed Fraud,11.0
2519,102389,23007,2025-02-03,Medium,Closed - No Fraud,19.7
2520,102397,2784,2025-06-08,Medium,Confirmed Fraud,45.3
2521,102407,2602,2026-05-22,Medium,Confirmed Fraud,16.9
2522,102509,26461,2026-11-14,Low,Confirmed Fraud,15.3
2523,102517,8850,2026-10-07,High,Confirmed Fraud,18.8
2524,102546,28926,2026-03-12,High,Closed - No Fraud,9.3
2525,102552,24136,2025-03-15,High,False Positive,7.9
2526,102553,17888,2025-04-30,Critical,Confirmed Fraud,14.0
2527,102574,29861,2025-05-05,Critical,False Positive,25.9
2528,102694,19298,2026-10-06,Low,Confirmed Fraud,1.5
2529,102698,22114,2026-10-31,Medium,Confirmed Fraud,14.8
2530,102757,39379,2025-05-14,High,Confirmed Fraud,22.6
2531,102849,4090,2025-05-23,Low,Confirmed Fraud,32.3
2532,102896,6452,2026-09-08,High,Confirmed Fraud,6.5
2533,102926,41118,2025-03-11,Critical,Confirmed Fraud,3.8
2534,102953,24035,2026-08-27,High,False Positive,5.5
2535,102986,2073,2026-05-31,Low,Confirmed Fraud,2.8
2536,103000,43812,2025-05-11,High,Under Review,13.8
2537,103059,3613,2025-03-13,High,Confirmed Fraud,13.4
2538,103079,23659,2025-02-28,Critical,Confirmed Fraud,6.2
2539,103087,293,2025-08-20,High,Confirmed Fraud,15.6
2540,103232,28427,2025-09-22,Medium,Confirmed Fraud,8.6
2541,103268,17074,2025-03-22,High,Confirmed Fraud,19.6
2542,103351,18276,2025-12-06,Medium,Confirmed Fraud,11.3
2543,103378,30036,2026-09-10,Low,Confirmed Fraud,5.4
2544,103407,38900,2025-08-12,High,Confirmed Fraud,9.3
2545,103408,2664,2026-01-10,Low,Confirmed Fraud,15.2
2546,103559,485,2025-05-10,Low,Confirmed Fraud,6.7
2547,103624,13544,2026-11-21,Medium,Confirmed Fraud,7.4
2548,103636,21425,2026-12-15,Medium,False Positive,11.1
2549,103658,16030,2025-10-24,Medium,False Positive,13.0
2550,103670,21514,2025-09-29,Low,Confirmed Fraud,4.2
2551,103716,14604,2026-01-09,Medium,Closed - No Fraud,16.6
2552,103830,37462,2025-10-20,Medium,Under Review,21.1
2553,103839,38792,2025-07-28,Low,Confirmed Fraud,29.4
2554,103860,13583,2025-12-26,High,Confirmed Fraud,59.5
2555,103950,1575,2026-11-27,Low,False Positive,24.5
2556,103963,16167,2025-08-15,High,Confirmed Fraud,28.2
2557,103979,12051,2025-11-30,High,Closed - No Fraud,12.9
2558,103987,3917,2026-04-12,High,Confirmed Fraud,5.7
2559,103991,46821,2026-04-20,Low,Confirmed Fraud,10.1
2560,104013,49821,2026-06-20,Critical,Closed - No Fraud,5.2
2561,104015,19095,2025-03-21,Critical,Closed - No Fraud,15.5
2562,104016,17019,2025-02-02,Critical,Confirmed Fraud,11.1
2563,104028,39876,2025-10-02,Critical,Closed - No Fraud,16.0
2564,104054,31266,2025-09-27,Low,Closed - No Fraud,9.5
2565,104065,10307,2026-05-22,High,Confirmed Fraud,11.3
2566,104078,10731,2025-08-06,High,Confirmed Fraud,10.4
2567,104115,29697,2026-03-17,High,Confirmed Fraud,18.1
2568,104153,19362,2025-09-27,High,Confirmed Fraud,5.3
2569,104168,4037,2026-01-28,Low,Confirmed Fraud,47.7
2570,104191,28689,2025-05-05,Medium,Confirmed Fraud,27.0
2571,104234,11798,2025-10-09,High,Confirmed Fraud,2.7
2572,104332,36795,2026-02-27,Critical,Confirmed Fraud,16.3
2573,104530,1374,2026-09-08,Medium,Closed - No Fraud,6.0
2574,104532,3502,2025-02-24,Critical,Confirmed Fraud,8.6
2575,104583,47633,2025-02-28,Medium,Under Review,23.5
2576,104601,34547,2026-01-31,Critical,Closed - No Fraud,10.9
2577,104707,32142,2026-11-29,High,Under Review,15.9
2578,104756,26258,2025-11-03,Medium,Confirmed Fraud,10.6
2579,104761,19744,2025-07-04,Critical,Confirmed Fraud,14.5
2580,104801,24419,2026-03-08,High,Confirmed Fraud,17.1
2581,104804,22716,2026-06-05,High,Confirmed Fraud,24.7
2582,104809,3855,2026-09-16,High,Confirmed Fraud,13.4
2583,104828,26809,2025-03-30,Medium,Confirmed Fraud,11.9
2584,104834,19006,2026-06-13,High,Confirmed Fraud,13.6
2585,104872,35773,2025-07-30,Medium,Confirmed Fraud,13.8
2586,104878,29666,2025-01-30,Medium,False Positive,2.0
2587,104880,24634,2026-03-10,High,Confirmed Fraud,10.9
2588,104896,38272,2025-08-10,Medium,Confirmed Fraud,4.2
2589,104908,24695,2026-10-12,High,Under Review,8.5
2590,104912,14359,2025-02-19,Critical,Confirmed Fraud,25.9
2591,105019,32957,2025-06-03,Medium,Confirmed Fraud,10.2
2592,105107,10322,2025-01-13,High,Confirmed Fraud,18.2
2593,105113,38614,2025-10-10,Medium,Closed - No Fraud,11.1
2594,105187,35862,2026-01-02,Low,Confirmed Fraud,18.7
2595,105209,7051,2025-06-01,High,Confirmed Fraud,6.9
2596,105257,3416,2026-02-12,High,False Positive,3.2
2597,105345,45143,2025-03-26,Low,Confirmed Fraud,49.1
2598,105370,15674,2025-01-03,Medium,Under Review,11.9
2599,105376,14399,2025-03-24,Medium,Confirmed Fraud,16.0
2600,105386,9718,2025-02-22,Medium,Confirmed Fraud,2.2
2601,105427,43138,2025-01-22,Medium,Confirmed Fraud,4.5
2602,105450,14669,2025-05-03,Medium,Confirmed Fraud,53.4
2603,105579,31107,2026-09-11,Medium,Confirmed Fraud,8.9
2604,105727,33203,2025-06-30,Medium,Confirmed Fraud,13.6
2605,105735,41492,2025-09-14,High,False Positive,11.7
2606,105742,38204,2026-09-21,Medium,Confirmed Fraud,3.4
2607,105801,41676,2026-04-09,High,Confirmed Fraud,15.4
2608,105842,38494,2026-09-27,High,Confirmed Fraud,4.2
2609,105934,49855,2025-04-25,Low,False Positive,13.6
2610,105939,11126,2026-05-01,High,Confirmed Fraud,5.8
2611,105985,15061,2025-10-01,Low,False Positive,5.2
2612,106084,18438,2026-06-24,Medium,Confirmed Fraud,3.3
2613,106096,27342,2025-02-06,Medium,Closed - No Fraud,4.8
2614,106162,23725,2026-05-22,Critical,False Positive,24.0
2615,106194,785,2025-11-22,High,Under Review,26.3
2616,106220,29958,2025-12-09,Medium,Confirmed Fraud,24.1
2617,106296,5589,2026-05-01,High,Confirmed Fraud,21.2
2618,106367,14582,2025-08-23,Medium,Confirmed Fraud,15.9
2619,106369,38924,2025-05-24,Medium,Confirmed Fraud,16.7
2620,106454,9648,2025-04-29,Critical,Confirmed Fraud,4.0
2621,106476,36777,2026-01-04,High,Confirmed Fraud,10.3
2622,106544,3591,2026-09-07,Medium,Confirmed Fraud,13.5
2623,106564,39946,2026-09-04,Low,Confirmed Fraud,12.9
2624,106614,25425,2026-02-07,High,Confirmed Fraud,30.4
2625,106641,40817,2026-03-16,High,Confirmed Fraud,13.9
2626,106664,42920,2026-09-11,Low,Confirmed Fraud,15.2
2627,106682,39761,2026-07-10,Medium,Closed - No Fraud,9.4
2628,106713,6182,2026-05-30,High,Confirmed Fraud,7.7
2629,106721,43063,2025-04-11,High,Confirmed Fraud,18.6
2630,106732,38461,2026-11-16,High,Confirmed Fraud,12.0
2631,106741,24611,2025-01-25,High,Confirmed Fraud,2.7
2632,106759,3111,2025-09-20,High,Confirmed Fraud,94.6
2633,106773,15471,2025-02-05,High,False Positive,8.6
2634,106857,48671,2026-10-19,High,Confirmed Fraud,31.1
2635,106925,44081,2026-01-25,Critical,Confirmed Fraud,7.0
2636,106964,23587,2026-04-24,High,Confirmed Fraud,19.1
2637,106965,26841,2025-04-09,Medium,Closed - No Fraud,19.7
2638,107035,1955,2025-02-06,High,Closed - No Fraud,3.7
2639,107037,7566,2025-10-30,Medium,Confirmed Fraud,47.4
2640,107090,34953,2025-02-05,Critical,Confirmed Fraud,28.2
2641,107134,22300,2025-06-02,High,False Positive,23.2
2642,107150,16150,2025-08-22,High,Confirmed Fraud,23.4
2643,107221,15312,2025-04-19,Critical,Confirmed Fraud,20.5
2644,107268,39209,2025-06-20,High,Closed - No Fraud,12.4
2645,107279,29577,2026-01-19,High,Confirmed Fraud,8.1
2646,107301,40068,2026-01-20,Critical,Confirmed Fraud,12.2
2647,107442,18737,2026-05-16,Critical,False Positive,5.4
2648,107540,5797,2025-11-08,Critical,Confirmed Fraud,12.5
2649,107599,33936,2025-10-19,High,Confirmed Fraud,4.9
2650,107634,13646,2025-07-21,Medium,Under Review,8.4
2651,107658,18681,2025-04-05,Medium,Closed - No Fraud,4.2
2652,107697,47936,2025-01-16,High,Confirmed Fraud,3.8
2653,107707,38733,2025-10-20,Medium,Confirmed Fraud,7.1
2654,107761,9030,2025-09-21,High,Confirmed Fraud,7.0
2655,107903,2394,2025-03-19,Medium,Under Review,25.7
2656,107986,44011,2025-05-06,High,Confirmed Fraud,13.7
2657,108030,5517,2026-02-09,Medium,Confirmed Fraud,28.6
2658,108039,14075,2026-05-22,High,Confirmed Fraud,5.1
2659,108042,18324,2026-10-24,High,Confirmed Fraud,3.7
2660,108060,18145,2025-05-28,Critical,Confirmed Fraud,34.3
2661,108065,23913,2026-10-24,Medium,Confirmed Fraud,5.8
2662,108075,7464,2026-04-06,Critical,Closed - No Fraud,15.8
2663,108105,17384,2025-05-22,Critical,Confirmed Fraud,31.4
2664,108112,18427,2025-01-28,Medium,Confirmed Fraud,15.0
2665,108118,22579,2026-08-06,High,Confirmed Fraud,7.7
2666,108122,25001,2026-06-08,Low,Confirmed Fraud,4.2
2667,108141,37301,2026-09-19,Critical,Confirmed Fraud,9.4
2668,108214,36163,2025-07-18,High,Confirmed Fraud,23.7
2669,108338,42924,2025-05-17,High,Confirmed Fraud,2.6
2670,108342,17381,2025-08-10,High,Closed - No Fraud,6.3
2671,108365,49946,2026-09-03,Critical,Confirmed Fraud,2.2
2672,108449,24864,2025-07-25,High,Confirmed Fraud,20.0
2673,108454,42311,2025-04-08,Low,Confirmed Fraud,19.9
2674,108460,26668,2026-05-26,High,Confirmed Fraud,5.6
2675,108488,28962,2025-02-09,Low,False Positive,27.7
2676,108506,35964,2025-01-01,Low,Closed - No Fraud,12.4
2677,108743,40117,2026-02-03,High,Under Review,12.6
2678,108873,5657,2025-06-29,Low,Confirmed Fraud,27.1
2679,108895,1798,2026-04-19,Critical,Confirmed Fraud,22.3
2680,108924,40976,2026-03-31,Low,Confirmed Fraud,5.3
2681,108940,41295,2026-03-20,Critical,Confirmed Fraud,9.2
2682,109016,27230,2026-09-16,Low,Confirmed Fraud,8.3
2683,109034,31839,2025-06-29,High,Confirmed Fraud,23.8
2684,109046,34385,2026-03-03,Medium,Confirmed Fraud,5.7
2685,109082,45709,2025-02-11,Medium,False Positive,12.6
2686,109101,15432,2025-11-14,Low,Confirmed Fraud,35.1
2687,109171,13098,2026-09-15,Medium,Confirmed Fraud,4.9
2688,109253,29529,2026-04-24,High,Confirmed Fraud,28.2
2689,109300,42200,2025-02-13,Medium,Confirmed Fraud,9.6
2690,109369,46780,2025-08-04,Critical,Confirmed Fraud,42.6
2691,109377,7932,2026-05-01,High,Closed - No Fraud,2.5
2692,109422,41715,2025-05-16,High,Confirmed Fraud,40.1
2693,109497,7017,2025-01-20,Low,Under Review,12.9
2694,109585,39237,2025-04-13,Critical,False Positive,8.1
2695,109586,30269,2025-08-18,Medium,Under Review,18.5
2696,109634,41917,2026-03-17,Critical,Confirmed Fraud,16.2
2697,109696,40510,2025-08-16,High,Confirmed Fraud,15.5
2698,109738,28643,2025-09-15,High,Confirmed Fraud,40.6
2699,109742,18348,2026-08-22,Low,Confirmed Fraud,15.0
2700,109747,4490,2026-03-27,Medium,Confirmed Fraud,4.7
2701,109762,45219,2025-06-20,Medium,Confirmed Fraud,19.1
2702,109793,2125,2025-06-24,High,Under Review,5.7
2703,109829,10602,2026-12-05,Critical,Confirmed Fraud,11.6
2704,109833,33981,2025-07-23,High,False Positive,6.7
2705,109845,18003,2026-07-13,Critical,Confirmed Fraud,15.7
2706,109869,10110,2026-10-02,Low,Under Review,32.2
2707,109940,46061,2026-03-25,Medium,Confirmed Fraud,3.1
2708,109966,46698,2025-01-30,Low,Confirmed Fraud,7.6
2709,110009,45185,2026-02-14,Critical,Confirmed Fraud,9.3
2710,110041,26491,2025-07-04,Critical,Confirmed Fraud,8.1
2711,110139,25974,2025-11-04,Critical,Confirmed Fraud,22.6
2712,110204,17110,2025-03-20,Critical,Under Review,6.2
2713,110259,4280,2026-09-09,High,Confirmed Fraud,11.5
2714,110299,4497,2026-04-16,Low,Confirmed Fraud,12.3
2715,110345,45217,2026-12-09,Critical,Confirmed Fraud,17.2
2716,110422,8564,2025-03-17,High,Confirmed Fraud,23.2
2717,110448,5947,2025-04-06,High,Under Review,16.0
2718,110477,22480,2026-12-09,High,Confirmed Fraud,22.3
2719,110478,24869,2025-08-08,Critical,Confirmed Fraud,8.4
2720,110519,8481,2025-03-13,Medium,Confirmed Fraud,18.2
2721,110611,47556,2025-04-08,Critical,False Positive,11.1
2722,110613,11577,2026-11-21,High,Confirmed Fraud,11.3
2723,110620,37447,2025-06-08,Critical,Confirmed Fraud,2.0
2724,110634,2477,2026-12-04,High,Under Review,10.3
2725,110682,20530,2025-01-03,High,Confirmed Fraud,38.6
2726,110734,25945,2025-06-17,High,Confirmed Fraud,12.6
2727,110753,32106,2025-12-25,High,Confirmed Fraud,3.6
2728,110789,23809,2025-06-02,Medium,Closed - No Fraud,5.9
2729,110799,5754,2026-06-04,Critical,Confirmed Fraud,23.4
2730,110870,35308,2026-06-20,Medium,Confirmed Fraud,9.6
2731,110892,42375,2025-09-24,High,Confirmed Fraud,8.8
2732,111062,45648,2025-07-22,Medium,Confirmed Fraud,7.3
2733,111152,45916,2025-01-26,High,Confirmed Fraud,12.6
2734,111166,20179,2026-09-17,Low,Confirmed Fraud,3.0
2735,111248,20073,2025-07-10,High,Confirmed Fraud,3.6
2736,111264,40103,2025-05-10,Medium,Confirmed Fraud,3.4
2737,111344,34671,2025-03-17,Critical,False Positive,28.0
2738,111391,38684,2026-11-26,Low,Confirmed Fraud,3.6
2739,111479,9059,2025-05-10,High,Confirmed Fraud,10.2
2740,111573,2161,2025-02-15,High,Confirmed Fraud,8.9
2741,111584,41225,2025-04-12,High,Confirmed Fraud,13.8
2742,111617,34323,2025-10-31,High,Confirmed Fraud,12.5
2743,111642,26122,2025-02-03,Critical,Under Review,7.0
2744,111659,16305,2026-07-15,High,Confirmed Fraud,7.4
2745,111664,14998,2025-12-05,High,False Positive,11.6
2746,111713,4908,2026-05-06,Critical,Confirmed Fraud,6.1
2747,111716,17397,2025-02-15,Medium,False Positive,11.6
2748,111723,46857,2026-09-27,High,Confirmed Fraud,13.2
2749,111733,16589,2025-05-28,Critical,Confirmed Fraud,7.2
2750,111745,48027,2026-01-26,High,Confirmed Fraud,8.0
2751,111802,193,2025-01-24,Medium,Confirmed Fraud,7.3
2752,111828,2784,2026-05-19,Medium,Confirmed Fraud,6.6
2753,111833,49312,2025-11-05,Critical,Confirmed Fraud,3.0
2754,111884,29286,2026-08-05,High,Confirmed Fraud,2.6
2755,111887,9032,2025-01-18,High,Confirmed Fraud,6.5
2756,111888,7033,2025-09-02,High,Confirmed Fraud,16.5
2757,112158,17035,2026-05-07,Medium,Closed - No Fraud,19.7
2758,112383,10941,2025-05-27,Low,Closed - No Fraud,10.3
2759,112401,8566,2026-04-12,Medium,Confirmed Fraud,11.6
2760,112427,39424,2026-12-06,Medium,Confirmed Fraud,5.4
2761,112438,28427,2025-09-08,High,False Positive,28.9
2762,112504,6949,2026-03-08,Critical,False Positive,12.7
2763,112553,46759,2025-08-03,High,Closed - No Fraud,11.1
2764,112586,34150,2026-12-25,High,Confirmed Fraud,5.0
2765,112803,9007,2025-01-23,Low,Confirmed Fraud,10.5
2766,112823,16640,2026-01-07,High,Under Review,9.0
2767,112958,23851,2025-03-30,Critical,Closed - No Fraud,62.1
2768,112974,40632,2026-01-14,High,Confirmed Fraud,7.4
2769,112986,22930,2025-04-13,Medium,Confirmed Fraud,50.6
2770,112994,3489,2025-08-29,Low,Confirmed Fraud,3.4
2771,113012,2537,2025-12-24,Low,Confirmed Fraud,7.1
2772,113015,27480,2025-07-19,Medium,Confirmed Fraud,6.1
2773,113170,49958,2026-04-02,High,Confirmed Fraud,19.4
2774,113214,6071,2026-02-07,Medium,Confirmed Fraud,25.6
2775,113238,1639,2026-06-30,Medium,Confirmed Fraud,6.1
2776,113250,22749,2025-08-18,High,Confirmed Fraud,24.2
2777,113304,27883,2025-04-07,High,Confirmed Fraud,11.7
2778,113398,39421,2025-09-11,High,False Positive,6.5
2779,113419,40521,2025-09-22,Critical,Confirmed Fraud,15.4
2780,113428,48429,2026-03-15,Medium,False Positive,5.2
2781,113531,34664,2026-02-04,Medium,Confirmed Fraud,13.1
2782,113537,5767,2026-02-23,Medium,Closed - No Fraud,1.0
2783,113602,17933,2026-05-24,Medium,Confirmed Fraud,9.4
2784,113636,35663,2026-11-26,Critical,Under Review,36.1
2785,113639,29455,2025-04-28,Medium,Confirmed Fraud,20.7
2786,113692,5981,2026-11-10,High,Confirmed Fraud,10.0
2787,113806,49902,2026-12-11,High,Under Review,1.8
2788,113827,36211,2026-01-02,High,Confirmed Fraud,5.7
2789,113833,3828,2026-04-06,High,Confirmed Fraud,6.9
2790,113839,2462,2026-08-01,High,Confirmed Fraud,8.3
2791,113846,16661,2025-06-06,High,Confirmed Fraud,2.3
2792,113854,33317,2025-03-13,High,Confirmed Fraud,4.9
2793,113865,44278,2025-07-14,Medium,Confirmed Fraud,43.5
2794,113922,322,2025-07-16,Medium,Confirmed Fraud,15.1
2795,113926,45307,2026-11-10,High,Closed - No Fraud,10.2
2796,113986,33333,2026-06-17,Medium,Confirmed Fraud,29.7
2797,113999,11464,2025-06-17,High,Confirmed Fraud,6.7
2798,114030,21615,2026-01-25,High,False Positive,13.3
2799,114077,40050,2026-01-06,Medium,Confirmed Fraud,48.9
2800,114121,22003,2025-04-02,Medium,False Positive,11.1
2801,114126,1258,2025-05-28,Critical,Confirmed Fraud,10.7
2802,114131,32241,2026-11-18,Medium,Confirmed Fraud,8.5
2803,114140,24155,2025-12-28,Low,Confirmed Fraud,12.7
2804,114199,43225,2025-05-27,Medium,Confirmed Fraud,17.5
2805,114245,11067,2025-05-01,Medium,Confirmed Fraud,5.2
2806,114351,47743,2025-04-25,High,Confirmed Fraud,21.2
2807,114365,48179,2026-04-02,Critical,Closed - No Fraud,5.6
2808,114372,12084,2026-01-17,High,Confirmed Fraud,11.6
2809,114400,1870,2025-04-22,High,Confirmed Fraud,6.7
2810,114408,46282,2026-06-27,Medium,Confirmed Fraud,7.7
2811,114456,13465,2026-05-11,High,Closed - No Fraud,61.4
2812,114490,25866,2025-03-06,Critical,Under Review,7.8
2813,114497,48772,2026-03-03,High,Confirmed Fraud,4.9
2814,114542,12084,2025-06-15,Medium,Confirmed Fraud,7.1
2815,114651,27162,2026-10-09,High,Confirmed Fraud,33.6
2816,114659,25860,2026-02-27,Medium,Confirmed Fraud,11.4
2817,114761,8349,2025-06-25,Low,Confirmed Fraud,17.4
2818,114795,46355,2025-06-07,High,Confirmed Fraud,11.3
2819,114801,4432,2026-10-29,Medium,False Positive,7.2
2820,114808,26988,2026-04-28,Critical,Confirmed Fraud,7.5
2821,114824,8523,2025-08-04,Medium,Confirmed Fraud,7.1
2822,114851,37304,2025-03-29,Low,Closed - No Fraud,5.4
2823,114858,9310,2025-01-21,Medium,Under Review,6.2
2824,114931,16234,2025-10-02,High,Confirmed Fraud,5.1
2825,115008,28975,2026-05-27,High,Confirmed Fraud,3.1
2826,115080,29175,2026-08-30,Medium,False Positive,20.4
2827,115109,14829,2025-04-16,Medium,Confirmed Fraud,13.6
2828,115132,4016,2025-04-07,High,Confirmed Fraud,8.8
2829,115145,20597,2026-09-14,High,Confirmed Fraud,4.1
2830,115156,14780,2026-08-11,High,Closed - No Fraud,13.4
2831,115159,22451,2026-10-03,Medium,Confirmed Fraud,10.7
2832,115171,3063,2025-08-23,Critical,Under Review,5.2
2833,115187,1947,2026-10-28,High,Confirmed Fraud,8.5
2834,115192,14406,2026-03-24,High,Under Review,20.9
2835,115237,19899,2026-08-03,Medium,Confirmed Fraud,2.1
2836,115246,32345,2025-11-04,Medium,Confirmed Fraud,58.0
2837,115258,13755,2026-04-24,Medium,Confirmed Fraud,9.6
2838,115283,11169,2026-01-17,Medium,Confirmed Fraud,67.2
2839,115361,11303,2025-03-13,Medium,Confirmed Fraud,22.0
2840,115439,37133,2025-07-09,Critical,Closed - No Fraud,17.6
2841,115509,19100,2025-01-30,Low,Confirmed Fraud,4.9
2842,115556,47601,2025-05-22,Medium,Confirmed Fraud,3.5
2843,115580,23603,2025-10-16,High,Confirmed Fraud,5.2
2844,115657,9120,2025-03-29,Low,Confirmed Fraud,9.1
2845,115707,31952,2026-07-31,High,Confirmed Fraud,6.7
2846,115757,27093,2025-09-28,Low,False Positive,26.3
2847,115760,36856,2025-04-21,Medium,Confirmed Fraud,14.3
2848,115806,44108,2026-10-20,High,Confirmed Fraud,36.4
2849,115828,48407,2026-01-14,Medium,False Positive,16.2
2850,115915,43703,2026-08-07,Medium,Confirmed Fraud,5.5
2851,115947,8128,2025-08-14,Medium,False Positive,3.5
2852,115979,45774,2025-03-27,Medium,Confirmed Fraud,4.1
2853,115981,6658,2026-01-19,High,Confirmed Fraud,13.0
2854,115984,7812,2025-02-20,Medium,Confirmed Fraud,7.5
2855,115994,4733,2025-04-21,High,Closed - No Fraud,26.3
2856,116000,8455,2025-09-29,Medium,Closed - No Fraud,28.0
2857,116022,46948,2025-11-07,Low,False Positive,14.4
2858,116090,19847,2025-12-04,High,Confirmed Fraud,16.9
2859,116115,23434,2025-07-11,Medium,False Positive,54.1
2860,116124,27222,2025-10-09,Medium,Confirmed Fraud,36.3
2861,116151,7686,2026-05-06,High,Under Review,13.6
2862,116154,19621,2025-06-26,Medium,Confirmed Fraud,14.7
2863,116191,7296,2025-09-13,Medium,Closed - No Fraud,5.7
2864,116294,7271,2026-04-21,High,Confirmed Fraud,7.3
2865,116340,2401,2026-10-03,Low,Confirmed Fraud,55.6
2866,116409,3078,2025-08-04,Medium,Confirmed Fraud,4.7
2867,116426,46735,2026-11-02,High,False Positive,11.9
2868,116431,13516,2025-09-19,Low,Confirmed Fraud,3.6
2869,116471,7381,2025-04-22,High,Confirmed Fraud,29.1
2870,116477,38183,2026-08-31,High,Confirmed Fraud,20.9
2871,116490,49442,2026-02-06,Critical,Confirmed Fraud,13.3
2872,116694,35301,2025-09-28,Medium,Confirmed Fraud,5.2
2873,116740,13,2025-06-09,Low,Confirmed Fraud,13.7
2874,116835,46503,2026-11-03,Medium,Confirmed Fraud,18.3
2875,116869,38194,2025-01-03,Critical,Confirmed Fraud,23.0
2876,116886,7121,2026-07-28,Medium,Confirmed Fraud,21.2
2877,116897,39948,2025-04-10,High,Confirmed Fraud,10.6
2878,116925,39155,2026-12-22,Medium,Under Review,18.5
2879,117031,38199,2025-03-12,Critical,Confirmed Fraud,10.6
2880,117123,40480,2026-07-16,Medium,Under Review,13.3
2881,117128,42570,2025-05-06,Medium,Confirmed Fraud,12.2
2882,117140,15122,2025-11-28,Critical,Under Review,7.3
2883,117166,37229,2025-05-01,High,Confirmed Fraud,4.9
2884,117232,10330,2025-12-02,Low,Confirmed Fraud,21.1
2885,117240,28292,2025-06-22,Medium,Confirmed Fraud,3.5
2886,117284,6778,2026-03-10,High,Confirmed Fraud,8.0
2887,117290,40894,2025-01-14,High,Confirmed Fraud,18.3
2888,117295,48867,2025-01-06,Medium,Confirmed Fraud,6.0
2889,117315,38704,2025-06-25,High,Confirmed Fraud,3.8
2890,117377,1067,2025-05-28,Critical,Confirmed Fraud,17.8
2891,117423,1496,2025-11-04,High,Confirmed Fraud,23.9
2892,117454,36724,2026-12-30,High,Confirmed Fraud,9.6
2893,117532,23073,2025-04-29,High,Confirmed Fraud,13.3
2894,117536,21725,2026-02-25,Critical,Confirmed Fraud,10.5
2895,117607,1273,2026-09-24,High,Confirmed Fraud,8.6
2896,117620,20693,2026-03-28,Medium,Under Review,3.9
2897,117629,4613,2025-02-02,Medium,Under Review,9.3
2898,117666,46785,2026-03-26,Medium,Closed - No Fraud,7.8
2899,117685,43129,2026-06-22,Critical,Confirmed Fraud,5.7
2900,117713,28571,2026-12-01,Medium,Confirmed Fraud,4.8
2901,117716,33857,2025-05-10,High,Confirmed Fraud,20.9
2902,117717,44838,2025-09-08,High,Confirmed Fraud,5.7
2903,117748,2361,2026-08-17,High,Confirmed Fraud,9.6
2904,117794,20514,2025-02-04,Low,Closed - No Fraud,40.2
2905,117808,4836,2026-03-15,Medium,Confirmed Fraud,19.0
2906,117849,17000,2026-01-19,Medium,Confirmed Fraud,35.2
2907,117898,2251,2025-11-09,Low,Confirmed Fraud,10.5
2908,117928,16485,2026-01-16,Medium,Closed - No Fraud,15.1
2909,117953,27026,2025-05-21,Low,Closed - No Fraud,2.1
2910,118278,44793,2026-08-18,Low,Confirmed Fraud,7.0
2911,118305,11059,2025-01-21,Low,Confirmed Fraud,53.1
2912,118327,42878,2026-12-23,Critical,Confirmed Fraud,16.1
2913,118332,2921,2026-04-19,Medium,Confirmed Fraud,59.4
2914,118361,47448,2025-08-05,High,Confirmed Fraud,3.7
2915,118406,39413,2025-08-22,High,Closed - No Fraud,6.2
2916,118496,2535,2026-09-27,Medium,Confirmed Fraud,8.0
2917,118507,33491,2025-11-13,High,Confirmed Fraud,6.0
2918,118527,41220,2025-04-23,Critical,Confirmed Fraud,38.6
2919,118549,31491,2026-03-11,High,Under Review,19.5
2920,118712,26752,2025-09-08,Medium,Confirmed Fraud,10.0
2921,118725,35354,2026-04-21,Medium,Confirmed Fraud,17.5
2922,118736,17541,2026-01-03,Medium,Confirmed Fraud,4.7
2923,118747,5437,2026-10-10,Critical,Confirmed Fraud,36.3
2924,118773,27986,2026-08-21,High,False Positive,16.0
2925,118799,7102,2025-09-14,High,False Positive,20.9
2926,118800,33342,2025-06-29,Medium,Confirmed Fraud,8.8
2927,118825,8962,2025-08-28,Medium,Confirmed Fraud,6.7
2928,118848,25076,2025-07-29,Medium,Confirmed Fraud,16.4
2929,118854,1143,2026-06-19,Medium,Closed - No Fraud,20.6
2930,118886,14695,2025-02-08,High,Confirmed Fraud,3.3
2931,119018,34802,2025-04-11,Critical,Confirmed Fraud,25.9
2932,119091,45649,2025-02-16,High,Confirmed Fraud,5.2
2933,119108,39091,2026-10-23,Medium,Confirmed Fraud,26.0
2934,119123,15438,2026-01-27,High,Confirmed Fraud,11.9
2935,119146,38475,2026-12-23,High,Confirmed Fraud,25.7
2936,119147,13735,2025-02-01,High,Confirmed Fraud,11.4
2937,119161,26668,2025-01-29,Medium,Under Review,2.7
2938,119188,45155,2025-07-06,High,Confirmed Fraud,12.2
2939,119245,36610,2025-03-03,Medium,Confirmed Fraud,3.8
2940,119254,42557,2026-11-01,Medium,Confirmed Fraud,6.0
2941,119269,9096,2025-05-31,High,False Positive,19.8
2942,119284,3743,2025-09-13,Critical,Confirmed Fraud,3.6
2943,119285,18175,2025-03-11,Medium,Confirmed Fraud,33.4
2944,119302,38308,2025-01-22,High,Under Review,14.0
2945,119304,39485,2026-04-09,Critical,Closed - No Fraud,12.7
2946,119325,21829,2025-04-17,Low,Closed - No Fraud,11.7
2947,119360,5948,2025-12-21,Medium,Confirmed Fraud,2.5
2948,119390,6526,2025-09-21,Medium,Confirmed Fraud,11.0
2949,119401,17800,2026-09-02,High,Confirmed Fraud,2.5
2950,119599,11195,2025-02-02,Medium,Confirmed Fraud,38.1
2951,119649,46905,2026-11-06,High,Confirmed Fraud,1.9
2952,119653,20453,2025-06-29,High,Confirmed Fraud,8.7
2953,119656,42423,2026-01-17,Medium,Confirmed Fraud,5.5
2954,119662,6574,2025-11-26,Critical,False Positive,12.0
2955,119691,22436,2026-04-22,Critical,Confirmed Fraud,10.1
2956,119712,42655,2026-12-05,Low,Confirmed Fraud,13.2
2957,119743,21877,2026-12-19,High,Confirmed Fraud,5.2
2958,119824,37076,2025-03-07,High,Confirmed Fraud,8.4
2959,119920,11293,2025-05-27,High,Confirmed Fraud,11.8
2960,119931,19418,2026-10-12,Critical,Confirmed Fraud,8.5
2961,119951,15900,2025-06-09,Critical,Confirmed Fraud,1.9
2962,120011,5907,2026-07-04,Critical,False Positive,7.5
2963,120017,25210,2026-03-10,High,Confirmed Fraud,34.3
2964,120020,1141,2025-04-29,Medium,Confirmed Fraud,19.5
2965,120121,44807,2025-01-18,High,Confirmed Fraud,20.0
2966,120208,38382,2025-06-25,High,Confirmed Fraud,20.5
2967,120229,41475,2025-05-24,Critical,Confirmed Fraud,4.5
2968,120302,31390,2025-08-16,High,Confirmed Fraud,54.1
2969,120410,37597,2026-04-12,Low,Confirmed Fraud,24.4
2970,120481,9846,2026-03-16,High,Confirmed Fraud,70.7
2971,120495,25996,2025-12-16,Critical,Confirmed Fraud,4.4
2972,120496,11530,2025-10-22,Medium,Confirmed Fraud,5.5
2973,120516,26072,2025-03-31,Medium,Confirmed Fraud,4.3
2974,120580,27705,2025-08-29,Medium,Confirmed Fraud,24.3
2975,120596,46888,2026-04-17,Medium,Confirmed Fraud,22.7
2976,120656,18956,2025-03-30,Low,Confirmed Fraud,3.5
2977,120683,44979,2025-12-16,Critical,Confirmed Fraud,9.6
2978,120758,38223,2026-09-15,Medium,Confirmed Fraud,9.5
2979,120853,17115,2025-01-22,High,Confirmed Fraud,26.3
2980,120935,11774,2025-11-03,Critical,Confirmed Fraud,6.3
2981,120939,44441,2026-02-22,High,Confirmed Fraud,15.6
2982,120954,17273,2026-09-20,Critical,Confirmed Fraud,3.3
2983,120978,20272,2026-01-21,Medium,Confirmed Fraud,1.0
2984,121023,49591,2025-06-06,High,Under Review,32.4
2985,121032,37991,2025-12-31,High,Confirmed Fraud,4.8
2986,121106,40162,2025-11-03,Medium,False Positive,16.3
2987,121204,28314,2025-07-28,High,Confirmed Fraud,9.7
2988,121235,31897,2025-09-19,Critical,Confirmed Fraud,57.0
2989,121253,8956,2026-08-30,High,Confirmed Fraud,9.3
2990,121275,41362,2026-12-19,High,False Positive,8.5
2991,121377,28585,2025-03-23,High,Closed - No Fraud,8.0
2992,121443,10512,2025-06-13,Medium,False Positive,34.8
2993,121469,19088,2026-12-10,Low,Confirmed Fraud,7.9
2994,121493,15353,2025-04-17,High,Confirmed Fraud,24.5
2995,121521,17722,2025-06-11,Critical,Confirmed Fraud,4.9
2996,121523,19834,2026-07-17,Medium,Confirmed Fraud,16.8
2997,121651,38568,2026-01-26,Critical,Confirmed Fraud,33.1
2998,121697,38357,2025-05-15,Critical,Confirmed Fraud,11.1
2999,121717,16971,2026-12-12,Medium,Confirmed Fraud,8.1
3000,121775,6697,2025-12-22,Medium,Under Review,50.5
3001,121780,39265,2025-03-15,High,Closed - No Fraud,2.9
3002,121900,34562,2025-12-09,Medium,Confirmed Fraud,3.9
3003,122073,1939,2025-03-02,High,Confirmed Fraud,10.9
3004,122134,40633,2026-12-19,Low,Confirmed Fraud,2.8
3005,122175,15771,2025-05-05,High,Confirmed Fraud,11.2
3006,122226,39086,2025-08-25,High,Confirmed Fraud,11.9
3007,122236,20540,2025-06-12,Critical,Confirmed Fraud,10.6
3008,122263,11805,2026-01-03,High,Under Review,4.4
3009,122323,29588,2025-05-08,Medium,False Positive,1.1
3010,122357,17357,2025-08-01,High,Confirmed Fraud,3.2
3011,122381,47413,2025-12-28,High,Confirmed Fraud,19.0
3012,122502,18256,2025-06-15,High,Confirmed Fraud,5.2
3013,122523,12585,2026-06-07,High,Confirmed Fraud,14.8
3014,122597,25615,2025-11-01,Medium,False Positive,44.4
3015,122614,13036,2025-02-07,High,Confirmed Fraud,18.1
3016,122644,41945,2026-10-06,Critical,Confirmed Fraud,24.3
3017,122704,3429,2025-04-06,Medium,Confirmed Fraud,9.3
3018,122739,11208,2025-06-12,High,Confirmed Fraud,1.7
3019,122790,48809,2026-12-08,Medium,Confirmed Fraud,6.2
3020,122807,33641,2026-04-29,Medium,False Positive,31.9
3021,122808,47863,2025-07-28,Low,Confirmed Fraud,9.8
3022,122815,19293,2026-11-16,Medium,Confirmed Fraud,13.7
3023,122886,26457,2025-11-25,High,Confirmed Fraud,4.0
3024,122911,29378,2025-05-24,High,Closed - No Fraud,4.5
3025,122923,18128,2025-04-06,High,Closed - No Fraud,5.5
3026,122929,24951,2025-05-24,High,Confirmed Fraud,17.0
3027,122974,38127,2025-06-10,High,Under Review,9.2
3028,122999,789,2025-01-18,Medium,Confirmed Fraud,8.3
3029,123025,15541,2026-06-16,Critical,Confirmed Fraud,13.9
3030,123091,18646,2025-03-07,Low,Confirmed Fraud,16.4
3031,123202,6287,2026-01-24,High,Confirmed Fraud,13.9
3032,123203,43382,2025-12-27,Low,False Positive,23.4
3033,123229,30446,2025-06-23,Medium,Under Review,17.6
3034,123251,32371,2025-01-05,Medium,Confirmed Fraud,12.1
3035,123343,46923,2025-08-11,Low,Confirmed Fraud,23.1
3036,123347,33425,2026-12-06,High,Confirmed Fraud,6.2
3037,123408,47250,2025-09-10,High,Confirmed Fraud,3.1
3038,123459,40523,2026-11-22,High,Closed - No Fraud,14.1
3039,123723,46961,2026-07-20,Medium,Confirmed Fraud,7.5
3040,123732,16242,2025-01-31,Medium,Confirmed Fraud,15.4
3041,123809,40902,2025-07-13,Medium,Under Review,7.7
3042,123811,12306,2026-05-26,High,False Positive,50.6
3043,123822,27704,2025-01-12,High,Confirmed Fraud,15.8
3044,123886,37783,2025-02-08,Low,Closed - No Fraud,24.0
3045,123891,38211,2025-06-27,Medium,False Positive,16.6
3046,123909,24689,2025-10-06,Medium,Under Review,6.9
3047,123911,32205,2026-09-30,Low,Confirmed Fraud,18.3
3048,123932,26113,2025-12-07,High,Confirmed Fraud,19.3
3049,123980,45486,2025-02-23,Medium,Confirmed Fraud,25.8
3050,123995,34342,2025-04-26,High,Confirmed Fraud,5.3
3051,124005,27530,2026-08-27,Medium,Confirmed Fraud,5.8
3052,124074,49937,2026-06-19,High,Closed - No Fraud,16.6
3053,124117,31607,2025-02-10,High,False Positive,6.5
3054,124260,11486,2025-05-31,Low,Confirmed Fraud,12.1
3055,124264,20193,2026-09-08,Critical,Confirmed Fraud,51.5
3056,124329,45611,2026-09-03,Critical,Confirmed Fraud,13.4
3057,124343,20072,2025-09-23,Medium,Confirmed Fraud,17.4
3058,124467,30716,2026-12-09,High,Confirmed Fraud,25.7
3059,124502,15142,2025-05-14,Critical,Under Review,8.8
3060,124559,20454,2025-03-04,High,Closed - No Fraud,4.3
3061,124584,40806,2025-10-06,Medium,Confirmed Fraud,10.4
3062,124609,10894,2026-08-15,Medium,Confirmed Fraud,7.1
3063,124636,30836,2026-06-23,Medium,Confirmed Fraud,11.6
3064,124655,49301,2025-01-02,Critical,Confirmed Fraud,66.4
3065,124667,11735,2025-08-18,Medium,Confirmed Fraud,10.9
3066,124684,19681,2025-12-20,Medium,Confirmed Fraud,6.1
3067,124709,27189,2025-02-19,High,Confirmed Fraud,40.5
3068,124731,13487,2025-06-16,High,Closed - No Fraud,4.9
3069,124736,25486,2025-01-31,Medium,Confirmed Fraud,12.1
3070,124742,24273,2026-07-31,High,Closed - No Fraud,4.3
3071,124773,24899,2026-08-07,Medium,Closed - No Fraud,14.9
3072,124787,3961,2026-11-13,High,False Positive,8.8
3073,124896,28046,2025-06-29,Critical,Closed - No Fraud,19.6
3074,124921,30597,2026-02-04,High,False Positive,4.7
3075,124923,28227,2025-11-22,Critical,Confirmed Fraud,14.8
3076,124945,29407,2026-04-07,Medium,Confirmed Fraud,13.8
3077,125006,34352,2026-02-01,Low,Confirmed Fraud,12.7
3078,125048,36240,2025-04-01,High,Confirmed Fraud,38.7
3079,125058,34353,2025-12-27,Low,Closed - No Fraud,5.2
3080,125093,775,2026-08-26,Critical,Confirmed Fraud,15.1
3081,125177,9934,2025-01-31,Low,Confirmed Fraud,18.7
3082,125191,5802,2025-05-28,Medium,Confirmed Fraud,11.3
3083,125209,18498,2025-01-15,High,Confirmed Fraud,20.4
3084,125297,46242,2025-11-03,Medium,Closed - No Fraud,15.8
3085,125307,25264,2026-09-12,Low,Closed - No Fraud,12.7
3086,125311,22574,2026-04-10,Medium,Confirmed Fraud,8.7
3087,125369,36173,2026-04-20,Low,Closed - No Fraud,11.2
3088,125479,19000,2025-03-06,Medium,False Positive,6.7
3089,125538,4702,2026-01-06,Critical,Confirmed Fraud,2.1
3090,125544,46012,2025-02-07,High,Confirmed Fraud,10.2
3091,125748,15631,2025-10-20,High,Under Review,6.3
3092,125779,7542,2026-09-27,High,Confirmed Fraud,14.9
3093,125810,12814,2026-07-21,Medium,Confirmed Fraud,21.5
3094,125830,17714,2025-09-24,High,Confirmed Fraud,8.1
3095,125842,19334,2025-10-09,Low,Closed - No Fraud,18.3
3096,125871,33402,2026-10-15,High,Confirmed Fraud,38.4
3097,125904,4628,2025-03-09,Low,Closed - No Fraud,12.6
3098,125922,17944,2025-03-11,High,Confirmed Fraud,21.0
3099,125930,9194,2025-11-24,High,Confirmed Fraud,14.0
3100,125959,36944,2026-08-09,Medium,Confirmed Fraud,51.7
3101,125961,37294,2026-04-30,High,Confirmed Fraud,24.3
3102,126018,37347,2025-11-29,High,Closed - No Fraud,35.9
3103,126029,12461,2026-03-19,High,Confirmed Fraud,7.8
3104,126037,12027,2025-01-04,High,Confirmed Fraud,11.6
3105,126058,4202,2026-12-28,High,Closed - No Fraud,7.5
3106,126085,3544,2025-07-14,Medium,False Positive,6.6
3107,126182,49060,2026-05-31,Medium,Confirmed Fraud,23.0
3108,126264,15074,2026-01-26,Medium,Confirmed Fraud,5.5
3109,126293,38540,2025-08-30,Low,Confirmed Fraud,5.2
3110,126307,1557,2026-04-06,Critical,Closed - No Fraud,10.8
3111,126342,4886,2026-06-19,Low,Confirmed Fraud,3.8
3112,126357,49863,2026-03-29,Critical,Confirmed Fraud,4.4
3113,126405,267,2025-02-13,Medium,Confirmed Fraud,13.8
3114,126571,1073,2026-01-31,Medium,Confirmed Fraud,55.8
3115,126591,46524,2025-02-25,Critical,Confirmed Fraud,14.8
3116,126602,15604,2025-03-19,High,Confirmed Fraud,8.1
3117,126620,42024,2025-05-14,High,Confirmed Fraud,4.7
3118,126627,48616,2025-08-01,High,Confirmed Fraud,15.2
3119,126641,2734,2025-06-10,High,Closed - No Fraud,22.7
3120,126675,3469,2026-08-20,Low,Closed - No Fraud,12.2
3121,126737,4480,2025-11-07,High,Confirmed Fraud,14.1
3122,126740,12401,2025-12-20,Low,Confirmed Fraud,4.8
3123,126852,20705,2025-04-10,High,Closed - No Fraud,5.7
3124,126948,35832,2026-12-28,Critical,Confirmed Fraud,5.1
3125,126957,23305,2025-02-09,High,Confirmed Fraud,13.4
3126,127092,46967,2026-12-20,Low,Closed - No Fraud,6.1
3127,127108,13921,2025-11-07,High,Confirmed Fraud,18.6
3128,127148,14848,2026-02-08,Critical,Confirmed Fraud,18.9
3129,127162,42564,2025-06-10,Medium,Confirmed Fraud,2.2
3130,127189,37378,2026-09-12,High,Confirmed Fraud,14.7
3131,127219,13571,2026-11-11,Critical,Confirmed Fraud,5.8
3132,127313,21458,2025-04-25,Medium,Closed - No Fraud,8.4
3133,127459,12234,2025-12-11,High,Confirmed Fraud,27.2
3134,127484,4504,2026-12-29,Critical,Closed - No Fraud,4.0
3135,127535,14236,2026-01-01,Critical,Confirmed Fraud,6.3
3136,127565,40504,2025-09-21,High,Confirmed Fraud,18.0
3137,127630,524,2025-03-06,High,Confirmed Fraud,7.8
3138,127683,20541,2025-10-08,High,Confirmed Fraud,12.6
3139,127696,47343,2025-12-07,High,Closed - No Fraud,4.8
3140,127732,48313,2025-05-04,High,Closed - No Fraud,4.4
3141,127761,35140,2025-02-14,High,Confirmed Fraud,20.7
3142,127802,33851,2025-10-10,Medium,Confirmed Fraud,11.7
3143,127813,14877,2025-08-01,High,Confirmed Fraud,13.3
3144,127814,33716,2026-04-26,Low,Confirmed Fraud,15.1
3145,127823,25918,2025-03-26,High,Confirmed Fraud,39.7
3146,127862,15694,2026-04-25,High,Confirmed Fraud,10.7
3147,127876,44365,2025-01-24,Low,Confirmed Fraud,16.9
3148,127940,48651,2026-09-22,High,Confirmed Fraud,4.7
3149,128035,22658,2025-05-09,Medium,Confirmed Fraud,13.1
3150,128065,34352,2026-08-31,Low,Confirmed Fraud,8.4
3151,128077,22911,2026-03-07,High,False Positive,16.0
3152,128162,1406,2026-08-07,Medium,Confirmed Fraud,20.3
3153,128218,38532,2026-12-03,Medium,Confirmed Fraud,8.2
3154,128233,42681,2025-03-01,Low,Closed - No Fraud,24.0
3155,128348,1553,2026-03-12,High,Confirmed Fraud,3.2
3156,128361,533,2026-09-07,Medium,Confirmed Fraud,4.2
3157,128402,15220,2025-02-14,Critical,Confirmed Fraud,40.2
3158,128417,2428,2025-05-07,Low,Confirmed Fraud,4.8
3159,128430,28487,2026-06-23,High,Closed - No Fraud,11.1
3160,128467,12097,2025-01-12,Low,Confirmed Fraud,17.5
3161,128474,13457,2026-06-04,Critical,Confirmed Fraud,4.5
3162,128494,17709,2025-05-15,Medium,Confirmed Fraud,16.1
3163,128562,16725,2026-09-15,Low,Closed - No Fraud,8.1
3164,128654,24622,2026-12-25,Medium,Confirmed Fraud,18.6
3165,128655,9170,2026-08-06,High,Confirmed Fraud,41.6
3166,128659,26448,2026-05-01,High,Confirmed Fraud,18.1
3167,128740,1835,2026-06-21,High,Confirmed Fraud,1.2
3168,128836,8123,2026-07-19,Critical,False Positive,9.0
3169,128876,12203,2025-06-21,Medium,False Positive,14.4
3170,128917,10248,2025-01-25,High,Confirmed Fraud,14.7
3171,128968,37656,2025-03-10,Medium,Confirmed Fraud,6.1
3172,128993,41868,2025-08-25,Critical,Confirmed Fraud,9.6
3173,129027,39908,2026-08-14,High,Confirmed Fraud,4.0
3174,129071,30288,2026-06-12,Low,Confirmed Fraud,4.3
3175,129137,39348,2026-10-22,Low,Confirmed Fraud,2.6
3176,129144,20168,2026-08-13,Medium,Confirmed Fraud,80.4
3177,129176,31853,2025-08-02,Medium,Closed - No Fraud,21.3
3178,129207,10822,2025-10-05,High,Confirmed Fraud,17.9
3179,129240,3431,2025-04-03,Medium,Under Review,15.5
3180,129255,9139,2025-07-24,High,Confirmed Fraud,5.4
3181,129269,43849,2026-07-20,Critical,Confirmed Fraud,3.6
3182,129328,47012,2025-08-14,Low,Confirmed Fraud,6.9
3183,129334,35323,2025-02-06,Medium,Confirmed Fraud,7.8
3184,129369,26895,2026-01-30,Medium,Confirmed Fraud,5.4
3185,129430,38084,2026-07-03,High,Confirmed Fraud,12.8
3186,129494,30189,2025-11-04,High,False Positive,21.3
3187,129497,20076,2025-06-13,Medium,Confirmed Fraud,9.0
3188,129576,40151,2025-10-04,Critical,Under Review,15.7
3189,129591,824,2025-09-16,Low,Closed - No Fraud,6.8
3190,129605,9652,2025-01-09,Critical,False Positive,10.5
3191,129674,29227,2025-06-27,Critical,Confirmed Fraud,45.9
3192,129703,8249,2026-03-24,Low,False Positive,11.3
3193,129720,12174,2025-12-16,Medium,Under Review,6.0
3194,129789,5783,2025-08-09,High,Confirmed Fraud,13.7
3195,129813,46745,2025-11-08,Low,False Positive,36.6
3196,129860,33897,2026-06-18,High,Confirmed Fraud,15.1
3197,129867,19850,2025-02-18,High,False Positive,11.1
3198,129975,6375,2025-02-06,Critical,Confirmed Fraud,9.3
3199,129992,31687,2025-01-26,Critical,Confirmed Fraud,8.1
3200,130006,41486,2025-06-06,High,Confirmed Fraud,99.0
3201,130031,21936,2025-11-29,Medium,Confirmed Fraud,4.8
3202,130073,10100,2025-09-25,High,Confirmed Fraud,24.2
3203,130076,2017,2025-06-14,High,Confirmed Fraud,12.8
3204,130113,17726,2025-08-11,High,False Positive,6.3
3205,130147,35199,2025-10-14,Medium,Closed - No Fraud,4.0
3206,130324,18813,2025-01-15,Low,Confirmed Fraud,5.9
3207,130438,8251,2026-12-12,High,Confirmed Fraud,5.9
3208,130500,26520,2026-09-07,Medium,False Positive,18.4
3209,130603,29623,2025-09-16,Medium,Confirmed Fraud,5.2
3210,130610,26108,2025-07-09,High,Closed - No Fraud,12.9
3211,130819,12290,2026-09-19,Medium,Closed - No Fraud,2.1
3212,130851,47677,2025-12-12,Critical,Confirmed Fraud,63.2
3213,130868,13176,2025-07-16,Critical,Confirmed Fraud,31.9
3214,130896,8549,2026-11-05,Critical,False Positive,14.8
3215,130925,26691,2025-08-06,Medium,Confirmed Fraud,8.8
3216,130940,15611,2026-11-09,Critical,Confirmed Fraud,5.8
3217,130993,38997,2026-07-31,High,Confirmed Fraud,4.7
3218,130997,1857,2026-12-13,Low,Confirmed Fraud,8.2
3219,131029,36713,2026-10-26,High,Under Review,7.9
3220,131042,8485,2026-09-17,High,Confirmed Fraud,11.4
3221,131080,44025,2025-01-28,Medium,Confirmed Fraud,2.6
3222,131084,13867,2025-04-01,High,Confirmed Fraud,21.7
3223,131174,23832,2025-01-31,Medium,Confirmed Fraud,6.3
3224,131257,42728,2026-08-20,High,Under Review,4.2
3225,131323,8619,2026-07-28,High,Confirmed Fraud,5.3
3226,131344,5643,2025-06-22,Critical,Confirmed Fraud,9.5
3227,131459,20465,2025-01-19,Critical,Confirmed Fraud,12.9
3228,131460,1145,2025-07-31,Medium,Confirmed Fraud,12.5
3229,131507,15832,2026-11-29,High,Confirmed Fraud,5.6
3230,131533,6835,2025-04-15,Medium,Confirmed Fraud,26.5
3231,131539,3916,2025-07-05,High,Confirmed Fraud,22.8
3232,131553,5216,2025-04-28,High,Closed - No Fraud,3.9
3233,131591,43991,2026-02-10,Medium,Confirmed Fraud,15.8
3234,131610,10375,2026-01-14,Medium,Confirmed Fraud,21.9
3235,131648,12844,2025-09-05,High,False Positive,4.4
3236,131681,45738,2025-02-19,Critical,Confirmed Fraud,6.0
3237,131691,24520,2025-03-05,High,Confirmed Fraud,14.5
3238,131723,23979,2026-08-23,High,False Positive,19.1
3239,131731,11875,2026-11-08,High,Confirmed Fraud,15.5
3240,131752,7593,2025-12-16,Low,Confirmed Fraud,12.2
3241,131802,4096,2025-11-17,Medium,Confirmed Fraud,14.8
3242,131875,7615,2025-03-08,High,Closed - No Fraud,19.5
3243,131885,7358,2025-11-07,High,Confirmed Fraud,6.3
3244,131917,4296,2026-12-02,Medium,Under Review,4.5
3245,131918,150,2025-07-19,Low,Confirmed Fraud,12.0
3246,131931,28040,2026-07-29,Medium,Confirmed Fraud,11.1
3247,131965,27159,2025-05-04,High,Confirmed Fraud,1.5
3248,131980,21067,2026-10-10,High,Confirmed Fraud,23.0
3249,132002,47393,2025-07-28,Critical,Confirmed Fraud,13.0
3250,132046,2725,2025-05-20,Medium,Confirmed Fraud,13.3
3251,132067,47528,2025-02-19,High,False Positive,8.1
3252,132120,19824,2026-06-28,High,Confirmed Fraud,22.6
3253,132174,29503,2026-01-22,High,Confirmed Fraud,41.9
3254,132231,47168,2025-01-23,Medium,Confirmed Fraud,13.9
3255,132234,28947,2025-11-15,High,Confirmed Fraud,3.4
3256,132249,6152,2025-07-19,High,False Positive,20.6
3257,132272,27536,2026-09-15,High,Confirmed Fraud,19.4
3258,132291,14411,2025-02-23,Low,Confirmed Fraud,1.2
3259,132314,23075,2026-12-25,Medium,Confirmed Fraud,2.4
3260,132345,47949,2026-11-04,High,Confirmed Fraud,3.4
3261,132363,25949,2025-08-08,High,Confirmed Fraud,6.6
3262,132393,7725,2025-08-23,Critical,Closed - No Fraud,17.3
3263,132431,23088,2025-03-03,High,Confirmed Fraud,5.8
3264,132623,27088,2025-06-24,High,Confirmed Fraud,2.1
3265,132679,18917,2026-09-08,Medium,Confirmed Fraud,19.3
3266,132690,4286,2025-02-18,Critical,Closed - No Fraud,8.9
3267,132768,36685,2025-05-12,High,Confirmed Fraud,13.0
3268,132773,49559,2025-10-05,High,Confirmed Fraud,26.9
3269,132922,11457,2025-02-21,High,Confirmed Fraud,39.6
3270,132924,13227,2026-07-24,High,False Positive,27.4
3271,132925,47710,2025-12-28,Medium,Confirmed Fraud,12.5
3272,132991,6503,2025-01-27,High,False Positive,13.0
3273,132996,38889,2026-12-06,High,Closed - No Fraud,25.1
3274,133001,25255,2025-07-14,High,Confirmed Fraud,6.5
3275,133086,21608,2025-09-29,High,Confirmed Fraud,8.2
3276,133107,748,2025-06-17,Medium,Confirmed Fraud,23.3
3277,133150,42588,2025-12-19,Medium,Confirmed Fraud,2.7
3278,133202,33941,2025-05-03,Medium,Confirmed Fraud,11.2
3279,133218,39309,2025-11-10,Critical,Closed - No Fraud,1.2
3280,133245,20859,2025-08-26,High,Confirmed Fraud,20.7
3281,133253,29909,2025-05-02,Critical,Under Review,8.6
3282,133278,42969,2026-01-30,Low,Confirmed Fraud,15.6
3283,133286,19655,2026-10-10,Medium,Confirmed Fraud,4.9
3284,133359,45826,2025-04-24,Medium,Confirmed Fraud,15.5
3285,133384,24869,2026-04-16,High,Confirmed Fraud,6.4
3286,133445,35729,2025-02-17,High,Confirmed Fraud,8.9
3287,133507,36120,2025-11-22,High,Confirmed Fraud,64.3
3288,133511,31485,2025-02-27,Low,Confirmed Fraud,6.1
3289,133532,18368,2026-04-15,High,Confirmed Fraud,10.6
3290,133617,6265,2026-10-08,Medium,Closed - No Fraud,3.3
3291,133630,32943,2025-03-25,High,Confirmed Fraud,23.8
3292,133633,2977,2026-08-26,Critical,Under Review,6.9
3293,133666,42183,2026-12-06,High,False Positive,14.5
3294,133687,14964,2025-11-01,High,Confirmed Fraud,2.0
3295,133693,48677,2025-07-18,High,Confirmed Fraud,30.8
3296,133713,48154,2025-02-27,High,Confirmed Fraud,15.4
3297,133747,40659,2026-03-09,Critical,Confirmed Fraud,8.2
3298,133801,36715,2025-05-24,Low,Confirmed Fraud,24.8
3299,133881,36759,2026-10-07,Critical,False Positive,10.9
3300,133904,31232,2025-05-07,Low,Confirmed Fraud,9.4
3301,133936,27638,2025-09-26,High,Confirmed Fraud,5.3
3302,133962,33323,2025-06-05,High,Confirmed Fraud,37.1
3303,133994,31274,2025-01-09,High,Confirmed Fraud,4.6
3304,134034,3010,2025-06-27,High,Confirmed Fraud,30.7
3305,134058,39535,2025-11-09,Medium,Confirmed Fraud,10.1
3306,134086,21024,2026-09-16,High,Under Review,27.6
3307,134093,46147,2025-01-18,Medium,Confirmed Fraud,3.4
3308,134094,30443,2025-01-26,High,Confirmed Fraud,9.9
3309,134109,10728,2025-06-25,Critical,Confirmed Fraud,34.1
3310,134140,19767,2026-11-12,Critical,Confirmed Fraud,5.1
3311,134150,41210,2025-08-04,High,Confirmed Fraud,19.2
3312,134248,46751,2025-03-14,Medium,Confirmed Fraud,12.1
3313,134329,35056,2025-08-01,High,Closed - No Fraud,4.4
3314,134344,23797,2026-12-19,Medium,Confirmed Fraud,18.5
3315,134455,4001,2026-03-15,Medium,Confirmed Fraud,11.4
3316,134458,37399,2025-06-01,High,Confirmed Fraud,7.9
3317,134469,28998,2025-09-14,Low,False Positive,56.5
3318,134470,23642,2025-11-05,High,Confirmed Fraud,4.9
3319,134564,23037,2026-03-14,Medium,Confirmed Fraud,3.7
3320,134607,32571,2025-01-24,Low,Confirmed Fraud,14.5
3321,134640,36851,2025-02-18,Medium,False Positive,11.0
3322,134690,47026,2026-05-22,High,Confirmed Fraud,8.8
3323,134736,4834,2025-10-22,High,Confirmed Fraud,7.5
3324,134749,43381,2026-09-27,Low,Confirmed Fraud,4.6
3325,134757,22010,2026-12-12,Critical,Confirmed Fraud,5.0
3326,134769,3108,2025-07-19,High,False Positive,15.8
3327,134802,7888,2026-09-28,High,Closed - No Fraud,30.0
3328,134824,10399,2026-05-03,High,Confirmed Fraud,29.2
3329,134840,24715,2025-12-19,Critical,Under Review,33.6
3330,134958,2527,2026-09-09,High,Closed - No Fraud,28.3
3331,135012,37854,2025-06-08,High,Confirmed Fraud,15.0
3332,135162,80,2025-11-24,Medium,Confirmed Fraud,11.4
3333,135222,14951,2026-05-12,High,Confirmed Fraud,17.2
3334,135267,45400,2026-11-10,Medium,Confirmed Fraud,5.5
3335,135277,9590,2026-01-20,Critical,Confirmed Fraud,2.3
3336,135292,38317,2026-08-07,High,Confirmed Fraud,23.2
3337,135348,30119,2026-09-13,Low,Under Review,27.4
3338,135352,27404,2026-08-09,Critical,False Positive,23.6
3339,135388,17698,2025-08-05,Critical,Closed - No Fraud,1.1
3340,135412,19815,2025-06-14,Low,Confirmed Fraud,6.7
3341,135416,26571,2025-01-03,High,Confirmed Fraud,2.9
3342,135451,4565,2025-07-10,High,False Positive,11.6
3343,135471,40513,2026-07-28,Medium,False Positive,10.0
3344,135519,851,2025-07-14,Medium,Under Review,6.2
3345,135525,14186,2025-12-04,Critical,Under Review,11.3
3346,135532,39723,2026-02-15,Medium,Closed - No Fraud,5.3
3347,135606,17675,2025-05-21,High,False Positive,4.4
3348,135697,47206,2025-05-27,Low,Confirmed Fraud,11.0
3349,135760,21208,2026-02-13,Medium,Confirmed Fraud,4.0
3350,135792,39838,2026-06-20,High,Confirmed Fraud,7.7
3351,135936,1025,2025-07-12,High,Closed - No Fraud,4.6
3352,135984,12897,2026-02-18,Medium,False Positive,3.0
3353,136053,31508,2026-04-30,High,Confirmed Fraud,12.3
3354,136054,25855,2025-05-04,High,Confirmed Fraud,13.9
3355,136124,31727,2025-01-25,Medium,Confirmed Fraud,8.9
3356,136200,42839,2026-06-15,Critical,Confirmed Fraud,14.0
3357,136213,33177,2026-09-11,High,Confirmed Fraud,11.8
3358,136229,10247,2025-03-14,Medium,False Positive,18.7
3359,136264,25592,2026-08-27,Medium,Confirmed Fraud,11.4
3360,136307,22568,2026-03-30,Medium,Confirmed Fraud,17.7
3361,136338,18826,2025-10-28,Medium,Confirmed Fraud,7.6
3362,136353,9123,2025-09-04,High,False Positive,9.3
3363,136389,33524,2025-04-06,High,Confirmed Fraud,8.1
3364,136560,19415,2026-08-20,Medium,Closed - No Fraud,11.7
3365,136579,12271,2025-05-18,Medium,False Positive,27.6
3366,136609,10341,2025-03-29,Low,Under Review,13.5
3367,136673,688,2025-01-17,High,Confirmed Fraud,6.1
3368,136712,47563,2026-02-18,High,Under Review,2.9
3369,136842,25974,2025-08-24,Medium,Confirmed Fraud,24.6
3370,136860,46301,2026-07-19,Critical,Confirmed Fraud,19.4
3371,136899,15381,2026-09-22,High,Confirmed Fraud,14.6
3372,136915,49867,2026-12-02,Low,Closed - No Fraud,21.4
3373,136929,47662,2025-03-29,High,Confirmed Fraud,16.1
3374,137027,3445,2025-11-11,Medium,Confirmed Fraud,40.4
3375,137056,16584,2025-05-28,Medium,False Positive,11.7
3376,137106,33998,2026-06-22,Critical,Confirmed Fraud,9.4
3377,137117,32012,2025-01-18,Medium,False Positive,11.1
3378,137155,40140,2025-02-23,Low,False Positive,12.7
3379,137171,30041,2026-10-06,High,Closed - No Fraud,75.3
3380,137178,38457,2026-02-04,Medium,Confirmed Fraud,9.2
3381,137226,11943,2026-07-15,Medium,Confirmed Fraud,5.2
3382,137273,3003,2025-01-08,High,Confirmed Fraud,11.8
3383,137323,13884,2026-02-24,Critical,Confirmed Fraud,11.1
3384,137469,48105,2025-07-08,Low,Confirmed Fraud,11.3
3385,137474,34339,2026-06-11,High,Confirmed Fraud,14.1
3386,137550,23494,2026-04-24,Medium,Closed - No Fraud,6.8
3387,137631,32679,2025-09-20,Low,Closed - No Fraud,2.7
3388,137726,38249,2026-06-30,Critical,Confirmed Fraud,80.0
3389,137753,40306,2026-12-09,High,Confirmed Fraud,12.5
3390,137763,50000,2025-12-29,High,Closed - No Fraud,5.5
3391,137774,34079,2026-05-22,Critical,Closed - No Fraud,118.0
3392,137786,19116,2026-09-18,Low,Confirmed Fraud,12.7
3393,137968,42467,2025-06-28,Low,Closed - No Fraud,4.1
3394,137982,3910,2026-04-11,High,Confirmed Fraud,14.7
3395,138010,46062,2025-10-24,Low,Confirmed Fraud,12.5
3396,138015,24381,2025-05-18,Critical,Confirmed Fraud,19.3
3397,138053,7284,2026-05-11,Critical,Confirmed Fraud,13.1
3398,138096,12580,2026-06-05,Low,Confirmed Fraud,23.8
3399,138161,8335,2026-07-15,Critical,Confirmed Fraud,14.2
3400,138166,25772,2025-03-03,High,Confirmed Fraud,23.3
3401,138188,12610,2025-04-22,High,Confirmed Fraud,16.7
3402,138210,37850,2026-07-30,Medium,Confirmed Fraud,18.3
3403,138268,45491,2025-02-03,Low,Confirmed Fraud,7.1
3404,138290,47885,2026-04-14,High,Closed - No Fraud,2.8
3405,138331,16611,2025-06-08,High,Confirmed Fraud,8.5
3406,138478,34909,2025-05-14,Critical,Confirmed Fraud,33.2
3407,138588,29364,2025-02-02,Low,False Positive,18.4
3408,138599,34863,2026-06-04,Medium,Confirmed Fraud,18.2
3409,138677,34393,2025-08-31,High,Confirmed Fraud,14.4
3410,138718,8991,2025-07-29,Critical,Confirmed Fraud,9.4
3411,138724,9740,2025-09-23,High,Confirmed Fraud,10.4
3412,138735,12678,2025-04-11,Medium,Confirmed Fraud,9.2
3413,138828,13416,2025-11-27,Medium,Closed - No Fraud,2.9
3414,138860,42407,2025-01-14,High,Closed - No Fraud,11.1
3415,138992,48170,2026-09-10,Critical,Confirmed Fraud,12.7
3416,139008,41321,2025-02-20,Medium,Confirmed Fraud,29.9
3417,139038,16984,2025-04-22,High,False Positive,14.2
3418,139087,31449,2026-08-27,High,Confirmed Fraud,52.2
3419,139100,29643,2026-03-07,High,Confirmed Fraud,14.6
3420,139135,4106,2026-05-07,Critical,False Positive,9.4
3421,139173,15718,2025-08-06,High,Confirmed Fraud,23.1
3422,139237,45760,2025-09-11,Critical,Closed - No Fraud,3.8
3423,139256,4210,2026-03-29,High,Under Review,20.0
3424,139272,45010,2026-06-09,Medium,Confirmed Fraud,4.6
3425,139501,11579,2025-07-10,Critical,Under Review,20.0
3426,139573,15433,2026-09-01,Low,Confirmed Fraud,14.3
3427,139627,43068,2025-01-06,High,Confirmed Fraud,3.5
3428,139643,44411,2026-04-09,Medium,Confirmed Fraud,41.1
3429,139683,20751,2025-03-19,High,Closed - No Fraud,2.3
3430,139729,30706,2025-10-16,High,Closed - No Fraud,6.2
3431,139747,8768,2026-02-28,Medium,Confirmed Fraud,19.7
3432,139762,11952,2026-02-13,Medium,Closed - No Fraud,7.1
3433,139776,15554,2025-04-15,High,Closed - No Fraud,15.5
3434,139800,17493,2025-11-26,High,Under Review,8.2
3435,139820,5956,2025-02-11,Low,Confirmed Fraud,21.2
3436,139905,7239,2025-03-03,High,Confirmed Fraud,27.6
3437,139928,25814,2025-01-14,Medium,Confirmed Fraud,8.0
3438,139931,739,2025-02-15,High,Under Review,10.3
3439,139989,4421,2026-09-09,Medium,Confirmed Fraud,11.5
3440,140131,42055,2026-09-01,Medium,False Positive,47.5
3441,140190,11289,2025-03-25,High,Confirmed Fraud,25.3
3442,140289,29413,2025-08-26,High,Confirmed Fraud,21.1
3443,140330,39642,2026-05-24,High,Confirmed Fraud,3.9
3444,140331,28707,2025-05-21,High,Confirmed Fraud,3.1
3445,140384,48108,2026-06-22,High,Confirmed Fraud,16.3
3446,140386,35722,2025-02-27,High,Confirmed Fraud,71.7
3447,140459,46106,2025-06-12,Critical,Confirmed Fraud,16.5
3448,140511,2164,2025-01-09,Medium,Confirmed Fraud,3.7
3449,140589,15974,2025-02-10,Medium,Confirmed Fraud,49.1
3450,140692,25316,2026-11-19,Low,Confirmed Fraud,13.3
3451,140768,43139,2026-06-09,High,Confirmed Fraud,5.0
3452,140814,33576,2025-09-03,Low,Confirmed Fraud,17.7
3453,140912,28826,2026-07-06,Medium,Confirmed Fraud,7.0
3454,140985,34918,2026-12-19,High,Confirmed Fraud,15.8
3455,140992,12596,2025-01-04,High,Closed - No Fraud,22.9
3456,141016,18939,2026-02-06,Critical,Confirmed Fraud,12.9
3457,141051,15485,2026-01-13,Medium,Confirmed Fraud,5.5
3458,141082,30894,2025-12-02,High,Closed - No Fraud,8.6
3459,141098,24133,2026-08-08,High,Under Review,20.8
3460,141112,35096,2025-02-24,High,Confirmed Fraud,3.5
3461,141122,43886,2026-07-13,Medium,Closed - No Fraud,40.8
3462,141124,46687,2026-12-10,Medium,Confirmed Fraud,16.5
3463,141128,1405,2025-05-05,Medium,Confirmed Fraud,77.9
3464,141140,29010,2026-10-09,Low,Confirmed Fraud,2.8
3465,141247,689,2026-06-05,High,False Positive,3.4
3466,141259,33308,2025-05-09,High,Confirmed Fraud,32.0
3467,141307,9717,2025-03-01,High,Confirmed Fraud,21.4
3468,141383,391,2026-10-16,High,Under Review,10.0
3469,141398,29384,2026-03-23,Medium,Confirmed Fraud,1.9
3470,141445,23685,2025-04-05,High,Confirmed Fraud,20.0
3471,141463,10011,2025-03-07,Critical,Confirmed Fraud,21.7
3472,141493,45418,2025-01-20,Medium,Confirmed Fraud,29.7
3473,141623,3058,2026-04-15,Medium,False Positive,12.9
3474,141708,45482,2025-09-27,High,Confirmed Fraud,1.0
3475,141740,5936,2026-03-11,Low,Confirmed Fraud,18.1
3476,141763,7496,2025-09-29,Low,Under Review,34.9
3477,141770,48002,2025-04-30,High,Confirmed Fraud,6.9
3478,141797,19400,2026-12-31,Low,Closed - No Fraud,1.7
3479,141803,33582,2026-12-28,Critical,Confirmed Fraud,7.9
3480,141839,6371,2026-12-17,High,Confirmed Fraud,7.3
3481,141867,22223,2025-02-14,High,Closed - No Fraud,24.9
3482,141870,49911,2026-08-28,High,Confirmed Fraud,3.9
3483,141893,15111,2026-08-15,High,Confirmed Fraud,12.6
3484,141906,3842,2026-03-16,Low,False Positive,2.7
3485,141918,38258,2025-12-14,Low,False Positive,17.0
3486,142006,4998,2025-01-09,Critical,Closed - No Fraud,1.0
3487,142014,1530,2025-04-19,High,Confirmed Fraud,7.8
3488,142058,44400,2025-10-22,High,Confirmed Fraud,6.0
3489,142061,5441,2026-09-10,High,Confirmed Fraud,1.8
3490,142076,14366,2026-12-20,Critical,Confirmed Fraud,8.4
3491,142118,25090,2025-05-11,High,Confirmed Fraud,4.7
3492,142123,43257,2025-02-28,Low,Closed - No Fraud,11.7
3493,142172,49216,2026-06-17,Medium,Closed - No Fraud,10.0
3494,142268,34311,2026-02-09,High,Closed - No Fraud,10.0
3495,142321,8680,2025-03-04,Medium,Closed - No Fraud,4.8
3496,142423,41539,2026-11-24,High,Confirmed Fraud,3.8
3497,142443,35001,2025-03-12,Medium,Confirmed Fraud,10.0
3498,142471,1049,2025-04-24,High,Under Review,40.3
3499,142476,42760,2025-07-20,Medium,Confirmed Fraud,8.6
3500,142504,25622,2025-07-06,Critical,Closed - No Fraud,9.2
3501,142505,25896,2025-11-01,High,Under Review,2.0
3502,142581,38890,2026-03-13,Medium,Under Review,22.3
3503,142583,47369,2025-10-15,High,Confirmed Fraud,4.7
3504,142631,4524,2025-12-29,Medium,False Positive,3.8
3505,142661,3685,2025-12-08,Medium,Confirmed Fraud,15.7
3506,142683,21444,2025-11-15,Medium,Closed - No Fraud,5.9
3507,142720,2613,2025-12-10,Critical,Confirmed Fraud,6.7
3508,142755,19952,2025-09-03,High,Closed - No Fraud,10.2
3509,142797,13049,2025-08-17,High,False Positive,16.8
3510,142828,43223,2026-02-09,Medium,False Positive,19.2
3511,142867,48272,2025-05-15,High,Confirmed Fraud,13.8
3512,142926,28075,2025-02-20,High,Closed - No Fraud,11.5
3513,142940,18085,2026-04-18,Low,Closed - No Fraud,23.3
3514,142954,41849,2026-12-27,High,Confirmed Fraud,14.1
3515,142959,8185,2026-01-16,Low,Confirmed Fraud,4.6
3516,143024,14873,2026-11-29,Medium,Confirmed Fraud,8.7
3517,143123,18850,2026-07-01,Medium,Confirmed Fraud,40.1
3518,143130,25341,2025-12-28,High,Confirmed Fraud,13.5
3519,143131,20467,2025-04-27,High,Confirmed Fraud,9.7
3520,143191,11163,2026-02-09,Low,Confirmed Fraud,14.3
3521,143202,9563,2026-09-13,High,Confirmed Fraud,4.8
3522,143257,44128,2026-01-14,Medium,Confirmed Fraud,4.7
3523,143281,4897,2025-12-14,Low,Confirmed Fraud,3.7
3524,143376,35914,2025-04-17,Medium,Confirmed Fraud,11.7
3525,143492,8241,2026-04-22,High,Confirmed Fraud,12.0
3526,143507,11869,2026-04-15,Critical,Confirmed Fraud,5.0
3527,143550,33522,2025-04-26,Medium,Closed - No Fraud,7.8
3528,143562,18346,2025-03-10,Critical,Confirmed Fraud,3.0
3529,143574,2725,2025-05-24,High,Confirmed Fraud,2.5
3530,143587,25144,2025-03-14,High,Confirmed Fraud,3.2
3531,143606,49297,2026-12-27,High,Confirmed Fraud,6.9
3532,143681,48257,2025-01-15,Medium,Closed - No Fraud,32.4
3533,143686,23142,2025-07-01,Medium,False Positive,3.9
3534,143713,11523,2026-12-07,Medium,Under Review,1.8
3535,143783,29595,2025-04-27,Critical,Confirmed Fraud,9.7
3536,143840,46315,2026-01-24,Low,Confirmed Fraud,6.0
3537,143911,37516,2025-12-25,Medium,Confirmed Fraud,4.3
3538,143935,45897,2025-01-09,Medium,False Positive,27.7
3539,143973,49527,2026-11-26,Medium,Confirmed Fraud,16.2
3540,144046,19084,2026-02-08,Critical,Confirmed Fraud,7.2
3541,144062,33222,2025-02-10,High,Confirmed Fraud,13.2
3542,144070,7717,2026-01-25,High,Confirmed Fraud,4.0
3543,144123,12824,2025-03-10,High,Confirmed Fraud,25.4
3544,144249,18561,2025-08-30,High,Confirmed Fraud,10.5
3545,144264,41661,2026-09-06,High,Confirmed Fraud,5.1
3546,144288,34561,2026-07-18,High,Confirmed Fraud,10.0
3547,144355,47620,2025-10-11,Medium,Closed - No Fraud,16.6
3548,144375,44718,2026-05-07,Medium,Closed - No Fraud,51.9
3549,144396,37558,2026-04-26,Medium,Confirmed Fraud,5.9
3550,144474,26421,2026-09-02,High,Confirmed Fraud,1.3
3551,144511,33864,2026-01-01,High,Closed - No Fraud,2.5
3552,144526,20249,2026-05-25,Critical,Closed - No Fraud,41.0
3553,144550,47249,2025-12-19,Low,Under Review,78.9
3554,144586,29380,2026-03-25,Medium,Confirmed Fraud,6.6
3555,144616,40113,2026-06-12,Medium,False Positive,5.2
3556,144645,20619,2026-07-22,High,Confirmed Fraud,11.2
3557,144651,21180,2025-04-02,High,Confirmed Fraud,73.0
3558,144666,29759,2025-02-21,Critical,Confirmed Fraud,11.1
3559,144674,25252,2025-11-06,High,Confirmed Fraud,37.7
3560,144705,25713,2026-12-23,Medium,Confirmed Fraud,2.1
3561,144775,18624,2025-06-01,Medium,Confirmed Fraud,8.4
3562,144803,4793,2025-07-31,Low,Closed - No Fraud,13.2
3563,144839,3463,2025-04-20,Critical,False Positive,9.5
3564,144858,32331,2026-12-19,Critical,Confirmed Fraud,33.5
3565,144865,15691,2026-12-21,High,False Positive,132.0
3566,145060,41477,2026-10-01,Medium,Confirmed Fraud,7.5
3567,145064,39488,2025-05-27,High,Confirmed Fraud,11.0
3568,145089,29510,2026-11-21,Critical,Closed - No Fraud,6.1
3569,145208,44889,2026-09-06,Critical,Confirmed Fraud,22.8
3570,145215,11361,2025-04-23,High,Confirmed Fraud,24.7
3571,145238,2612,2025-08-17,Low,Under Review,16.8
3572,145283,19982,2025-09-09,Medium,False Positive,41.4
3573,145303,14651,2026-10-29,Low,Confirmed Fraud,20.7
3574,145357,20687,2026-07-20,Medium,Confirmed Fraud,21.3
3575,145371,26748,2025-03-18,Critical,Confirmed Fraud,8.2
3576,145401,46077,2025-01-30,Medium,Confirmed Fraud,20.7
3577,145434,16733,2025-06-26,Low,Under Review,14.0
3578,145520,22020,2025-04-17,Medium,False Positive,27.8
3579,145613,31728,2026-04-12,High,Confirmed Fraud,20.7
3580,145654,20704,2025-04-03,Medium,False Positive,25.5
3581,145721,2707,2025-05-13,High,Confirmed Fraud,13.9
3582,145746,8786,2025-02-26,Critical,Under Review,19.3
3583,145750,7060,2026-06-26,Medium,Confirmed Fraud,30.2
3584,145846,7151,2025-03-08,High,Confirmed Fraud,13.1
3585,145856,26595,2025-12-30,Critical,Closed - No Fraud,8.9
3586,145870,20678,2026-10-02,Medium,Confirmed Fraud,19.7
3587,145882,34677,2025-06-03,Critical,Confirmed Fraud,9.4
3588,145912,20170,2026-09-02,High,Confirmed Fraud,4.3
3589,145999,16862,2026-02-15,High,Confirmed Fraud,2.6
3590,146127,44060,2025-03-19,Medium,Under Review,6.4
3591,146161,46187,2025-01-18,Medium,Confirmed Fraud,10.3
3592,146188,44226,2025-06-24,High,False Positive,21.0
3593,146193,29864,2025-05-21,Low,False Positive,5.2
3594,146208,39112,2026-11-19,Critical,Closed - No Fraud,5.6
3595,146294,16714,2025-05-14,Medium,False Positive,14.8
3596,146417,48804,2025-09-09,High,Confirmed Fraud,9.0
3597,146437,49065,2025-09-13,High,Closed - No Fraud,7.3
3598,146442,545,2025-09-22,Medium,Confirmed Fraud,18.6
3599,146517,32521,2026-06-19,High,Confirmed Fraud,3.4
3600,146610,10566,2025-09-05,Critical,Closed - No Fraud,11.2
3601,146657,2705,2026-02-19,High,Closed - No Fraud,4.5
3602,146658,9967,2026-03-07,Critical,Confirmed Fraud,4.7
3603,146708,47083,2026-10-28,Medium,Closed - No Fraud,27.8
3604,146716,27210,2026-01-06,High,False Positive,7.3
3605,146718,34793,2025-01-04,High,Closed - No Fraud,42.1
3606,146737,13858,2026-06-17,Medium,Closed - No Fraud,16.8
3607,146773,32824,2025-03-25,High,Confirmed Fraud,32.4
3608,146856,34253,2025-08-09,Low,Confirmed Fraud,19.3
3609,146900,28553,2026-10-27,High,Under Review,4.3
3610,146913,41655,2026-05-19,Critical,Under Review,8.2
3611,146998,10539,2025-08-07,High,Confirmed Fraud,5.2
3612,147018,9485,2025-04-29,Critical,Closed - No Fraud,13.7
3613,147219,48270,2025-05-25,Medium,Confirmed Fraud,3.6
3614,147296,31147,2025-06-23,Critical,Confirmed Fraud,12.1
3615,147297,7795,2025-11-27,Critical,False Positive,4.1
3616,147369,27532,2026-08-16,Medium,Under Review,5.4
3617,147399,36796,2025-08-26,Low,Confirmed Fraud,18.8
3618,147459,23812,2026-09-26,High,Closed - No Fraud,8.2
3619,147532,37573,2026-01-01,Medium,False Positive,4.9
3620,147560,14719,2025-09-09,Medium,Confirmed Fraud,3.1
3621,147622,34904,2026-08-28,High,Confirmed Fraud,5.2
3622,147628,35552,2026-07-11,Medium,Confirmed Fraud,31.9
3623,147636,5992,2025-06-19,High,Confirmed Fraud,79.6
3624,147647,40077,2026-05-05,High,False Positive,16.5
3625,147668,10998,2025-03-05,Critical,Confirmed Fraud,48.5
3626,147771,42878,2026-06-09,Medium,False Positive,6.3
3627,147786,16949,2025-09-28,Medium,Confirmed Fraud,7.6
3628,147807,48704,2025-12-15,High,False Positive,2.2
3629,147822,36986,2025-07-12,High,Confirmed Fraud,29.0
3630,147864,17348,2025-05-25,High,Under Review,4.7
3631,147868,18675,2025-06-19,Critical,Confirmed Fraud,2.7
3632,147903,34698,2025-08-05,Medium,Confirmed Fraud,7.6
3633,147911,10215,2025-04-10,High,Confirmed Fraud,16.8
3634,147930,24626,2025-06-22,Medium,Closed - No Fraud,18.8
3635,148044,28590,2025-10-14,Critical,Confirmed Fraud,21.3
3636,148073,517,2025-03-27,High,False Positive,4.2
3637,148084,15018,2026-02-25,Critical,Confirmed Fraud,11.7
3638,148107,11416,2026-09-15,High,Closed - No Fraud,33.2
3639,148115,12404,2026-03-29,High,False Positive,10.4
3640,148170,29990,2026-10-26,High,Confirmed Fraud,5.6
3641,148190,20824,2026-04-02,Medium,Confirmed Fraud,6.7
3642,148243,3294,2025-08-23,High,Confirmed Fraud,37.8
3643,148287,17621,2025-06-01,High,Confirmed Fraud,32.6
3644,148370,42583,2026-06-06,Medium,Confirmed Fraud,13.3
3645,148414,25599,2025-10-25,Low,Confirmed Fraud,19.8
3646,148417,45098,2025-10-17,Medium,Under Review,36.7
3647,148421,36125,2025-09-21,High,Confirmed Fraud,24.4
3648,148450,29929,2026-05-01,High,Confirmed Fraud,12.3
3649,148475,27000,2026-12-25,Low,Confirmed Fraud,1.0
3650,148495,13323,2025-01-05,Low,Confirmed Fraud,4.6
3651,148568,48794,2025-07-26,Medium,False Positive,9.7
3652,148569,37599,2025-06-25,Medium,Confirmed Fraud,29.8
3653,148625,8088,2025-01-20,Critical,Confirmed Fraud,5.0
3654,148627,6148,2025-09-13,Medium,Closed - No Fraud,4.4
3655,148636,1448,2025-10-24,High,False Positive,14.0
3656,148653,24044,2025-06-01,High,Confirmed Fraud,5.5
3657,148712,44405,2025-01-25,Medium,Confirmed Fraud,6.3
3658,148865,21108,2025-12-04,High,Under Review,5.2
3659,148885,1008,2026-02-19,High,Closed - No Fraud,11.6
3660,148990,16967,2026-04-12,High,Closed - No Fraud,12.6
3661,149009,34048,2025-05-08,Medium,Under Review,17.7
3662,149022,49206,2025-01-12,Medium,Confirmed Fraud,9.9
3663,149038,43307,2025-07-21,High,False Positive,22.6
3664,149094,42610,2025-02-23,High,Confirmed Fraud,5.1
3665,149096,39050,2026-11-27,High,Confirmed Fraud,48.9
3666,149264,12764,2025-08-24,High,Confirmed Fraud,4.9
3667,149305,9449,2026-12-14,Medium,Confirmed Fraud,5.3
3668,149360,13400,2025-06-06,Critical,Confirmed Fraud,5.7
3669,149370,19645,2025-02-01,Medium,Confirmed Fraud,19.0
3670,149462,9846,2026-11-13,Medium,Confirmed Fraud,10.9
3671,149493,25560,2025-03-27,Medium,Confirmed Fraud,15.8
3672,149524,36344,2026-10-23,Critical,Closed - No Fraud,14.7
3673,149565,46016,2025-06-24,Critical,Confirmed Fraud,9.5
3674,149576,42496,2025-07-28,Medium,Closed - No Fraud,49.0
3675,149601,26410,2026-08-13,High,False Positive,10.9
3676,149627,28637,2025-01-25,High,Under Review,18.1
3677,149687,5020,2025-03-16,Low,Confirmed Fraud,4.8
3678,149702,36175,2026-06-05,Medium,Confirmed Fraud,17.2
3679,149737,15312,2026-07-30,Medium,Confirmed Fraud,33.2
3680,149754,40922,2026-11-19,Low,Closed - No Fraud,10.3
3681,149755,14869,2025-07-18,Low,False Positive,19.2
3682,149787,35112,2025-08-04,Critical,Confirmed Fraud,6.2
3683,149826,22459,2025-10-25,High,Confirmed Fraud,4.9
3684,149850,37495,2026-08-19,Low,Confirmed Fraud,13.5
3685,149993,10536,2025-08-28,Medium,Confirmed Fraud,15.4
3686,150016,31475,2025-05-20,Critical,Confirmed Fraud,25.4
3687,150043,36356,2026-11-07,High,Confirmed Fraud,9.7
3688,150132,39008,2025-10-29,High,Confirmed Fraud,9.1
3689,150163,11928,2026-05-17,High,False Positive,16.7
3690,150173,25550,2025-06-12,High,Closed - No Fraud,7.0
3691,150250,46489,2026-06-13,Critical,Confirmed Fraud,11.8
3692,150321,39576,2026-01-18,Critical,Confirmed Fraud,5.2
3693,150329,19172,2025-03-19,High,Confirmed Fraud,5.6
3694,150392,32451,2026-12-11,Critical,Confirmed Fraud,11.5
3695,150399,44677,2025-01-18,High,Confirmed Fraud,24.2
3696,150420,5459,2026-11-27,High,Closed - No Fraud,24.5
3697,150465,23171,2025-02-27,High,Confirmed Fraud,20.3
3698,150475,19037,2025-08-08,High,Closed - No Fraud,23.8
3699,150540,13908,2025-12-13,High,Under Review,9.4
3700,150559,955,2025-05-11,Medium,False Positive,7.4
3701,150615,13560,2026-05-02,High,Confirmed Fraud,7.1
3702,150687,7125,2026-05-26,High,Confirmed Fraud,27.4
3703,150730,2422,2025-07-23,High,Confirmed Fraud,37.8
3704,150791,28944,2025-09-05,High,False Positive,18.5
3705,150842,17303,2025-04-11,High,Confirmed Fraud,5.4
3706,150924,1725,2026-01-09,Medium,Under Review,10.1
3707,150990,834,2026-10-19,Low,Confirmed Fraud,1.8
3708,150997,31039,2026-06-09,Medium,Confirmed Fraud,7.2
3709,151013,4876,2026-05-13,High,Closed - No Fraud,29.8
3710,151036,8358,2025-01-09,Medium,Confirmed Fraud,20.7
3711,151172,16800,2025-04-13,High,Confirmed Fraud,5.1
3712,151249,19289,2025-07-06,Medium,Closed - No Fraud,2.5
3713,151285,3740,2025-09-10,Critical,Confirmed Fraud,5.0
3714,151310,2031,2026-10-20,Critical,Confirmed Fraud,27.7
3715,151469,45751,2026-03-27,Medium,Confirmed Fraud,25.4
3716,151534,4628,2025-12-08,High,Closed - No Fraud,6.6
3717,151628,11562,2025-02-09,High,Confirmed Fraud,5.8
3718,151672,49493,2026-06-04,High,Confirmed Fraud,13.7
3719,151725,3707,2026-10-27,Low,False Positive,7.9
3720,151770,48614,2026-06-27,Medium,Confirmed Fraud,5.9
3721,151843,12359,2025-04-12,Medium,Confirmed Fraud,17.5
3722,151875,37489,2025-07-17,Critical,Confirmed Fraud,7.9
3723,151923,34646,2025-04-20,Critical,Closed - No Fraud,20.6
3724,151978,49109,2025-04-13,Medium,Under Review,18.5
3725,152008,40968,2026-05-05,Critical,Confirmed Fraud,27.0
3726,152056,37164,2026-11-24,Medium,Confirmed Fraud,1.2
3727,152064,11879,2025-07-13,Critical,Confirmed Fraud,14.5
3728,152190,5996,2026-06-02,Medium,Confirmed Fraud,3.9
3729,152217,39700,2025-05-24,Medium,Closed - No Fraud,23.5
3730,152248,44264,2026-06-13,Low,Confirmed Fraud,8.7
3731,152253,2070,2025-07-11,High,Confirmed Fraud,9.9
3732,152256,5949,2025-06-27,Medium,Closed - No Fraud,5.0
3733,152292,26029,2026-12-14,Critical,False Positive,16.2
3734,152294,8707,2025-03-26,Medium,Under Review,9.1
3735,152295,8857,2026-07-14,High,Confirmed Fraud,23.5
3736,152317,16163,2026-10-16,Low,Confirmed Fraud,7.1
3737,152353,9947,2026-07-04,High,Confirmed Fraud,18.1
3738,152387,6485,2026-11-03,High,Confirmed Fraud,13.1
3739,152540,345,2026-08-16,High,Confirmed Fraud,1.4
3740,152587,7162,2026-05-23,Medium,Confirmed Fraud,6.3
3741,152618,13773,2025-03-27,Medium,Closed - No Fraud,25.0
3742,152629,32139,2026-10-13,Medium,Confirmed Fraud,11.5
3743,152865,46374,2026-10-27,Medium,Confirmed Fraud,19.4
3744,153110,35020,2026-03-08,Medium,Closed - No Fraud,21.0
3745,153182,1576,2025-06-06,High,Confirmed Fraud,3.9
3746,153189,31510,2025-03-15,High,Confirmed Fraud,14.4
3747,153292,41122,2026-10-13,Critical,Confirmed Fraud,9.9
3748,153294,12886,2025-05-13,Critical,Confirmed Fraud,26.3
3749,153335,49469,2026-02-14,Medium,Confirmed Fraud,12.5
3750,153352,44901,2025-08-07,Critical,Confirmed Fraud,10.7
3751,153396,27249,2026-03-17,Critical,Confirmed Fraud,11.7
3752,153416,13028,2025-05-21,High,Confirmed Fraud,5.9
3753,153465,31781,2026-01-04,High,Confirmed Fraud,22.5
3754,153554,28607,2025-01-24,Medium,Confirmed Fraud,20.6
3755,153564,25938,2026-04-23,High,Confirmed Fraud,3.1
3756,153630,3815,2026-12-17,Critical,Confirmed Fraud,28.6
3757,153645,21414,2026-01-20,Medium,Confirmed Fraud,20.1
3758,153650,24479,2026-04-29,High,Confirmed Fraud,10.6
3759,153740,47679,2025-04-16,High,Confirmed Fraud,12.2
3760,153778,24207,2025-06-27,High,Confirmed Fraud,8.4
3761,153816,39754,2026-09-20,Medium,Closed - No Fraud,7.2
3762,153848,42798,2025-01-03,Medium,Confirmed Fraud,12.1
3763,153865,34075,2026-02-06,High,Confirmed Fraud,17.7
3764,153866,19601,2026-05-06,Low,Confirmed Fraud,7.8
3765,153868,47548,2026-12-21,High,False Positive,67.4
3766,153892,45926,2025-10-14,High,Confirmed Fraud,21.7
3767,154270,11929,2025-02-16,Critical,Confirmed Fraud,6.9
3768,154287,30562,2025-09-28,Low,Confirmed Fraud,25.1
3769,154316,436,2026-08-14,Medium,Confirmed Fraud,16.0
3770,154378,46624,2025-11-10,High,Closed - No Fraud,42.8
3771,154524,22405,2025-06-05,Low,Confirmed Fraud,6.1
3772,154537,5373,2025-03-07,Medium,Confirmed Fraud,8.3
3773,154553,39821,2025-03-03,Critical,Confirmed Fraud,10.0
3774,154562,27222,2025-04-06,Medium,Confirmed Fraud,15.6
3775,154575,39572,2026-02-09,High,Confirmed Fraud,25.6
3776,154636,44523,2026-08-18,High,Under Review,4.3
3777,154654,11338,2025-02-20,High,False Positive,33.3
3778,154686,16850,2026-09-27,Medium,Confirmed Fraud,7.0
3779,154719,49866,2025-02-17,High,Confirmed Fraud,16.7
3780,154725,39859,2026-01-21,High,Confirmed Fraud,9.9
3781,154810,44601,2025-03-19,High,Confirmed Fraud,10.9
3782,154876,31668,2025-10-13,Medium,Confirmed Fraud,9.3
3783,154927,24489,2026-06-01,Critical,Confirmed Fraud,18.4
3784,155049,22650,2025-10-27,Medium,Confirmed Fraud,3.5
3785,155061,7366,2026-02-09,Medium,Under Review,33.7
3786,155078,6420,2025-12-07,Critical,Confirmed Fraud,7.7
3787,155236,27709,2026-03-06,High,Confirmed Fraud,5.9
3788,155253,23638,2026-04-09,Critical,False Positive,18.2
3789,155263,394,2026-03-06,High,Confirmed Fraud,12.1
3790,155295,27880,2026-06-20,Critical,False Positive,7.7
3791,155303,7439,2025-10-31,Critical,Under Review,2.9
3792,155329,49103,2025-11-01,High,Confirmed Fraud,6.5
3793,155338,5434,2025-11-13,Medium,Confirmed Fraud,4.0
3794,155399,24518,2026-03-25,High,Confirmed Fraud,15.1
3795,155402,37414,2025-08-07,Critical,Under Review,9.6
3796,155411,47241,2025-01-09,High,Under Review,4.7
3797,155456,26769,2026-09-28,Critical,Confirmed Fraud,5.6
3798,155517,30168,2026-11-28,Medium,Closed - No Fraud,24.7
3799,155578,38686,2025-07-18,High,Confirmed Fraud,7.3
3800,155596,49468,2025-02-11,Medium,Confirmed Fraud,15.3
3801,155622,8852,2025-03-20,Medium,Confirmed Fraud,22.1
3802,155630,875,2026-12-26,Medium,False Positive,20.0
3803,155656,35490,2025-08-18,Critical,Closed - No Fraud,10.6
3804,155782,22411,2026-04-02,Medium,False Positive,16.3
3805,155825,45948,2025-12-22,High,Confirmed Fraud,5.0
3806,155893,40005,2025-10-12,Medium,Confirmed Fraud,12.5
3807,155909,34577,2025-12-19,Low,Confirmed Fraud,20.6
3808,155979,14417,2026-03-15,High,Confirmed Fraud,8.4
3809,156072,35399,2025-12-12,Medium,Confirmed Fraud,9.4
3810,156175,41654,2025-05-14,Medium,Confirmed Fraud,4.5
3811,156183,25755,2026-06-08,Critical,Confirmed Fraud,17.3
3812,156194,39889,2025-06-01,High,Confirmed Fraud,5.1
3813,156199,32340,2025-11-01,High,False Positive,12.4
3814,156211,36585,2026-03-15,High,Confirmed Fraud,10.2
3815,156213,29009,2026-10-28,High,Confirmed Fraud,18.1
3816,156224,36092,2026-08-19,Low,Confirmed Fraud,17.0
3817,156319,6995,2026-01-01,Medium,Confirmed Fraud,6.2
3818,156322,18080,2026-12-18,High,Closed - No Fraud,4.0
3819,156375,45224,2026-12-11,Critical,False Positive,5.3
3820,156437,49596,2025-01-23,High,Confirmed Fraud,43.3
3821,156592,46622,2025-05-18,High,Confirmed Fraud,6.8
3822,156629,36637,2026-06-21,High,Confirmed Fraud,8.4
3823,156680,41275,2026-09-16,High,Confirmed Fraud,54.3
3824,156682,31047,2025-09-17,Critical,Confirmed Fraud,38.0
3825,156747,37667,2025-07-05,High,Confirmed Fraud,14.7
3826,156764,731,2026-06-01,Medium,False Positive,11.0
3827,156847,8422,2025-06-30,High,Confirmed Fraud,24.3
3828,156857,9799,2025-03-19,Critical,Confirmed Fraud,13.5
3829,156933,49880,2025-10-28,Medium,Closed - No Fraud,33.6
3830,156966,31447,2025-04-01,High,Confirmed Fraud,4.4
3831,157004,15370,2026-12-24,High,Confirmed Fraud,12.5
3832,157014,46025,2025-02-04,Medium,Confirmed Fraud,9.9
3833,157026,18300,2026-09-15,Medium,False Positive,4.3
3834,157062,38108,2025-02-04,Critical,Confirmed Fraud,24.0
3835,157104,11188,2026-02-20,Critical,Confirmed Fraud,7.3
3836,157122,43969,2026-12-21,High,Under Review,30.5
3837,157160,29620,2025-10-20,Medium,False Positive,4.8
3838,157216,37948,2026-07-05,Low,Confirmed Fraud,5.5
3839,157243,3220,2026-01-13,High,Under Review,6.3
3840,157255,5771,2026-10-31,High,Confirmed Fraud,10.3
3841,157265,13309,2025-08-27,Medium,False Positive,12.0
3842,157316,17441,2025-09-16,High,Confirmed Fraud,31.3
3843,157325,49776,2026-11-30,Critical,Confirmed Fraud,6.6
3844,157376,42062,2025-04-27,Critical,Confirmed Fraud,9.5
3845,157391,26052,2025-01-25,High,Confirmed Fraud,11.4
3846,157396,29774,2025-03-10,Low,Confirmed Fraud,7.8
3847,157405,44202,2025-06-08,High,Confirmed Fraud,14.5
3848,157414,16095,2025-06-30,High,False Positive,4.6
3849,157486,36443,2025-01-18,Medium,Confirmed Fraud,14.0
3850,157499,32834,2026-09-27,Low,Confirmed Fraud,14.0
3851,157502,35489,2025-01-11,High,Under Review,6.4
3852,157537,13455,2025-09-14,Medium,Closed - No Fraud,18.4
3853,157576,30930,2025-08-04,Low,Confirmed Fraud,13.7
3854,157583,11828,2025-03-29,Medium,Confirmed Fraud,4.5
3855,157593,5874,2025-05-19,High,Confirmed Fraud,20.5
3856,157649,43488,2026-04-05,Critical,Confirmed Fraud,16.3
3857,157891,25900,2025-09-22,Medium,Confirmed Fraud,18.7
3858,157905,35709,2026-02-04,Critical,Confirmed Fraud,17.3
3859,157928,12729,2026-10-06,Low,Confirmed Fraud,16.3
3860,157942,38591,2025-09-14,Medium,Confirmed Fraud,4.9
3861,157982,17117,2026-04-01,Low,Under Review,5.0
3862,157986,43015,2026-01-18,Critical,Closed - No Fraud,4.6
3863,157997,10845,2025-09-17,High,Confirmed Fraud,14.3
3864,158042,30743,2025-12-17,Critical,Confirmed Fraud,13.2
3865,158063,20166,2025-11-23,High,Confirmed Fraud,54.7
3866,158065,16055,2026-02-14,Critical,False Positive,12.7
3867,158073,38788,2026-12-13,High,False Positive,8.5
3868,158099,8389,2025-01-27,Critical,Under Review,3.1
3869,158178,48237,2026-11-07,Medium,False Positive,24.4
3870,158230,26687,2025-01-04,High,Confirmed Fraud,15.2
3871,158235,15160,2026-04-19,Low,False Positive,13.3
3872,158275,11473,2025-01-15,High,False Positive,31.8
3873,158330,42471,2025-08-19,Low,Confirmed Fraud,22.5
3874,158422,18568,2026-03-13,High,Under Review,16.1
3875,158455,44402,2025-03-18,High,Confirmed Fraud,5.2
3876,158472,10522,2025-03-25,Low,False Positive,6.6
3877,158493,10143,2025-03-20,High,False Positive,13.5
3878,158505,32296,2026-05-12,High,Closed - No Fraud,14.1
3879,158513,17754,2025-09-15,High,Confirmed Fraud,3.8
3880,158595,6330,2025-11-01,High,Confirmed Fraud,8.0
3881,158615,24780,2025-06-06,Low,Confirmed Fraud,8.3
3882,158632,7260,2026-06-01,High,Under Review,4.1
3883,158669,2059,2026-04-19,Critical,Confirmed Fraud,4.6
3884,158694,7938,2025-09-02,High,Confirmed Fraud,4.9
3885,158727,45259,2025-01-23,Critical,Confirmed Fraud,31.5
3886,158743,23910,2025-05-18,Low,Confirmed Fraud,7.1
3887,158812,15623,2025-02-21,High,Confirmed Fraud,13.6
3888,158813,16795,2026-06-26,Medium,Confirmed Fraud,18.0
3889,158818,21819,2026-08-23,Medium,Confirmed Fraud,9.6
3890,158843,33700,2025-04-05,Medium,Confirmed Fraud,17.4
3891,158906,21517,2026-07-14,High,Confirmed Fraud,5.4
3892,158998,26479,2026-07-11,Medium,Confirmed Fraud,51.1
3893,159158,2214,2026-08-20,High,Closed - No Fraud,18.3
3894,159173,9210,2025-11-02,Medium,False Positive,1.5
3895,159262,47632,2025-04-20,Medium,Confirmed Fraud,10.8
3896,159272,15734,2026-01-09,Low,Closed - No Fraud,2.7
3897,159297,37255,2025-04-14,Critical,Confirmed Fraud,12.7
3898,159425,26149,2026-05-14,High,Confirmed Fraud,29.7
3899,159485,20293,2026-08-09,Medium,Confirmed Fraud,7.4
3900,159590,4891,2026-05-04,High,Confirmed Fraud,10.4
3901,159598,9950,2025-03-25,High,Confirmed Fraud,41.7
3902,159627,41086,2025-01-15,Medium,False Positive,15.0
3903,159639,4051,2026-11-05,High,Confirmed Fraud,14.8
3904,159666,22030,2026-02-04,High,Confirmed Fraud,17.9
3905,159680,48748,2025-07-07,Medium,Confirmed Fraud,21.6
3906,159736,38619,2025-04-19,High,Confirmed Fraud,16.5
3907,159880,9565,2025-12-07,Medium,Confirmed Fraud,10.1
3908,159903,4825,2026-06-02,Medium,Confirmed Fraud,38.2
3909,159914,14321,2025-01-11,Low,Confirmed Fraud,7.7
3910,159946,45734,2025-04-10,Medium,False Positive,12.8
3911,160005,48838,2025-08-15,High,Confirmed Fraud,14.3
3912,160068,48301,2026-09-11,High,Confirmed Fraud,15.3
3913,160085,48936,2025-01-18,Medium,False Positive,9.6
3914,160120,2630,2026-06-07,Medium,Closed - No Fraud,27.1
3915,160132,13439,2025-02-11,Critical,Closed - No Fraud,9.1
3916,160198,520,2026-04-15,Medium,Confirmed Fraud,12.2
3917,160224,5989,2026-06-18,Medium,Confirmed Fraud,1.5
3918,160307,43524,2025-03-08,High,Confirmed Fraud,16.7
3919,160322,30968,2026-12-23,Medium,Confirmed Fraud,8.7
3920,160330,18642,2025-01-01,High,Confirmed Fraud,43.7
3921,160369,33005,2026-09-08,High,False Positive,15.8
3922,160385,24213,2026-10-27,Medium,Confirmed Fraud,8.4
3923,160412,42081,2026-12-02,Medium,Confirmed Fraud,25.8
3924,160447,5205,2025-04-14,High,Confirmed Fraud,6.0
3925,160501,31561,2025-06-26,Low,Confirmed Fraud,10.2
3926,160564,21505,2025-01-12,High,Confirmed Fraud,5.3
3927,160644,49232,2025-07-31,Critical,Confirmed Fraud,6.6
3928,160692,19406,2025-04-03,High,Confirmed Fraud,6.5
3929,160784,40242,2025-08-04,Medium,False Positive,1.6
3930,160791,11716,2025-01-09,High,Closed - No Fraud,16.3
3931,160803,49881,2025-10-25,High,Under Review,8.8
3932,160859,25279,2026-04-03,Medium,Confirmed Fraud,3.8
3933,160920,21434,2026-12-21,Medium,Closed - No Fraud,6.0
3934,160933,15767,2025-07-25,High,Confirmed Fraud,11.5
3935,160994,33287,2026-07-19,Critical,Closed - No Fraud,10.0
3936,161108,41037,2025-11-18,Low,Confirmed Fraud,14.5
3937,161340,26423,2025-07-16,Low,Under Review,23.9
3938,161351,20553,2026-02-28,Critical,Confirmed Fraud,8.0
3939,161417,27295,2026-10-07,Medium,False Positive,34.1
3940,161447,20833,2025-02-12,High,Under Review,2.3
3941,161492,23039,2025-02-28,Medium,Confirmed Fraud,32.5
3942,161493,10710,2025-02-24,High,False Positive,2.7
3943,161575,14900,2026-01-12,Medium,Confirmed Fraud,17.3
3944,161582,14727,2026-06-05,High,False Positive,19.4
3945,161630,34476,2026-05-22,Critical,Confirmed Fraud,13.7
3946,161667,14850,2026-11-15,Critical,Confirmed Fraud,7.4
3947,161671,724,2026-07-22,Medium,Closed - No Fraud,12.5
3948,161756,42893,2026-05-29,High,Closed - No Fraud,6.7
3949,161784,43056,2025-06-03,Medium,Confirmed Fraud,7.5
3950,161813,9293,2025-06-09,Low,Confirmed Fraud,8.3
3951,161831,495,2026-11-27,High,Confirmed Fraud,4.2
3952,161877,38775,2025-05-18,High,Confirmed Fraud,12.2
3953,161912,42315,2025-06-01,Medium,Closed - No Fraud,8.0
3954,161994,48040,2025-10-28,Medium,Confirmed Fraud,7.7
3955,162012,15359,2025-06-01,Critical,False Positive,5.1
3956,162033,15510,2025-06-02,High,Confirmed Fraud,8.4
3957,162064,20083,2026-09-23,Medium,Confirmed Fraud,27.0
3958,162073,26038,2026-10-16,Medium,False Positive,32.8
3959,162098,9312,2025-04-13,Critical,Confirmed Fraud,9.4
3960,162183,6608,2025-05-14,High,Confirmed Fraud,1.6
3961,162278,48572,2025-12-11,High,Under Review,22.3
3962,162291,1262,2026-10-01,High,Confirmed Fraud,18.5
3963,162306,10679,2026-07-10,Critical,Confirmed Fraud,17.2
3964,162386,12323,2026-10-04,High,False Positive,12.5
3965,162541,7841,2026-10-26,Medium,Confirmed Fraud,13.9
3966,162569,47544,2026-08-02,Low,Confirmed Fraud,5.5
3967,162593,27505,2025-02-02,High,Closed - No Fraud,4.9
3968,162615,34552,2025-05-13,High,Closed - No Fraud,7.7
3969,162618,36424,2025-03-18,Critical,Confirmed Fraud,21.9
3970,162657,7574,2026-07-27,Low,Under Review,5.0
3971,162702,12859,2025-10-17,High,Confirmed Fraud,7.5
3972,162760,42774,2025-03-05,Medium,Confirmed Fraud,10.9
3973,162766,21159,2025-03-23,Medium,Confirmed Fraud,8.5
3974,162780,26729,2025-05-25,Medium,Confirmed Fraud,4.7
3975,162784,46779,2025-10-15,Low,Confirmed Fraud,17.0
3976,162821,14230,2025-07-30,Low,Confirmed Fraud,8.0
3977,162875,39932,2026-06-01,Medium,Confirmed Fraud,6.6
3978,162890,17410,2026-01-16,Medium,Confirmed Fraud,12.7
3979,162936,2717,2025-07-13,High,Under Review,12.7
3980,162978,16373,2026-09-26,Critical,Closed - No Fraud,16.7
3981,162983,4121,2025-12-26,Medium,Under Review,20.6
3982,163092,44600,2026-02-13,Medium,Closed - No Fraud,7.3
3983,163209,31959,2025-05-18,High,Closed - No Fraud,3.9
3984,163374,42257,2025-11-22,Low,Confirmed Fraud,5.4
3985,163418,26198,2026-09-23,Medium,Confirmed Fraud,6.6
3986,163432,33790,2025-09-04,High,Closed - No Fraud,14.2
3987,163452,46737,2025-09-27,Medium,Confirmed Fraud,20.8
3988,163463,17192,2025-08-14,Medium,False Positive,10.6
3989,163528,16384,2025-07-20,Critical,Confirmed Fraud,13.1
3990,163535,36183,2026-02-27,Medium,Under Review,4.9
3991,163698,18044,2025-10-31,High,Confirmed Fraud,18.4
3992,163701,34318,2025-08-21,Medium,Closed - No Fraud,21.6
3993,163715,26706,2026-01-27,High,Confirmed Fraud,40.7
3994,163741,17146,2025-10-27,High,Confirmed Fraud,12.2
3995,163748,11824,2026-07-01,Medium,False Positive,5.2
3996,163757,49995,2026-09-18,Low,Confirmed Fraud,5.8
3997,163781,37968,2026-11-03,High,Confirmed Fraud,1.2
3998,163845,7154,2025-09-29,High,Confirmed Fraud,51.8
3999,163858,46620,2025-06-24,High,Confirmed Fraud,3.3
4000,163923,43582,2025-07-29,Critical,Confirmed Fraud,2.4
4001,163946,30262,2026-08-15,High,Confirmed Fraud,1.3
4002,163977,18929,2025-02-13,High,Closed - No Fraud,10.8
4003,164144,7003,2025-09-14,Medium,Confirmed Fraud,5.6
4004,164220,16576,2025-08-20,High,Closed - No Fraud,14.5
4005,164239,33081,2025-09-03,High,Under Review,7.9
4006,164341,31895,2025-07-27,Critical,Closed - No Fraud,7.7
4007,164353,25417,2026-03-06,Medium,Confirmed Fraud,30.0
4008,164357,10196,2025-01-11,Medium,Confirmed Fraud,13.0
4009,164377,25755,2026-08-18,High,Confirmed Fraud,64.8
4010,164633,19251,2026-12-03,Critical,Confirmed Fraud,5.7
4011,164695,39101,2025-08-27,Medium,Confirmed Fraud,6.6
4012,164703,35810,2026-09-20,High,Confirmed Fraud,8.4
4013,164712,6963,2025-08-14,Medium,False Positive,3.1
4014,164713,26392,2025-12-28,High,Confirmed Fraud,15.6
4015,164730,15884,2025-02-21,Low,Confirmed Fraud,23.1
4016,164751,45883,2025-08-12,Medium,Confirmed Fraud,20.4
4017,164764,2731,2025-02-10,Medium,Confirmed Fraud,13.8
4018,164780,7619,2026-02-14,Critical,Confirmed Fraud,12.6
4019,164826,37266,2026-12-22,High,False Positive,13.2
4020,164852,18131,2025-12-08,High,Closed - No Fraud,4.8
4021,164874,39408,2025-11-29,Medium,Confirmed Fraud,14.0
4022,164903,29423,2025-02-20,High,Confirmed Fraud,9.3
4023,164928,45138,2026-02-05,Medium,False Positive,3.6
4024,164967,44531,2026-04-09,Medium,Confirmed Fraud,4.7
4025,165029,10749,2025-01-03,High,Confirmed Fraud,20.7
4026,165070,31182,2026-03-07,Critical,Confirmed Fraud,8.8
4027,165071,127,2025-06-24,Medium,False Positive,1.0
4028,165088,24561,2025-02-02,High,Confirmed Fraud,7.5
4029,165096,28280,2026-05-18,Critical,Closed - No Fraud,14.8
4030,165135,12687,2025-09-29,Critical,Confirmed Fraud,28.5
4031,165189,17374,2025-07-24,Medium,Confirmed Fraud,14.4
4032,165204,48616,2025-08-07,Low,Confirmed Fraud,10.1
4033,165205,34289,2026-11-02,Low,Confirmed Fraud,10.8
4034,165247,8643,2025-05-20,High,Confirmed Fraud,7.1
4035,165334,19203,2025-06-21,High,Confirmed Fraud,11.7
4036,165344,25106,2026-12-28,Medium,Confirmed Fraud,22.9
4037,165385,42664,2026-06-25,Medium,Under Review,14.2
4038,165534,27185,2026-03-07,Critical,Confirmed Fraud,15.4
4039,165560,6438,2026-02-25,Critical,Confirmed Fraud,21.2
4040,165640,40289,2025-06-02,Low,Confirmed Fraud,15.2
4041,165661,47511,2025-05-11,High,Confirmed Fraud,11.5
4042,165715,46551,2026-11-29,Medium,Confirmed Fraud,5.4
4043,165726,45135,2026-03-28,Critical,Confirmed Fraud,3.1
4044,165748,29981,2025-05-19,Medium,Closed - No Fraud,11.0
4045,165762,32676,2025-02-24,Medium,Closed - No Fraud,3.7
4046,165826,7744,2026-04-03,Critical,Confirmed Fraud,7.7
4047,165834,41856,2026-10-02,Low,Under Review,12.1
4048,165886,39246,2026-02-21,Medium,False Positive,6.0
4049,165960,14698,2025-02-01,High,Closed - No Fraud,31.5
4050,165966,35694,2025-06-13,Medium,Confirmed Fraud,8.9
4051,165969,29351,2026-09-10,High,Confirmed Fraud,9.0
4052,165970,46249,2026-03-08,High,Confirmed Fraud,17.2
4053,165997,35800,2026-06-28,Medium,Confirmed Fraud,5.1
4054,166003,19680,2025-09-21,High,Confirmed Fraud,56.8
4055,166033,25422,2026-07-08,Medium,Confirmed Fraud,9.5
4056,166052,46369,2025-07-13,Medium,Confirmed Fraud,4.6
4057,166085,7293,2026-08-21,Medium,Closed - No Fraud,9.2
4058,166098,16800,2025-02-26,High,False Positive,4.2
4059,166105,4652,2025-03-03,Low,Confirmed Fraud,69.0
4060,166191,14723,2025-10-11,High,Confirmed Fraud,17.3
4061,166193,38908,2025-12-26,Medium,False Positive,8.1
4062,166198,16145,2025-03-30,Medium,Closed - No Fraud,5.8
4063,166223,47643,2025-08-10,Critical,Confirmed Fraud,17.6
4064,166244,49933,2025-03-09,Critical,Confirmed Fraud,23.5
4065,166287,11617,2025-05-09,Low,Closed - No Fraud,15.1
4066,166439,30817,2026-12-10,High,False Positive,11.3
4067,166463,44626,2025-01-06,Medium,Confirmed Fraud,6.7
4068,166465,34372,2026-05-19,High,Confirmed Fraud,2.2
4069,166485,20671,2025-06-10,Low,False Positive,5.4
4070,166509,12515,2026-09-28,Medium,Confirmed Fraud,13.7
4071,166555,29161,2025-09-09,Medium,Closed - No Fraud,29.1
4072,166593,20921,2026-02-21,High,Closed - No Fraud,1.7
4073,166637,42551,2025-07-19,Critical,Closed - No Fraud,15.8
4074,166640,48567,2025-12-14,Medium,Confirmed Fraud,31.9
4075,166652,26932,2026-06-10,High,Confirmed Fraud,11.2
4076,166657,21432,2026-12-05,Low,Confirmed Fraud,8.8
4077,166688,39390,2026-06-03,Medium,Confirmed Fraud,19.2
4078,166696,47987,2025-02-07,Medium,Confirmed Fraud,4.5
4079,166759,6122,2025-02-07,Medium,Confirmed Fraud,40.7
4080,166760,23845,2025-04-23,Low,Closed - No Fraud,7.7
4081,166765,41690,2025-02-28,Medium,Confirmed Fraud,12.3
4082,166781,48448,2025-08-08,High,Confirmed Fraud,31.6
4083,166844,14962,2026-04-18,Medium,Confirmed Fraud,6.7
4084,166888,44742,2026-05-05,Low,Confirmed Fraud,5.5
4085,166892,41767,2026-06-12,Low,Confirmed Fraud,16.4
4086,166923,45350,2026-06-11,Medium,Confirmed Fraud,6.6
4087,166944,23637,2026-07-20,High,Confirmed Fraud,6.0
4088,166998,24632,2026-03-26,Medium,Confirmed Fraud,5.4
4089,167216,24518,2026-11-01,Medium,Confirmed Fraud,16.1
4090,167241,47158,2025-05-05,Medium,Confirmed Fraud,16.0
4091,167424,28723,2026-12-27,Medium,Closed - No Fraud,7.7
4092,167477,23825,2025-11-02,Medium,Closed - No Fraud,7.7
4093,167561,17049,2026-09-19,Medium,Confirmed Fraud,11.7
4094,167590,45710,2026-01-21,Medium,Confirmed Fraud,14.4
4095,167616,31553,2026-11-14,Low,False Positive,29.8
4096,167634,16100,2026-06-05,Low,Confirmed Fraud,16.8
4097,167681,15658,2025-05-22,High,Confirmed Fraud,18.9
4098,167709,36368,2025-05-08,Medium,Confirmed Fraud,68.0
4099,167722,4244,2025-02-02,Medium,Closed - No Fraud,7.1
4100,167736,8736,2025-08-18,Critical,Confirmed Fraud,19.1
4101,167742,4293,2025-05-30,High,Confirmed Fraud,15.8
4102,167752,5989,2026-07-01,High,Confirmed Fraud,9.5
4103,167759,13296,2025-07-09,Medium,Confirmed Fraud,8.6
4104,167792,4725,2025-01-24,High,Closed - No Fraud,15.0
4105,167849,40818,2026-07-30,Low,Closed - No Fraud,13.0
4106,167863,17100,2025-02-20,High,Under Review,7.6
4107,167865,38367,2026-08-31,Medium,Confirmed Fraud,19.4
4108,167869,39887,2025-07-06,High,Confirmed Fraud,12.8
4109,167984,37476,2025-11-11,Medium,Confirmed Fraud,4.2
4110,168017,3122,2025-06-04,High,Under Review,12.6
4111,168038,23067,2025-07-10,Low,Confirmed Fraud,13.1
4112,168110,33062,2026-03-12,Medium,Confirmed Fraud,5.9
4113,168119,45798,2026-12-10,Medium,Closed - No Fraud,8.2
4114,168121,39340,2026-09-05,High,Confirmed Fraud,2.1
4115,168268,34549,2025-01-06,High,Confirmed Fraud,6.3
4116,168299,42683,2025-10-06,Medium,Closed - No Fraud,74.1
4117,168454,31046,2025-08-05,High,Under Review,4.2
4118,168473,25007,2025-03-19,High,Confirmed Fraud,10.3
4119,168555,26856,2026-01-10,Medium,Under Review,3.7
4120,168556,34805,2026-11-17,Critical,Confirmed Fraud,21.8
4121,168569,32584,2025-12-19,Medium,Confirmed Fraud,128.8
4122,168628,1377,2026-02-18,High,False Positive,15.7
4123,168752,10117,2026-12-21,High,Closed - No Fraud,16.4
4124,168776,37633,2025-05-07,Medium,False Positive,11.0
4125,168781,30313,2026-10-27,Critical,Confirmed Fraud,5.2
4126,168845,32972,2025-06-23,Medium,Closed - No Fraud,6.4
4127,168851,25284,2025-07-17,Medium,Confirmed Fraud,9.7
4128,168865,12053,2025-05-01,Medium,Confirmed Fraud,8.7
4129,168988,19177,2026-09-22,Critical,Under Review,5.5
4130,169012,49591,2026-08-05,Low,Confirmed Fraud,9.8
4131,169020,16305,2025-01-05,High,Closed - No Fraud,5.3
4132,169049,9651,2026-08-27,Low,Confirmed Fraud,22.3
4133,169076,45783,2025-02-02,Low,Confirmed Fraud,17.8
4134,169132,12268,2026-11-10,Medium,Confirmed Fraud,37.5
4135,169133,38458,2026-08-16,High,Confirmed Fraud,19.8
4136,169138,7356,2026-04-11,High,Confirmed Fraud,8.2
4137,169190,33667,2026-04-02,Medium,Confirmed Fraud,3.3
4138,169193,10047,2026-06-11,High,Confirmed Fraud,11.7
4139,169223,33449,2026-02-10,High,Confirmed Fraud,26.5
4140,169313,39606,2025-03-28,High,Confirmed Fraud,5.7
4141,169388,45907,2026-11-24,Critical,Confirmed Fraud,8.6
4142,169399,36263,2025-11-15,Low,Confirmed Fraud,18.2
4143,169495,23466,2026-06-29,Critical,Closed - No Fraud,13.5
4144,169591,28047,2025-04-11,High,Confirmed Fraud,6.5
4145,169718,43856,2025-04-10,High,Closed - No Fraud,16.9
4146,169747,36656,2025-02-15,Medium,False Positive,11.3
4147,169773,19616,2025-10-29,High,Confirmed Fraud,5.8
4148,169796,2784,2026-11-06,High,Closed - No Fraud,83.1
4149,169818,28324,2026-06-06,High,Confirmed Fraud,30.2
4150,169888,45895,2026-07-30,Medium,False Positive,12.4
4151,169923,39086,2025-05-13,Medium,Confirmed Fraud,26.1
4152,169990,31154,2025-07-28,High,Closed - No Fraud,9.3
4153,169996,46540,2026-07-23,Low,Confirmed Fraud,4.1
4154,170089,6649,2026-07-05,Medium,Confirmed Fraud,8.3
4155,170155,938,2026-11-13,High,False Positive,2.2
4156,170235,4701,2025-05-10,High,Confirmed Fraud,33.1
4157,170236,46905,2025-06-19,High,Confirmed Fraud,9.8
4158,170238,38570,2025-06-17,Low,Confirmed Fraud,74.1
4159,170276,20122,2026-11-23,Medium,Confirmed Fraud,4.6
4160,170281,27460,2025-02-05,Critical,Confirmed Fraud,11.1
4161,170303,27516,2025-09-12,High,Confirmed Fraud,2.9
4162,170348,27891,2026-06-17,Medium,Confirmed Fraud,32.5
4163,170365,45769,2025-09-09,Medium,Confirmed Fraud,2.8
4164,170412,41508,2026-03-02,Medium,Confirmed Fraud,2.8
4165,170505,20858,2025-04-30,Medium,Under Review,11.7
4166,170539,31010,2026-09-14,High,Confirmed Fraud,7.1
4167,170583,42045,2025-04-25,High,Confirmed Fraud,26.3
4168,170597,29069,2026-07-10,Medium,Confirmed Fraud,40.8
4169,170598,37497,2025-02-23,Medium,Closed - No Fraud,10.3
4170,170605,24204,2026-05-23,Critical,Closed - No Fraud,10.9
4171,170607,43090,2026-01-01,High,Under Review,9.2
4172,170626,22324,2025-11-02,High,Confirmed Fraud,4.7
4173,170658,47647,2025-04-23,Critical,False Positive,2.6
4174,170709,22706,2026-09-05,Medium,Confirmed Fraud,7.6
4175,170725,1598,2026-11-03,Medium,Confirmed Fraud,9.0
4176,170930,26236,2026-02-09,High,Confirmed Fraud,13.8
4177,170973,22539,2025-05-13,Critical,Confirmed Fraud,13.5
4178,170977,5553,2026-01-12,High,Closed - No Fraud,1.6
4179,171032,46736,2025-09-06,High,Confirmed Fraud,74.0
4180,171045,36461,2026-12-28,Low,Closed - No Fraud,17.8
4181,171058,36723,2026-08-28,High,False Positive,1.0
4182,171072,24509,2025-05-24,Medium,Confirmed Fraud,16.4
4183,171075,13778,2025-02-11,Low,Confirmed Fraud,25.0
4184,171083,32007,2025-11-09,High,Confirmed Fraud,29.2
4185,171110,38189,2026-06-06,High,Confirmed Fraud,14.2
4186,171150,47482,2025-11-14,Medium,False Positive,9.6
4187,171178,18870,2026-05-30,Low,Confirmed Fraud,22.3
4188,171185,15192,2026-06-15,High,Confirmed Fraud,4.9
4189,171294,20647,2026-06-06,Critical,Confirmed Fraud,1.4
4190,171322,15838,2025-07-11,Critical,Confirmed Fraud,10.6
4191,171346,8552,2025-06-12,Medium,Confirmed Fraud,15.9
4192,171347,4196,2025-11-13,Low,Confirmed Fraud,9.3
4193,171363,8853,2025-09-16,Medium,Confirmed Fraud,8.3
4194,171395,14643,2025-03-16,Critical,Confirmed Fraud,30.9
4195,171412,4469,2026-05-21,Medium,Confirmed Fraud,4.1
4196,171439,2029,2026-09-17,High,Confirmed Fraud,3.2
4197,171453,28127,2026-09-22,Medium,Confirmed Fraud,16.3
4198,171456,8897,2025-09-19,Medium,Under Review,10.9
4199,171476,27912,2025-02-13,High,Confirmed Fraud,14.2
4200,171491,39315,2025-03-04,Low,Confirmed Fraud,7.2
4201,171492,18039,2025-03-02,Low,Closed - No Fraud,16.3
4202,171493,8287,2025-07-22,Medium,Closed - No Fraud,9.2
4203,171506,32487,2025-02-26,High,Confirmed Fraud,12.7
4204,171528,29165,2026-11-11,Critical,Confirmed Fraud,3.6
4205,171597,1939,2026-09-09,High,Confirmed Fraud,6.4
4206,171828,23637,2025-02-24,Critical,Confirmed Fraud,8.5
4207,171858,8536,2025-06-19,Critical,Confirmed Fraud,41.1
4208,171860,16573,2025-08-22,High,False Positive,7.5
4209,171922,28419,2025-09-09,Low,Closed - No Fraud,1.4
4210,172003,33061,2025-04-18,Low,Confirmed Fraud,30.2
4211,172007,45716,2025-05-11,Medium,False Positive,16.4
4212,172034,15242,2025-11-22,Critical,Confirmed Fraud,5.9
4213,172133,21937,2025-05-04,High,False Positive,4.8
4214,172212,32243,2025-01-06,Low,Confirmed Fraud,23.1
4215,172269,27558,2026-03-26,Low,False Positive,2.9
4216,172272,2816,2026-10-30,High,Confirmed Fraud,4.1
4217,172354,40074,2025-05-10,Low,Closed - No Fraud,24.0
4218,172356,26822,2026-09-08,Critical,Confirmed Fraud,8.6
4219,172360,26117,2026-12-11,High,Confirmed Fraud,18.2
4220,172537,36556,2026-12-12,High,Under Review,9.8
4221,172542,49193,2025-08-27,Critical,Confirmed Fraud,4.5
4222,172561,25524,2025-11-17,High,Confirmed Fraud,1.4
4223,172599,3585,2025-02-09,Low,Under Review,21.3
4224,172623,35764,2026-07-29,High,Closed - No Fraud,26.1
4225,172661,48414,2026-11-21,High,Confirmed Fraud,16.4
4226,172672,28050,2025-02-12,High,Confirmed Fraud,6.0
4227,172749,31703,2025-05-04,Critical,Confirmed Fraud,12.6
4228,172808,26932,2025-04-26,High,Confirmed Fraud,12.1
4229,172862,9380,2025-03-21,High,False Positive,5.7
4230,172935,37161,2025-04-03,High,Under Review,16.1
4231,172982,47279,2026-02-04,Medium,Confirmed Fraud,2.7
4232,173057,48324,2025-08-20,High,Confirmed Fraud,9.0
4233,173102,2611,2025-03-11,Critical,Confirmed Fraud,25.3
4234,173197,26275,2025-01-15,Medium,Confirmed Fraud,2.5
4235,173247,35447,2026-06-22,High,Under Review,2.4
4236,173253,27564,2025-02-06,High,Confirmed Fraud,9.6
4237,173319,3973,2026-09-12,Medium,False Positive,6.4
4238,173324,49873,2025-10-25,High,Confirmed Fraud,3.6
4239,173335,44713,2026-06-05,High,Closed - No Fraud,3.5
4240,173361,38382,2026-12-11,Medium,Closed - No Fraud,10.0
4241,173388,30946,2026-04-17,High,Confirmed Fraud,4.1
4242,173469,33083,2026-02-26,High,Confirmed Fraud,13.0
4243,173489,49061,2026-08-03,Medium,Confirmed Fraud,29.7
4244,173520,12630,2025-02-03,Critical,False Positive,7.4
4245,173604,27381,2026-03-02,Low,Confirmed Fraud,14.8
4246,173630,42758,2025-06-20,Medium,Confirmed Fraud,8.7
4247,173645,297,2026-07-15,Medium,False Positive,14.7
4248,173673,34319,2026-03-21,High,Confirmed Fraud,35.0
4249,173690,1377,2025-03-31,Low,False Positive,15.2
4250,173700,49700,2026-12-23,High,Closed - No Fraud,10.6
4251,173813,10643,2025-06-01,Medium,Confirmed Fraud,14.0
4252,173831,14096,2025-06-18,Critical,Confirmed Fraud,66.1
4253,173946,38444,2026-01-19,Medium,Confirmed Fraud,4.5
4254,173978,7319,2026-03-03,Low,Confirmed Fraud,10.5
4255,173989,15756,2025-03-01,High,Confirmed Fraud,15.9
4256,174061,11962,2026-01-07,High,Under Review,23.0
4257,174087,38855,2026-01-13,Medium,Under Review,9.2
4258,174089,11553,2026-12-08,High,Confirmed Fraud,9.2
4259,174092,18083,2026-10-14,Low,Confirmed Fraud,19.8
4260,174235,2785,2026-11-21,Low,False Positive,21.2
4261,174262,17151,2025-08-17,Low,Confirmed Fraud,11.1
4262,174289,7539,2025-07-21,Low,Closed - No Fraud,9.4
4263,174330,31946,2025-12-27,Medium,Confirmed Fraud,38.6
4264,174352,16522,2026-05-11,Medium,False Positive,5.9
4265,174359,8649,2026-11-21,High,Closed - No Fraud,18.4
4266,174398,38989,2026-05-11,High,Confirmed Fraud,6.2
4267,174432,42044,2025-11-13,Low,Closed - No Fraud,10.2
4268,174480,18048,2025-11-11,Medium,Confirmed Fraud,57.5
4269,174514,12354,2025-01-30,Critical,Confirmed Fraud,12.1
4270,174517,23256,2025-05-13,Critical,Confirmed Fraud,4.0
4271,174520,24782,2025-02-16,High,False Positive,7.2
4272,174537,47550,2025-08-16,Medium,Under Review,24.6
4273,174555,19199,2025-08-10,High,Confirmed Fraud,28.9
4274,174642,23511,2025-10-28,Medium,Confirmed Fraud,6.2
4275,174656,5936,2025-01-10,Medium,Confirmed Fraud,15.8
4276,174759,13842,2025-06-22,Medium,Confirmed Fraud,7.4
4277,174763,44483,2025-01-28,High,Confirmed Fraud,6.9
4278,174768,17756,2025-06-01,High,Confirmed Fraud,18.5
4279,174797,34489,2026-12-03,High,Confirmed Fraud,22.4
4280,174848,33119,2026-12-08,Critical,Closed - No Fraud,2.8
4281,174850,1901,2025-10-10,Low,Confirmed Fraud,5.4
4282,174860,27144,2026-01-04,Medium,Closed - No Fraud,8.2
4283,174995,45221,2026-10-07,High,Confirmed Fraud,12.3
4284,175019,7656,2025-05-02,High,Confirmed Fraud,7.4
4285,175028,19096,2026-08-04,High,Under Review,13.5
4286,175115,19455,2025-09-29,Medium,Confirmed Fraud,12.2
4287,175166,26700,2026-02-13,Medium,Confirmed Fraud,7.5
4288,175172,49000,2025-01-24,Low,Confirmed Fraud,4.6
4289,175216,30248,2025-01-30,Critical,Confirmed Fraud,5.1
4290,175226,35657,2025-10-08,Low,Under Review,3.8
4291,175234,35610,2026-09-12,High,Confirmed Fraud,36.4
4292,175319,35674,2025-07-24,Medium,Confirmed Fraud,16.9
4293,175352,43774,2025-05-03,Medium,Confirmed Fraud,7.9
4294,175373,44770,2025-12-18,Low,Confirmed Fraud,22.1
4295,175382,43862,2025-04-20,High,Closed - No Fraud,17.0
4296,175482,44078,2025-08-20,Low,Confirmed Fraud,5.4
4297,175529,19485,2026-03-30,Medium,Closed - No Fraud,5.9
4298,175620,4610,2026-11-16,High,False Positive,13.5
4299,175706,47313,2025-09-25,Critical,Confirmed Fraud,50.8
4300,175743,12648,2025-10-17,Medium,Confirmed Fraud,9.3
4301,175751,33940,2025-11-09,Medium,Confirmed Fraud,47.0
4302,175764,42142,2026-05-20,High,Confirmed Fraud,45.2
4303,175765,16452,2026-05-20,Critical,False Positive,11.3
4304,175778,123,2025-02-22,Medium,False Positive,28.7
4305,175786,44071,2025-01-30,High,Closed - No Fraud,12.7
4306,175847,3668,2026-08-07,High,Confirmed Fraud,8.1
4307,175864,24468,2026-08-03,Medium,Confirmed Fraud,4.4
4308,175867,34699,2026-10-23,Medium,Confirmed Fraud,9.3
4309,175868,23568,2025-08-01,Medium,Confirmed Fraud,15.1
4310,175880,15636,2026-07-17,Medium,Confirmed Fraud,2.5
4311,175958,21140,2026-10-22,Critical,Confirmed Fraud,15.5
4312,175967,43858,2025-07-16,Medium,Closed - No Fraud,19.4
4313,175975,23848,2026-04-13,High,Closed - No Fraud,32.7
4314,176011,5119,2026-08-08,Low,Closed - No Fraud,23.4
4315,176024,16457,2026-11-24,High,Confirmed Fraud,4.3
4316,176035,14701,2025-10-21,Critical,Confirmed Fraud,20.0
4317,176112,7429,2025-10-10,High,Confirmed Fraud,18.5
4318,176138,29292,2025-07-18,Critical,Closed - No Fraud,3.8
4319,176149,41723,2026-05-19,Medium,Confirmed Fraud,10.3
4320,176163,18409,2025-03-10,High,Closed - No Fraud,11.4
4321,176164,20492,2025-01-11,Medium,Confirmed Fraud,20.6
4322,176195,32757,2025-06-22,Medium,Confirmed Fraud,2.0
4323,176196,30665,2025-02-01,Medium,Closed - No Fraud,32.0
4324,176209,16510,2025-01-03,Medium,Closed - No Fraud,8.2
4325,176216,37970,2026-08-11,High,Confirmed Fraud,17.7
4326,176233,30095,2025-02-10,Medium,Confirmed Fraud,9.9
4327,176256,10970,2026-09-07,Low,Confirmed Fraud,3.1
4328,176313,24971,2025-09-28,Medium,Confirmed Fraud,17.6
4329,176316,17990,2025-12-07,High,Confirmed Fraud,31.6
4330,176352,32148,2026-07-24,Medium,Confirmed Fraud,5.9
4331,176363,37941,2025-11-30,High,Confirmed Fraud,24.0
4332,176387,5281,2025-06-20,Medium,Confirmed Fraud,9.1
4333,176446,44109,2026-06-13,Low,Confirmed Fraud,23.6
4334,176462,40390,2025-04-08,High,Confirmed Fraud,26.9
4335,176475,28631,2026-09-13,High,Confirmed Fraud,11.5
4336,176477,8078,2025-01-17,High,Confirmed Fraud,27.0
4337,176523,19050,2026-01-31,High,Confirmed Fraud,22.7
4338,176554,14788,2026-03-28,High,Confirmed Fraud,6.7
4339,176557,33391,2026-03-29,Medium,Under Review,17.3
4340,176560,27417,2025-05-30,High,Confirmed Fraud,20.6
4341,176592,31325,2026-12-25,Medium,Confirmed Fraud,6.6
4342,176750,13876,2025-05-05,Low,Confirmed Fraud,3.6
4343,176834,13160,2026-09-28,Critical,Confirmed Fraud,2.2
4344,176837,42242,2025-09-30,Low,Confirmed Fraud,10.7
4345,176891,41552,2025-11-23,Medium,Under Review,28.4
4346,176892,21088,2025-11-03,Critical,Confirmed Fraud,8.2
4347,176902,44783,2025-03-07,High,Confirmed Fraud,11.7
4348,176920,34504,2025-09-27,Medium,Confirmed Fraud,5.0
4349,176931,43774,2026-08-26,High,Confirmed Fraud,9.8
4350,177020,13866,2025-09-06,High,Closed - No Fraud,4.7
4351,177042,36133,2026-05-15,High,Confirmed Fraud,7.2
4352,177050,5173,2025-09-24,Medium,Confirmed Fraud,7.4
4353,177092,13093,2025-11-23,High,Under Review,6.3
4354,177096,26407,2025-03-24,Medium,Confirmed Fraud,20.0
4355,177212,39246,2026-12-19,High,Closed - No Fraud,3.4
4356,177214,47288,2026-06-18,Critical,Confirmed Fraud,29.5
4357,177242,10670,2026-04-05,High,Closed - No Fraud,5.6
4358,177246,31847,2026-06-27,High,Confirmed Fraud,4.2
4359,177248,34164,2026-11-23,Low,Confirmed Fraud,18.8
4360,177279,39242,2026-11-19,Low,Confirmed Fraud,1.8
4361,177343,12740,2025-05-10,Medium,Under Review,10.4
4362,177368,155,2025-05-11,Medium,Confirmed Fraud,19.9
4363,177377,13765,2026-02-27,Critical,Confirmed Fraud,14.0
4364,177424,20565,2025-07-04,Medium,Confirmed Fraud,23.1
4365,177516,33038,2026-05-11,Critical,Confirmed Fraud,6.4
4366,177556,4228,2025-03-11,Critical,Confirmed Fraud,20.9
4367,177690,41459,2025-01-06,Critical,Confirmed Fraud,6.7
4368,177745,21891,2025-12-13,Medium,Confirmed Fraud,21.9
4369,177781,35474,2026-02-24,Low,Confirmed Fraud,17.1
4370,177802,14175,2025-04-19,High,Confirmed Fraud,8.0
4371,177897,40144,2025-03-27,Low,Confirmed Fraud,14.1
4372,177944,31894,2025-06-07,Medium,Confirmed Fraud,7.7
4373,177980,44491,2025-11-05,Low,Closed - No Fraud,4.5
4374,178012,25078,2025-07-15,Critical,False Positive,8.3
4375,178016,48262,2025-05-16,Critical,Confirmed Fraud,23.5
4376,178026,25097,2025-11-02,High,Confirmed Fraud,38.1
4377,178032,4623,2026-05-25,Medium,Confirmed Fraud,26.4
4378,178040,24011,2026-12-31,Medium,Confirmed Fraud,14.6
4379,178074,19302,2026-08-24,Medium,Confirmed Fraud,8.0
4380,178075,19206,2025-04-11,Medium,Confirmed Fraud,6.1
4381,178110,44446,2025-07-13,High,Confirmed Fraud,48.0
4382,178131,6580,2026-01-03,High,Confirmed Fraud,16.1
4383,178159,1288,2026-07-12,Critical,False Positive,9.7
4384,178177,11396,2026-11-24,Medium,Confirmed Fraud,5.8
4385,178215,15665,2025-04-20,High,Confirmed Fraud,6.3
4386,178250,20513,2025-12-05,Medium,Confirmed Fraud,11.3
4387,178264,19840,2025-06-14,High,Confirmed Fraud,6.6
4388,178288,6993,2026-11-09,High,Confirmed Fraud,7.5
4389,178325,29611,2026-02-26,Medium,Confirmed Fraud,4.7
4390,178332,11043,2025-05-26,Medium,Confirmed Fraud,29.1
4391,178374,33101,2026-08-31,High,Confirmed Fraud,4.2
4392,178403,49601,2026-03-05,High,Confirmed Fraud,18.2
4393,178415,10510,2025-05-13,Medium,Closed - No Fraud,13.6
4394,178418,15932,2025-06-16,Critical,False Positive,41.3
4395,178439,17490,2025-01-06,Low,Confirmed Fraud,31.1
4396,178457,15521,2025-03-19,Medium,Closed - No Fraud,12.8
4397,178583,2702,2026-09-07,Medium,Confirmed Fraud,4.0
4398,178638,48872,2025-02-07,Medium,Confirmed Fraud,17.0
4399,178679,25166,2025-03-14,Critical,Confirmed Fraud,7.7
4400,178740,22483,2025-02-27,Medium,Confirmed Fraud,8.2
4401,178774,10738,2025-12-25,High,Confirmed Fraud,3.8
4402,178839,16323,2025-04-06,High,Confirmed Fraud,32.4
4403,178853,9811,2025-08-14,Low,Closed - No Fraud,15.8
4404,178872,13518,2025-05-01,Medium,Confirmed Fraud,25.7
4405,178873,32145,2026-10-18,Medium,Confirmed Fraud,13.8
4406,178881,2918,2026-06-18,High,Confirmed Fraud,4.6
4407,178901,41999,2026-01-02,Medium,Under Review,8.1
4408,178939,46199,2025-09-11,Low,Confirmed Fraud,24.0
4409,178961,16906,2026-05-17,High,Confirmed Fraud,35.6
4410,178990,32611,2025-03-15,Medium,Under Review,15.3
4411,179065,5504,2026-04-07,Critical,Closed - No Fraud,11.2
4412,179077,27705,2025-03-26,Critical,Confirmed Fraud,3.7
4413,179086,16177,2025-12-31,Medium,Confirmed Fraud,79.4
4414,179168,16803,2026-03-08,High,Confirmed Fraud,24.1
4415,179190,28149,2025-02-03,Medium,Confirmed Fraud,26.7
4416,179262,2961,2025-04-04,Medium,Confirmed Fraud,8.0
4417,179289,27578,2026-01-31,Medium,False Positive,21.5
4418,179335,28077,2026-02-26,Low,Closed - No Fraud,9.6
4419,179361,9008,2025-08-13,Medium,False Positive,5.2
4420,179436,43680,2026-04-29,High,Confirmed Fraud,17.9
4421,179438,8701,2026-11-28,Medium,Confirmed Fraud,8.8
4422,179452,11458,2026-05-03,Low,Confirmed Fraud,55.0
4423,179469,22898,2025-07-24,High,Confirmed Fraud,10.3
4424,179488,20948,2026-07-26,Critical,Confirmed Fraud,19.1
4425,179524,25132,2025-06-28,Critical,Under Review,17.0
4426,179539,7438,2025-07-29,Low,Closed - No Fraud,4.3
4427,179561,44398,2025-03-30,High,False Positive,10.0
4428,179671,25303,2026-01-24,High,Under Review,16.0
4429,179736,16072,2025-07-22,High,Confirmed Fraud,4.6
4430,179744,5435,2025-01-03,Critical,Confirmed Fraud,4.7
4431,179763,5651,2026-01-21,High,Confirmed Fraud,10.1
4432,179873,13468,2026-02-18,Medium,Closed - No Fraud,19.6
4433,179891,15200,2026-06-20,Low,Under Review,21.1
4434,180035,41653,2025-08-13,High,Confirmed Fraud,5.7
4435,180059,38064,2026-10-09,Medium,False Positive,5.3
4436,180082,37741,2026-06-14,High,Confirmed Fraud,8.1
4437,180148,2108,2026-09-27,Low,Under Review,2.9
4438,180171,26764,2025-07-13,Critical,Confirmed Fraud,8.4
4439,180227,40558,2026-01-13,High,Confirmed Fraud,13.8
4440,180235,37819,2026-02-12,Critical,Confirmed Fraud,2.2
4441,180336,32627,2025-11-01,High,Confirmed Fraud,7.9
4442,180380,29437,2025-10-14,Low,Closed - No Fraud,10.9
4443,180393,16911,2025-05-26,Low,Confirmed Fraud,9.0
4444,180453,29764,2026-06-22,Medium,Closed - No Fraud,20.0
4445,180459,22958,2025-10-06,Medium,Closed - No Fraud,57.7
4446,180544,34449,2025-09-14,Critical,Confirmed Fraud,4.9
4447,180546,34421,2025-02-16,Medium,False Positive,6.5
4448,180620,29692,2026-02-27,High,Confirmed Fraud,8.3
4449,180720,36380,2025-05-01,Critical,False Positive,21.0
4450,180729,4376,2026-09-09,Critical,Closed - No Fraud,22.6
4451,180757,4732,2025-02-09,High,Confirmed Fraud,9.6
4452,180812,44497,2025-12-18,Low,Under Review,3.2
4453,180842,25193,2025-02-18,Medium,Confirmed Fraud,10.1
4454,180877,2600,2025-08-28,High,Confirmed Fraud,20.2
4455,180885,31984,2025-05-13,Medium,Confirmed Fraud,9.1
4456,180965,3373,2026-06-09,Medium,Closed - No Fraud,37.5
4457,181084,10586,2025-09-03,Low,Confirmed Fraud,4.9
4458,181139,26899,2026-12-29,Critical,Confirmed Fraud,3.8
4459,181224,2611,2025-03-16,Medium,Confirmed Fraud,43.1
4460,181247,18734,2025-02-26,Low,False Positive,24.6
4461,181298,19442,2026-05-02,Medium,False Positive,25.9
4462,181306,35049,2026-04-17,High,Confirmed Fraud,18.3
4463,181311,7763,2025-01-26,High,False Positive,16.2
4464,181318,3941,2026-04-18,Critical,Confirmed Fraud,14.0
4465,181372,33690,2025-04-16,High,Under Review,16.8
4466,181385,39572,2025-08-20,Medium,Confirmed Fraud,14.9
4467,181387,8743,2026-05-03,High,Confirmed Fraud,13.0
4468,181647,43563,2025-06-21,High,Confirmed Fraud,27.4
4469,181657,20547,2026-10-13,Low,False Positive,23.3
4470,181843,44458,2026-06-07,High,False Positive,4.6
4471,181934,11452,2025-07-04,Critical,Under Review,23.6
4472,182030,21204,2026-10-31,Critical,False Positive,14.4
4473,182031,48137,2026-08-08,High,Confirmed Fraud,12.9
4474,182047,13802,2025-10-27,Medium,Confirmed Fraud,26.3
4475,182142,6669,2025-10-02,High,Confirmed Fraud,6.0
4476,182150,2370,2026-10-05,High,Closed - No Fraud,2.6
4477,182193,41538,2025-01-24,Low,False Positive,13.6
4478,182231,21565,2026-07-24,Low,Confirmed Fraud,9.3
4479,182242,22430,2026-12-09,High,Confirmed Fraud,20.0
4480,182244,27702,2025-05-21,High,Closed - No Fraud,19.3
4481,182260,17854,2025-07-26,Medium,Confirmed Fraud,6.9
4482,182309,26927,2025-03-26,High,Confirmed Fraud,7.4
4483,182346,27248,2025-10-13,Low,False Positive,21.1
4484,182350,17787,2026-02-20,Medium,Closed - No Fraud,17.3
4485,182364,27592,2025-03-20,Medium,Confirmed Fraud,2.7
4486,182392,19671,2025-07-17,High,Confirmed Fraud,8.5
4487,182461,27955,2026-03-16,Low,Under Review,8.6
4488,182480,9642,2025-05-21,Medium,Confirmed Fraud,9.6
4489,182505,44831,2025-05-30,High,Under Review,13.8
4490,182526,23100,2025-03-15,Medium,Confirmed Fraud,9.7
4491,182543,14288,2025-03-02,Medium,Confirmed Fraud,23.3
4492,182615,19960,2025-09-01,Medium,Closed - No Fraud,16.4
4493,182639,21383,2026-08-06,High,Confirmed Fraud,4.2
4494,182677,32480,2025-12-14,High,Confirmed Fraud,4.6
4495,182771,6029,2025-04-04,High,Confirmed Fraud,11.8
4496,182816,33366,2025-12-17,Medium,False Positive,23.2
4497,182825,41807,2025-04-22,High,Closed - No Fraud,13.4
4498,182834,12595,2025-04-27,High,Confirmed Fraud,8.3
4499,182841,22018,2025-03-27,High,Confirmed Fraud,19.6
4500,182933,28055,2026-08-02,Medium,False Positive,24.1
4501,182963,21375,2025-02-12,High,False Positive,8.0
4502,182974,26230,2025-09-04,Medium,Closed - No Fraud,12.7
4503,183011,14062,2026-10-30,High,Confirmed Fraud,18.7
4504,183012,36299,2025-12-16,Critical,False Positive,6.9
4505,183021,25683,2025-01-02,Critical,False Positive,7.7
4506,183059,11350,2025-07-22,Medium,Confirmed Fraud,1.7
4507,183080,48696,2025-06-01,Medium,Confirmed Fraud,20.4
4508,183231,10897,2025-07-17,Medium,False Positive,9.4
4509,183246,1623,2025-09-06,Low,Confirmed Fraud,8.7
4510,183251,43184,2025-09-01,High,Confirmed Fraud,22.3
4511,183314,41397,2026-11-12,High,False Positive,31.8
4512,183338,44784,2025-03-28,Critical,Confirmed Fraud,54.5
4513,183367,15726,2026-02-06,High,Confirmed Fraud,6.1
4514,183438,2509,2026-08-08,Medium,Confirmed Fraud,11.5
4515,183488,24688,2025-04-18,High,Confirmed Fraud,5.0
4516,183526,30518,2025-03-02,Medium,Confirmed Fraud,10.8
4517,183542,34601,2025-05-28,High,Closed - No Fraud,11.3
4518,183567,39968,2025-07-07,Low,False Positive,1.8
4519,183593,14021,2026-08-30,High,Confirmed Fraud,13.2
4520,183594,43294,2026-03-29,Medium,Confirmed Fraud,15.9
4521,183622,46662,2026-08-29,High,Confirmed Fraud,5.8
4522,183630,25303,2025-12-13,Medium,False Positive,6.0
4523,183636,10303,2025-10-31,High,Confirmed Fraud,11.2
4524,183758,7330,2026-04-06,Critical,Confirmed Fraud,6.5
4525,183765,6035,2026-07-04,High,Confirmed Fraud,6.1
4526,183801,31570,2026-08-23,High,Closed - No Fraud,6.3
4527,183839,43563,2026-12-30,Medium,Confirmed Fraud,18.5
4528,183897,1970,2026-04-17,High,Confirmed Fraud,5.0
4529,183971,20378,2025-01-30,High,Confirmed Fraud,26.9
4530,184084,35026,2026-10-21,Medium,Confirmed Fraud,24.6
4531,184105,29173,2026-12-21,Medium,Confirmed Fraud,13.6
4532,184166,21482,2026-11-14,High,False Positive,1.8
4533,184178,38393,2025-01-05,High,Confirmed Fraud,22.7
4534,184358,30682,2025-11-20,High,Confirmed Fraud,4.1
4535,184364,10601,2025-07-07,High,Under Review,14.6
4536,184373,42031,2025-07-18,Critical,Confirmed Fraud,18.0
4537,184389,2520,2025-05-14,Critical,Confirmed Fraud,12.6
4538,184468,1930,2025-06-27,Medium,Confirmed Fraud,7.5
4539,184557,22224,2025-12-18,High,Confirmed Fraud,19.3
4540,184626,3991,2026-12-02,Critical,Confirmed Fraud,16.4
4541,184723,6156,2025-08-02,Critical,Confirmed Fraud,21.6
4542,184748,41834,2025-04-29,Low,Confirmed Fraud,4.0
4543,184807,39299,2026-06-15,High,Confirmed Fraud,8.4
4544,184844,279,2025-11-24,High,Closed - No Fraud,7.8
4545,184926,8337,2025-04-05,Critical,Confirmed Fraud,13.3
4546,185042,13266,2025-07-01,Critical,Confirmed Fraud,14.6
4547,185069,40152,2025-05-10,Medium,Confirmed Fraud,3.4
4548,185080,7179,2025-10-18,Critical,Confirmed Fraud,14.4
4549,185085,15379,2025-07-21,Medium,Confirmed Fraud,12.0
4550,185128,24065,2026-10-12,High,Under Review,6.1
4551,185214,26983,2026-03-19,High,False Positive,7.0
4552,185263,49690,2025-09-22,Low,Closed - No Fraud,2.4
4553,185308,46985,2026-09-17,Low,Confirmed Fraud,100.1
4554,185313,3949,2025-05-29,High,Confirmed Fraud,29.8
4555,185315,38185,2025-07-19,High,False Positive,4.8
4556,185320,27023,2025-01-22,Critical,False Positive,55.6
4557,185327,21122,2026-03-26,Medium,Confirmed Fraud,31.1
4558,185459,34608,2025-09-06,High,Confirmed Fraud,14.5
4559,185576,40948,2025-01-22,Medium,Under Review,25.0
4560,185603,9572,2025-08-10,High,Confirmed Fraud,24.9
4561,185649,16326,2025-03-18,Medium,Closed - No Fraud,15.9
4562,185650,49319,2025-10-09,High,Confirmed Fraud,2.7
4563,185754,27804,2025-04-30,Critical,Confirmed Fraud,13.7
4564,185757,2029,2026-11-12,High,Closed - No Fraud,3.7
4565,185763,26837,2025-10-03,High,False Positive,39.1
4566,185766,41044,2026-04-10,High,Confirmed Fraud,3.5
4567,185772,35101,2025-03-08,High,Confirmed Fraud,62.8
4568,185778,35018,2025-01-28,High,Confirmed Fraud,2.9
4569,185846,16224,2025-03-28,High,Confirmed Fraud,11.3
4570,185877,20580,2026-05-24,Medium,Confirmed Fraud,20.2
4571,185890,14191,2026-05-26,Medium,Closed - No Fraud,9.8
4572,185904,6879,2026-02-02,Critical,Confirmed Fraud,4.3
4573,185938,31408,2026-06-21,Low,Confirmed Fraud,43.9
4574,185982,46152,2025-09-18,Low,Confirmed Fraud,6.7
4575,186022,31005,2026-03-07,High,Confirmed Fraud,4.6
4576,186097,27219,2026-12-08,High,Confirmed Fraud,14.0
4577,186143,34535,2026-06-28,Medium,Confirmed Fraud,9.9
4578,186173,9520,2025-04-12,Low,Confirmed Fraud,47.2
4579,186226,40813,2025-12-12,High,Confirmed Fraud,12.3
4580,186248,23050,2025-08-28,Medium,Confirmed Fraud,65.6
4581,186309,39839,2026-10-20,High,Under Review,2.9
4582,186381,27866,2026-06-01,Medium,Confirmed Fraud,6.1
4583,186435,32826,2025-03-07,Medium,Confirmed Fraud,12.7
4584,186544,38563,2025-01-11,High,Confirmed Fraud,33.4
4585,186546,15976,2026-01-28,Medium,Confirmed Fraud,11.2
4586,186553,6947,2026-06-27,Medium,False Positive,9.7
4587,186597,39602,2025-01-03,Medium,Closed - No Fraud,11.9
4588,186642,24531,2026-06-25,Medium,Confirmed Fraud,9.1
4589,186678,27734,2025-07-01,High,Confirmed Fraud,8.4
4590,186679,9842,2026-10-27,High,Under Review,13.6
4591,186704,3176,2025-02-09,Critical,Confirmed Fraud,11.6
4592,186706,37376,2026-02-23,Critical,False Positive,9.3
4593,186755,14925,2025-01-11,High,Confirmed Fraud,4.9
4594,186861,776,2025-02-06,Critical,Confirmed Fraud,6.5
4595,186896,13540,2025-03-20,Medium,False Positive,11.4
4596,186921,16662,2026-11-19,High,Confirmed Fraud,5.3
4597,186932,11302,2025-08-11,High,Confirmed Fraud,5.0
4598,186942,29054,2025-06-03,High,Confirmed Fraud,21.7
4599,186952,31731,2025-10-07,Critical,Confirmed Fraud,7.5
4600,186953,33176,2025-10-17,Medium,Under Review,7.1
4601,187088,14350,2025-11-08,Critical,Confirmed Fraud,6.2
4602,187166,49435,2026-04-16,High,Confirmed Fraud,64.6
4603,187229,8616,2025-01-30,Medium,Closed - No Fraud,13.2
4604,187231,21616,2026-06-01,High,Confirmed Fraud,39.5
4605,187274,10858,2025-10-25,Medium,Confirmed Fraud,5.1
4606,187294,15422,2026-10-28,Medium,Confirmed Fraud,5.2
4607,187359,32941,2025-08-26,High,Confirmed Fraud,9.3
4608,187438,29803,2025-06-21,High,Confirmed Fraud,7.2
4609,187472,29441,2025-06-02,High,Closed - No Fraud,4.6
4610,187475,16998,2025-03-30,High,Under Review,7.5
4611,187546,25179,2025-08-05,Medium,Confirmed Fraud,3.5
4612,187577,21114,2025-12-29,Medium,Confirmed Fraud,18.9
4613,187590,47452,2026-12-03,High,Confirmed Fraud,17.1
4614,187598,14345,2026-06-25,High,Confirmed Fraud,13.1
4615,187649,16721,2025-07-16,Medium,Confirmed Fraud,16.0
4616,187671,39111,2026-12-27,High,Confirmed Fraud,2.9
4617,187680,35761,2026-04-18,High,Confirmed Fraud,5.4
4618,187725,40855,2026-05-27,Medium,Confirmed Fraud,11.7
4619,187759,33165,2025-02-10,High,Closed - No Fraud,38.2
4620,187774,772,2025-02-06,Medium,False Positive,35.0
4621,187789,35834,2026-03-03,High,Confirmed Fraud,36.9
4622,187791,48028,2025-10-17,Critical,Confirmed Fraud,19.6
4623,187794,37349,2025-05-20,Critical,Closed - No Fraud,30.0
4624,187822,17648,2025-05-04,Low,Closed - No Fraud,11.4
4625,187865,28246,2026-09-20,High,Closed - No Fraud,24.3
4626,187931,886,2025-01-17,High,Closed - No Fraud,10.3
4627,188065,4807,2025-11-29,Medium,Closed - No Fraud,7.0
4628,188076,22830,2025-10-03,Medium,Confirmed Fraud,14.1
4629,188093,23727,2025-07-08,High,Confirmed Fraud,7.9
4630,188101,18253,2025-12-30,Medium,False Positive,29.0
4631,188116,49682,2026-05-10,Medium,Closed - No Fraud,17.4
4632,188158,44075,2026-04-05,Medium,Confirmed Fraud,14.6
4633,188246,18924,2025-03-17,Medium,Confirmed Fraud,10.5
4634,188251,39709,2025-06-24,High,False Positive,2.9
4635,188308,6837,2025-07-23,High,False Positive,22.1
4636,188323,49683,2025-06-01,Medium,Confirmed Fraud,55.6
4637,188356,31315,2026-02-05,Medium,Confirmed Fraud,2.0
4638,188364,17819,2025-05-06,Low,Confirmed Fraud,67.1
4639,188382,10901,2026-07-04,Low,Confirmed Fraud,8.3
4640,188390,36328,2025-09-01,Low,Confirmed Fraud,20.7
4641,188440,33979,2026-03-04,Medium,Closed - No Fraud,15.3
4642,188446,2527,2025-02-24,High,Under Review,18.4
4643,188500,8018,2025-01-27,High,Confirmed Fraud,11.1
4644,188509,43168,2026-10-03,High,Confirmed Fraud,10.1
4645,188556,20216,2026-09-02,Medium,Confirmed Fraud,7.2
4646,188599,4718,2025-05-15,Medium,Confirmed Fraud,15.5
4647,188642,19031,2026-09-22,Critical,Confirmed Fraud,30.6
4648,188647,28806,2025-02-22,Medium,Confirmed Fraud,47.4
4649,188677,42556,2026-04-10,Medium,Confirmed Fraud,10.3
4650,188684,34587,2026-05-04,Medium,Confirmed Fraud,24.6
4651,188718,42313,2026-07-21,High,Confirmed Fraud,4.6
4652,188743,47318,2026-07-02,High,Confirmed Fraud,12.9
4653,188773,2718,2025-04-24,High,Under Review,11.6
4654,188783,27111,2025-01-08,Medium,Confirmed Fraud,23.7
4655,188800,7408,2026-10-21,Medium,Confirmed Fraud,10.1
4656,188993,47666,2025-09-14,High,Confirmed Fraud,6.7
4657,189023,16712,2025-08-30,Medium,Confirmed Fraud,4.0
4658,189075,48198,2025-06-15,High,Confirmed Fraud,4.6
4659,189100,6437,2025-12-23,Critical,Closed - No Fraud,7.5
4660,189155,40106,2025-02-24,Medium,False Positive,7.9
4661,189164,49176,2025-01-08,Medium,Confirmed Fraud,10.7
4662,189198,49407,2025-07-03,Low,Confirmed Fraud,12.4
4663,189230,13188,2025-01-16,Medium,Under Review,27.8
4664,189276,42958,2025-10-06,Critical,Confirmed Fraud,3.9
4665,189291,35673,2025-04-27,Medium,False Positive,6.3
4666,189300,550,2025-01-03,High,Confirmed Fraud,15.9
4667,189338,30204,2026-11-09,High,Closed - No Fraud,10.2
4668,189343,46418,2025-09-24,Critical,Confirmed Fraud,14.4
4669,189350,9817,2026-03-13,High,Confirmed Fraud,9.2
4670,189356,13685,2026-06-07,Medium,Confirmed Fraud,10.0
4671,189367,351,2025-01-21,High,False Positive,11.7
4672,189382,48933,2026-01-12,High,Confirmed Fraud,3.0
4673,189420,19183,2025-05-07,High,Under Review,48.5
4674,189429,31024,2026-01-12,Medium,Under Review,40.3
4675,189440,1021,2025-09-13,Low,Confirmed Fraud,12.0
4676,189495,40685,2025-02-20,High,Confirmed Fraud,8.1
4677,189527,7505,2025-07-11,Medium,Confirmed Fraud,23.9
4678,189545,14951,2026-02-28,Medium,Confirmed Fraud,10.9
4679,189548,10485,2025-10-12,Medium,Confirmed Fraud,18.9
4680,189549,2814,2025-06-29,Medium,Confirmed Fraud,16.4
4681,189571,43813,2026-06-09,High,Under Review,21.0
4682,189604,13865,2025-10-17,Low,Under Review,5.6
4683,189665,21387,2026-10-12,Low,Confirmed Fraud,22.7
4684,189695,16948,2025-09-21,Medium,Confirmed Fraud,1.6
4685,189715,27161,2026-07-19,Critical,Confirmed Fraud,4.1
4686,189797,44532,2025-11-08,High,Confirmed Fraud,6.9
4687,189823,15333,2025-03-22,Medium,Confirmed Fraud,4.8
4688,189839,48966,2025-10-17,High,Confirmed Fraud,59.5
4689,189880,43399,2025-05-09,Medium,Confirmed Fraud,2.7
4690,189905,28320,2025-10-11,Low,Confirmed Fraud,2.0
4691,190023,4227,2026-11-05,Critical,Confirmed Fraud,11.0
4692,190082,48092,2026-01-12,Low,Confirmed Fraud,5.4
4693,190120,36348,2025-05-20,High,Confirmed Fraud,11.5
4694,190159,15046,2025-04-04,Critical,False Positive,7.1
4695,190164,12667,2026-02-26,Medium,Confirmed Fraud,11.4
4696,190261,37897,2025-12-10,High,Confirmed Fraud,23.4
4697,190285,31777,2025-03-10,High,Confirmed Fraud,8.1
4698,190293,17332,2026-04-22,Critical,Confirmed Fraud,49.1
4699,190325,414,2026-01-06,High,Confirmed Fraud,25.8
4700,190399,2911,2025-10-12,Critical,Closed - No Fraud,9.8
4701,190402,12050,2025-06-01,Medium,Under Review,32.5
4702,190406,14793,2026-07-07,Critical,Confirmed Fraud,5.3
4703,190474,46361,2025-03-10,High,Confirmed Fraud,10.4
4704,190510,35110,2026-08-30,Critical,Confirmed Fraud,27.2
4705,190518,32856,2025-07-10,Medium,Confirmed Fraud,22.8
4706,190592,12310,2026-10-24,Medium,Confirmed Fraud,4.6
4707,190607,4203,2025-12-13,High,Closed - No Fraud,14.0
4708,190609,33384,2026-05-11,Critical,False Positive,11.9
4709,190666,34494,2026-02-16,Medium,Confirmed Fraud,14.7
4710,190672,32912,2025-01-10,Low,Confirmed Fraud,17.8
4711,190685,13338,2026-07-29,Medium,Confirmed Fraud,17.3
4712,190694,5963,2026-07-18,Medium,False Positive,6.5
4713,190730,23377,2025-09-30,Medium,Confirmed Fraud,19.3
4714,190732,31152,2026-03-04,Medium,Confirmed Fraud,20.6
4715,190743,14097,2026-04-08,Low,Confirmed Fraud,37.8
4716,190747,34878,2025-03-29,High,Confirmed Fraud,12.8
4717,190755,35968,2026-02-23,Critical,Confirmed Fraud,5.1
4718,190792,40266,2025-02-10,Low,Confirmed Fraud,39.0
4719,190862,35702,2026-05-16,Medium,Confirmed Fraud,16.7
4720,190932,5067,2026-01-07,High,Confirmed Fraud,8.4
4721,191036,27463,2025-05-27,High,Confirmed Fraud,15.2
4722,191050,2798,2026-03-15,Medium,Closed - No Fraud,87.5
4723,191183,25357,2025-06-15,Critical,Confirmed Fraud,55.5
4724,191204,49391,2025-10-24,High,False Positive,5.5
4725,191243,16640,2025-04-13,Low,Confirmed Fraud,5.3
4726,191252,31967,2025-05-16,Critical,Confirmed Fraud,7.5
4727,191255,33688,2025-11-23,High,Confirmed Fraud,5.5
4728,191268,48140,2026-10-01,Critical,False Positive,4.7
4729,191288,47767,2025-10-01,Medium,Confirmed Fraud,6.6
4730,191312,40213,2025-06-06,High,Under Review,31.8
4731,191323,15213,2025-12-01,High,Under Review,6.1
4732,191413,45611,2026-07-18,Medium,Confirmed Fraud,5.0
4733,191455,8923,2025-08-02,Medium,Confirmed Fraud,5.3
4734,191460,17239,2025-07-19,Medium,Confirmed Fraud,31.5
4735,191494,11148,2025-09-14,Medium,Closed - No Fraud,34.8
4736,191592,49831,2025-10-13,Medium,Under Review,7.6
4737,191609,39937,2025-05-05,Medium,Confirmed Fraud,2.8
4738,191627,39330,2025-01-12,High,Confirmed Fraud,12.7
4739,191714,24960,2026-08-01,Medium,Confirmed Fraud,10.6
4740,191779,3519,2026-08-28,High,False Positive,12.1
4741,191798,15426,2025-04-16,Medium,Confirmed Fraud,5.4
4742,191925,41094,2025-12-09,Medium,Closed - No Fraud,8.4
4743,191970,49345,2026-11-20,Medium,Under Review,4.5
4744,192078,17666,2026-10-23,High,Confirmed Fraud,17.7
4745,192128,18365,2025-02-13,High,Confirmed Fraud,12.6
4746,192248,6301,2026-06-16,Critical,Closed - No Fraud,36.7
4747,192256,41509,2025-02-28,Medium,Closed - No Fraud,7.1
4748,192518,22754,2026-03-03,Low,False Positive,17.1
4749,192527,35522,2026-11-11,High,Under Review,7.3
4750,192573,48664,2025-01-09,Medium,False Positive,53.9
4751,192601,25627,2025-10-11,Medium,Confirmed Fraud,22.5
4752,192611,36662,2025-06-02,High,Confirmed Fraud,8.2
4753,192612,28171,2026-05-12,Low,Confirmed Fraud,3.7
4754,192665,32099,2025-03-18,Medium,False Positive,9.0
4755,192839,15133,2025-09-17,High,Confirmed Fraud,74.5
4756,192849,27449,2025-07-03,Critical,Closed - No Fraud,19.5
4757,192865,23480,2026-04-24,High,Confirmed Fraud,15.8
4758,192933,24673,2025-06-30,Medium,Confirmed Fraud,8.5
4759,192940,7562,2025-01-30,High,Confirmed Fraud,4.9
4760,192999,32596,2025-07-29,Medium,Confirmed Fraud,12.1
4761,193065,20072,2025-04-01,Medium,Confirmed Fraud,9.2
4762,193079,37564,2025-07-30,Medium,Confirmed Fraud,17.6
4763,193106,17857,2026-07-05,Medium,Confirmed Fraud,7.5
4764,193125,31240,2025-04-26,High,Confirmed Fraud,5.4
4765,193160,49076,2025-09-28,High,Confirmed Fraud,4.1
4766,193181,14319,2026-10-16,High,Confirmed Fraud,17.4
4767,193224,46103,2026-09-14,High,False Positive,7.3
4768,193312,20168,2025-10-07,High,Confirmed Fraud,16.4
4769,193360,3849,2025-06-08,Low,Closed - No Fraud,14.8
4770,193432,34035,2025-09-20,Medium,Confirmed Fraud,21.1
4771,193437,35253,2025-10-25,Medium,Confirmed Fraud,18.4
4772,193488,32889,2026-12-20,Low,False Positive,5.2
4773,193521,30650,2025-08-02,Low,False Positive,10.4
4774,193526,22898,2025-04-12,Medium,Under Review,13.6
4775,193529,12760,2026-07-30,Medium,Confirmed Fraud,4.7
4776,193571,33496,2025-09-27,Medium,Confirmed Fraud,16.0
4777,193615,3742,2025-11-10,Medium,Confirmed Fraud,20.9
4778,193645,27488,2025-11-24,Medium,Confirmed Fraud,14.2
4779,193770,36766,2026-07-17,Medium,Closed - No Fraud,30.1
4780,193800,26434,2025-05-22,Medium,Confirmed Fraud,11.8
4781,193831,40144,2026-07-25,Critical,False Positive,50.5
4782,193840,5122,2026-09-15,Medium,Confirmed Fraud,5.1
4783,193855,23194,2026-08-08,Medium,Closed - No Fraud,21.9
4784,193905,41215,2025-11-21,High,Confirmed Fraud,6.7
4785,193919,27191,2025-11-14,High,Confirmed Fraud,10.8
4786,193952,24164,2025-08-05,High,Confirmed Fraud,4.7
4787,194019,25801,2025-08-19,Medium,Confirmed Fraud,5.1
4788,194133,39882,2025-02-06,High,Confirmed Fraud,8.1
4789,194146,5976,2025-03-05,Medium,Confirmed Fraud,6.1
4790,194174,49957,2025-01-12,Low,Confirmed Fraud,8.9
4791,194198,17263,2025-01-09,High,Confirmed Fraud,5.2
4792,194232,2121,2025-04-11,Low,Confirmed Fraud,5.6
4793,194291,13157,2026-03-21,Medium,Confirmed Fraud,11.1
4794,194292,27600,2025-04-27,Critical,Confirmed Fraud,28.5
4795,194333,42364,2025-01-01,Medium,Confirmed Fraud,32.2
4796,194336,46535,2026-12-21,High,Confirmed Fraud,8.3
4797,194339,22657,2025-05-12,Medium,Confirmed Fraud,4.7
4798,194349,8073,2025-08-23,Critical,Confirmed Fraud,18.2
4799,194355,15475,2025-06-13,Medium,Confirmed Fraud,30.5
4800,194397,31217,2025-12-23,High,Under Review,12.6
4801,194415,11009,2025-12-21,Low,Confirmed Fraud,25.1
4802,194468,40499,2025-07-02,Low,Confirmed Fraud,15.3
4803,194492,34863,2026-11-11,Medium,Confirmed Fraud,27.2
4804,194549,7108,2026-10-08,High,Confirmed Fraud,6.7
4805,194559,830,2025-03-21,Medium,Confirmed Fraud,8.7
4806,194623,33202,2025-07-21,Medium,Confirmed Fraud,4.3
4807,194639,3723,2025-04-04,Medium,Confirmed Fraud,19.8
4808,194640,16312,2025-08-11,Low,Confirmed Fraud,12.0
4809,194646,9674,2025-03-14,High,Confirmed Fraud,3.0
4810,194652,19875,2026-12-22,Medium,Confirmed Fraud,2.5
4811,194714,23000,2025-03-22,Medium,Confirmed Fraud,8.6
4812,194718,38353,2026-06-30,Medium,False Positive,11.6
4813,194758,20967,2026-05-20,High,Confirmed Fraud,29.3
4814,194763,24950,2025-02-07,Critical,Confirmed Fraud,8.9
4815,194789,22623,2025-11-11,Medium,Confirmed Fraud,7.0
4816,194865,39746,2025-12-02,High,Confirmed Fraud,16.3
4817,194890,19469,2025-12-08,Critical,Confirmed Fraud,15.0
4818,194958,40218,2025-07-25,Medium,Confirmed Fraud,1.7
4819,194991,7573,2025-06-24,Medium,Confirmed Fraud,19.3
4820,195004,25686,2025-06-30,High,Confirmed Fraud,4.2
4821,195063,7668,2025-08-04,High,Confirmed Fraud,8.9
4822,195070,6745,2025-03-21,High,Confirmed Fraud,2.4
4823,195079,30125,2026-11-09,Medium,Confirmed Fraud,15.5
4824,195118,36416,2026-05-06,Medium,Closed - No Fraud,6.4
4825,195185,14199,2026-06-23,Critical,Confirmed Fraud,8.4
4826,195243,19041,2025-01-17,High,Closed - No Fraud,35.1
4827,195257,8573,2026-10-01,Medium,Confirmed Fraud,21.2
4828,195284,35068,2026-05-14,High,Closed - No Fraud,10.2
4829,195285,16761,2025-03-09,Low,Confirmed Fraud,14.1
4830,195302,7835,2025-12-09,Low,Confirmed Fraud,6.4
4831,195315,6254,2025-02-01,Medium,Confirmed Fraud,4.8
4832,195322,45522,2025-01-23,Critical,Confirmed Fraud,12.9
4833,195435,6916,2025-06-20,Medium,Confirmed Fraud,13.9
4834,195462,18554,2025-06-17,High,False Positive,8.6
4835,195468,42391,2025-02-02,Medium,Closed - No Fraud,2.8
4836,195520,8004,2026-05-31,Medium,Confirmed Fraud,15.0
4837,195532,4321,2025-03-08,Low,Confirmed Fraud,3.5
4838,195641,23448,2025-08-07,Medium,Confirmed Fraud,18.6
4839,195642,35649,2025-06-30,Critical,Confirmed Fraud,9.0
4840,195662,48104,2026-02-15,High,Confirmed Fraud,6.3
4841,195694,23920,2026-12-31,Medium,Confirmed Fraud,27.8
4842,195697,12173,2025-11-09,High,Confirmed Fraud,5.2
4843,195709,43608,2026-10-17,Low,Confirmed Fraud,13.5
4844,195755,26587,2026-01-25,Low,False Positive,15.3
4845,195793,25666,2026-12-16,Medium,Confirmed Fraud,15.5
4846,195809,2563,2025-10-23,Critical,Confirmed Fraud,56.9
4847,195818,27998,2026-07-21,Low,Confirmed Fraud,22.5
4848,195929,15264,2025-10-26,High,Closed - No Fraud,5.7
4849,195979,18627,2026-05-06,High,False Positive,7.9
4850,195995,34376,2026-09-15,Medium,Confirmed Fraud,5.9
4851,196030,23060,2026-06-16,High,Confirmed Fraud,13.9
4852,196077,41428,2026-08-04,Medium,Confirmed Fraud,8.1
4853,196091,7909,2026-04-09,Medium,Confirmed Fraud,20.6
4854,196130,4334,2025-09-18,Medium,Under Review,10.7
4855,196263,45781,2025-11-23,Medium,Confirmed Fraud,10.4
4856,196272,31615,2026-10-13,Medium,False Positive,20.1
4857,196300,289,2026-03-17,Critical,Confirmed Fraud,16.0
4858,196316,22560,2026-07-29,High,Closed - No Fraud,33.5
4859,196328,48175,2025-08-07,High,Confirmed Fraud,12.1
4860,196399,27577,2025-07-18,High,Confirmed Fraud,5.4
4861,196419,41986,2026-09-09,High,Closed - No Fraud,5.2
4862,196464,16996,2025-11-16,Critical,Closed - No Fraud,27.8
4863,196471,40368,2026-03-22,High,Under Review,9.2
4864,196528,20477,2026-12-05,Medium,Closed - No Fraud,27.3
4865,196542,4363,2025-08-06,Critical,Confirmed Fraud,10.7
4866,196642,10890,2025-07-02,Medium,Confirmed Fraud,6.2
4867,196705,34724,2025-04-27,High,Confirmed Fraud,10.3
4868,196732,3463,2025-02-04,Medium,False Positive,11.3
4869,196798,48334,2025-10-07,Medium,Closed - No Fraud,11.0
4870,196799,38913,2026-03-15,High,Confirmed Fraud,96.8
4871,196828,47291,2026-07-25,High,Under Review,14.5
4872,196867,34564,2026-09-16,High,Confirmed Fraud,6.3
4873,196871,8555,2025-03-30,Medium,Confirmed Fraud,9.5
4874,196880,12099,2025-05-28,High,Confirmed Fraud,13.0
4875,196904,16353,2025-02-26,High,False Positive,24.5
4876,196939,23257,2025-11-02,High,Closed - No Fraud,6.6
4877,196954,38461,2026-09-20,High,Confirmed Fraud,13.7
4878,196971,9778,2026-06-28,High,False Positive,12.4
4879,197025,12534,2026-01-07,Critical,Under Review,12.8
4880,197026,45726,2025-06-20,Medium,Confirmed Fraud,50.1
4881,197047,590,2025-04-13,High,Confirmed Fraud,6.7
4882,197172,41044,2026-04-22,Medium,Closed - No Fraud,13.3
4883,197178,21564,2025-06-09,High,Confirmed Fraud,17.5
4884,197244,14275,2025-11-13,Critical,Confirmed Fraud,2.8
4885,197273,31793,2026-01-25,High,Closed - No Fraud,10.4
4886,197281,38525,2025-05-10,High,Confirmed Fraud,24.6
4887,197310,30854,2025-08-23,High,Confirmed Fraud,12.6
4888,197328,14599,2026-05-09,Medium,Closed - No Fraud,8.0
4889,197395,3456,2026-09-20,Medium,Closed - No Fraud,3.6
4890,197416,3817,2025-03-12,Medium,Confirmed Fraud,32.7
4891,197508,48078,2026-07-27,Medium,Confirmed Fraud,48.0
4892,197559,21543,2025-05-10,High,Confirmed Fraud,25.3
4893,197569,30414,2025-10-24,Medium,Confirmed Fraud,39.7
4894,197586,42345,2026-03-09,High,Confirmed Fraud,25.9
4895,197612,36884,2025-11-15,Medium,Confirmed Fraud,4.1
4896,197625,31438,2025-05-28,Medium,Confirmed Fraud,14.6
4897,197639,15133,2026-07-02,High,Confirmed Fraud,6.0
4898,197708,26625,2026-10-04,Medium,Confirmed Fraud,4.3
4899,197716,13889,2025-06-24,Medium,Confirmed Fraud,24.1
4900,197718,13035,2025-01-16,Critical,Confirmed Fraud,5.6
4901,197777,31121,2026-06-13,High,Confirmed Fraud,5.5
4902,197798,49931,2026-04-06,Critical,Confirmed Fraud,4.9
4903,197831,12765,2026-05-30,High,Confirmed Fraud,7.9
4904,197866,5979,2026-02-10,High,Closed - No Fraud,39.4
4905,197921,42391,2025-01-29,Medium,Confirmed Fraud,5.0
4906,198077,3171,2026-09-28,High,Confirmed Fraud,19.6
4907,198095,11191,2026-11-22,High,Confirmed Fraud,13.5
4908,198213,10883,2026-02-05,Low,Confirmed Fraud,64.9
4909,198215,772,2025-07-16,Medium,False Positive,5.6
4910,198258,46842,2025-07-03,Medium,Under Review,32.4
4911,198359,12813,2025-01-04,High,False Positive,4.5
4912,198390,15654,2026-07-12,Critical,Confirmed Fraud,11.7
4913,198556,39581,2026-10-29,High,Confirmed Fraud,3.7
4914,198564,23141,2025-02-13,Low,Confirmed Fraud,14.7
4915,198638,47632,2025-02-28,Medium,Confirmed Fraud,4.8
4916,198739,22358,2026-11-26,Medium,Confirmed Fraud,29.7
4917,198743,5205,2025-01-11,Critical,Confirmed Fraud,14.3
4918,198804,17989,2026-01-28,Critical,Closed - No Fraud,19.3
4919,198904,37755,2026-12-27,Medium,Confirmed Fraud,28.5
4920,198941,45957,2026-06-11,Medium,False Positive,16.2
4921,198971,39872,2026-10-01,Medium,Confirmed Fraud,30.8
4922,199047,33185,2025-03-30,Medium,Confirmed Fraud,9.7
4923,199056,8835,2026-09-22,Medium,Closed - No Fraud,2.0
4924,199122,37302,2026-11-08,Low,Confirmed Fraud,4.8
4925,199127,27056,2025-01-22,Medium,Confirmed Fraud,9.9
4926,199175,47136,2025-03-12,High,Confirmed Fraud,5.3
4927,199212,25459,2026-01-23,High,Closed - No Fraud,30.1
4928,199238,14133,2026-02-11,Medium,Confirmed Fraud,15.6
4929,199273,34895,2026-10-25,Medium,Closed - No Fraud,5.2
4930,199281,37013,2025-04-14,Low,Confirmed Fraud,28.7
4931,199330,10974,2025-08-18,Medium,Confirmed Fraud,12.1
4932,199342,40856,2026-05-18,Medium,Confirmed Fraud,30.1
4933,199350,28315,2025-12-10,High,Confirmed Fraud,27.1
4934,199363,21980,2026-01-27,Medium,Confirmed Fraud,2.8
4935,199379,35326,2025-10-13,High,Confirmed Fraud,25.8
4936,199391,11453,2025-01-11,Medium,Closed - No Fraud,8.0
4937,199506,14008,2026-01-01,High,Confirmed Fraud,5.5
4938,199540,45863,2025-11-04,Critical,Under Review,34.8
4939,199551,36950,2026-04-18,Medium,Confirmed Fraud,24.3
4940,199554,15692,2025-01-10,High,Confirmed Fraud,21.3
4941,199662,41639,2025-07-19,High,Confirmed Fraud,29.9
4942,199694,6193,2026-08-27,High,Confirmed Fraud,45.9
4943,199730,46655,2026-01-11,Low,Closed - No Fraud,14.8
4944,199740,34193,2025-08-07,Medium,Confirmed Fraud,12.4
4945,199754,21674,2025-08-14,High,False Positive,7.7
4946,199767,42347,2025-06-04,High,Confirmed Fraud,28.5
4947,199778,44073,2025-05-01,Medium,Confirmed Fraud,27.8
4948,199800,16645,2026-04-25,Medium,Confirmed Fraud,2.7
4949,199805,21263,2026-02-16,Low,Confirmed Fraud,40.2
4950,199827,44961,2025-07-15,High,Confirmed Fraud,16.7
4951,199866,41087,2025-01-25,Medium,Under Review,5.8
4952,199965,10283,2025-08-21,Medium,Confirmed Fraud,31.7
4953,200016,21067,2026-07-22,Medium,Confirmed Fraud,4.1
4954,200041,31036,2026-08-19,Critical,Confirmed Fraud,21.7
4955,200053,130,2026-01-06,Critical,Confirmed Fraud,98.1
4956,200063,41923,2025-07-04,Medium,Confirmed Fraud,9.7
4957,200118,47055,2025-04-06,High,False Positive,22.0
4958,200138,9251,2026-10-20,High,Confirmed Fraud,5.3
4959,200156,6706,2026-04-23,High,Confirmed Fraud,2.2
4960,200180,9651,2025-09-30,Critical,Confirmed Fraud,2.2
4961,200189,9771,2025-04-20,High,Under Review,11.6
4962,200278,13586,2025-01-04,Low,Confirmed Fraud,9.9
4963,200345,45337,2025-05-10,Medium,Confirmed Fraud,5.7
4964,200403,27920,2025-12-02,Low,Confirmed Fraud,10.1
4965,200480,12129,2025-12-31,High,Confirmed Fraud,21.8
4966,200509,42541,2025-10-21,Low,Closed - No Fraud,38.7
4967,200512,48448,2026-08-25,High,Confirmed Fraud,7.8
4968,200531,29268,2025-01-17,High,False Positive,9.1
4969,200545,7288,2026-03-28,Critical,Confirmed Fraud,2.9
4970,200569,6266,2026-09-20,Low,Under Review,4.9
4971,200596,32124,2026-04-30,High,Confirmed Fraud,136.7
4972,200653,25365,2025-12-16,Medium,Confirmed Fraud,13.3
4973,200659,25406,2026-09-03,Low,Confirmed Fraud,8.8
4974,200667,17291,2025-09-03,Low,Confirmed Fraud,3.4
4975,200752,46924,2025-08-03,High,Closed - No Fraud,17.6
4976,200887,4510,2025-05-30,High,Confirmed Fraud,38.5
4977,200930,5210,2025-08-11,Medium,Closed - No Fraud,6.0
4978,200965,14668,2026-03-30,Medium,Closed - No Fraud,2.4
4979,200968,38768,2025-05-17,Low,Closed - No Fraud,5.2
4980,200972,31994,2025-01-29,Low,Confirmed Fraud,9.5
4981,201022,25700,2025-12-01,High,Closed - No Fraud,19.1
4982,201032,28527,2025-10-05,Medium,Confirmed Fraud,22.3
4983,201071,42105,2026-06-10,Critical,Confirmed Fraud,5.3
4984,201145,5513,2026-02-11,High,Confirmed Fraud,27.6
4985,201153,18536,2026-11-04,High,Confirmed Fraud,5.8
4986,201158,552,2025-03-15,Medium,Under Review,12.4
4987,201188,49596,2026-11-09,High,Confirmed Fraud,19.1
4988,201290,1516,2025-05-05,Medium,Closed - No Fraud,30.6
4989,201314,36120,2025-02-03,Low,Confirmed Fraud,12.3
4990,201341,36510,2025-04-01,Medium,Confirmed Fraud,26.3
4991,201359,3542,2025-04-15,High,Confirmed Fraud,41.4
4992,201459,43550,2025-04-26,Medium,False Positive,22.7
4993,201464,43169,2026-06-11,High,Confirmed Fraud,7.4
4994,201467,43151,2025-06-22,Medium,Confirmed Fraud,8.5
4995,201479,39244,2025-05-11,Low,Confirmed Fraud,4.5
4996,201487,8738,2026-04-21,High,Closed - No Fraud,5.3
4997,201494,880,2025-04-14,Medium,False Positive,30.5
4998,201511,12045,2025-07-04,Medium,Under Review,23.4
4999,201551,32127,2026-02-28,Medium,Confirmed Fraud,4.3
5000,201587,26609,2025-03-09,Critical,Confirmed Fraud,2.8
5001,201606,12098,2026-09-10,Critical,Under Review,7.0
5002,201627,21502,2026-10-09,High,Confirmed Fraud,3.7
5003,201640,24143,2026-01-17,High,False Positive,12.3
5004,201644,23932,2026-11-27,Medium,Confirmed Fraud,6.3
5005,201652,35524,2025-01-25,Critical,Confirmed Fraud,13.7
5006,201662,34936,2025-05-04,Critical,Closed - No Fraud,13.2
5007,201699,35820,2026-08-12,High,Confirmed Fraud,2.4
5008,201700,43533,2026-08-08,Critical,Confirmed Fraud,46.6
5009,201725,21168,2026-01-17,Medium,Under Review,5.8
5010,201736,9845,2025-11-15,High,Confirmed Fraud,15.5
5011,201764,5843,2026-06-27,Medium,Confirmed Fraud,24.5
5012,201766,8072,2025-04-24,Medium,Closed - No Fraud,2.7
5013,201769,47731,2025-08-29,Medium,Confirmed Fraud,13.3
5014,201785,49969,2025-01-16,Low,Closed - No Fraud,9.5
5015,201857,47734,2025-10-30,High,Confirmed Fraud,9.2
5016,201916,6469,2026-12-29,Medium,Closed - No Fraud,10.2
5017,201929,6071,2025-02-05,Low,Confirmed Fraud,35.7
5018,201975,13536,2025-10-17,Medium,Closed - No Fraud,24.3
5019,202101,14701,2025-07-31,Medium,Confirmed Fraud,6.1
5020,202135,14860,2025-09-30,High,Confirmed Fraud,19.4
5021,202207,27566,2026-04-09,High,Confirmed Fraud,8.8
5022,202288,43515,2026-03-04,Critical,Closed - No Fraud,2.2
5023,202313,10377,2025-03-11,Medium,Closed - No Fraud,20.7
5024,202314,19018,2026-02-04,High,Confirmed Fraud,3.5
5025,202364,25129,2025-04-10,Medium,Confirmed Fraud,21.4
5026,202400,336,2025-09-11,High,Confirmed Fraud,6.0
5027,202474,45710,2026-09-17,Medium,Closed - No Fraud,5.8
5028,202539,43195,2025-07-18,Low,Closed - No Fraud,2.9
5029,202569,43450,2026-06-01,High,Confirmed Fraud,4.6
5030,202609,15579,2025-05-20,Critical,Confirmed Fraud,12.6
5031,202634,45499,2025-04-22,Medium,Closed - No Fraud,7.4
5032,202709,6095,2026-03-02,Medium,Under Review,76.5
5033,202714,43555,2025-06-21,High,Confirmed Fraud,14.4
5034,202726,26244,2026-09-17,Medium,Confirmed Fraud,40.3
5035,202760,3379,2025-08-31,Medium,Confirmed Fraud,4.1
5036,202871,31182,2025-06-01,High,False Positive,13.2
5037,202892,4782,2026-10-01,Medium,Confirmed Fraud,16.2
5038,202894,26375,2025-04-20,Critical,Closed - No Fraud,10.8
5039,202955,5209,2026-08-20,High,Confirmed Fraud,5.5
5040,202966,46219,2025-06-04,High,Confirmed Fraud,4.0
5041,202981,49776,2025-11-25,Medium,Confirmed Fraud,19.7
5042,203031,11100,2025-04-25,High,Confirmed Fraud,1.7
5043,203079,1567,2025-05-27,Medium,Confirmed Fraud,8.6
5044,203189,8526,2025-04-27,High,Confirmed Fraud,4.5
5045,203207,23017,2025-05-23,Critical,False Positive,16.1
5046,203228,49896,2025-09-04,High,Closed - No Fraud,2.2
5047,203244,17118,2026-11-17,Critical,False Positive,4.5
5048,203248,42356,2025-06-29,High,Confirmed Fraud,4.5
5049,203256,5146,2025-09-15,Critical,Confirmed Fraud,15.0
5050,203278,37536,2025-07-03,Critical,False Positive,46.5
5051,203310,20185,2026-04-09,High,Confirmed Fraud,6.6
5052,203416,42343,2025-12-03,Low,Closed - No Fraud,19.2
5053,203419,48710,2025-02-02,High,Confirmed Fraud,17.0
5054,203477,42932,2026-12-12,High,Confirmed Fraud,11.5
5055,203545,2627,2025-02-12,Critical,Closed - No Fraud,10.4
5056,203601,8180,2025-04-23,Medium,Confirmed Fraud,11.0
5057,203670,15557,2026-10-27,High,Confirmed Fraud,16.0
5058,203706,32532,2026-04-08,High,False Positive,9.6
5059,203735,10428,2025-07-31,High,Confirmed Fraud,11.5
5060,203766,6786,2025-01-20,High,Confirmed Fraud,15.2
5061,203824,46734,2025-12-13,Critical,Confirmed Fraud,37.8
5062,203842,17364,2025-02-07,Medium,Confirmed Fraud,9.5
5063,203894,12718,2025-07-29,High,Confirmed Fraud,21.2
5064,203914,9064,2026-04-03,Low,Confirmed Fraud,26.5
5065,204059,39871,2025-08-06,Low,Confirmed Fraud,10.8
5066,204144,24262,2025-12-02,High,Closed - No Fraud,3.4
5067,204290,10363,2026-10-17,High,Confirmed Fraud,33.4
5068,204311,2874,2026-07-18,Medium,Closed - No Fraud,22.5
5069,204342,33582,2026-12-07,Critical,Confirmed Fraud,6.3
5070,204350,15154,2025-10-28,High,Confirmed Fraud,35.8
5071,204439,25522,2025-01-24,High,Confirmed Fraud,3.7
5072,204463,19442,2025-09-01,Critical,Confirmed Fraud,7.0
5073,204509,44837,2025-10-05,High,Confirmed Fraud,33.1
5074,204529,24753,2026-05-22,Critical,Confirmed Fraud,3.1
5075,204531,29129,2026-08-26,Critical,Confirmed Fraud,7.8
5076,204596,31412,2026-05-23,High,Confirmed Fraud,18.7
5077,204622,34665,2025-02-22,Low,False Positive,67.8
5078,204665,28724,2026-03-13,Medium,Confirmed Fraud,10.3
5079,204706,44157,2026-02-16,Low,Under Review,13.3
5080,204719,14418,2026-11-20,High,Confirmed Fraud,28.8
5081,204731,49661,2025-05-14,High,Confirmed Fraud,6.2
5082,204751,42661,2025-08-02,Medium,Confirmed Fraud,24.2
5083,204781,45689,2025-04-13,Medium,Confirmed Fraud,8.0
5084,204805,39564,2025-06-15,High,Confirmed Fraud,29.0
5085,205028,47018,2026-06-19,High,Confirmed Fraud,3.0
5086,205077,9233,2025-12-07,Critical,Under Review,17.9
5087,205306,46305,2026-06-29,High,Confirmed Fraud,39.9
5088,205320,27083,2026-09-15,High,Confirmed Fraud,9.3
5089,205395,26935,2025-03-17,High,Confirmed Fraud,2.2
5090,205405,3330,2026-09-04,High,Confirmed Fraud,54.4
5091,205406,46841,2025-10-26,Medium,Confirmed Fraud,40.7
5092,205517,35373,2025-05-01,Critical,Confirmed Fraud,22.2
5093,205571,9052,2026-02-26,High,Confirmed Fraud,13.1
5094,205592,21467,2026-02-09,Critical,Closed - No Fraud,33.5
5095,205596,13024,2025-03-10,Medium,Confirmed Fraud,19.1
5096,205601,33620,2026-11-09,Medium,Confirmed Fraud,15.6
5097,205603,37690,2025-07-05,Low,Under Review,8.4
5098,205617,14730,2026-07-20,High,Confirmed Fraud,16.3
5099,205620,43882,2026-06-27,Critical,Closed - No Fraud,15.8
5100,205632,23430,2026-06-08,Critical,Closed - No Fraud,11.4
5101,205656,18300,2026-09-28,High,Confirmed Fraud,37.8
5102,205662,22157,2026-08-09,High,Closed - No Fraud,10.7
5103,205684,3750,2026-12-17,Medium,Confirmed Fraud,8.4
5104,205689,4133,2025-10-01,Critical,Closed - No Fraud,28.6
5105,205702,1649,2026-11-16,High,Closed - No Fraud,22.4
5106,205726,19881,2026-07-06,High,Confirmed Fraud,8.2
5107,205745,23536,2025-12-28,Low,Confirmed Fraud,6.3
5108,205773,12911,2025-04-13,High,Confirmed Fraud,26.8
5109,205817,4835,2026-06-08,High,Confirmed Fraud,18.0
5110,205855,35164,2025-07-15,Medium,Confirmed Fraud,10.3
5111,205887,25498,2025-11-02,High,Confirmed Fraud,16.8
5112,205905,42983,2025-02-11,Medium,False Positive,10.5
5113,205910,1729,2025-08-26,High,Confirmed Fraud,7.8
5114,205930,24683,2025-05-18,Low,Confirmed Fraud,60.6
5115,206146,34854,2025-09-13,High,Confirmed Fraud,20.7
5116,206257,5306,2025-10-11,Medium,Confirmed Fraud,13.7
5117,206354,35952,2026-06-18,High,Confirmed Fraud,16.7
5118,206411,15438,2025-10-06,Critical,Confirmed Fraud,11.8
5119,206460,26099,2026-10-01,High,False Positive,6.3
5120,206462,16933,2025-01-01,High,Confirmed Fraud,12.6
5121,206621,35928,2025-04-01,High,Confirmed Fraud,7.4
5122,206657,45972,2026-03-18,Low,Confirmed Fraud,15.0
5123,206877,48492,2025-03-13,Critical,Confirmed Fraud,3.6
5124,206927,39891,2026-07-20,Critical,Confirmed Fraud,6.6
5125,206943,3448,2025-01-19,Medium,False Positive,9.7
5126,206952,38569,2025-05-25,Critical,False Positive,29.8
5127,206960,24380,2025-05-16,Medium,Confirmed Fraud,7.9
5128,206963,4948,2025-02-11,High,Confirmed Fraud,2.7
5129,206982,13307,2026-04-16,Medium,Confirmed Fraud,6.8
5130,207013,15986,2025-06-22,Critical,False Positive,7.3
5131,207048,38697,2026-06-15,High,Confirmed Fraud,33.4
5132,207054,49947,2026-04-08,High,Confirmed Fraud,11.9
5133,207161,8242,2025-08-22,High,Under Review,11.7
5134,207164,25659,2025-03-23,Critical,Confirmed Fraud,9.7
5135,207240,27811,2026-08-28,Critical,Closed - No Fraud,30.1
5136,207271,37827,2025-03-22,Medium,Confirmed Fraud,9.0
5137,207302,43872,2025-08-30,Medium,Closed - No Fraud,54.4
5138,207305,34258,2025-06-17,High,Confirmed Fraud,43.3
5139,207322,37504,2025-01-18,Medium,Confirmed Fraud,11.1
5140,207324,21953,2026-12-10,Medium,Under Review,15.6
5141,207349,4199,2025-03-27,High,Closed - No Fraud,15.1
5142,207377,12031,2025-10-03,High,Closed - No Fraud,22.2
5143,207399,40152,2025-04-01,Medium,Confirmed Fraud,17.6
5144,207481,47558,2026-01-19,High,Confirmed Fraud,12.6
5145,207522,35060,2025-02-24,High,Closed - No Fraud,15.4
5146,207551,24310,2025-12-25,High,False Positive,1.6
5147,207571,10286,2026-11-07,Medium,Confirmed Fraud,12.3
5148,207688,3560,2025-01-02,High,Closed - No Fraud,7.3
5149,207702,37762,2025-10-25,Medium,False Positive,6.8
5150,207750,1762,2025-03-26,Medium,Under Review,7.4
5151,207761,46926,2025-07-13,Low,Confirmed Fraud,8.6
5152,207769,12869,2026-06-18,Medium,Closed - No Fraud,18.3
5153,207795,18773,2025-08-16,Medium,Confirmed Fraud,17.4
5154,207797,33488,2026-03-11,Low,Closed - No Fraud,44.6
5155,207829,25585,2026-06-18,Medium,Confirmed Fraud,69.9
5156,207832,44167,2026-09-02,High,Confirmed Fraud,11.0
5157,207873,7776,2025-03-18,Medium,Confirmed Fraud,6.5
5158,207878,19935,2025-02-01,Low,Confirmed Fraud,28.6
5159,207936,44888,2026-10-10,Medium,Confirmed Fraud,1.8
5160,207986,48975,2026-05-03,Low,Under Review,16.8
5161,208001,47078,2025-04-15,Medium,Under Review,3.0
5162,208011,16984,2026-03-07,High,Under Review,20.4
5163,208012,48054,2025-10-07,High,Confirmed Fraud,7.4
5164,208044,47431,2025-03-13,High,Closed - No Fraud,1.7
5165,208098,481,2025-01-16,High,Confirmed Fraud,25.5
5166,208144,31471,2025-01-14,High,Confirmed Fraud,9.4
5167,208155,44762,2025-09-09,Medium,Under Review,8.3
5168,208181,9376,2025-10-29,High,Confirmed Fraud,4.6
5169,208267,25357,2025-02-09,High,Confirmed Fraud,2.4
5170,208405,28157,2025-07-09,Medium,False Positive,27.8
5171,208448,29664,2026-06-30,Critical,Closed - No Fraud,7.2
5172,208467,16750,2026-09-15,Medium,Under Review,15.4
5173,208545,9994,2025-06-21,Low,Confirmed Fraud,28.3
5174,208549,22840,2026-09-10,High,Closed - No Fraud,19.9
5175,208627,32426,2025-04-30,High,Confirmed Fraud,28.4
5176,208639,32035,2025-04-04,Medium,False Positive,11.9
5177,208669,47018,2025-04-09,High,Confirmed Fraud,3.6
5178,208671,2454,2026-07-27,Low,Closed - No Fraud,3.4
5179,208786,41443,2025-04-25,Medium,False Positive,5.2
5180,208846,35904,2026-03-06,High,Confirmed Fraud,25.6
5181,208879,38736,2026-12-09,Medium,Confirmed Fraud,25.8
5182,208896,17657,2025-06-07,Medium,Confirmed Fraud,22.5
5183,208905,21489,2025-07-25,Medium,Confirmed Fraud,3.9
5184,208920,547,2026-06-01,High,Confirmed Fraud,13.5
5185,208966,21438,2026-07-24,High,Confirmed Fraud,7.2
5186,208973,27412,2025-08-04,Low,Closed - No Fraud,9.0
5187,208990,19945,2026-06-02,Medium,Confirmed Fraud,18.8
5188,209088,17992,2025-06-30,Low,Confirmed Fraud,81.7
5189,209089,27502,2025-07-15,Medium,Confirmed Fraud,70.6
5190,209137,33681,2025-09-28,Medium,Under Review,19.1
5191,209243,7937,2025-12-26,Low,Closed - No Fraud,6.7
5192,209265,29978,2025-08-05,High,False Positive,9.3
5193,209310,13916,2026-08-08,Critical,Confirmed Fraud,8.9
5194,209340,1425,2026-07-15,Medium,Confirmed Fraud,4.5
5195,209403,46293,2026-02-19,Medium,Closed - No Fraud,18.9
5196,209468,33951,2025-04-07,High,Confirmed Fraud,36.4
5197,209542,4438,2025-04-15,Critical,Closed - No Fraud,56.3
5198,209569,42973,2026-12-06,High,Confirmed Fraud,12.9
5199,209577,26563,2026-08-26,High,Confirmed Fraud,4.6
5200,209582,3278,2026-12-02,Low,Confirmed Fraud,14.9
5201,209630,13091,2026-07-26,Medium,Closed - No Fraud,10.9
5202,209639,15517,2026-04-18,High,Under Review,65.2
5203,209655,30077,2025-09-03,Critical,Confirmed Fraud,4.2
5204,209677,47333,2026-08-29,Critical,Confirmed Fraud,10.8
5205,209759,40885,2025-10-24,Medium,Confirmed Fraud,6.7
5206,209761,22011,2026-03-01,Medium,Confirmed Fraud,14.8
5207,209775,48796,2025-05-14,Medium,Confirmed Fraud,9.3
5208,209883,39860,2025-05-20,High,Confirmed Fraud,5.9
5209,209885,12064,2025-07-20,High,Confirmed Fraud,23.5
5210,209944,7335,2025-02-11,High,Closed - No Fraud,14.8
5211,209945,14186,2025-08-23,Medium,Confirmed Fraud,69.6
5212,210045,939,2025-04-23,Medium,Confirmed Fraud,9.1
5213,210050,10035,2025-01-18,High,Closed - No Fraud,7.9
5214,210054,38199,2025-01-27,High,Confirmed Fraud,1.6
5215,210061,44762,2025-12-15,Medium,False Positive,7.4
5216,210127,4661,2025-03-21,Critical,Confirmed Fraud,17.4
5217,210149,34123,2025-01-23,High,Confirmed Fraud,10.4
5218,210220,40549,2026-08-20,Medium,Confirmed Fraud,15.5
5219,210223,35984,2026-06-09,Medium,Confirmed Fraud,6.0
5220,210238,7836,2025-09-02,Medium,Confirmed Fraud,5.7
5221,210294,5677,2026-09-01,Critical,Confirmed Fraud,16.8
5222,210301,37068,2026-04-18,High,Confirmed Fraud,15.6
5223,210305,10903,2025-05-07,Medium,Confirmed Fraud,8.0
5224,210322,29111,2026-07-05,Medium,Confirmed Fraud,22.5
5225,210412,1709,2025-09-28,High,False Positive,5.7
5226,210438,36799,2025-01-25,Critical,Confirmed Fraud,3.3
5227,210453,38240,2025-11-15,Critical,Closed - No Fraud,10.4
5228,210496,41559,2025-01-07,High,Confirmed Fraud,9.6
5229,210515,13559,2025-12-03,High,Confirmed Fraud,5.0
5230,210549,29206,2026-06-20,Medium,Confirmed Fraud,8.2
5231,210562,73,2026-02-13,High,Closed - No Fraud,14.6
5232,210612,35779,2026-10-19,High,Confirmed Fraud,8.3
5233,210706,28820,2026-10-14,High,Confirmed Fraud,18.8
5234,210710,20707,2026-12-08,Medium,Confirmed Fraud,11.5
5235,210724,3918,2026-12-29,High,Confirmed Fraud,9.2
5236,210763,38165,2025-02-14,Critical,Confirmed Fraud,4.3
5237,210770,43479,2025-07-02,Critical,Confirmed Fraud,19.2
5238,210781,9304,2026-11-29,Low,Closed - No Fraud,47.3
5239,210786,49605,2026-08-02,High,Closed - No Fraud,2.5
5240,210853,40585,2025-11-16,Medium,Closed - No Fraud,16.1
5241,210857,4199,2026-06-16,Medium,Confirmed Fraud,6.8
5242,210952,44022,2025-06-12,Low,Closed - No Fraud,9.3
5243,210956,2591,2025-04-09,Medium,Confirmed Fraud,3.8
5244,211024,14793,2025-03-25,High,Confirmed Fraud,6.4
5245,211075,38152,2025-03-27,Medium,Confirmed Fraud,9.3
5246,211198,39180,2025-07-01,High,Under Review,36.9
5247,211208,36975,2025-02-11,Medium,Under Review,9.4
5248,211231,47145,2025-05-06,High,Confirmed Fraud,9.3
5249,211235,40861,2025-05-12,High,Confirmed Fraud,9.6
5250,211284,21700,2025-01-05,Medium,False Positive,7.6
5251,211352,22474,2025-11-25,Medium,Under Review,7.6
5252,211361,16908,2026-12-22,High,Confirmed Fraud,7.7
5253,211385,18012,2026-11-03,Medium,Confirmed Fraud,8.4
5254,211424,17112,2026-10-28,Medium,Confirmed Fraud,11.1
5255,211438,29904,2026-02-08,Low,Confirmed Fraud,2.7
5256,211441,14806,2026-04-19,High,Confirmed Fraud,32.2
5257,211483,16382,2026-11-06,Low,Under Review,4.9
5258,211527,10432,2026-04-16,Critical,Confirmed Fraud,27.1
5259,211587,26325,2026-01-29,High,Confirmed Fraud,1.2
5260,211647,31928,2025-09-15,High,Confirmed Fraud,18.6
5261,211678,40438,2025-06-17,High,Closed - No Fraud,5.2
5262,211679,16373,2025-07-29,Medium,Confirmed Fraud,13.2
5263,211726,34454,2025-09-23,High,Confirmed Fraud,9.8
5264,211763,25869,2025-07-28,Low,Confirmed Fraud,6.9
5265,211846,32371,2026-10-03,Medium,Under Review,9.6
5266,211876,23595,2025-01-13,High,False Positive,5.3
5267,211956,14948,2026-02-26,High,Confirmed Fraud,16.4
5268,211969,44162,2025-04-13,High,False Positive,105.0
5269,211982,36417,2026-06-13,High,Confirmed Fraud,10.9
5270,212026,20453,2025-04-06,High,Confirmed Fraud,4.7
5271,212096,26991,2025-03-29,Critical,False Positive,29.0
5272,212100,46688,2025-04-14,Low,False Positive,11.1
5273,212115,34889,2025-09-09,Medium,Confirmed Fraud,4.6
5274,212126,6202,2026-05-29,High,Confirmed Fraud,6.5
5275,212157,29878,2025-01-20,High,Confirmed Fraud,15.1
5276,212235,46050,2025-08-27,High,False Positive,56.9
5277,212308,37377,2026-10-30,High,Closed - No Fraud,3.4
5278,212397,13696,2026-12-23,Medium,Confirmed Fraud,6.1
5279,212403,31438,2026-02-04,Low,Confirmed Fraud,8.5
5280,212430,28383,2025-07-31,Medium,Closed - No Fraud,5.4
5281,212471,49542,2026-08-30,Medium,Closed - No Fraud,4.7
5282,212509,29175,2026-11-03,High,Confirmed Fraud,3.8
5283,212532,24894,2026-07-31,Medium,False Positive,7.6
5284,212551,12347,2026-05-23,High,Closed - No Fraud,4.1
5285,212553,30146,2026-11-15,High,Closed - No Fraud,41.5
5286,212602,13191,2025-12-29,High,Closed - No Fraud,22.3
5287,212699,12115,2026-04-26,Critical,Confirmed Fraud,8.2
5288,212720,23457,2026-04-05,High,Confirmed Fraud,22.1
5289,212730,17568,2025-12-13,High,Confirmed Fraud,11.4
5290,212793,38506,2025-11-03,Critical,Confirmed Fraud,16.3
5291,212801,10241,2026-09-27,High,Confirmed Fraud,50.7
5292,212816,18433,2026-07-31,Medium,Confirmed Fraud,28.6
5293,212820,24641,2025-10-19,Medium,False Positive,4.3
5294,212899,18137,2026-07-17,Critical,Confirmed Fraud,2.9
5295,212936,16456,2025-03-07,Critical,Confirmed Fraud,18.3
5296,213123,39245,2026-07-07,Medium,Confirmed Fraud,5.6
5297,213124,15142,2026-10-11,Critical,Confirmed Fraud,11.0
5298,213145,31632,2025-05-26,High,Closed - No Fraud,9.8
5299,213195,44703,2025-10-18,High,Confirmed Fraud,10.4
5300,213290,35406,2025-03-19,High,Confirmed Fraud,25.2
5301,213301,39296,2025-08-13,High,Confirmed Fraud,7.2
5302,213340,26597,2025-08-26,Medium,Confirmed Fraud,16.8
5303,213387,40356,2026-01-12,Medium,Confirmed Fraud,17.1
5304,213400,19003,2025-07-19,High,Under Review,13.2
5305,213456,31098,2026-05-31,High,Confirmed Fraud,16.8
5306,213458,34590,2026-05-05,High,Confirmed Fraud,10.3
5307,213481,40248,2026-07-08,Critical,Closed - No Fraud,22.4
5308,213502,45645,2025-11-25,High,Confirmed Fraud,5.8
5309,213506,26898,2025-03-20,Low,Confirmed Fraud,24.9
5310,213547,22443,2026-01-14,Medium,Under Review,3.4
5311,213548,41984,2025-05-10,Medium,False Positive,6.0
5312,213550,12210,2025-07-10,Medium,Confirmed Fraud,79.0
5313,213563,4238,2026-05-22,High,Confirmed Fraud,28.8
5314,213582,8730,2026-06-25,Low,Confirmed Fraud,44.3
5315,213583,31169,2026-02-28,High,Confirmed Fraud,28.2
5316,213690,32631,2025-01-04,Critical,Confirmed Fraud,25.9
5317,213745,376,2026-06-24,High,False Positive,6.6
5318,213755,21148,2025-05-27,Medium,Confirmed Fraud,22.2
5319,213835,26764,2025-07-12,High,Closed - No Fraud,41.8
5320,213863,42888,2026-03-09,Critical,Confirmed Fraud,21.0
5321,213880,46262,2025-04-07,Low,Confirmed Fraud,9.4
5322,213945,31712,2026-03-19,Medium,Confirmed Fraud,12.5
5323,213971,40770,2025-07-08,High,Confirmed Fraud,9.8
5324,214037,28503,2025-06-10,Medium,Confirmed Fraud,4.7
5325,214063,49070,2025-08-15,Low,Confirmed Fraud,13.8
5326,214069,28114,2025-07-28,High,Confirmed Fraud,7.9
5327,214072,36593,2026-07-02,Low,Closed - No Fraud,2.8
5328,214085,47502,2025-06-22,High,False Positive,6.7
5329,214115,37785,2025-10-10,High,Closed - No Fraud,5.9
5330,214141,38449,2025-12-06,Critical,Confirmed Fraud,9.3
5331,214191,34079,2025-12-29,Critical,Confirmed Fraud,13.5
5332,214192,13300,2026-08-29,Critical,Confirmed Fraud,8.3
5333,214255,42732,2025-02-05,High,Confirmed Fraud,7.4
5334,214262,17799,2025-01-30,Low,Confirmed Fraud,21.7
5335,214406,636,2026-03-09,Low,Confirmed Fraud,4.9
5336,214440,19195,2025-11-02,Low,False Positive,15.4
5337,214534,5666,2026-12-18,Critical,Confirmed Fraud,15.6
5338,214557,19814,2026-04-24,Medium,Confirmed Fraud,8.2
5339,214590,7275,2025-02-16,High,Confirmed Fraud,5.8
5340,214598,34463,2025-03-11,Low,Confirmed Fraud,7.3
5341,214618,7290,2026-03-22,High,Confirmed Fraud,7.2
5342,214626,7806,2026-10-01,High,Confirmed Fraud,5.0
5343,214628,29333,2026-04-28,High,Confirmed Fraud,4.0
5344,214635,2035,2026-02-26,Critical,Confirmed Fraud,29.1
5345,214697,8859,2025-09-11,Medium,Confirmed Fraud,15.3
5346,214709,47825,2025-03-19,Medium,Closed - No Fraud,4.0
5347,214719,45970,2025-09-26,Medium,Confirmed Fraud,61.9
5348,214763,11348,2026-07-08,Medium,Confirmed Fraud,12.3
5349,214812,21694,2025-10-11,Medium,Confirmed Fraud,25.4
5350,214842,28954,2025-11-11,Medium,Under Review,6.1
5351,214895,8800,2025-04-09,Medium,Confirmed Fraud,2.3
5352,214940,33916,2025-07-19,Medium,Under Review,2.9
5353,214979,21277,2026-12-20,Medium,False Positive,36.4
5354,214988,49211,2026-12-17,High,Closed - No Fraud,14.3
5355,215074,4908,2025-06-08,High,Confirmed Fraud,79.8
5356,215083,34724,2026-03-07,Critical,Closed - No Fraud,16.9
5357,215107,34853,2025-08-04,High,Confirmed Fraud,13.1
5358,215152,12641,2025-06-21,High,Confirmed Fraud,13.4
5359,215204,27858,2025-02-14,High,Confirmed Fraud,19.8
5360,215231,34896,2025-03-19,High,Closed - No Fraud,2.0
5361,215285,14348,2025-02-28,Medium,False Positive,33.7
5362,215301,38824,2025-08-24,Medium,Confirmed Fraud,19.5
5363,215507,7437,2025-03-15,High,Confirmed Fraud,27.1
5364,215575,2367,2026-03-08,High,Confirmed Fraud,14.2
5365,215664,36024,2025-01-22,Medium,Confirmed Fraud,12.3
5366,215672,23375,2026-01-18,Low,Closed - No Fraud,13.1
5367,215682,37039,2025-01-25,Critical,False Positive,1.3
5368,215750,35497,2025-01-28,High,Confirmed Fraud,3.1
5369,215909,49745,2026-05-04,High,Confirmed Fraud,4.9
5370,215931,652,2025-07-05,High,Under Review,17.6
5371,215982,19910,2025-06-20,Medium,False Positive,16.4
5372,216003,37512,2025-05-28,High,Confirmed Fraud,4.1
5373,216062,49514,2026-05-04,Medium,False Positive,22.3
5374,216071,7867,2025-01-17,Medium,Confirmed Fraud,24.5
5375,216082,9468,2026-08-15,High,Confirmed Fraud,16.9
5376,216126,33806,2025-04-01,High,Confirmed Fraud,31.8
5377,216141,38460,2026-04-07,High,Closed - No Fraud,16.8
5378,216147,2810,2026-01-19,Critical,Confirmed Fraud,10.0
5379,216202,39456,2026-11-11,High,Confirmed Fraud,28.1
5380,216206,15087,2026-02-21,Medium,Closed - No Fraud,12.6
5381,216296,33000,2025-02-13,Critical,Confirmed Fraud,9.7
5382,216306,22224,2026-02-11,Medium,Under Review,4.4
5383,216318,30067,2025-12-31,High,Closed - No Fraud,37.1
5384,216340,30217,2025-01-24,High,Confirmed Fraud,17.8
5385,216354,46582,2026-12-09,High,Confirmed Fraud,35.7
5386,216409,35369,2025-04-28,High,Under Review,52.9
5387,216534,1832,2025-05-08,Low,Confirmed Fraud,27.5
5388,216539,16718,2026-03-13,Medium,Confirmed Fraud,51.4
5389,216561,46398,2025-07-25,Critical,Under Review,11.8
5390,216575,42516,2025-07-03,Medium,Under Review,8.6
5391,216578,24966,2025-06-17,High,Confirmed Fraud,13.0
5392,216603,20986,2025-10-20,High,Confirmed Fraud,13.7
5393,216646,44163,2025-06-23,High,Confirmed Fraud,33.4
5394,216699,49324,2025-05-01,High,Confirmed Fraud,2.4
5395,216802,47770,2026-07-08,Medium,Confirmed Fraud,16.1
5396,216812,22203,2025-06-17,Critical,Confirmed Fraud,15.3
5397,216837,959,2025-03-13,High,Under Review,8.0
5398,216867,13767,2026-08-13,Medium,Confirmed Fraud,19.4
5399,216947,36347,2026-06-25,Critical,Confirmed Fraud,25.1
5400,216958,31978,2025-10-31,Low,Confirmed Fraud,14.9
5401,216966,9778,2025-03-06,High,Confirmed Fraud,6.0
5402,216979,39503,2026-01-29,High,Closed - No Fraud,18.9
5403,217171,6823,2025-10-20,High,Confirmed Fraud,15.5
5404,217175,28543,2025-08-23,High,Confirmed Fraud,7.4
5405,217333,30819,2026-11-27,Critical,Under Review,7.3
5406,217336,25,2026-05-20,High,Closed - No Fraud,5.3
5407,217373,15986,2025-04-21,Medium,Confirmed Fraud,3.0
5408,217403,1819,2025-03-18,Low,Confirmed Fraud,6.2
5409,217436,7160,2026-10-01,High,Confirmed Fraud,10.9
5410,217450,28322,2026-05-05,Medium,False Positive,7.1
5411,217454,5010,2026-04-05,Medium,Closed - No Fraud,10.4
5412,217485,6513,2025-08-24,Medium,Confirmed Fraud,2.4
5413,217525,40904,2026-09-20,High,Confirmed Fraud,16.3
5414,217537,39499,2026-11-25,High,Confirmed Fraud,6.9
5415,217550,46692,2026-06-21,Low,Confirmed Fraud,18.9
5416,217552,30916,2025-12-27,High,Confirmed Fraud,15.9
5417,217597,49673,2025-01-19,Low,Closed - No Fraud,6.3
5418,217598,40680,2026-07-07,Medium,Confirmed Fraud,13.9
5419,217646,27632,2025-11-15,Medium,Confirmed Fraud,24.4
5420,217757,16031,2026-09-11,Critical,Confirmed Fraud,7.4
5421,217812,27206,2026-05-28,High,Closed - No Fraud,10.3
5422,217860,23382,2025-06-19,Low,Confirmed Fraud,17.1
5423,217935,18564,2025-04-28,Medium,Under Review,12.0
5424,217970,13862,2026-10-14,Medium,Confirmed Fraud,13.9
5425,218044,43562,2025-06-12,High,Confirmed Fraud,31.3
5426,218197,44630,2025-03-25,High,Confirmed Fraud,10.0
5427,218202,45066,2025-06-22,High,Confirmed Fraud,9.6
5428,218230,26583,2025-06-09,High,Confirmed Fraud,2.1
5429,218265,31619,2026-08-24,High,False Positive,22.9
5430,218274,28623,2025-06-08,High,Confirmed Fraud,9.7
5431,218340,29627,2025-03-02,Medium,Confirmed Fraud,2.3
5432,218365,20032,2025-07-07,Low,Confirmed Fraud,3.9
5433,218368,32875,2026-06-05,High,False Positive,24.7
5434,218398,16121,2025-09-07,High,False Positive,7.6
5435,218406,786,2026-09-22,High,Closed - No Fraud,22.2
5436,218428,5527,2025-05-12,High,Confirmed Fraud,10.5
5437,218459,45625,2025-11-11,High,Under Review,17.2
5438,218503,12080,2025-10-19,High,Confirmed Fraud,2.3
5439,218519,22106,2026-09-13,Medium,Under Review,21.4
5440,218542,396,2025-10-12,High,Confirmed Fraud,42.8
5441,218544,33004,2025-03-08,Medium,Confirmed Fraud,7.2
5442,218552,45018,2025-02-04,Medium,Confirmed Fraud,3.1
5443,218611,36466,2026-04-19,High,Confirmed Fraud,9.7
5444,218614,42459,2025-07-08,Low,Confirmed Fraud,12.1
5445,218669,31134,2025-10-13,Critical,Confirmed Fraud,7.2
5446,218731,34766,2025-04-07,High,Under Review,2.7
5447,218800,9994,2026-08-08,Medium,Confirmed Fraud,11.3
5448,218803,19510,2025-03-03,Critical,Confirmed Fraud,6.6
5449,218859,29295,2025-09-23,Medium,Under Review,4.6
5450,218870,31629,2025-09-14,Critical,Confirmed Fraud,12.1
5451,218912,30400,2025-08-08,Medium,Confirmed Fraud,8.6
5452,218915,22407,2025-02-19,Low,Under Review,5.1
5453,218918,40187,2026-02-13,High,False Positive,5.7
5454,219017,24473,2025-01-19,High,Confirmed Fraud,3.1
5455,219096,9054,2026-02-17,Low,Under Review,16.0
5456,219176,44289,2025-12-26,High,Confirmed Fraud,11.4
5457,219289,7375,2026-04-11,High,False Positive,5.2
5458,219325,16316,2025-08-15,Medium,Under Review,2.8
5459,219497,15857,2025-11-25,Medium,Confirmed Fraud,26.5
5460,219562,14480,2026-02-08,High,Confirmed Fraud,4.9
5461,219698,6321,2026-01-24,High,Confirmed Fraud,11.2
5462,219761,26916,2025-06-08,High,Confirmed Fraud,4.9
5463,219804,40299,2025-10-23,Medium,Closed - No Fraud,13.1
5464,219807,14612,2026-08-01,High,Confirmed Fraud,7.9
5465,219854,30067,2025-02-20,Low,Confirmed Fraud,32.9
5466,219916,10624,2025-03-08,Medium,Under Review,25.6
5467,219949,19138,2026-08-01,Medium,Confirmed Fraud,7.0
5468,220134,34268,2026-07-14,Low,Confirmed Fraud,8.1
5469,220210,9770,2025-03-04,High,False Positive,9.3
5470,220255,16988,2026-11-21,Medium,Under Review,69.0
5471,220322,527,2025-03-08,Medium,Confirmed Fraud,11.8
5472,220326,4463,2025-12-23,Medium,Confirmed Fraud,14.5
5473,220353,15036,2025-08-03,Medium,Confirmed Fraud,10.8
5474,220369,35702,2026-01-01,Medium,Confirmed Fraud,12.0
5475,220381,10830,2025-04-20,Critical,Confirmed Fraud,14.1
5476,220399,19473,2025-05-14,Critical,Under Review,12.5
5477,220412,34554,2026-09-24,Critical,Confirmed Fraud,5.3
5478,220456,39903,2025-06-09,High,Closed - No Fraud,24.2
5479,220475,40086,2026-10-10,Medium,Confirmed Fraud,12.5
5480,220488,10147,2026-04-25,Medium,Confirmed Fraud,4.8
5481,220490,4518,2026-02-24,High,Confirmed Fraud,8.6
5482,220513,11341,2026-01-06,Medium,Confirmed Fraud,3.2
5483,220545,48027,2026-10-26,High,Confirmed Fraud,2.7
5484,220559,43255,2025-09-06,Medium,Under Review,5.9
5485,220734,34233,2026-08-26,Medium,False Positive,17.5
5486,220762,35433,2025-09-04,High,False Positive,24.1
5487,220782,8756,2026-04-21,High,False Positive,10.8
5488,220866,40130,2026-12-26,Medium,Closed - No Fraud,19.5
5489,220869,12996,2026-07-26,High,Confirmed Fraud,14.0
5490,220882,24481,2025-06-29,High,Confirmed Fraud,32.1
5491,220981,15345,2026-11-02,Low,Confirmed Fraud,8.8
5492,221119,1476,2026-04-27,High,False Positive,28.5
5493,221123,42268,2026-10-22,High,False Positive,14.2
5494,221166,43769,2025-10-10,Low,Confirmed Fraud,10.8
5495,221248,14190,2025-09-05,Medium,Confirmed Fraud,9.3
5496,221259,19070,2025-11-28,Medium,Closed - No Fraud,17.5
5497,221323,24034,2025-10-31,High,Under Review,10.1
5498,221343,15721,2025-03-13,Critical,Confirmed Fraud,18.9
5499,221390,35873,2026-04-02,Medium,Closed - No Fraud,24.3
5500,221417,26908,2026-04-17,Low,Confirmed Fraud,14.6
5501,221426,35731,2025-02-18,Critical,Confirmed Fraud,77.7
5502,221462,6773,2025-08-01,Low,Confirmed Fraud,6.6
5503,221473,40677,2025-08-24,High,Confirmed Fraud,6.4
5504,221514,25039,2026-10-29,High,Confirmed Fraud,13.7
5505,221525,9906,2026-10-30,Medium,Under Review,34.5
5506,221528,3174,2025-10-18,Critical,Confirmed Fraud,42.5
5507,221556,47617,2026-04-09,High,Confirmed Fraud,10.6
5508,221636,35794,2026-11-29,Medium,Confirmed Fraud,12.2
5509,221668,24052,2025-01-14,High,Confirmed Fraud,10.1
5510,221711,46765,2026-06-07,Low,Confirmed Fraud,4.5
5511,221723,9064,2025-10-10,High,Confirmed Fraud,11.0
5512,221766,5663,2025-11-12,High,Confirmed Fraud,11.0
5513,221829,4668,2026-12-06,Medium,Confirmed Fraud,20.3
5514,221868,15697,2026-10-21,High,Confirmed Fraud,14.3
5515,221888,21126,2026-10-18,High,Confirmed Fraud,4.3
5516,221954,3271,2026-07-25,Critical,False Positive,3.1
5517,221966,31386,2026-10-28,Medium,Closed - No Fraud,5.0
5518,222036,13214,2025-10-03,Critical,Confirmed Fraud,71.7
5519,222160,44257,2025-08-08,Medium,Confirmed Fraud,10.3
5520,222172,22972,2026-07-16,High,Closed - No Fraud,6.0
5521,222269,48508,2025-07-15,Medium,Confirmed Fraud,7.2
5522,222332,8625,2026-05-18,Critical,Confirmed Fraud,11.3
5523,222430,31590,2025-04-06,High,Confirmed Fraud,6.3
5524,222432,15009,2025-04-27,High,Confirmed Fraud,21.9
5525,222551,36643,2026-08-02,Critical,Confirmed Fraud,35.8
5526,222555,22345,2026-03-05,High,Confirmed Fraud,3.8
5527,222588,26699,2025-05-15,Low,Confirmed Fraud,11.4
5528,222594,36711,2026-12-27,Low,Confirmed Fraud,14.8
5529,222618,32775,2026-03-25,Critical,Under Review,4.0
5530,222758,861,2025-05-21,Low,Closed - No Fraud,6.4
5531,222770,41647,2025-06-24,Medium,Closed - No Fraud,8.1
5532,222856,5869,2025-07-10,Critical,Under Review,18.6
5533,222930,2359,2026-07-22,Critical,Confirmed Fraud,7.3
5534,223061,33873,2025-02-07,Low,Confirmed Fraud,19.6
5535,223099,22637,2025-08-04,High,Confirmed Fraud,15.8
5536,223159,47571,2026-05-18,Medium,Closed - No Fraud,10.4
5537,223195,4012,2026-05-06,High,Confirmed Fraud,6.2
5538,223294,37982,2026-04-18,Critical,Closed - No Fraud,14.8
5539,223360,25058,2025-04-04,Low,Confirmed Fraud,6.9
5540,223416,7234,2025-01-16,High,Confirmed Fraud,46.5
5541,223423,10089,2025-01-31,Critical,Confirmed Fraud,7.4
5542,223427,27809,2025-02-02,High,Confirmed Fraud,6.9
5543,223442,9714,2025-04-03,Critical,Closed - No Fraud,4.7
5544,223540,49612,2025-12-27,High,Confirmed Fraud,96.1
5545,223614,32674,2026-10-23,Medium,Confirmed Fraud,7.8
5546,223781,22604,2026-01-09,Medium,Under Review,15.3
5547,223805,40036,2025-06-28,High,Under Review,3.8
5548,223821,39518,2026-08-03,Medium,Under Review,16.4
5549,223825,43218,2026-06-29,Medium,Confirmed Fraud,13.6
5550,223844,40297,2026-10-07,High,Under Review,4.8
5551,223877,8792,2025-09-02,High,Confirmed Fraud,28.0
5552,223913,26848,2025-04-04,Medium,Confirmed Fraud,13.1
5553,223930,5497,2025-11-23,Critical,Confirmed Fraud,11.3
5554,223932,33055,2025-09-25,High,Confirmed Fraud,21.2
5555,223938,22004,2026-02-24,High,Confirmed Fraud,5.9
5556,223939,7715,2025-09-09,High,Confirmed Fraud,13.1
5557,223948,39406,2026-07-26,Medium,Confirmed Fraud,4.7
5558,224014,36470,2026-03-30,Medium,Confirmed Fraud,31.3
5559,224020,40913,2026-05-25,High,False Positive,4.0
5560,224028,13783,2025-10-27,High,Confirmed Fraud,8.6
5561,224052,952,2026-08-25,Low,Confirmed Fraud,6.7
5562,224064,14514,2025-11-15,Medium,Under Review,25.9
5563,224112,30996,2025-06-02,High,Under Review,21.8
5564,224130,2286,2025-09-03,High,False Positive,21.4
5565,224380,12047,2025-08-25,Low,Closed - No Fraud,21.5
5566,224383,30662,2025-10-24,High,Closed - No Fraud,18.7
5567,224390,5130,2025-06-04,Medium,Under Review,8.8
5568,224477,27385,2026-01-23,Medium,Closed - No Fraud,14.5
5569,224554,22430,2025-11-08,Medium,Confirmed Fraud,25.5
5570,224599,35361,2026-03-06,Medium,Confirmed Fraud,6.4
5571,224725,13625,2025-09-15,Medium,Confirmed Fraud,66.7
5572,224753,4964,2026-09-14,Medium,Confirmed Fraud,5.4
5573,224830,32560,2025-04-29,High,False Positive,10.8
5574,224884,29203,2025-11-16,Medium,Closed - No Fraud,12.9
5575,224923,15576,2025-06-25,High,Confirmed Fraud,8.9
5576,224936,23825,2025-10-07,High,Closed - No Fraud,13.5
5577,224937,20707,2025-01-27,High,Confirmed Fraud,3.5
5578,224978,24275,2025-04-14,Medium,Closed - No Fraud,7.0
5579,225032,44952,2026-05-21,High,Confirmed Fraud,22.1
5580,225034,35721,2026-01-02,Critical,Confirmed Fraud,6.1
5581,225058,46976,2025-08-27,High,Confirmed Fraud,22.2
5582,225158,32111,2025-03-07,High,Confirmed Fraud,11.7
5583,225236,5920,2025-04-04,High,Confirmed Fraud,3.3
5584,225301,9225,2025-06-13,Low,Confirmed Fraud,11.9
5585,225355,30721,2025-08-13,Low,Confirmed Fraud,20.2
5586,225367,27479,2025-12-05,Medium,Confirmed Fraud,7.6
5587,225416,33854,2025-06-20,Medium,Closed - No Fraud,3.8
5588,225443,2655,2025-02-09,Medium,Confirmed Fraud,2.7
5589,225517,2255,2026-09-29,Medium,Confirmed Fraud,7.7
5590,225538,648,2026-09-17,High,Confirmed Fraud,54.0
5591,225557,13012,2026-02-25,Low,Confirmed Fraud,2.6
5592,225575,30069,2025-10-31,Critical,Closed - No Fraud,4.0
5593,225587,27022,2025-06-22,Medium,Confirmed Fraud,5.9
5594,225609,34551,2025-09-11,Medium,False Positive,5.6
5595,225625,47577,2025-08-13,High,False Positive,65.0
5596,225671,24501,2025-04-25,High,Confirmed Fraud,5.0
5597,225730,34810,2026-12-03,Medium,Confirmed Fraud,59.7
5598,225744,17436,2026-04-05,High,Confirmed Fraud,6.4
5599,225746,9195,2026-03-04,Medium,Closed - No Fraud,19.7
5600,225824,33036,2026-10-25,Medium,Confirmed Fraud,1.8
5601,225887,40407,2025-10-20,Medium,Confirmed Fraud,5.1
5602,225952,23942,2026-05-13,Medium,Confirmed Fraud,5.0
5603,226030,31473,2026-07-05,Medium,Closed - No Fraud,6.0
5604,226046,36139,2025-07-08,Medium,Confirmed Fraud,19.7
5605,226069,44769,2025-09-12,Critical,Confirmed Fraud,22.6
5606,226093,41661,2026-06-23,High,Confirmed Fraud,5.4
5607,226131,8798,2026-10-13,High,Confirmed Fraud,10.9
5608,226146,4169,2026-06-11,Medium,Confirmed Fraud,2.9
5609,226151,26266,2025-11-14,High,Confirmed Fraud,7.0
5610,226178,7842,2026-05-16,Medium,Confirmed Fraud,8.7
5611,226301,14146,2025-07-21,Low,Confirmed Fraud,41.9
5612,226339,26490,2026-01-11,Critical,Closed - No Fraud,10.7
5613,226347,22046,2025-02-25,Low,False Positive,12.4
5614,226384,3818,2025-08-23,Medium,Confirmed Fraud,9.8
5615,226425,47557,2026-01-04,High,False Positive,3.9
5616,226466,45106,2026-01-16,Medium,Confirmed Fraud,15.5
5617,226472,31646,2026-06-06,Medium,Confirmed Fraud,12.3
5618,226515,34491,2025-03-20,Medium,Confirmed Fraud,9.2
5619,226557,24697,2026-05-20,Medium,Confirmed Fraud,15.6
5620,226558,45138,2025-09-17,Low,Closed - No Fraud,15.3
5621,226574,6051,2025-04-03,Medium,Confirmed Fraud,31.3
5622,226611,20540,2025-05-25,High,Closed - No Fraud,9.3
5623,226660,20860,2025-02-02,High,Confirmed Fraud,2.3
5624,226689,27472,2026-01-29,Medium,Confirmed Fraud,3.8
5625,226709,27151,2025-11-10,High,Closed - No Fraud,32.0
5626,226873,25704,2025-11-15,Medium,Under Review,16.3
5627,226928,4472,2025-07-29,Low,Under Review,6.9
5628,226931,9857,2026-11-04,High,Confirmed Fraud,25.3
5629,226942,2104,2025-09-13,High,Confirmed Fraud,2.9
5630,226954,30860,2025-01-31,Medium,Confirmed Fraud,27.4
5631,226957,14181,2025-03-08,High,Confirmed Fraud,5.5
5632,226976,14440,2026-04-09,Critical,Confirmed Fraud,40.2
5633,227000,9391,2026-02-02,Medium,Closed - No Fraud,8.7
5634,227040,11612,2025-08-18,Medium,Confirmed Fraud,4.6
5635,227075,23148,2025-02-03,Low,Confirmed Fraud,3.2
5636,227093,1220,2025-06-20,Medium,Confirmed Fraud,3.4
5637,227290,16130,2025-12-11,High,Confirmed Fraud,7.4
5638,227359,25986,2026-10-25,High,Confirmed Fraud,11.3
5639,227438,24801,2026-06-08,High,Confirmed Fraud,8.7
5640,227529,47602,2025-06-14,High,Confirmed Fraud,1.7
5641,227574,8176,2025-10-31,Medium,Confirmed Fraud,7.7
5642,227588,27894,2025-01-26,Critical,Confirmed Fraud,7.4
5643,227638,36138,2026-09-27,High,Confirmed Fraud,10.6
5644,227705,24462,2026-06-14,Medium,Confirmed Fraud,7.4
5645,227723,4531,2026-11-07,High,False Positive,11.5
5646,227832,33988,2025-06-28,High,Under Review,13.7
5647,227879,10952,2026-08-24,High,Confirmed Fraud,11.1
5648,227899,16643,2026-12-30,Low,False Positive,2.4
5649,228011,45851,2026-08-05,Low,Confirmed Fraud,7.2
5650,228012,11320,2025-01-26,Medium,False Positive,12.1
5651,228017,39038,2026-01-08,High,Under Review,16.4
5652,228145,27609,2026-10-06,Medium,False Positive,31.4
5653,228204,45877,2025-08-02,High,Confirmed Fraud,12.3
5654,228242,21639,2026-11-15,High,Closed - No Fraud,7.3
5655,228280,21855,2025-04-11,Critical,Confirmed Fraud,32.0
5656,228302,21892,2026-04-13,Medium,Closed - No Fraud,3.4
5657,228303,14654,2025-04-16,High,Closed - No Fraud,9.0
5658,228320,8404,2025-05-14,Medium,Under Review,9.4
5659,228331,36864,2026-06-10,High,Confirmed Fraud,11.7
5660,228417,4718,2026-08-18,High,False Positive,11.2
5661,228423,16403,2026-12-25,Critical,Confirmed Fraud,10.7
5662,228493,47149,2025-08-09,High,Confirmed Fraud,14.4
5663,228520,17052,2026-06-05,Medium,Closed - No Fraud,20.3
5664,228543,12993,2025-05-29,Medium,Confirmed Fraud,31.9
5665,228565,31069,2025-06-23,Low,Closed - No Fraud,25.1
5666,228618,36423,2025-02-27,High,Confirmed Fraud,16.6
5667,228653,41110,2026-12-27,High,Confirmed Fraud,20.2
5668,228698,13660,2026-11-08,High,Confirmed Fraud,9.0
5669,228704,46754,2026-11-13,Medium,Confirmed Fraud,8.9
5670,228756,47886,2025-11-24,Critical,Closed - No Fraud,15.5
5671,228825,27609,2026-09-07,High,False Positive,8.3
5672,228915,20091,2025-02-07,Medium,Confirmed Fraud,20.0
5673,228969,47094,2025-11-24,Medium,Under Review,5.5
5674,228989,36381,2025-07-06,High,Confirmed Fraud,20.7
5675,229044,46311,2025-03-02,High,Closed - No Fraud,37.7
5676,229057,17093,2025-09-12,Low,Confirmed Fraud,38.5
5677,229099,45901,2026-06-18,Medium,False Positive,1.4
5678,229101,46783,2026-08-28,Critical,Under Review,3.8
5679,229144,31707,2025-02-24,High,Under Review,17.7
5680,229159,16981,2025-10-08,High,Confirmed Fraud,21.2
5681,229215,4555,2026-05-24,Low,Confirmed Fraud,10.4
5682,229313,40502,2026-01-22,High,False Positive,7.6
5683,229320,48172,2026-08-22,High,Confirmed Fraud,5.1
5684,229485,31041,2025-08-11,Critical,Confirmed Fraud,12.6
5685,229500,6702,2026-08-01,Medium,Confirmed Fraud,27.6
5686,229501,40341,2025-04-16,Low,Confirmed Fraud,5.1
5687,229511,15233,2025-07-06,Critical,Confirmed Fraud,9.6
5688,229521,48770,2026-06-22,Medium,Confirmed Fraud,12.5
5689,229612,34689,2026-06-15,Critical,Confirmed Fraud,5.4
5690,229618,43457,2025-06-01,Medium,Confirmed Fraud,35.1
5691,229684,48520,2026-01-23,High,Confirmed Fraud,44.8
5692,229685,32179,2025-11-02,Low,False Positive,17.8
5693,229745,15077,2026-11-10,High,Confirmed Fraud,22.1
5694,229773,15823,2026-04-16,Medium,Confirmed Fraud,6.5
5695,229882,771,2025-04-07,Medium,Under Review,7.0
5696,229912,49163,2025-07-20,Medium,Confirmed Fraud,5.6
5697,229961,3334,2025-09-27,Critical,Confirmed Fraud,26.3
5698,230032,28089,2025-10-17,High,Under Review,3.7
5699,230084,25062,2026-02-10,Medium,Confirmed Fraud,7.5
5700,230102,1590,2026-12-08,High,Confirmed Fraud,25.6
5701,230154,40853,2025-06-14,High,Confirmed Fraud,9.5
5702,230176,39106,2025-03-19,Medium,Confirmed Fraud,13.7
5703,230209,602,2025-10-13,Critical,Confirmed Fraud,9.5
5704,230318,18767,2026-11-09,Low,Confirmed Fraud,7.6
5705,230330,48803,2025-04-13,Medium,Closed - No Fraud,12.4
5706,230353,17833,2025-08-11,High,Confirmed Fraud,7.3
5707,230364,1591,2025-02-22,Low,Confirmed Fraud,23.0
5708,230398,637,2026-05-14,Medium,False Positive,5.0
5709,230400,43236,2026-07-01,High,Confirmed Fraud,23.2
5710,230439,19709,2025-12-08,Low,False Positive,26.5
5711,230495,43075,2025-01-20,High,Confirmed Fraud,10.1
5712,230580,2281,2026-02-18,Critical,Confirmed Fraud,13.3
5713,230582,35474,2026-06-15,Critical,Confirmed Fraud,43.3
5714,230603,23685,2025-09-01,High,Confirmed Fraud,4.6
5715,230609,18997,2026-05-12,Low,Confirmed Fraud,4.4
5716,230633,32585,2026-02-09,High,Confirmed Fraud,8.6
5717,230641,13025,2025-04-15,High,False Positive,24.9
5718,230761,44620,2025-03-04,Medium,Confirmed Fraud,14.4
5719,230771,5443,2026-02-07,High,Confirmed Fraud,6.5
5720,230857,10700,2026-09-12,Critical,Confirmed Fraud,12.2
5721,230944,17910,2026-10-14,Medium,Confirmed Fraud,4.3
5722,231129,12455,2025-04-23,Medium,Confirmed Fraud,28.8
5723,231165,5751,2025-03-14,Medium,Confirmed Fraud,4.6
5724,231169,19946,2025-07-23,High,Closed - No Fraud,10.3
5725,231299,18840,2025-12-08,Critical,Confirmed Fraud,5.9
5726,231315,13868,2026-09-09,Critical,Confirmed Fraud,7.8
5727,231317,45212,2026-05-18,High,Closed - No Fraud,10.9
5728,231319,42092,2025-06-23,Medium,Under Review,9.5
5729,231356,42962,2026-01-25,Medium,Confirmed Fraud,11.3
5730,231391,23912,2025-10-08,Medium,False Positive,12.8
5731,231417,11070,2026-01-25,High,Confirmed Fraud,13.8
5732,231457,45490,2025-01-20,Critical,Confirmed Fraud,5.6
5733,231548,9037,2025-03-21,High,Confirmed Fraud,28.2
5734,231551,2597,2025-05-12,Medium,Closed - No Fraud,6.3
5735,231574,8624,2025-06-04,High,Confirmed Fraud,40.1
5736,231658,37426,2026-12-16,High,Confirmed Fraud,17.9
5737,231722,380,2025-11-08,Critical,Confirmed Fraud,10.3
5738,231856,947,2026-02-10,Low,Closed - No Fraud,5.0
5739,231893,36370,2026-07-15,High,Under Review,19.9
5740,231920,15139,2026-12-06,High,Confirmed Fraud,9.5
5741,231962,26821,2026-04-06,High,Confirmed Fraud,15.4
5742,231983,24065,2026-02-12,High,Closed - No Fraud,9.1
5743,232028,13642,2025-03-22,Medium,Confirmed Fraud,11.2
5744,232063,29972,2026-03-19,Critical,False Positive,5.6
5745,232102,6897,2026-05-21,Medium,Confirmed Fraud,46.7
5746,232127,20792,2025-08-30,Medium,Confirmed Fraud,12.9
5747,232269,48872,2025-07-10,High,False Positive,1.8
5748,232329,6075,2025-06-03,Critical,Closed - No Fraud,8.2
5749,232397,1404,2025-03-28,Medium,Confirmed Fraud,5.8
5750,232509,217,2026-05-29,High,Confirmed Fraud,4.6
5751,232564,39192,2025-01-27,Critical,Confirmed Fraud,8.4
5752,232625,9274,2025-12-01,High,Confirmed Fraud,24.1
5753,232643,36348,2025-02-05,Low,Confirmed Fraud,16.8
5754,232729,48235,2025-10-01,High,Confirmed Fraud,5.1
5755,232731,2611,2025-02-06,Critical,Confirmed Fraud,28.7
5756,232756,14237,2025-01-04,Medium,Confirmed Fraud,32.3
5757,232785,45850,2025-08-10,Low,Under Review,8.0
5758,232822,38598,2026-03-07,Critical,Confirmed Fraud,8.9
5759,232951,16494,2025-04-26,Critical,Confirmed Fraud,31.0
5760,232997,32244,2025-06-30,High,Confirmed Fraud,13.4
5761,233037,48035,2026-04-14,Critical,Confirmed Fraud,4.9
5762,233061,605,2025-08-27,Medium,Under Review,53.6
5763,233176,15387,2025-10-28,Critical,Confirmed Fraud,12.0
5764,233185,21325,2025-01-23,High,Confirmed Fraud,10.1
5765,233255,4539,2025-05-11,Medium,Confirmed Fraud,7.1
5766,233296,22724,2025-11-08,High,Confirmed Fraud,3.7
5767,233314,1099,2026-02-24,Low,Confirmed Fraud,10.5
5768,233347,14963,2026-11-25,High,Confirmed Fraud,9.0
5769,233402,15648,2026-10-03,High,Confirmed Fraud,10.7
5770,233420,19567,2025-01-24,High,False Positive,6.9
5771,233449,26908,2025-02-13,Critical,Confirmed Fraud,22.1
5772,233460,33031,2025-07-07,Medium,False Positive,14.2
5773,233585,45259,2026-07-03,High,Closed - No Fraud,27.1
5774,233604,15132,2026-03-22,Medium,False Positive,10.0
5775,233636,41894,2025-09-29,Medium,Confirmed Fraud,14.7
5776,233724,48911,2025-05-02,Medium,Closed - No Fraud,10.5
5777,233742,45270,2025-07-02,Medium,Confirmed Fraud,11.0
5778,233793,49554,2026-10-08,Critical,Confirmed Fraud,8.9
5779,233878,35795,2026-11-12,High,Closed - No Fraud,17.6
5780,233879,43021,2025-11-05,High,False Positive,4.0
5781,233906,35778,2025-03-09,High,Confirmed Fraud,8.0
5782,233944,28079,2026-03-05,High,False Positive,11.7
5783,233985,18927,2026-08-23,Medium,Confirmed Fraud,4.4
5784,234074,34785,2025-12-22,Critical,Confirmed Fraud,14.3
5785,234114,46126,2025-02-15,Medium,False Positive,10.4
5786,234133,8468,2026-12-01,Medium,Confirmed Fraud,17.1
5787,234172,35252,2025-04-23,High,Confirmed Fraud,12.1
5788,234210,38298,2026-04-16,Medium,Closed - No Fraud,1.4
5789,234249,7417,2025-05-19,High,False Positive,10.4
5790,234275,32007,2025-10-11,Medium,Closed - No Fraud,4.7
5791,234283,42569,2025-12-13,Low,Confirmed Fraud,13.9
5792,234333,37678,2025-12-09,High,False Positive,11.4
5793,234373,38543,2025-07-10,High,False Positive,35.3
5794,234387,28653,2025-12-25,Critical,Confirmed Fraud,22.0
5795,234416,29480,2026-01-11,Medium,Confirmed Fraud,4.5
5796,234493,13075,2025-07-17,Low,Confirmed Fraud,17.1
5797,234518,48914,2026-02-18,Medium,Confirmed Fraud,6.2
5798,234525,2233,2025-08-26,Critical,Closed - No Fraud,9.4
5799,234573,19688,2026-01-18,Medium,Confirmed Fraud,8.4
5800,234615,22577,2025-05-04,Medium,Confirmed Fraud,13.7
5801,234658,48341,2026-11-16,Medium,Confirmed Fraud,5.9
5802,234670,15014,2025-11-01,High,Confirmed Fraud,10.7
5803,234714,44775,2025-08-14,High,Confirmed Fraud,15.3
5804,234715,37139,2025-06-16,High,Closed - No Fraud,17.8
5805,234836,32910,2026-05-30,Medium,Confirmed Fraud,10.1
5806,234881,14877,2026-01-20,High,Confirmed Fraud,19.9
5807,234883,21293,2025-01-30,Critical,Confirmed Fraud,3.3
5808,234907,34237,2025-11-18,Low,Confirmed Fraud,4.4
5809,234922,29089,2025-09-30,Medium,Closed - No Fraud,13.5
5810,234945,20444,2025-04-26,Medium,Confirmed Fraud,10.3
5811,235031,7811,2025-01-09,Medium,Confirmed Fraud,42.4
5812,235034,16850,2025-09-30,Critical,Confirmed Fraud,15.6
5813,235053,39996,2025-07-27,Medium,Confirmed Fraud,40.0
5814,235073,34946,2025-01-27,High,Confirmed Fraud,24.9
5815,235100,35437,2025-08-11,Medium,Confirmed Fraud,10.9
5816,235168,45104,2026-05-02,Medium,False Positive,23.1
5817,235180,4636,2025-05-27,High,Confirmed Fraud,15.4
5818,235183,11449,2025-03-17,Low,Closed - No Fraud,11.1
5819,235242,18226,2025-12-03,Critical,Closed - No Fraud,16.2
5820,235258,40607,2025-01-02,Medium,Confirmed Fraud,4.8
5821,235261,45921,2025-12-13,High,Confirmed Fraud,6.9
5822,235271,5811,2025-10-23,High,Confirmed Fraud,7.6
5823,235273,23864,2025-04-11,Medium,Confirmed Fraud,4.9
5824,235293,14843,2026-11-25,High,Confirmed Fraud,15.9
5825,235295,10663,2026-12-15,High,Confirmed Fraud,6.8
5826,235326,41950,2025-10-14,Low,Confirmed Fraud,5.3
5827,235334,33777,2025-10-11,Medium,Closed - No Fraud,8.8
5828,235335,26175,2026-04-21,High,False Positive,45.5
5829,235388,34552,2026-12-14,Medium,Confirmed Fraud,30.6
5830,235393,22181,2025-08-06,Medium,Closed - No Fraud,4.0
5831,235451,5484,2026-04-26,High,Confirmed Fraud,18.4
5832,235469,15136,2025-12-13,Low,Confirmed Fraud,23.2
5833,235471,31120,2026-06-11,High,Confirmed Fraud,10.5
5834,235481,1036,2025-11-02,Critical,Confirmed Fraud,31.5
5835,235493,20867,2025-03-27,Medium,Under Review,13.1
5836,235584,27387,2025-11-03,Medium,Under Review,41.0
5837,235686,14595,2026-03-01,Medium,False Positive,16.2
5838,235728,1654,2026-01-21,High,Closed - No Fraud,10.3
5839,235792,26055,2026-06-08,High,Confirmed Fraud,9.0
5840,235817,668,2025-08-31,Critical,Under Review,4.5
5841,235859,44091,2025-08-31,Medium,Confirmed Fraud,5.1
5842,235875,22733,2026-01-09,Medium,Closed - No Fraud,7.2
5843,235882,14519,2026-03-29,High,Confirmed Fraud,4.1
5844,235883,12462,2026-05-13,Critical,Under Review,7.8
5845,235896,27665,2026-01-17,High,Confirmed Fraud,4.3
5846,235902,47195,2025-03-05,High,Confirmed Fraud,15.4
5847,235979,37962,2026-07-25,Critical,Confirmed Fraud,7.2
5848,235984,35858,2025-02-05,Critical,Confirmed Fraud,11.9
5849,235997,42880,2026-07-28,Medium,False Positive,10.3
5850,236004,3745,2026-03-03,High,Confirmed Fraud,14.8
5851,236016,12148,2026-08-21,Medium,Confirmed Fraud,35.2
5852,236039,5892,2025-09-10,Medium,Confirmed Fraud,13.9
5853,236118,14466,2026-02-22,Medium,Confirmed Fraud,5.8
5854,236146,1275,2025-12-16,High,Confirmed Fraud,21.9
5855,236152,9294,2025-10-21,High,Closed - No Fraud,17.9
5856,236159,23290,2026-08-02,High,Confirmed Fraud,5.3
5857,236206,13858,2025-11-14,Medium,Confirmed Fraud,25.1
5858,236221,40289,2025-11-04,Medium,Confirmed Fraud,11.0
5859,236227,13088,2026-04-22,Critical,False Positive,7.0
5860,236255,46480,2025-03-16,High,Confirmed Fraud,5.8
5861,236277,33542,2025-04-24,Medium,Closed - No Fraud,2.9
5862,236279,47487,2026-02-16,High,Under Review,12.7
5863,236300,13464,2025-04-24,High,False Positive,15.0
5864,236304,13881,2025-12-27,High,Under Review,7.6
5865,236327,48630,2025-03-01,High,Confirmed Fraud,15.2
5866,236351,17881,2025-10-24,Medium,Confirmed Fraud,12.5
5867,236431,11156,2026-03-21,Medium,Confirmed Fraud,27.6
5868,236490,5639,2026-06-09,Critical,Confirmed Fraud,3.9
5869,236491,34520,2025-08-03,Critical,Confirmed Fraud,8.2
5870,236526,13813,2026-09-30,Medium,Confirmed Fraud,13.0
5871,236605,33989,2026-08-18,Medium,Closed - No Fraud,5.1
5872,236644,3076,2025-12-01,Medium,Confirmed Fraud,2.5
5873,236698,6586,2025-01-28,Medium,Confirmed Fraud,28.2
5874,236711,3848,2026-07-07,Low,False Positive,9.7
5875,236833,7008,2025-10-22,Medium,Confirmed Fraud,15.0
5876,236842,34983,2025-01-29,High,Closed - No Fraud,21.7
5877,236860,26678,2025-05-20,Medium,False Positive,11.1
5878,236869,23330,2025-05-31,Medium,Confirmed Fraud,14.3
5879,236879,47373,2026-01-21,Low,Under Review,3.0
5880,236962,12291,2025-07-14,Critical,Confirmed Fraud,4.0
5881,236978,17045,2025-03-28,High,False Positive,15.8
5882,237037,1250,2026-06-10,Medium,Confirmed Fraud,25.0
5883,237040,33870,2025-02-04,High,Confirmed Fraud,4.4
5884,237041,29746,2026-01-28,Low,Confirmed Fraud,4.1
5885,237080,10670,2026-12-29,Medium,Confirmed Fraud,12.7
5886,237128,14105,2026-04-04,Medium,Confirmed Fraud,4.2
5887,237152,20720,2025-05-24,Medium,Under Review,13.9
5888,237162,49309,2026-05-10,High,Confirmed Fraud,18.9
5889,237223,23159,2026-04-24,Low,Confirmed Fraud,11.1
5890,237227,9458,2025-08-19,Critical,Confirmed Fraud,15.1
5891,237270,39791,2025-12-29,High,Confirmed Fraud,20.8
5892,237313,26429,2025-07-02,Medium,Closed - No Fraud,4.9
5893,237365,25990,2025-03-19,Medium,Closed - No Fraud,7.0
5894,237375,31166,2025-01-09,Medium,Confirmed Fraud,12.3
5895,237531,1677,2026-09-30,Medium,Confirmed Fraud,13.1
5896,237561,12885,2025-01-21,Critical,Confirmed Fraud,15.4
5897,237599,49914,2026-09-27,High,Confirmed Fraud,71.0
5898,237661,19671,2026-06-07,High,Confirmed Fraud,46.7
5899,237679,12354,2025-08-15,Critical,Confirmed Fraud,6.7
5900,237718,7398,2026-09-19,High,Closed - No Fraud,11.0
5901,237755,42071,2025-02-03,Low,Confirmed Fraud,4.7
5902,237762,10524,2025-03-29,Low,Confirmed Fraud,7.8
5903,237766,31072,2026-07-04,Critical,Confirmed Fraud,14.9
5904,237782,25458,2025-03-04,High,Confirmed Fraud,13.0
5905,237809,855,2026-12-28,High,False Positive,8.9
5906,237824,42895,2026-09-08,High,Confirmed Fraud,12.0
5907,237829,22752,2025-07-25,Low,Confirmed Fraud,22.5
5908,237951,41117,2025-05-28,Critical,Confirmed Fraud,7.2
5909,238002,48492,2025-07-08,Medium,Confirmed Fraud,18.2
5910,238050,23171,2025-10-30,Medium,Confirmed Fraud,11.7
5911,238070,32954,2026-01-25,Low,Closed - No Fraud,51.9
5912,238127,21597,2025-03-31,Medium,False Positive,11.7
5913,238178,33231,2026-08-24,High,Closed - No Fraud,19.3
5914,238303,48000,2026-05-04,Low,Confirmed Fraud,32.4
5915,238368,2425,2025-08-04,Critical,False Positive,46.9
5916,238390,25484,2026-05-14,Low,Confirmed Fraud,4.4
5917,238441,12951,2025-05-03,Medium,Confirmed Fraud,29.0
5918,238447,5248,2026-03-08,Low,Confirmed Fraud,6.6
5919,238517,45191,2025-01-31,Critical,Under Review,41.9
5920,238535,42327,2025-12-29,High,Confirmed Fraud,10.9
5921,238683,45670,2025-06-08,Low,Closed - No Fraud,7.0
5922,238790,8326,2026-05-20,Medium,Confirmed Fraud,83.3
5923,238835,4824,2026-08-25,Medium,Confirmed Fraud,4.4
5924,238877,47625,2026-01-22,Critical,Confirmed Fraud,10.1
5925,238983,41926,2026-02-12,Medium,Confirmed Fraud,14.4
5926,239013,110,2025-01-10,High,Confirmed Fraud,5.2
5927,239061,13816,2025-02-05,Low,False Positive,2.5
5928,239115,35970,2026-07-25,High,Confirmed Fraud,7.4
5929,239294,14360,2025-09-09,Medium,Closed - No Fraud,25.1
5930,239305,25492,2025-06-13,Critical,Confirmed Fraud,7.6
5931,239369,27707,2025-05-27,High,False Positive,12.8
5932,239382,26828,2026-10-05,High,Under Review,7.1
5933,239419,1062,2026-02-12,High,Confirmed Fraud,10.1
5934,239440,43775,2026-03-23,Low,Closed - No Fraud,15.2
5935,239474,35434,2025-10-06,High,Closed - No Fraud,3.5
5936,239617,48765,2025-08-13,Medium,Confirmed Fraud,4.3
5937,239657,25710,2025-04-08,High,Confirmed Fraud,10.3
5938,239732,10200,2025-09-05,High,Confirmed Fraud,11.6
5939,239852,48578,2025-09-08,Medium,Confirmed Fraud,9.2
5940,239870,32670,2026-05-13,High,Closed - No Fraud,8.3
5941,239878,9389,2026-01-15,Medium,Confirmed Fraud,1.2
5942,239897,35699,2026-09-30,Low,Confirmed Fraud,4.6
5943,240032,5432,2025-01-02,Critical,Confirmed Fraud,39.3
5944,240076,37319,2026-11-16,High,Confirmed Fraud,6.0
5945,240147,39142,2025-09-04,Critical,Confirmed Fraud,26.0
5946,240193,35733,2026-07-03,Medium,Confirmed Fraud,1.0
5947,240372,37635,2026-03-24,Critical,Confirmed Fraud,4.5
5948,240394,8375,2025-07-02,High,Under Review,7.0
5949,240408,3394,2025-10-21,Medium,Closed - No Fraud,4.9
5950,240516,3816,2025-01-07,High,Confirmed Fraud,7.1
5951,240539,36846,2025-09-01,Critical,Confirmed Fraud,5.2
5952,240639,23708,2025-10-15,High,Confirmed Fraud,52.4
5953,240740,36254,2026-02-14,High,Confirmed Fraud,20.7
5954,240766,25833,2025-09-09,Low,False Positive,29.0
5955,240801,14986,2025-02-04,High,Confirmed Fraud,10.5
5956,240807,6326,2025-06-19,Low,Confirmed Fraud,16.5
5957,240896,26377,2025-03-30,High,Confirmed Fraud,12.9
5958,240967,20850,2026-04-29,Medium,Confirmed Fraud,12.6
5959,241054,9311,2025-06-08,Critical,Confirmed Fraud,3.9
5960,241092,197,2026-09-11,Medium,Confirmed Fraud,13.8
5961,241178,27156,2025-07-25,Critical,False Positive,5.4
5962,241264,5117,2026-07-17,High,Confirmed Fraud,14.7
5963,241293,43895,2025-01-18,High,Closed - No Fraud,17.0
5964,241301,17264,2025-02-19,Medium,Confirmed Fraud,10.5
5965,241332,13795,2025-08-28,Medium,Confirmed Fraud,39.7
5966,241372,31349,2025-03-10,Medium,Confirmed Fraud,46.5
5967,241373,12554,2026-03-09,Medium,Confirmed Fraud,22.6
5968,241374,6065,2025-05-28,Low,Confirmed Fraud,22.4
5969,241393,14162,2025-07-07,High,Confirmed Fraud,4.1
5970,241396,23626,2025-01-31,High,Confirmed Fraud,8.2
5971,241409,47057,2026-02-20,Critical,Confirmed Fraud,16.1
5972,241443,31448,2025-11-16,Critical,Confirmed Fraud,8.1
5973,241469,48260,2026-10-24,High,Confirmed Fraud,21.5
5974,241664,7589,2025-01-28,High,Confirmed Fraud,22.1
5975,241679,22271,2026-07-17,High,Confirmed Fraud,7.6
5976,241704,48275,2026-11-04,Low,Confirmed Fraud,6.2
5977,241766,34796,2025-06-23,High,Confirmed Fraud,12.0
5978,241819,17273,2025-01-11,High,Closed - No Fraud,12.3
5979,241885,5180,2026-05-16,High,Confirmed Fraud,5.8
5980,241913,35042,2026-02-08,High,Confirmed Fraud,11.1
5981,241940,10542,2025-12-02,Medium,Confirmed Fraud,7.7
5982,241949,36384,2026-07-31,High,Confirmed Fraud,4.7
5983,242011,37460,2025-04-02,High,Confirmed Fraud,10.5
5984,242035,33070,2026-07-11,Critical,Confirmed Fraud,13.5
5985,242080,9612,2025-12-24,Medium,Under Review,17.2
5986,242126,6462,2026-10-09,High,Confirmed Fraud,4.0
5987,242130,17585,2026-06-26,Medium,Under Review,11.2
5988,242163,888,2025-05-01,High,Confirmed Fraud,12.7
5989,242174,47178,2025-05-22,High,Closed - No Fraud,7.0
5990,242225,14107,2026-11-05,Medium,Confirmed Fraud,5.1
5991,242284,5045,2025-09-08,Low,Closed - No Fraud,11.9
5992,242302,48157,2026-01-23,Medium,Confirmed Fraud,11.0
5993,242308,29821,2025-06-06,Critical,Closed - No Fraud,6.3
5994,242312,23775,2026-09-04,Medium,Confirmed Fraud,2.4
5995,242396,29029,2025-11-23,High,Confirmed Fraud,13.4
5996,242407,39666,2026-03-31,Medium,Confirmed Fraud,9.5
5997,242596,37878,2026-10-30,Critical,Under Review,4.0
5998,242675,14885,2025-07-31,Medium,Confirmed Fraud,12.9
5999,242692,44408,2025-12-30,Critical,Confirmed Fraud,17.3
6000,242708,41075,2025-12-25,Low,Confirmed Fraud,9.7
6001,242813,7275,2025-06-19,Low,Confirmed Fraud,14.5
6002,242868,44481,2026-06-22,Medium,Confirmed Fraud,6.7
6003,242885,7045,2025-06-27,Medium,Confirmed Fraud,10.2
6004,242922,714,2025-03-12,Low,Confirmed Fraud,6.1
6005,242930,12382,2025-05-18,High,False Positive,18.9
6006,243014,43251,2026-05-21,Medium,Confirmed Fraud,1.9
6007,243015,2141,2025-01-19,High,Under Review,5.6
6008,243030,42822,2025-10-18,High,Confirmed Fraud,6.2
6009,243114,39408,2025-05-07,High,Confirmed Fraud,14.7
6010,243182,31356,2025-07-21,High,Confirmed Fraud,3.2
6011,243279,17682,2025-10-05,Critical,Confirmed Fraud,5.2
6012,243280,40125,2025-01-06,High,Confirmed Fraud,9.0
6013,243329,16744,2026-02-03,High,Closed - No Fraud,14.3
6014,243340,12437,2026-06-04,High,Confirmed Fraud,12.5
6015,243396,13228,2026-04-30,Medium,Confirmed Fraud,19.6
6016,243398,26003,2026-04-29,Medium,Confirmed Fraud,17.4
6017,243405,29653,2025-04-30,Medium,Confirmed Fraud,28.1
6018,243477,23920,2026-12-10,Medium,Closed - No Fraud,12.0
6019,243495,24222,2026-04-11,High,Confirmed Fraud,7.2
6020,243519,41078,2025-12-30,Medium,Confirmed Fraud,5.4
6021,243577,17084,2026-12-30,Medium,Confirmed Fraud,53.1
6022,243627,8800,2025-03-03,Medium,Confirmed Fraud,25.9
6023,243649,40057,2026-05-22,High,Under Review,17.6
6024,243747,14560,2025-04-06,High,False Positive,12.0
6025,243858,38710,2025-06-09,Critical,Confirmed Fraud,13.8
6026,243899,6623,2025-01-29,High,Confirmed Fraud,21.1
6027,243900,44396,2026-02-28,Low,Confirmed Fraud,1.0
6028,243989,36380,2026-07-09,Medium,False Positive,7.1
6029,244009,29436,2025-04-13,Low,Closed - No Fraud,38.5
6030,244016,28264,2025-03-14,High,Confirmed Fraud,43.1
6031,244020,8834,2025-02-05,Low,False Positive,10.2
6032,244022,14860,2025-07-01,Low,Confirmed Fraud,8.2
6033,244096,40273,2025-08-16,Critical,Confirmed Fraud,6.3
6034,244115,34251,2026-08-10,Medium,Closed - No Fraud,6.3
6035,244124,44226,2025-12-08,High,Closed - No Fraud,4.1
6036,244154,42761,2025-10-07,Critical,Confirmed Fraud,12.0
6037,244321,32193,2025-09-17,High,False Positive,23.0
6038,244328,40450,2025-04-30,Medium,Confirmed Fraud,9.7
6039,244434,3550,2025-02-14,High,Confirmed Fraud,10.3
6040,244439,4986,2025-12-09,Low,Confirmed Fraud,40.7
6041,244448,24849,2025-04-12,Medium,Confirmed Fraud,8.3
6042,244470,31156,2026-07-22,Low,Confirmed Fraud,24.3
6043,244474,40144,2025-11-25,High,Confirmed Fraud,115.1
6044,244501,25720,2025-05-17,High,Confirmed Fraud,5.0
6045,244547,34290,2026-05-22,Medium,Confirmed Fraud,4.0
6046,244550,28456,2025-06-14,Low,Confirmed Fraud,14.4
6047,244627,15886,2025-03-23,Critical,Confirmed Fraud,3.8
6048,244631,17736,2025-08-13,High,Confirmed Fraud,20.3
6049,244665,29998,2026-04-30,Critical,Confirmed Fraud,1.9
6050,244786,33027,2026-01-15,Medium,Closed - No Fraud,15.9
6051,244790,2809,2025-05-20,High,False Positive,9.3
6052,244810,34269,2025-08-27,High,Confirmed Fraud,4.1
6053,244835,4580,2026-04-23,Low,Closed - No Fraud,12.9
6054,244860,48177,2026-09-22,High,Closed - No Fraud,9.4
6055,244887,49460,2026-06-01,Medium,Confirmed Fraud,4.7
6056,244889,49268,2025-01-11,Critical,Confirmed Fraud,5.5
6057,244953,3533,2025-04-12,High,Confirmed Fraud,15.9
6058,245011,9158,2026-06-05,High,Confirmed Fraud,5.2
6059,245019,202,2025-10-27,Low,Confirmed Fraud,6.3
6060,245031,3247,2025-01-18,Medium,Confirmed Fraud,29.0
6061,245091,38742,2025-11-22,High,Confirmed Fraud,40.9
6062,245149,8634,2025-10-18,Medium,Confirmed Fraud,10.6
6063,245180,19343,2026-04-02,Medium,Confirmed Fraud,4.4
6064,245274,46242,2025-07-03,Medium,Confirmed Fraud,7.0
6065,245302,21865,2026-06-27,High,Closed - No Fraud,13.4
6066,245346,42658,2026-08-11,Critical,Confirmed Fraud,5.3
6067,245486,36717,2025-03-20,Medium,Confirmed Fraud,2.8
6068,245546,40077,2026-03-04,Critical,Confirmed Fraud,7.3
6069,245554,25487,2026-09-29,High,False Positive,8.9
6070,245560,49205,2026-06-13,Medium,False Positive,5.8
6071,245615,4850,2025-03-26,High,Confirmed Fraud,39.1
6072,245652,40132,2025-04-17,Low,Confirmed Fraud,22.6
6073,245663,10914,2025-03-08,High,Confirmed Fraud,11.0
6074,245695,2383,2026-01-05,Medium,Confirmed Fraud,9.5
6075,245696,43320,2025-08-01,Critical,Confirmed Fraud,14.2
6076,245777,33855,2026-10-03,High,Confirmed Fraud,6.2
6077,245791,7638,2025-03-23,High,Confirmed Fraud,19.9
6078,245839,35189,2026-07-20,Medium,Confirmed Fraud,10.0
6079,245848,4040,2025-08-29,Medium,Closed - No Fraud,20.3
6080,245850,31420,2025-08-31,Medium,False Positive,3.8
6081,245908,3801,2025-04-29,Critical,Confirmed Fraud,18.2
6082,245984,11464,2025-02-12,High,Confirmed Fraud,21.4
6083,246048,26440,2025-11-17,Medium,Confirmed Fraud,25.5
6084,246093,13285,2025-05-31,Medium,Confirmed Fraud,25.3
6085,246099,41686,2025-01-17,Medium,Confirmed Fraud,11.3
6086,246111,19271,2025-10-18,Critical,Closed - No Fraud,18.1
6087,246124,31995,2025-05-01,High,Confirmed Fraud,64.9
6088,246127,40878,2025-02-21,Medium,Confirmed Fraud,19.2
6089,246227,44929,2025-10-17,Critical,Confirmed Fraud,7.3
6090,246229,1539,2025-07-03,Medium,Confirmed Fraud,7.4
6091,246239,45648,2025-02-11,Medium,Confirmed Fraud,25.9
6092,246277,20428,2026-04-23,Medium,Confirmed Fraud,11.2
6093,246306,51,2026-02-27,Medium,Confirmed Fraud,5.8
6094,246343,3667,2025-08-23,High,Confirmed Fraud,17.9
6095,246351,47607,2025-08-15,High,False Positive,3.4
6096,246369,16033,2026-01-14,High,Confirmed Fraud,31.8
6097,246380,37054,2025-04-11,Medium,Confirmed Fraud,11.8
6098,246381,31585,2025-06-04,Critical,Confirmed Fraud,19.8
6099,246439,5510,2025-03-14,Medium,Confirmed Fraud,11.8
6100,246708,7475,2025-02-20,Medium,Confirmed Fraud,29.9
6101,246722,29695,2026-12-09,Critical,False Positive,33.3
6102,246738,46588,2026-06-19,High,Confirmed Fraud,6.6
6103,246791,39663,2025-11-24,High,Confirmed Fraud,6.4
6104,246821,19813,2026-09-10,Medium,Confirmed Fraud,8.3
6105,246877,29666,2026-02-18,Medium,Under Review,7.2
6106,246887,22773,2026-04-29,Medium,Confirmed Fraud,14.8
6107,246898,20650,2026-06-07,Medium,Confirmed Fraud,6.8
6108,246950,4731,2025-10-12,Critical,Confirmed Fraud,33.9
6109,246959,846,2026-02-06,High,Under Review,7.1
6110,246960,17551,2026-01-23,Low,Confirmed Fraud,6.6
6111,247021,38122,2026-08-20,Medium,Under Review,3.1
6112,247030,16625,2025-04-27,Low,Confirmed Fraud,6.4
6113,247032,19715,2025-12-06,Medium,False Positive,10.4
6114,247056,22631,2025-01-22,High,Closed - No Fraud,11.1
6115,247068,36330,2025-05-20,Medium,False Positive,45.4
6116,247084,41438,2026-04-16,High,Confirmed Fraud,16.8
6117,247118,44256,2026-10-08,Medium,False Positive,6.8
6118,247192,38954,2025-01-12,Low,Confirmed Fraud,35.6
6119,247215,16635,2026-02-20,High,False Positive,10.7
6120,247223,48486,2025-06-19,Critical,Confirmed Fraud,11.0
6121,247337,25733,2025-04-09,Critical,Confirmed Fraud,6.3
6122,247358,24124,2025-07-23,High,Confirmed Fraud,18.1
6123,247457,29895,2025-11-03,High,Confirmed Fraud,27.6
6124,247469,2652,2025-03-24,Medium,Confirmed Fraud,5.9
6125,247512,33500,2026-10-16,Medium,False Positive,3.8
6126,247521,47580,2026-02-18,Medium,Under Review,20.4
6127,247556,6337,2025-10-02,Medium,False Positive,4.1
6128,247668,17730,2025-12-29,High,Confirmed Fraud,42.2
6129,247671,15135,2026-08-01,Medium,Confirmed Fraud,7.6
6130,247723,11408,2026-03-31,High,Confirmed Fraud,2.9
6131,247758,35539,2025-04-20,High,Confirmed Fraud,5.1
6132,247856,36453,2025-11-05,Critical,Under Review,20.4
6133,247979,28637,2025-02-06,Critical,Closed - No Fraud,12.2
6134,247992,11614,2025-06-03,High,Confirmed Fraud,12.6
6135,247993,41926,2026-02-11,High,Confirmed Fraud,63.1
6136,248030,7592,2026-04-03,Medium,Closed - No Fraud,20.9
6137,248040,46719,2025-06-25,High,Confirmed Fraud,13.0
6138,248118,28904,2025-02-03,High,Confirmed Fraud,25.5
6139,248156,18436,2025-05-14,High,Closed - No Fraud,11.0
6140,248185,26826,2025-11-22,Medium,Confirmed Fraud,16.9
6141,248230,10530,2025-11-01,High,Confirmed Fraud,11.8
6142,248323,30551,2025-09-15,High,False Positive,13.6
6143,248416,27109,2025-07-15,High,Confirmed Fraud,6.4
6144,248418,29563,2025-01-04,High,Confirmed Fraud,28.6
6145,248447,700,2026-07-17,High,Confirmed Fraud,6.8
6146,248510,22195,2025-06-23,Medium,Confirmed Fraud,10.6
6147,248567,48333,2026-11-15,High,Confirmed Fraud,6.1
6148,248583,32793,2025-09-22,High,Confirmed Fraud,3.2
6149,248593,37039,2026-07-23,High,Confirmed Fraud,7.5
6150,248599,24514,2025-10-18,Medium,False Positive,6.5
6151,248636,30009,2025-02-22,Low,Confirmed Fraud,4.2
6152,248640,37515,2026-03-15,Low,Closed - No Fraud,5.5
6153,248662,40331,2025-06-14,Medium,Confirmed Fraud,11.5
6154,248727,38155,2025-07-08,High,Confirmed Fraud,12.8
6155,248738,28752,2026-11-04,Critical,Confirmed Fraud,17.6
6156,248864,36931,2025-05-01,High,Confirmed Fraud,8.5
6157,248891,4497,2025-09-23,Medium,Confirmed Fraud,19.5
6158,248911,23170,2026-05-03,Medium,Closed - No Fraud,5.6
6159,248957,44343,2026-01-27,High,Under Review,22.0
6160,248985,10372,2026-06-06,Critical,Under Review,13.7
6161,249022,37086,2025-06-11,Medium,Under Review,4.8
6162,249068,49365,2026-03-08,Medium,Under Review,78.0
6163,249082,26304,2025-03-13,High,Closed - No Fraud,32.2
6164,249102,19119,2026-05-24,Low,Confirmed Fraud,7.9
6165,249128,3582,2025-04-01,High,Confirmed Fraud,20.9
6166,249159,30484,2026-03-26,High,Confirmed Fraud,15.1
6167,249163,31812,2025-10-16,Medium,Closed - No Fraud,11.1
6168,249194,14231,2026-12-12,High,Confirmed Fraud,3.1
6169,249250,37888,2025-04-28,High,Closed - No Fraud,3.7
6170,249278,38036,2026-06-07,High,Confirmed Fraud,7.2
6171,249339,6041,2025-09-25,Medium,Confirmed Fraud,11.1
6172,249340,39559,2026-02-07,High,Confirmed Fraud,23.1
6173,249344,36605,2025-04-07,Medium,Confirmed Fraud,2.0
6174,249384,30435,2026-09-28,Medium,Confirmed Fraud,11.8
6175,249419,44397,2026-07-30,Medium,Confirmed Fraud,11.5
6176,249424,9311,2025-04-03,Critical,Confirmed Fraud,52.2
6177,249446,13514,2025-04-23,High,False Positive,3.8
6178,249551,14154,2026-01-13,Low,Under Review,16.8
6179,249552,38962,2026-03-05,Critical,Confirmed Fraud,3.6
6180,249585,35202,2026-12-15,Medium,Confirmed Fraud,12.2
6181,249674,38556,2025-03-13,Critical,Confirmed Fraud,18.5
6182,249679,45833,2025-09-19,High,Confirmed Fraud,18.1
6183,249702,39655,2026-03-11,High,Confirmed Fraud,6.0
6184,249728,35422,2026-05-04,High,False Positive,2.8
6185,249764,13171,2025-03-12,High,Confirmed Fraud,10.4
6186,249790,19228,2026-06-26,Medium,False Positive,9.8
6187,249838,46094,2025-06-02,Medium,Confirmed Fraud,10.8
6188,249863,20777,2026-05-01,Medium,Under Review,7.0
6189,249866,31832,2025-10-03,Medium,Confirmed Fraud,10.6
6190,249900,8561,2025-12-31,High,False Positive,10.7
6191,249932,27351,2026-08-09,Low,Confirmed Fraud,5.5
6192,249974,22970,2026-06-19,Medium,Confirmed Fraud,14.0
6193,249987,2911,2026-02-21,Low,Confirmed Fraud,16.5
6194,250062,21610,2026-04-17,High,Closed - No Fraud,13.8
6195,250232,42309,2025-12-19,High,Under Review,8.1
6196,250240,3804,2026-03-07,Low,Confirmed Fraud,16.2
6197,250266,8077,2026-08-07,High,Confirmed Fraud,20.3
6198,250300,26979,2025-06-08,Medium,Confirmed Fraud,26.0
6199,250328,32956,2026-04-29,Medium,Confirmed Fraud,7.3
6200,250359,19426,2026-09-26,High,Confirmed Fraud,13.4
6201,250379,5356,2025-01-06,Critical,Confirmed Fraud,23.0
6202,250437,43895,2026-11-19,Medium,Confirmed Fraud,36.9
6203,250464,21004,2026-04-26,High,Confirmed Fraud,5.6
6204,250469,48410,2025-11-29,Medium,Under Review,9.5
6205,250568,15841,2025-05-05,High,Confirmed Fraud,11.7
6206,250575,18375,2025-04-09,Medium,Confirmed Fraud,11.3
6207,250598,20051,2025-10-25,Medium,Confirmed Fraud,8.8
6208,250694,3976,2025-11-22,High,False Positive,11.9
6209,250757,39863,2026-07-19,Medium,False Positive,6.9
6210,250769,20263,2025-09-14,Low,Confirmed Fraud,8.1
6211,250803,48692,2026-11-30,High,Confirmed Fraud,25.6
6212,250824,24512,2025-04-13,High,Confirmed Fraud,9.6
6213,250980,31974,2026-06-07,High,Confirmed Fraud,11.4
6214,250995,31678,2025-04-30,Medium,Closed - No Fraud,22.1
6215,250996,19416,2026-09-20,Critical,Confirmed Fraud,15.0
6216,251004,37355,2026-08-23,High,False Positive,36.7
6217,251017,8905,2026-08-14,Medium,Closed - No Fraud,8.1
6218,251087,18899,2026-12-14,High,Confirmed Fraud,30.6
6219,251227,44277,2025-03-19,Medium,False Positive,22.4
6220,251299,28863,2025-03-29,Low,Closed - No Fraud,2.9
6221,251347,37180,2025-11-27,Medium,Confirmed Fraud,3.5
6222,251406,33032,2026-12-14,Critical,Under Review,7.3
6223,251533,30061,2025-06-12,High,Confirmed Fraud,15.8
6224,251534,19504,2026-09-28,High,Confirmed Fraud,23.3
6225,251547,9262,2026-07-31,High,False Positive,17.6
6226,251557,17304,2025-09-29,Medium,Closed - No Fraud,2.6
6227,251569,23679,2026-12-25,Low,Closed - No Fraud,25.3
6228,251594,8097,2025-04-01,High,Confirmed Fraud,23.8
6229,251706,34156,2025-01-16,Low,Under Review,9.4
6230,251742,16383,2025-11-04,Medium,Confirmed Fraud,8.1
6231,251820,24777,2025-02-20,High,Confirmed Fraud,5.3
6232,251876,2398,2026-09-12,Medium,Confirmed Fraud,14.1
6233,251894,18540,2026-06-15,Low,Confirmed Fraud,15.7
6234,251911,2107,2026-03-13,High,Confirmed Fraud,14.8
6235,251919,42040,2026-07-30,Low,Confirmed Fraud,10.1
6236,251953,33957,2025-02-21,Low,Closed - No Fraud,17.0
6237,252004,40686,2026-12-10,Medium,Under Review,12.5
6238,252013,30695,2026-02-10,Critical,Confirmed Fraud,11.7
6239,252017,18187,2025-05-27,Medium,Confirmed Fraud,28.3
6240,252021,31745,2025-05-04,High,False Positive,7.7
6241,252027,44724,2025-03-28,Low,Confirmed Fraud,17.6
6242,252137,10236,2025-02-15,High,Confirmed Fraud,2.6
6243,252186,19840,2025-05-23,High,Closed - No Fraud,6.4
6244,252229,2914,2026-03-15,High,Confirmed Fraud,17.2
6245,252235,12871,2025-08-25,Medium,Confirmed Fraud,5.1
6246,252269,47734,2025-04-06,High,False Positive,13.3
6247,252271,42494,2026-12-12,High,Confirmed Fraud,9.1
6248,252302,36254,2026-03-04,Medium,Closed - No Fraud,26.9
6249,252345,12024,2025-08-27,High,Confirmed Fraud,2.8
6250,252443,30713,2025-01-20,High,Confirmed Fraud,7.4
6251,252449,20340,2025-07-22,Low,Confirmed Fraud,16.6
6252,252451,48398,2025-09-12,Critical,Confirmed Fraud,35.9
6253,252528,21976,2025-09-19,High,Confirmed Fraud,3.5
6254,252567,3106,2026-12-04,Critical,Confirmed Fraud,72.4
6255,252583,14294,2025-10-28,Medium,Closed - No Fraud,5.1
6256,252589,45011,2026-06-27,High,Confirmed Fraud,1.8
6257,252683,737,2026-05-24,Low,Confirmed Fraud,51.3
6258,252723,1693,2025-05-09,Medium,Confirmed Fraud,78.4
6259,252782,7834,2026-04-18,Critical,Under Review,16.1
6260,252793,12487,2026-09-24,Medium,Confirmed Fraud,16.8
6261,252928,2015,2025-10-12,High,Confirmed Fraud,7.1
6262,253005,25655,2026-07-09,High,Confirmed Fraud,10.6
6263,253046,21003,2026-08-11,Medium,Closed - No Fraud,10.0
6264,253059,47114,2025-02-13,Low,Confirmed Fraud,18.5
6265,253154,563,2026-02-11,High,Confirmed Fraud,10.9
6266,253170,833,2026-07-10,Medium,Confirmed Fraud,20.5
6267,253190,49340,2025-02-24,Critical,Under Review,11.8
6268,253269,2191,2025-04-02,Medium,False Positive,40.2
6269,253272,5329,2025-03-01,Medium,Confirmed Fraud,5.7
6270,253337,7099,2026-07-05,Critical,Confirmed Fraud,10.4
6271,253503,10098,2026-09-03,Low,Confirmed Fraud,5.5
6272,253549,26607,2026-09-10,High,Confirmed Fraud,36.7
6273,253606,23623,2026-12-06,High,Confirmed Fraud,15.8
6274,253611,37822,2025-09-26,High,Confirmed Fraud,8.9
6275,253658,2104,2025-12-11,High,Under Review,14.1
6276,253679,21799,2025-06-19,Medium,False Positive,19.2
6277,253684,1443,2025-03-17,Critical,Confirmed Fraud,11.8
6278,253726,40011,2025-06-08,High,Confirmed Fraud,12.7
6279,253802,36113,2026-06-01,Medium,Confirmed Fraud,4.9
6280,253861,12674,2026-07-21,Low,Under Review,4.9
6281,253866,11756,2026-02-02,Critical,Confirmed Fraud,11.6
6282,253914,34988,2025-07-12,Low,Confirmed Fraud,25.6
6283,253991,5406,2025-08-29,Critical,Confirmed Fraud,3.0
6284,254009,45412,2026-02-21,Medium,Confirmed Fraud,7.7
6285,254026,7981,2026-09-12,Low,Under Review,10.1
6286,254053,1735,2025-01-16,High,Confirmed Fraud,17.8
6287,254086,12169,2025-01-03,Low,Confirmed Fraud,10.8
6288,254144,11439,2025-12-13,Medium,Under Review,5.2
6289,254148,45045,2025-08-09,High,Confirmed Fraud,9.2
6290,254175,7717,2025-08-26,Low,False Positive,5.3
6291,254204,28730,2025-11-20,Critical,Confirmed Fraud,5.8
6292,254265,27851,2026-12-11,High,Under Review,14.0
6293,254266,27623,2025-08-12,High,Confirmed Fraud,8.0
6294,254299,21898,2026-11-09,High,Confirmed Fraud,6.2
6295,254328,36178,2025-11-24,High,False Positive,4.4
6296,254423,26343,2026-05-24,High,Confirmed Fraud,30.2
6297,254436,16382,2025-03-06,High,Confirmed Fraud,4.6
6298,254462,6492,2026-05-13,High,Confirmed Fraud,6.9
6299,254482,15659,2026-12-29,High,Confirmed Fraud,7.7
6300,254499,23422,2025-07-09,Medium,Closed - No Fraud,20.1
6301,254522,12861,2025-04-22,High,Confirmed Fraud,21.9
6302,254726,49352,2026-01-11,High,Confirmed Fraud,8.2
6303,254733,25230,2025-03-13,Critical,Confirmed Fraud,6.4
6304,254814,18084,2026-12-19,Medium,Confirmed Fraud,3.5
6305,254832,3300,2025-07-13,Low,Confirmed Fraud,6.9
6306,254874,25667,2026-04-17,High,Closed - No Fraud,15.2
6307,254916,35820,2025-02-06,High,Closed - No Fraud,29.6
6308,255008,37716,2026-02-20,Medium,Confirmed Fraud,35.5
6309,255137,8670,2025-01-09,Medium,Closed - No Fraud,12.1
6310,255165,19386,2025-03-04,High,Confirmed Fraud,11.8
6311,255215,46808,2025-12-15,High,Confirmed Fraud,4.3
6312,255244,23306,2025-10-20,High,Confirmed Fraud,60.5
6313,255295,964,2025-08-23,Low,Confirmed Fraud,6.0
6314,255344,4301,2026-12-15,Medium,Confirmed Fraud,9.3
6315,255346,30099,2026-08-17,Medium,Confirmed Fraud,15.6
6316,255362,18543,2026-10-12,High,Confirmed Fraud,18.9
6317,255373,49646,2026-12-25,High,Confirmed Fraud,7.7
6318,255405,4383,2025-02-10,High,Under Review,1.4
6319,255415,33710,2025-08-27,Medium,Confirmed Fraud,3.0
6320,255422,37600,2026-10-22,High,Confirmed Fraud,5.1
6321,255436,19867,2025-03-07,High,Confirmed Fraud,14.3
6322,255456,7471,2026-11-09,Medium,Under Review,7.1
6323,255521,26334,2026-12-06,Critical,Closed - No Fraud,2.8
6324,255551,14340,2026-05-27,Low,Confirmed Fraud,4.6
6325,255578,1481,2026-09-25,High,Confirmed Fraud,2.6
6326,255614,22268,2025-07-28,Medium,Confirmed Fraud,10.9
6327,255626,45803,2025-01-04,High,Confirmed Fraud,9.1
6328,255664,34225,2026-12-31,Medium,Confirmed Fraud,3.7
6329,255670,49627,2025-03-17,Medium,Confirmed Fraud,15.6
6330,255673,19542,2026-04-16,High,Confirmed Fraud,22.6
6331,255677,13307,2025-06-21,Low,False Positive,36.5
6332,255688,8346,2026-04-16,Critical,Confirmed Fraud,5.5
6333,255705,27108,2025-11-03,Medium,False Positive,9.7
6334,255711,27941,2025-04-18,Medium,Confirmed Fraud,18.3
6335,255718,32028,2026-01-15,High,Under Review,4.0
6336,255793,34118,2026-11-14,Low,Under Review,26.3
6337,255806,40620,2026-07-03,Medium,Closed - No Fraud,8.2
6338,255860,46356,2025-04-23,Critical,Confirmed Fraud,5.5
6339,255919,26870,2025-07-11,High,Confirmed Fraud,99.7
6340,255996,45137,2025-09-09,Medium,Confirmed Fraud,13.8
6341,255999,19183,2026-02-12,Medium,Confirmed Fraud,9.9
6342,256021,7947,2025-02-12,Medium,Confirmed Fraud,21.4
6343,256026,48593,2025-07-03,High,Confirmed Fraud,12.1
6344,256084,48800,2025-04-16,Critical,Closed - No Fraud,2.7
6345,256097,35980,2025-06-15,Critical,Confirmed Fraud,15.1
6346,256115,46990,2026-07-13,Critical,Confirmed Fraud,6.8
6347,256121,26817,2025-01-06,Medium,False Positive,43.5
6348,256181,5575,2026-11-28,Medium,Confirmed Fraud,6.1
6349,256187,44271,2026-10-17,Critical,Confirmed Fraud,17.0
6350,256192,48275,2026-06-25,High,Confirmed Fraud,16.2
6351,256232,13735,2026-12-19,Medium,Confirmed Fraud,24.6
6352,256248,44766,2026-11-09,High,Confirmed Fraud,9.8
6353,256258,1872,2026-11-21,Critical,Confirmed Fraud,14.8
6354,256273,21081,2025-12-29,Critical,Confirmed Fraud,7.0
6355,256274,32102,2025-03-31,High,False Positive,4.5
6356,256277,26751,2025-07-04,High,Confirmed Fraud,18.9
6357,256279,47613,2025-02-14,Medium,Confirmed Fraud,10.0
6358,256395,16545,2025-04-09,High,False Positive,10.9
6359,256440,15725,2025-01-09,Medium,Confirmed Fraud,18.8
6360,256441,25930,2025-10-31,Medium,Confirmed Fraud,23.6
6361,256467,46237,2025-01-31,Medium,Confirmed Fraud,15.3
6362,256527,31811,2025-01-08,Medium,Closed - No Fraud,36.9
6363,256541,47720,2026-06-21,Critical,False Positive,26.9
6364,256575,45263,2026-07-21,Medium,Closed - No Fraud,6.7
6365,256671,306,2025-08-03,Medium,Confirmed Fraud,5.5
6366,256705,13636,2025-02-03,Critical,False Positive,11.2
6367,256738,37347,2025-04-20,High,Closed - No Fraud,3.4
6368,256785,562,2026-02-11,Low,Confirmed Fraud,5.6
6369,256869,47428,2025-04-19,Low,Confirmed Fraud,5.4
6370,256879,26872,2026-11-24,Low,False Positive,25.2
6371,256963,20664,2025-09-05,Medium,Confirmed Fraud,7.8
6372,256971,47879,2026-09-25,Medium,Confirmed Fraud,2.0
6373,257091,10391,2026-01-02,High,Confirmed Fraud,9.6
6374,257120,3466,2025-02-01,Medium,Confirmed Fraud,6.2
6375,257193,49881,2025-06-10,Medium,Confirmed Fraud,28.6
6376,257321,46105,2026-06-01,Low,Confirmed Fraud,31.2
6377,257347,6754,2025-06-27,High,Confirmed Fraud,42.8
6378,257419,45547,2026-07-23,Medium,False Positive,55.0
6379,257423,20304,2025-07-19,Low,Confirmed Fraud,20.9
6380,257434,38010,2026-01-20,High,Confirmed Fraud,3.3
6381,257449,35898,2025-08-27,Low,Closed - No Fraud,3.5
6382,257482,19069,2025-01-03,Medium,Closed - No Fraud,2.4
6383,257590,42030,2025-07-04,Medium,Confirmed Fraud,12.9
6384,257665,13044,2025-10-02,Medium,Confirmed Fraud,5.0
6385,257678,35617,2026-05-29,Critical,Confirmed Fraud,1.0
6386,257707,36404,2026-08-09,Medium,Confirmed Fraud,10.0
6387,257768,47001,2025-09-24,Medium,Confirmed Fraud,9.4
6388,257780,18091,2026-03-28,Critical,Closed - No Fraud,10.3
6389,257807,22949,2026-03-16,Medium,Confirmed Fraud,3.7
6390,257808,26407,2025-08-16,High,Confirmed Fraud,12.0
6391,257818,12920,2025-01-08,Medium,False Positive,43.1
6392,257839,2001,2025-07-02,High,False Positive,70.4
6393,257851,20283,2025-09-02,Low,Confirmed Fraud,11.9
6394,257869,13287,2025-06-15,High,Confirmed Fraud,11.6
6395,257905,48355,2025-01-02,Medium,Confirmed Fraud,3.9
6396,257946,7016,2026-09-29,Medium,Under Review,18.1
6397,257965,45085,2026-11-21,Low,Under Review,6.2
6398,257983,22997,2026-01-12,Medium,Confirmed Fraud,22.1
6399,257991,18626,2026-03-10,High,Confirmed Fraud,1.6
6400,257992,5181,2025-09-30,Critical,Confirmed Fraud,7.5
6401,258026,47551,2026-02-24,High,Under Review,13.4
6402,258051,41385,2025-02-27,Medium,Confirmed Fraud,11.3
6403,258168,31180,2025-10-02,High,Under Review,9.2
6404,258182,27234,2025-05-11,Medium,Closed - No Fraud,5.3
6405,258245,35472,2025-09-30,Medium,Confirmed Fraud,21.2
6406,258249,41908,2025-07-18,Medium,Confirmed Fraud,10.4
6407,258316,1027,2026-04-21,Medium,Confirmed Fraud,10.3
6408,258319,45227,2026-10-09,Critical,Closed - No Fraud,44.7
6409,258335,39143,2026-08-05,Medium,Under Review,11.6
6410,258466,39035,2025-06-01,High,Confirmed Fraud,25.6
6411,258468,32366,2026-09-15,High,False Positive,15.8
6412,258497,22853,2026-07-05,High,Confirmed Fraud,10.6
6413,258620,30323,2025-03-06,Medium,Confirmed Fraud,4.6
6414,258662,46435,2025-11-22,High,Confirmed Fraud,14.1
6415,258675,26719,2026-03-21,High,Confirmed Fraud,8.9
6416,258946,15014,2026-01-06,Medium,Closed - No Fraud,11.3
6417,259028,14558,2026-05-03,Medium,Confirmed Fraud,4.5
6418,259057,29066,2026-09-23,High,Confirmed Fraud,24.4
6419,259060,4642,2026-03-15,Medium,Confirmed Fraud,12.5
6420,259066,47728,2025-04-10,Medium,Closed - No Fraud,3.8
6421,259098,23884,2026-09-06,High,Confirmed Fraud,7.6
6422,259100,7170,2025-06-06,Medium,Confirmed Fraud,5.9
6423,259115,30157,2026-08-10,Low,Confirmed Fraud,4.2
6424,259124,15254,2026-08-23,Critical,Confirmed Fraud,18.8
6425,259160,17352,2026-09-13,High,Confirmed Fraud,9.9
6426,259180,14152,2025-10-09,Low,Confirmed Fraud,48.3
6427,259207,46317,2025-06-16,High,Under Review,30.4
6428,259228,26785,2025-11-29,High,Confirmed Fraud,5.2
6429,259236,46860,2026-10-24,Medium,Confirmed Fraud,3.8
6430,259237,19486,2025-08-12,Medium,False Positive,9.4
6431,259271,45788,2025-01-15,High,Confirmed Fraud,8.5
6432,259349,46823,2025-11-09,High,False Positive,23.1
6433,259370,4939,2025-01-16,Low,Confirmed Fraud,14.2
6434,259390,11362,2026-10-28,Critical,Confirmed Fraud,4.2
6435,259423,25275,2025-09-29,Critical,Confirmed Fraud,5.5
6436,259517,22472,2025-04-22,Critical,Confirmed Fraud,17.9
6437,259521,37994,2025-09-07,Medium,Closed - No Fraud,6.3
6438,259528,34291,2026-06-07,High,Confirmed Fraud,27.1
6439,259555,15346,2025-02-16,Medium,False Positive,7.1
6440,259564,31047,2025-09-19,Low,Closed - No Fraud,34.2
6441,259593,44551,2026-08-22,Medium,Confirmed Fraud,10.3
6442,259620,26403,2025-01-13,Medium,Confirmed Fraud,12.5
6443,259823,44099,2026-12-17,Medium,Confirmed Fraud,6.2
6444,259841,8363,2025-11-26,High,Confirmed Fraud,8.8
6445,259885,337,2025-02-10,Critical,Confirmed Fraud,4.8
6446,259901,39492,2026-09-17,Critical,Confirmed Fraud,3.9
6447,260004,626,2026-10-27,High,Confirmed Fraud,5.4
6448,260023,33445,2026-06-04,Medium,Confirmed Fraud,7.0
6449,260166,22902,2025-02-11,High,Confirmed Fraud,10.8
6450,260169,8888,2025-11-11,Medium,Confirmed Fraud,4.6
6451,260191,23740,2025-08-07,Low,Under Review,41.0
6452,260238,9709,2025-06-05,High,Confirmed Fraud,10.7
6453,260291,5163,2026-05-29,High,Under Review,9.6
6454,260297,19891,2026-10-31,Low,Closed - No Fraud,20.1
6455,260342,17548,2026-06-25,High,Confirmed Fraud,12.3
6456,260356,45097,2026-05-24,Medium,Confirmed Fraud,11.7
6457,260369,44294,2026-03-03,Low,Closed - No Fraud,50.4
6458,260403,21855,2025-01-01,High,False Positive,3.6
6459,260419,21826,2025-03-11,High,Under Review,12.5
6460,260441,19551,2025-10-04,High,False Positive,41.9
6461,260562,43155,2026-05-01,Medium,Closed - No Fraud,13.3
6462,260576,16552,2025-03-14,Medium,Confirmed Fraud,11.3
6463,260591,33126,2026-02-20,Medium,Under Review,3.8
6464,260654,31207,2025-01-22,High,Under Review,8.0
6465,260682,8421,2026-11-20,Low,Confirmed Fraud,19.2
6466,260688,44210,2025-12-22,High,Under Review,8.5
6467,260778,2023,2026-11-15,Medium,False Positive,8.5
6468,260804,20581,2025-08-11,High,Confirmed Fraud,5.8
6469,260822,31407,2025-11-01,Medium,False Positive,10.7
6470,260877,29913,2025-10-07,Medium,Confirmed Fraud,52.1
6471,260927,48382,2025-01-09,Medium,Confirmed Fraud,25.1
6472,261027,19877,2025-08-18,Medium,Confirmed Fraud,12.1
6473,261107,40334,2025-10-08,Medium,Confirmed Fraud,6.3
6474,261118,23732,2026-06-25,Critical,Closed - No Fraud,14.1
6475,261159,21309,2025-05-20,Low,Confirmed Fraud,21.5
6476,261194,40312,2025-07-27,Low,Under Review,5.3
6477,261208,12087,2025-05-13,Critical,Confirmed Fraud,13.3
6478,261220,22803,2025-11-10,Medium,False Positive,19.2
6479,261248,17028,2025-07-21,High,Confirmed Fraud,29.9
6480,261267,24340,2026-03-03,High,Confirmed Fraud,19.4
6481,261338,39885,2025-12-01,High,Confirmed Fraud,15.1
6482,261369,39375,2026-01-13,High,Confirmed Fraud,12.6
6483,261370,29858,2025-10-23,Low,Under Review,9.0
6484,261411,49098,2026-03-23,Low,Confirmed Fraud,15.1
6485,261444,10445,2025-06-17,Medium,Confirmed Fraud,9.9
6486,261455,46819,2025-09-14,Medium,Under Review,78.9
6487,261479,30132,2026-03-15,High,Confirmed Fraud,13.2
6488,261510,17419,2025-08-11,High,Under Review,8.8
6489,261519,24967,2025-12-27,High,Confirmed Fraud,79.8
6490,261533,23070,2026-06-09,Critical,Confirmed Fraud,20.5
6491,261563,17504,2025-03-07,Critical,Confirmed Fraud,60.4
6492,261580,22532,2026-12-18,Low,Confirmed Fraud,17.8
6493,261583,19052,2025-10-03,Medium,Confirmed Fraud,25.8
6494,261655,29178,2025-02-23,Medium,Closed - No Fraud,6.6
6495,261708,30326,2025-07-13,Critical,Confirmed Fraud,10.4
6496,261750,32407,2025-01-31,Medium,Confirmed Fraud,7.6
6497,261752,38609,2026-04-19,Medium,Confirmed Fraud,35.9
6498,261779,18751,2025-07-27,Medium,Confirmed Fraud,3.7
6499,261782,29664,2025-03-02,High,Confirmed Fraud,18.3
6500,261783,38619,2026-03-17,Critical,Closed - No Fraud,32.2
6501,261806,33302,2026-01-18,Critical,Confirmed Fraud,10.0
6502,261826,13268,2025-03-11,Medium,Confirmed Fraud,12.2
6503,261832,1921,2026-10-10,Low,Under Review,9.5
6504,261882,12534,2025-07-23,Medium,Confirmed Fraud,3.3
6505,261897,45179,2026-10-07,High,Confirmed Fraud,8.0
6506,262019,25379,2025-07-20,High,Confirmed Fraud,11.9
6507,262070,41807,2026-08-22,Critical,False Positive,47.2
6508,262110,42654,2025-04-02,Low,Under Review,14.6
6509,262121,16920,2025-05-01,Critical,Confirmed Fraud,7.6
6510,262158,41596,2026-12-25,Low,False Positive,9.2
6511,262252,47945,2026-04-15,Critical,Under Review,21.1
6512,262253,1735,2025-09-28,Low,Confirmed Fraud,6.0
6513,262263,9563,2026-03-23,High,False Positive,9.5
6514,262326,26998,2025-09-13,High,Closed - No Fraud,6.1
6515,262356,1701,2026-04-28,Low,Confirmed Fraud,8.2
6516,262412,41149,2025-04-29,Low,Confirmed Fraud,3.4
6517,262416,30989,2026-02-10,Critical,Closed - No Fraud,16.2
6518,262452,12645,2026-02-09,Critical,Confirmed Fraud,9.0
6519,262477,18435,2025-02-08,High,Confirmed Fraud,9.0
6520,262501,8213,2026-12-29,Low,Confirmed Fraud,11.3
6521,262521,28351,2026-08-05,Medium,Confirmed Fraud,13.5
6522,262526,1558,2026-11-12,Medium,Confirmed Fraud,16.9
6523,262625,1110,2026-10-26,Low,Confirmed Fraud,10.7
6524,262659,40598,2026-11-14,Low,Closed - No Fraud,13.6
6525,262688,49266,2026-12-24,High,Confirmed Fraud,21.7
6526,262732,6960,2026-04-15,Medium,Confirmed Fraud,29.7
6527,262738,1910,2025-10-13,Medium,Closed - No Fraud,7.4
6528,262787,9914,2026-12-31,High,Confirmed Fraud,18.7
6529,262825,16901,2025-06-20,Critical,Closed - No Fraud,3.6
6530,262851,16415,2025-05-26,High,Confirmed Fraud,5.3
6531,262854,32237,2025-06-23,High,Confirmed Fraud,26.7
6532,262882,12161,2025-06-10,High,False Positive,4.0
6533,262886,11783,2025-07-06,Critical,False Positive,7.1
6534,262920,22336,2025-09-15,Medium,Under Review,9.2
6535,263025,38296,2025-01-06,Low,Confirmed Fraud,18.6
6536,263203,29509,2026-10-05,Medium,Confirmed Fraud,38.2
6537,263379,8392,2026-05-02,High,Confirmed Fraud,24.1
6538,263427,11658,2025-02-16,Critical,Confirmed Fraud,19.1
6539,263461,2852,2026-09-04,Medium,Confirmed Fraud,46.3
6540,263477,26981,2025-09-20,Low,Confirmed Fraud,2.9
6541,263504,21564,2025-11-18,Medium,Closed - No Fraud,27.8
6542,263517,31330,2025-06-16,Low,Under Review,9.2
6543,263558,35336,2025-04-10,High,Closed - No Fraud,12.9
6544,263567,36575,2026-07-04,Medium,Confirmed Fraud,14.0
6545,263569,32084,2025-01-06,Medium,Confirmed Fraud,36.3
6546,263570,12858,2025-05-14,High,Confirmed Fraud,2.6
6547,263579,11592,2025-02-18,Critical,Confirmed Fraud,20.1
6548,263626,9720,2025-08-17,High,Confirmed Fraud,5.8
6549,263713,16764,2025-10-10,High,Confirmed Fraud,11.1
6550,263729,34549,2025-03-28,High,Under Review,8.3
6551,263734,40080,2026-03-02,High,Confirmed Fraud,7.7
6552,263827,44862,2025-01-04,Medium,Confirmed Fraud,5.6
6553,263882,10213,2025-01-22,Low,Closed - No Fraud,27.6
6554,263901,32183,2026-11-25,Low,Under Review,10.9
6555,263938,4990,2025-03-02,High,Confirmed Fraud,8.8
6556,263980,14853,2025-10-12,Medium,Confirmed Fraud,8.1
6557,263982,7022,2025-09-29,High,Confirmed Fraud,15.0
6558,264021,49898,2025-08-04,High,Confirmed Fraud,11.1
6559,264070,19466,2026-06-14,Medium,Confirmed Fraud,3.2
6560,264103,19828,2026-07-23,Medium,False Positive,10.6
6561,264145,4047,2025-11-01,Medium,False Positive,9.6
6562,264182,174,2025-04-24,Medium,Confirmed Fraud,9.5
6563,264188,47147,2025-02-16,Critical,Confirmed Fraud,8.5
6564,264231,14600,2025-08-19,High,False Positive,2.2
6565,264341,31221,2025-01-04,Low,Confirmed Fraud,15.0
6566,264359,32115,2026-03-25,Critical,Under Review,16.5
6567,264471,39722,2026-11-27,Medium,Confirmed Fraud,88.4
6568,264526,17853,2026-12-27,Low,Confirmed Fraud,7.7
6569,264603,19197,2026-01-27,Low,Under Review,20.3
6570,264629,37310,2025-12-18,High,Confirmed Fraud,5.5
6571,264633,22983,2025-05-10,Medium,Confirmed Fraud,9.3
6572,264650,18193,2025-07-20,Critical,Confirmed Fraud,11.8
6573,264714,24965,2026-02-21,High,Confirmed Fraud,8.9
6574,264736,6397,2026-10-27,High,Confirmed Fraud,5.4
6575,264741,40857,2026-05-22,Medium,Confirmed Fraud,5.5
6576,264829,17264,2025-03-18,Medium,Under Review,11.2
6577,264844,4688,2025-11-01,Critical,Confirmed Fraud,35.1
6578,264916,42427,2026-12-22,High,Under Review,8.5
6579,265076,17735,2026-10-11,Medium,Confirmed Fraud,10.1
6580,265131,27228,2026-06-16,Medium,False Positive,39.9
6581,265157,48299,2026-03-24,High,Confirmed Fraud,3.6
6582,265160,21261,2025-01-10,High,Under Review,12.3
6583,265162,20406,2025-02-05,High,Closed - No Fraud,26.3
6584,265165,23492,2025-06-26,High,Confirmed Fraud,12.0
6585,265179,8792,2025-08-18,Medium,Closed - No Fraud,13.0
6586,265208,28996,2026-08-06,High,Under Review,5.2
6587,265210,47012,2025-03-14,High,Confirmed Fraud,41.7
6588,265213,16068,2026-09-30,Medium,Confirmed Fraud,3.0
6589,265231,46708,2026-11-22,High,Confirmed Fraud,5.2
6590,265252,31992,2026-11-21,Medium,Confirmed Fraud,15.0
6591,265297,9174,2025-10-05,Low,Under Review,16.8
6592,265316,37591,2026-09-29,Low,Confirmed Fraud,6.3
6593,265363,1432,2025-05-28,Critical,Confirmed Fraud,5.1
6594,265431,16101,2025-08-16,High,Confirmed Fraud,15.7
6595,265452,12488,2025-01-19,Medium,Confirmed Fraud,14.7
6596,265505,40036,2025-09-17,Medium,Confirmed Fraud,3.2
6597,265583,156,2025-01-19,Medium,Confirmed Fraud,12.1
6598,265605,5785,2025-06-08,High,False Positive,23.9
6599,265609,5151,2025-09-27,Medium,Confirmed Fraud,13.3
6600,265621,4753,2026-07-30,Critical,Under Review,8.2
6601,265626,32330,2025-04-11,Medium,Confirmed Fraud,9.5
6602,265629,7462,2026-09-28,Medium,Closed - No Fraud,20.4
6603,265631,35513,2025-01-19,Medium,False Positive,3.2
6604,265656,8719,2025-02-05,High,Confirmed Fraud,24.9
6605,265719,134,2025-11-10,Critical,False Positive,45.8
6606,265754,28559,2025-03-29,Critical,Confirmed Fraud,18.7
6607,265779,13472,2026-02-26,High,Closed - No Fraud,6.9
6608,265780,14490,2025-09-26,Critical,Confirmed Fraud,2.8
6609,265782,29113,2025-01-01,High,Confirmed Fraud,5.7
6610,265826,34802,2026-03-17,Critical,Confirmed Fraud,11.3
6611,265834,45246,2025-08-25,Medium,Confirmed Fraud,5.4
6612,265862,22596,2025-07-20,Medium,Confirmed Fraud,4.4
6613,265880,10227,2025-02-27,High,Confirmed Fraud,42.9
6614,265887,9679,2025-07-24,High,Confirmed Fraud,26.0
6615,265917,9630,2025-03-25,Critical,Closed - No Fraud,13.7
6616,265925,5768,2026-08-30,Medium,Confirmed Fraud,9.5
6617,265944,2321,2025-11-09,High,Confirmed Fraud,13.1
6618,265948,3647,2026-06-30,Critical,Closed - No Fraud,12.7
6619,265952,923,2026-10-13,Low,Confirmed Fraud,11.2
6620,266123,43815,2026-01-19,High,Confirmed Fraud,3.7
6621,266170,38659,2026-04-30,High,Closed - No Fraud,13.9
6622,266176,9201,2025-05-07,Critical,Confirmed Fraud,26.7
6623,266184,26571,2026-03-26,Medium,Confirmed Fraud,30.1
6624,266219,30407,2025-06-05,Medium,Confirmed Fraud,9.3
6625,266233,7739,2026-05-25,High,Confirmed Fraud,13.4
6626,266237,23050,2025-01-09,Medium,Confirmed Fraud,4.5
6627,266401,31793,2026-11-12,High,Confirmed Fraud,12.5
6628,266406,18557,2026-04-30,Medium,Confirmed Fraud,21.5
6629,266432,24535,2025-03-08,Low,Closed - No Fraud,15.7
6630,266449,40927,2025-07-12,Low,False Positive,3.6
6631,266455,13948,2026-07-10,Low,Confirmed Fraud,7.9
6632,266468,26829,2025-04-11,Low,Under Review,12.3
6633,266492,19155,2026-01-14,Critical,Confirmed Fraud,6.6
6634,266527,33502,2025-06-12,High,Confirmed Fraud,15.5
6635,266543,12641,2025-10-23,Medium,Confirmed Fraud,6.1
6636,266574,29262,2026-10-06,Critical,Confirmed Fraud,10.2
6637,266590,43570,2026-11-27,Medium,Confirmed Fraud,13.9
6638,266770,45273,2026-06-22,Medium,Confirmed Fraud,14.1
6639,266791,27602,2026-04-20,Medium,Confirmed Fraud,6.5
6640,266837,45877,2025-02-18,Low,Closed - No Fraud,14.3
6641,266869,26080,2025-03-26,Medium,Confirmed Fraud,17.9
6642,266967,14425,2025-08-11,High,Confirmed Fraud,38.6
6643,266970,5926,2026-07-10,High,Under Review,8.9
6644,267009,10339,2025-11-21,Low,Confirmed Fraud,26.1
6645,267028,49980,2025-09-06,Low,Confirmed Fraud,9.4
6646,267064,49377,2026-02-20,Low,False Positive,12.5
6647,267079,44555,2026-02-05,High,Confirmed Fraud,1.7
6648,267100,8172,2025-07-10,Medium,Confirmed Fraud,10.2
6649,267169,28777,2026-12-11,High,Confirmed Fraud,5.6
6650,267224,5958,2025-01-25,Low,Confirmed Fraud,8.1
6651,267228,30152,2025-05-31,High,Confirmed Fraud,19.1
6652,267309,2879,2026-12-27,High,Confirmed Fraud,8.8
6653,267317,13666,2025-06-15,Critical,Confirmed Fraud,22.8
6654,267326,11912,2025-04-25,Medium,Confirmed Fraud,7.6
6655,267362,32071,2025-11-08,Medium,Confirmed Fraud,9.0
6656,267410,34699,2026-04-27,High,Confirmed Fraud,9.9
6657,267425,19236,2026-07-27,Medium,Under Review,20.9
6658,267523,8115,2025-03-28,Medium,Confirmed Fraud,2.9
6659,267641,49221,2025-08-09,High,Confirmed Fraud,13.1
6660,267659,46088,2025-05-22,Medium,Closed - No Fraud,7.7
6661,267669,35273,2025-04-11,High,Confirmed Fraud,6.2
6662,267718,46811,2025-04-27,High,Confirmed Fraud,17.0
6663,267730,35048,2025-08-01,Medium,Confirmed Fraud,5.4
6664,267738,19632,2026-06-13,Medium,Confirmed Fraud,5.8
6665,267765,46538,2026-02-13,Medium,False Positive,2.8
6666,267792,23544,2026-05-12,Low,Confirmed Fraud,20.6
6667,267799,43603,2026-02-13,Medium,Confirmed Fraud,8.0
6668,267820,30516,2025-12-29,Medium,Confirmed Fraud,2.2
6669,267864,25446,2025-03-25,Low,Confirmed Fraud,15.2
6670,267874,31015,2025-09-05,Medium,Confirmed Fraud,27.9
6671,267891,22018,2025-05-11,Critical,Confirmed Fraud,14.8
6672,268005,5367,2025-01-24,Medium,Confirmed Fraud,3.2
6673,268018,44870,2026-05-07,Low,Confirmed Fraud,15.9
6674,268058,28925,2026-02-04,High,Confirmed Fraud,24.3
6675,268104,25565,2026-12-20,Medium,Closed - No Fraud,9.9
6676,268126,2832,2026-09-14,Low,Confirmed Fraud,6.0
6677,268150,44091,2026-07-09,Medium,Confirmed Fraud,12.6
6678,268228,29101,2025-01-26,Low,False Positive,8.0
6679,268269,700,2025-03-06,High,Confirmed Fraud,10.3
6680,268281,13155,2025-06-11,High,Confirmed Fraud,17.0
6681,268332,5418,2026-06-23,High,Confirmed Fraud,11.7
6682,268345,25050,2026-03-26,High,False Positive,17.5
6683,268353,4796,2025-02-28,High,Confirmed Fraud,6.7
6684,268366,41209,2026-12-13,Medium,Confirmed Fraud,8.4
6685,268383,48801,2026-10-11,Critical,Confirmed Fraud,4.1
6686,268447,41819,2025-01-17,Medium,Confirmed Fraud,30.2
6687,268488,8635,2026-06-16,High,Confirmed Fraud,12.0
6688,268519,49785,2025-07-19,High,Confirmed Fraud,17.3
6689,268527,3112,2025-03-22,High,Confirmed Fraud,8.0
6690,268537,27512,2025-07-15,High,Closed - No Fraud,31.1
6691,268590,8916,2025-06-17,Medium,Confirmed Fraud,12.2
6692,268593,24272,2026-03-17,High,Closed - No Fraud,5.3
6693,268620,30838,2026-08-09,Low,Confirmed Fraud,4.4
6694,268708,47489,2025-08-03,Medium,Confirmed Fraud,44.5
6695,268766,17469,2026-02-09,Critical,Confirmed Fraud,3.7
6696,268829,35932,2026-03-06,High,Confirmed Fraud,6.2
6697,268850,34141,2026-10-13,High,Confirmed Fraud,5.7
6698,268892,29630,2025-02-18,Medium,Under Review,30.8
6699,268895,852,2025-05-06,Medium,False Positive,12.9
6700,268952,49454,2026-02-21,Critical,Confirmed Fraud,11.0
6701,269023,1941,2025-06-28,Medium,Confirmed Fraud,12.4
6702,269051,16001,2025-12-31,Medium,Confirmed Fraud,4.1
6703,269067,36579,2025-10-02,High,Confirmed Fraud,4.4
6704,269071,6803,2025-11-08,High,Confirmed Fraud,16.2
6705,269121,1293,2026-10-12,Medium,Closed - No Fraud,6.7
6706,269202,13937,2026-04-01,High,Confirmed Fraud,9.7
6707,269239,25372,2026-04-29,Medium,Closed - No Fraud,20.0
6708,269252,30858,2026-01-21,Medium,False Positive,45.7
6709,269298,18400,2025-01-09,Medium,Confirmed Fraud,13.5
6710,269304,10490,2026-03-16,Medium,Confirmed Fraud,7.0
6711,269318,30046,2025-05-20,High,Confirmed Fraud,46.3
6712,269469,33065,2025-11-27,Critical,Confirmed Fraud,11.8
6713,269509,2118,2026-12-27,Medium,Confirmed Fraud,15.6
6714,269567,39745,2026-11-22,High,False Positive,13.3
6715,269579,12382,2025-11-01,High,False Positive,8.8
6716,269647,7456,2026-11-19,Low,Confirmed Fraud,10.2
6717,269648,24147,2025-01-03,Medium,Confirmed Fraud,7.9
6718,269661,41434,2025-03-05,Critical,Confirmed Fraud,7.4
6719,269688,9520,2025-03-03,High,Confirmed Fraud,7.0
6720,269691,39339,2025-04-02,Medium,Confirmed Fraud,21.1
6721,269707,49388,2025-02-08,Low,Confirmed Fraud,7.3
6722,269711,4985,2025-02-18,Medium,Closed - No Fraud,22.2
6723,269722,31523,2026-08-14,Medium,Closed - No Fraud,7.2
6724,269728,36218,2025-03-22,Medium,Under Review,5.9
6725,269729,14494,2025-08-23,Low,Confirmed Fraud,13.6
6726,269754,36889,2026-02-20,Medium,Under Review,9.0
6727,269805,7078,2026-12-26,High,Confirmed Fraud,6.2
6728,269811,34477,2025-12-26,Medium,Confirmed Fraud,62.8
6729,269831,2919,2026-01-13,Low,Confirmed Fraud,23.5
6730,269837,13895,2025-10-04,High,Confirmed Fraud,9.2
6731,269901,20850,2026-06-08,Medium,False Positive,15.5
6732,270033,9853,2026-05-05,Medium,Confirmed Fraud,3.1
6733,270058,9516,2025-01-22,High,Confirmed Fraud,10.0
6734,270088,37400,2026-05-02,Low,Confirmed Fraud,17.1
6735,270093,48107,2026-10-01,High,Under Review,12.4
6736,270123,3955,2025-04-02,Critical,False Positive,14.5
6737,270186,3082,2025-01-31,Critical,Confirmed Fraud,9.5
6738,270212,44901,2025-08-18,High,Confirmed Fraud,10.7
6739,270236,20828,2025-03-16,Medium,Confirmed Fraud,7.0
6740,270291,12208,2026-08-25,High,Under Review,16.2
6741,270327,23678,2026-03-15,Medium,Closed - No Fraud,4.2
6742,270330,9076,2026-12-24,High,False Positive,10.3
6743,270379,23929,2025-04-24,Low,Confirmed Fraud,18.0
6744,270450,10231,2026-05-03,High,Confirmed Fraud,29.5
6745,270463,24709,2025-04-05,Critical,Confirmed Fraud,9.4
6746,270564,16699,2026-01-22,Medium,Closed - No Fraud,15.3
6747,270582,42009,2025-10-03,Critical,Confirmed Fraud,6.7
6748,270667,9418,2026-12-28,High,Confirmed Fraud,4.6
6749,270742,20263,2025-08-15,High,Confirmed Fraud,23.5
6750,270771,27059,2025-10-09,Medium,Confirmed Fraud,10.5
6751,270819,28413,2026-07-31,Medium,False Positive,11.3
6752,270831,8776,2025-08-20,High,Confirmed Fraud,3.2
6753,270997,11760,2025-04-04,Medium,Confirmed Fraud,3.4
6754,271107,10327,2025-07-29,Medium,False Positive,14.4
6755,271145,46386,2026-11-19,High,Confirmed Fraud,8.4
6756,271161,45395,2025-10-02,High,Confirmed Fraud,4.5
6757,271188,535,2026-01-11,Medium,False Positive,23.3
6758,271246,45554,2026-01-26,High,Confirmed Fraud,80.0
6759,271292,15109,2026-04-11,Medium,Confirmed Fraud,14.9
6760,271387,43807,2026-10-17,High,Confirmed Fraud,2.5
6761,271433,36082,2026-06-24,Medium,Closed - No Fraud,3.7
6762,271459,15492,2026-09-01,High,Closed - No Fraud,3.9
6763,271460,49657,2025-07-31,Critical,Closed - No Fraud,10.2
6764,271536,47169,2026-02-28,High,Confirmed Fraud,4.7
6765,271582,25570,2026-07-19,High,False Positive,16.0
6766,271596,10950,2025-05-03,Medium,Closed - No Fraud,1.6
6767,271664,3610,2025-06-03,High,Confirmed Fraud,5.9
6768,271702,37873,2025-04-27,High,Confirmed Fraud,11.4
6769,271729,21463,2025-06-27,Medium,Confirmed Fraud,47.4
6770,271759,41285,2026-05-24,Medium,Confirmed Fraud,7.1
6771,271795,8899,2026-01-15,Medium,Confirmed Fraud,2.8
6772,271809,35855,2025-11-15,High,Under Review,28.1
6773,271859,40116,2026-11-27,High,Confirmed Fraud,27.4
6774,271892,6902,2026-02-20,High,False Positive,11.8
6775,271934,41563,2025-11-23,High,Confirmed Fraud,21.4
6776,272015,38443,2025-02-05,Medium,Closed - No Fraud,8.2
6777,272029,13280,2025-08-30,Medium,Confirmed Fraud,4.1
6778,272036,44467,2025-06-02,Low,Confirmed Fraud,6.9
6779,272045,32976,2025-04-15,High,Confirmed Fraud,23.2
6780,272065,49302,2025-06-23,High,False Positive,14.2
6781,272103,26930,2026-11-20,Medium,Confirmed Fraud,24.1
6782,272110,5189,2026-07-12,High,Closed - No Fraud,5.6
6783,272111,32135,2025-08-10,High,Confirmed Fraud,18.8
6784,272132,14745,2025-08-20,High,False Positive,13.4
6785,272220,12262,2025-07-30,Low,Confirmed Fraud,10.7
6786,272263,27619,2025-11-11,Medium,Confirmed Fraud,8.4
6787,272268,38006,2025-06-08,Low,Confirmed Fraud,6.3
6788,272296,18150,2026-05-22,High,Confirmed Fraud,31.2
6789,272332,28722,2026-10-07,Medium,Confirmed Fraud,2.7
6790,272355,26900,2026-06-29,Medium,False Positive,14.7
6791,272393,47943,2026-08-10,High,False Positive,11.4
6792,272449,8733,2025-02-11,Low,Confirmed Fraud,22.0
6793,272454,36550,2025-01-17,High,Confirmed Fraud,6.5
6794,272474,18175,2025-02-07,Medium,Confirmed Fraud,13.9
6795,272514,22993,2025-08-25,Critical,Confirmed Fraud,12.1
6796,272548,11862,2025-02-01,Low,Confirmed Fraud,7.5
6797,272613,3510,2025-05-08,Low,Under Review,9.9
6798,272623,40098,2025-02-05,High,Closed - No Fraud,2.5
6799,272636,11931,2025-05-22,Medium,Confirmed Fraud,9.4
6800,272686,44560,2026-04-17,Critical,Confirmed Fraud,66.1
6801,272694,28198,2025-09-27,Critical,Under Review,13.7
6802,272752,17947,2025-11-01,Critical,Confirmed Fraud,61.1
6803,272809,40953,2025-01-07,Low,False Positive,7.0
6804,272889,7947,2026-06-09,High,Confirmed Fraud,4.4
6805,272908,47193,2025-09-14,Critical,Confirmed Fraud,9.4
6806,272923,48074,2025-11-02,Medium,Confirmed Fraud,6.6
6807,272954,45506,2025-11-15,High,Confirmed Fraud,10.1
6808,273092,14493,2025-01-16,Critical,Under Review,14.4
6809,273099,9698,2025-04-26,Low,Confirmed Fraud,33.3
6810,273151,30794,2025-07-30,High,Confirmed Fraud,8.5
6811,273159,15694,2025-06-02,Medium,Confirmed Fraud,8.1
6812,273213,7835,2026-05-07,Medium,Confirmed Fraud,5.9
6813,273236,17744,2025-05-26,Medium,Closed - No Fraud,4.0
6814,273250,28387,2026-02-22,Medium,Closed - No Fraud,46.0
6815,273269,22247,2026-12-27,High,Confirmed Fraud,8.4
6816,273277,43541,2025-12-17,Medium,Confirmed Fraud,38.3
6817,273285,7172,2025-12-25,High,Closed - No Fraud,3.8
6818,273304,2162,2026-02-06,Medium,Under Review,4.6
6819,273310,4162,2025-08-01,Critical,Confirmed Fraud,7.9
6820,273317,48803,2025-04-05,Low,Confirmed Fraud,4.3
6821,273440,39105,2025-08-21,Low,Confirmed Fraud,12.0
6822,273458,39671,2026-10-29,High,Confirmed Fraud,7.6
6823,273554,27121,2025-01-08,Critical,Confirmed Fraud,7.0
6824,273571,4847,2026-01-16,High,Confirmed Fraud,5.4
6825,273573,3733,2026-01-23,High,Confirmed Fraud,5.4
6826,273597,2135,2026-07-23,Medium,Confirmed Fraud,5.2
6827,273624,22854,2026-12-25,Critical,Confirmed Fraud,5.8
6828,273668,11048,2026-12-02,Critical,Confirmed Fraud,6.5
6829,273669,31256,2025-04-21,Medium,False Positive,22.0
6830,273691,13370,2026-07-13,Low,Confirmed Fraud,10.5
6831,273773,19232,2026-08-16,High,Under Review,41.0
6832,273784,6262,2026-01-29,Low,Confirmed Fraud,7.7
6833,273868,45165,2026-08-28,Critical,False Positive,7.5
6834,273917,38837,2025-04-28,High,Confirmed Fraud,10.0
6835,273918,7065,2025-02-27,Critical,Confirmed Fraud,36.4
6836,273927,7387,2026-12-21,Critical,Confirmed Fraud,3.2
6837,273963,12922,2026-12-07,High,Confirmed Fraud,10.6
6838,274007,31715,2025-06-05,Medium,Confirmed Fraud,4.8
6839,274134,7981,2025-04-30,High,Confirmed Fraud,18.7
6840,274173,16512,2026-10-15,Medium,Confirmed Fraud,10.5
6841,274249,34678,2026-07-20,Low,Confirmed Fraud,8.5
6842,274288,42490,2025-12-16,Medium,Confirmed Fraud,6.5
6843,274309,43498,2026-04-26,Medium,False Positive,33.7
6844,274370,28904,2026-07-18,Medium,Confirmed Fraud,4.1
6845,274428,4166,2025-03-21,Critical,Confirmed Fraud,16.1
6846,274449,40788,2025-09-08,Low,Confirmed Fraud,5.1
6847,274603,44082,2025-05-20,High,Confirmed Fraud,19.1
6848,274607,46728,2025-11-25,High,Confirmed Fraud,3.4
6849,274641,36521,2025-03-21,Critical,False Positive,6.8
6850,274695,7630,2026-09-01,Critical,Confirmed Fraud,8.9
6851,274812,14990,2025-02-08,Medium,Confirmed Fraud,18.9
6852,274818,36032,2025-06-27,High,Closed - No Fraud,10.0
6853,274991,617,2026-05-13,Critical,Confirmed Fraud,2.2
6854,275040,36230,2025-02-03,Critical,Confirmed Fraud,6.9
6855,275066,33888,2025-11-26,High,Confirmed Fraud,10.8
6856,275084,22767,2026-06-25,Medium,Closed - No Fraud,16.5
6857,275087,21156,2025-04-26,Medium,Confirmed Fraud,12.9
6858,275120,22343,2025-11-25,Medium,Confirmed Fraud,37.5
6859,275133,32889,2025-11-23,Low,Confirmed Fraud,13.5
6860,275167,33040,2025-03-30,Low,Under Review,14.9
6861,275185,49805,2025-05-25,Medium,Confirmed Fraud,23.7
6862,275201,29778,2025-03-26,High,Closed - No Fraud,11.0
6863,275268,15414,2025-07-05,Low,Confirmed Fraud,5.9
6864,275289,2222,2025-03-31,High,Under Review,3.1
6865,275299,26945,2025-02-25,High,Confirmed Fraud,47.9
6866,275314,14231,2025-06-10,Medium,Confirmed Fraud,15.6
6867,275361,6804,2026-08-08,High,Confirmed Fraud,12.0
6868,275435,26436,2025-01-31,High,Closed - No Fraud,25.3
6869,275448,22017,2025-03-16,Critical,Closed - No Fraud,34.0
6870,275472,32593,2025-02-06,Low,Confirmed Fraud,7.7
6871,275502,4915,2025-03-24,High,Closed - No Fraud,9.5
6872,275649,17311,2026-05-03,Medium,Confirmed Fraud,15.3
6873,275656,3706,2025-01-08,High,Confirmed Fraud,7.4
6874,275692,30960,2026-01-26,Medium,Confirmed Fraud,12.4
6875,275719,3152,2026-05-03,High,False Positive,20.3
6876,275742,11513,2026-08-18,High,Closed - No Fraud,40.0
6877,275745,19855,2025-10-13,High,Confirmed Fraud,13.2
6878,275991,4312,2026-08-17,Medium,Confirmed Fraud,7.8
6879,275993,37288,2025-12-03,High,Confirmed Fraud,8.5
6880,276000,16318,2026-02-19,Medium,Closed - No Fraud,5.8
6881,276005,27393,2025-02-05,High,Closed - No Fraud,13.4
6882,276051,28136,2026-12-07,Low,Confirmed Fraud,24.2
6883,276262,16485,2025-05-12,Critical,Under Review,56.6
6884,276290,47395,2026-11-26,High,Confirmed Fraud,8.0
6885,276316,11963,2026-12-10,Critical,Closed - No Fraud,11.6
6886,276378,14256,2026-12-30,Medium,Confirmed Fraud,6.5
6887,276401,45461,2025-12-18,Medium,False Positive,16.4
6888,276490,13316,2025-11-13,High,Confirmed Fraud,5.8
6889,276493,6419,2026-05-02,Medium,Confirmed Fraud,5.3
6890,276533,7109,2025-04-24,Low,Confirmed Fraud,4.3
6891,276543,34543,2026-06-05,Medium,Closed - No Fraud,13.0
6892,276552,17076,2025-09-29,Critical,Confirmed Fraud,53.0
6893,276614,28672,2026-08-31,Critical,Confirmed Fraud,14.9
6894,276621,49674,2026-02-12,High,Confirmed Fraud,11.4
6895,276635,46165,2025-04-19,Low,Confirmed Fraud,23.6
6896,276692,32310,2025-11-13,High,Closed - No Fraud,34.4
6897,276711,11609,2026-08-23,Low,Confirmed Fraud,23.2
6898,276760,5484,2025-04-21,High,Under Review,34.0
6899,276811,34448,2025-04-08,Critical,Closed - No Fraud,9.5
6900,276841,3259,2026-09-06,Critical,Confirmed Fraud,7.0
6901,276852,34489,2025-05-31,Critical,Closed - No Fraud,27.0
6902,276853,29933,2025-12-25,Medium,Confirmed Fraud,7.2
6903,276885,13497,2025-06-09,Medium,Confirmed Fraud,7.9
6904,276957,16124,2026-06-07,Medium,False Positive,5.9
6905,276969,24502,2025-04-24,Medium,Under Review,3.9
6906,276979,17033,2025-02-18,High,Confirmed Fraud,4.3
6907,276992,39484,2026-02-03,Medium,Under Review,14.3
6908,277077,6481,2025-05-12,Low,Confirmed Fraud,15.2
6909,277131,29709,2026-04-17,Medium,Under Review,11.7
6910,277206,21602,2026-03-27,Medium,False Positive,6.3
6911,277207,45580,2025-05-19,High,Confirmed Fraud,5.8
6912,277254,32397,2025-03-17,Medium,Confirmed Fraud,5.3
6913,277277,43031,2026-05-07,Critical,Confirmed Fraud,5.9
6914,277307,28491,2026-12-24,Critical,Confirmed Fraud,36.0
6915,277416,1756,2025-09-13,Critical,Confirmed Fraud,5.1
6916,277558,36450,2025-10-25,Critical,Confirmed Fraud,17.0
6917,277573,37249,2025-03-29,High,Confirmed Fraud,5.6
6918,277591,26067,2026-03-11,Medium,Confirmed Fraud,6.7
6919,277598,15760,2025-09-19,Medium,Confirmed Fraud,9.3
6920,277599,18460,2025-12-28,High,False Positive,14.9
6921,277721,17191,2025-01-07,High,Confirmed Fraud,16.8
6922,277736,21144,2026-11-02,Critical,Closed - No Fraud,9.8
6923,277789,37896,2025-07-31,Medium,Confirmed Fraud,3.4
6924,277844,2768,2026-05-28,Medium,Confirmed Fraud,7.5
6925,277856,47973,2025-05-03,Medium,Confirmed Fraud,10.9
6926,277895,33741,2026-09-14,High,Closed - No Fraud,29.5
6927,277918,20344,2026-12-31,High,Confirmed Fraud,38.9
6928,277926,20967,2025-02-18,Medium,Under Review,3.5
6929,277986,20709,2025-06-08,High,Confirmed Fraud,19.6
6930,278045,18577,2025-12-28,High,Confirmed Fraud,12.4
6931,278107,20244,2025-08-15,High,Confirmed Fraud,4.8
6932,278200,20128,2025-12-23,Medium,Closed - No Fraud,20.8
6933,278247,35626,2025-12-22,Medium,Confirmed Fraud,9.7
6934,278262,17859,2025-01-07,High,Confirmed Fraud,13.1
6935,278267,9061,2025-02-19,High,Confirmed Fraud,16.4
6936,278292,7564,2025-01-24,Medium,Confirmed Fraud,1.3
6937,278334,9612,2025-02-27,High,Confirmed Fraud,13.3
6938,278371,32945,2025-03-31,Critical,Confirmed Fraud,10.3
6939,278374,40562,2026-04-02,High,Confirmed Fraud,2.8
6940,278397,12156,2025-06-25,High,Confirmed Fraud,4.9
6941,278466,44367,2025-07-12,Critical,Confirmed Fraud,9.0
6942,278514,14664,2025-05-15,Medium,Closed - No Fraud,11.0
6943,278528,39490,2025-05-25,High,Confirmed Fraud,21.9
6944,278615,49646,2026-03-28,Critical,Confirmed Fraud,8.8
6945,278642,7754,2026-10-18,Low,Confirmed Fraud,13.1
6946,278646,6254,2026-09-05,Medium,False Positive,7.9
6947,278665,39527,2025-11-22,Medium,Confirmed Fraud,17.2
6948,278746,7889,2025-03-30,High,Confirmed Fraud,33.2
6949,278750,8192,2025-12-14,High,Confirmed Fraud,15.4
6950,278775,1752,2025-01-31,Low,Under Review,8.5
6951,278786,46797,2025-02-18,High,Closed - No Fraud,23.0
6952,278909,45005,2025-05-03,Critical,Confirmed Fraud,8.6
6953,278989,20891,2026-10-21,Critical,Confirmed Fraud,13.9
6954,279014,45363,2025-07-16,Critical,Closed - No Fraud,21.8
6955,279022,44268,2025-08-02,Critical,Confirmed Fraud,11.0
6956,279038,42087,2025-04-11,High,Confirmed Fraud,10.4
6957,279047,45210,2026-06-18,Low,Confirmed Fraud,25.5
6958,279068,7340,2026-05-16,High,Confirmed Fraud,45.6
6959,279093,47155,2026-10-07,Medium,False Positive,1.5
6960,279106,49789,2025-04-03,Critical,Confirmed Fraud,39.4
6961,279133,9992,2025-12-08,Medium,Confirmed Fraud,5.8
6962,279141,31951,2025-11-21,Critical,Confirmed Fraud,3.1
6963,279152,16357,2025-03-18,Low,Confirmed Fraud,11.7
6964,279161,301,2025-04-06,Critical,Confirmed Fraud,9.1
6965,279177,26789,2026-12-21,High,Confirmed Fraud,6.6
6966,279242,2216,2025-09-24,High,False Positive,5.4
6967,279286,7879,2025-06-23,Medium,Confirmed Fraud,9.0
6968,279369,27212,2025-01-14,Low,Confirmed Fraud,18.6
6969,279384,17268,2026-08-09,Medium,Confirmed Fraud,39.8
6970,279410,47718,2026-05-27,Low,Confirmed Fraud,20.6
6971,279416,44315,2025-01-05,Critical,Confirmed Fraud,4.7
6972,279480,30229,2026-11-17,High,Confirmed Fraud,7.2
6973,279533,31403,2025-10-05,High,Confirmed Fraud,6.4
6974,279560,36815,2025-11-07,High,Confirmed Fraud,98.5
6975,279621,39173,2025-05-01,Critical,Confirmed Fraud,32.8
6976,279631,15638,2025-01-13,Medium,Confirmed Fraud,4.3
6977,279715,45871,2025-04-29,Low,Confirmed Fraud,7.4
6978,279781,4225,2026-12-06,Low,Confirmed Fraud,5.6
6979,279807,35164,2025-10-11,Medium,Confirmed Fraud,10.3
6980,279943,24109,2026-10-23,Medium,Confirmed Fraud,21.2
6981,279958,13679,2025-04-15,Medium,Confirmed Fraud,4.4
6982,279992,33212,2025-04-04,Low,Confirmed Fraud,3.6
6983,279996,45073,2026-04-19,High,Confirmed Fraud,6.5
6984,280008,4042,2026-09-02,High,Closed - No Fraud,13.3
6985,280092,35680,2025-06-28,High,Confirmed Fraud,3.6
6986,280132,34957,2025-10-20,High,Confirmed Fraud,14.1
6987,280136,34019,2026-07-04,Low,Closed - No Fraud,24.1
6988,280195,41950,2025-08-28,Medium,Closed - No Fraud,33.6
6989,280216,13793,2025-11-24,Critical,Confirmed Fraud,15.6
6990,280278,17167,2025-07-23,Medium,Confirmed Fraud,36.3
6991,280395,28386,2026-06-05,High,False Positive,13.2
6992,280418,27879,2025-01-06,Medium,Confirmed Fraud,13.5
6993,280571,40433,2026-01-09,High,False Positive,3.4
6994,280572,9355,2026-10-21,Medium,Confirmed Fraud,13.1
6995,280583,46728,2025-08-23,Medium,Confirmed Fraud,6.3
6996,280594,6644,2026-03-04,High,Confirmed Fraud,10.9
6997,280610,2149,2025-09-21,High,Closed - No Fraud,10.8
6998,280615,24105,2026-04-15,High,Confirmed Fraud,17.2
6999,280638,36242,2025-02-08,High,Confirmed Fraud,3.5
7000,280645,42389,2025-10-31,High,Confirmed Fraud,13.2
7001,280670,7571,2025-04-02,Critical,Confirmed Fraud,13.1
7002,280675,17566,2025-01-31,Medium,Confirmed Fraud,11.7
7003,280750,12830,2026-10-11,Critical,False Positive,15.2
7004,280758,11718,2025-01-08,Critical,Confirmed Fraud,52.2
7005,280790,43123,2026-06-03,Medium,False Positive,6.9
7006,280793,2426,2026-03-10,Medium,Confirmed Fraud,6.0
7007,280837,4031,2026-03-03,Low,Confirmed Fraud,18.8
7008,280840,32655,2026-05-04,Low,Confirmed Fraud,19.3
7009,280868,44787,2026-06-30,Medium,Confirmed Fraud,6.9
7010,280891,6736,2026-02-17,Critical,Under Review,11.2
7011,280907,8248,2025-09-21,Critical,Confirmed Fraud,42.5
7012,280932,11208,2025-10-10,Medium,Confirmed Fraud,6.3
7013,280986,12861,2025-07-06,Critical,Confirmed Fraud,19.1
7014,280993,46791,2025-04-24,Medium,Under Review,29.4
7015,281023,33801,2026-01-27,Medium,Confirmed Fraud,4.6
7016,281031,21754,2025-06-06,High,Confirmed Fraud,8.8
7017,281039,7514,2026-09-26,Medium,Confirmed Fraud,14.0
7018,281204,30777,2026-10-07,Medium,Closed - No Fraud,68.2
7019,281212,48516,2025-01-21,Low,Confirmed Fraud,5.9
7020,281230,5492,2025-04-30,High,Confirmed Fraud,2.5
7021,281233,30929,2026-01-29,Low,Confirmed Fraud,10.9
7022,281267,44980,2025-09-26,Medium,Closed - No Fraud,44.6
7023,281363,48937,2026-10-23,High,Confirmed Fraud,11.1
7024,281386,49440,2025-08-25,High,Confirmed Fraud,17.4
7025,281415,42212,2025-01-15,Critical,Confirmed Fraud,13.4
7026,281548,38521,2026-01-23,Critical,Confirmed Fraud,8.9
7027,281628,16712,2025-11-21,Medium,Closed - No Fraud,2.8
7028,281662,49769,2025-02-21,High,False Positive,5.8
7029,281698,42290,2025-08-28,High,Confirmed Fraud,13.9
7030,281755,11198,2025-03-24,Medium,Confirmed Fraud,7.4
7031,281775,40506,2025-01-16,Critical,Closed - No Fraud,10.3
7032,281825,25436,2026-01-08,High,Under Review,12.3
7033,281826,375,2025-07-31,High,Confirmed Fraud,9.0
7034,281880,6814,2025-01-31,Medium,Closed - No Fraud,5.2
7035,281922,5313,2026-11-13,High,Closed - No Fraud,12.8
7036,281935,4415,2025-04-27,High,Confirmed Fraud,20.1
7037,281942,13393,2026-08-12,High,Confirmed Fraud,7.1
7038,281985,24933,2026-05-29,Critical,Confirmed Fraud,18.6
7039,282012,21312,2026-06-15,High,Confirmed Fraud,55.0
7040,282054,21853,2025-05-19,High,Confirmed Fraud,137.6
7041,282195,9303,2025-11-14,High,Confirmed Fraud,30.9
7042,282202,36894,2025-01-02,High,Confirmed Fraud,3.2
7043,282207,28333,2025-02-18,Low,Confirmed Fraud,4.1
7044,282317,34509,2025-11-11,High,Confirmed Fraud,35.7
7045,282361,11472,2026-01-22,High,Closed - No Fraud,10.4
7046,282377,44205,2026-07-16,Critical,False Positive,17.4
7047,282416,24930,2025-07-25,Low,Confirmed Fraud,5.7
7048,282504,31162,2026-09-16,Medium,Confirmed Fraud,15.5
7049,282528,11810,2026-04-26,Low,Confirmed Fraud,23.4
7050,282552,49451,2026-08-16,Medium,Confirmed Fraud,17.1
7051,282565,23052,2026-02-22,Medium,Confirmed Fraud,7.4
7052,282574,37235,2025-09-25,Medium,False Positive,12.0
7053,282619,36616,2026-04-30,High,Confirmed Fraud,1.5
7054,282686,20056,2025-02-25,Critical,Confirmed Fraud,12.2
7055,282709,27762,2025-03-11,Medium,Under Review,17.1
7056,282754,23908,2025-07-15,Medium,Confirmed Fraud,4.6
7057,282778,36678,2025-03-30,Medium,Confirmed Fraud,23.2
7058,282791,33324,2025-10-28,High,Confirmed Fraud,41.3
7059,282801,30547,2026-10-23,Medium,Closed - No Fraud,5.6
7060,282802,47129,2026-09-06,Medium,Confirmed Fraud,6.7
7061,282813,31641,2026-08-01,Medium,Confirmed Fraud,9.6
7062,282822,6248,2025-04-29,Critical,Confirmed Fraud,10.5
7063,282846,42360,2025-04-18,High,Confirmed Fraud,3.4
7064,282972,24270,2025-08-08,High,Confirmed Fraud,65.0
7065,282995,49087,2025-05-25,Medium,Confirmed Fraud,5.6
7066,283107,32065,2025-09-05,High,Under Review,6.4
7067,283154,47573,2026-08-06,High,Closed - No Fraud,21.4
7068,283301,34167,2025-07-05,Critical,Confirmed Fraud,7.7
7069,283393,31671,2026-12-22,High,Confirmed Fraud,3.4
7070,283570,10381,2026-07-09,Medium,Confirmed Fraud,9.9
7071,283580,31281,2026-03-17,High,Confirmed Fraud,54.2
7072,283653,19704,2026-12-02,Medium,Confirmed Fraud,4.5
7073,283685,26384,2025-02-19,High,Under Review,2.8
7074,283716,10960,2025-04-04,Critical,Closed - No Fraud,2.8
7075,283765,5219,2026-09-09,Medium,False Positive,10.7
7076,283790,16541,2026-03-18,Low,Confirmed Fraud,6.8
7077,283794,44135,2025-02-13,High,Confirmed Fraud,12.3
7078,283814,5478,2026-12-08,Low,Closed - No Fraud,3.6
7079,283844,1158,2026-07-15,Critical,Confirmed Fraud,32.6
7080,283904,22525,2026-01-20,Critical,False Positive,9.1
7081,283913,34635,2026-02-15,High,Confirmed Fraud,15.4
7082,283921,14592,2026-01-05,Low,Confirmed Fraud,12.3
7083,283948,35347,2025-05-31,Critical,Confirmed Fraud,4.3
7084,284015,30925,2025-10-20,Medium,False Positive,5.2
7085,284048,17142,2025-05-01,Critical,Under Review,27.7
7086,284063,7541,2025-02-07,High,Confirmed Fraud,2.2
7087,284095,15312,2026-06-25,Medium,Confirmed Fraud,44.6
7088,284114,30259,2026-11-16,Medium,Confirmed Fraud,3.9
7089,284116,44317,2025-04-24,Critical,Confirmed Fraud,2.2
7090,284120,21497,2025-03-26,High,Confirmed Fraud,28.9
7091,284148,7688,2025-04-27,Low,Confirmed Fraud,7.3
7092,284192,14201,2025-07-17,Critical,Confirmed Fraud,77.8
7093,284254,2505,2025-12-22,Medium,Confirmed Fraud,21.8
7094,284265,35506,2025-03-21,Medium,False Positive,5.2
7095,284268,27295,2026-03-15,Critical,Confirmed Fraud,18.0
7096,284301,1624,2025-10-31,Critical,Confirmed Fraud,16.2
7097,284313,3985,2026-10-16,Medium,Confirmed Fraud,7.8
7098,284373,41092,2026-05-21,High,Confirmed Fraud,11.8
7099,284384,42449,2026-09-27,Medium,Confirmed Fraud,24.8
7100,284399,36390,2026-09-26,Medium,Confirmed Fraud,7.7
7101,284451,5471,2025-07-09,Critical,Confirmed Fraud,25.4
7102,284462,42309,2026-11-27,Medium,Under Review,30.4
7103,284560,31818,2026-05-14,High,Confirmed Fraud,18.0
7104,284751,9034,2025-12-23,Medium,Confirmed Fraud,10.8
7105,284820,48210,2025-01-27,Low,False Positive,8.4
7106,284863,42025,2026-05-16,Low,Confirmed Fraud,5.9
7107,284884,25372,2025-01-10,Medium,Confirmed Fraud,5.2
7108,284901,6885,2025-12-08,Medium,Confirmed Fraud,7.8
7109,284905,39125,2026-02-21,Medium,Confirmed Fraud,9.1
7110,284935,6029,2025-03-16,High,Confirmed Fraud,5.6
7111,284956,40182,2026-09-21,Medium,False Positive,9.3
7112,285000,4302,2026-10-23,Medium,Confirmed Fraud,4.9
7113,285163,40884,2025-05-29,High,Confirmed Fraud,4.3
7114,285170,25036,2025-10-05,High,False Positive,8.3
7115,285216,23907,2026-02-19,Low,Confirmed Fraud,10.7
7116,285256,19281,2025-07-15,High,Confirmed Fraud,9.8
7117,285263,41930,2025-03-13,Medium,Confirmed Fraud,4.1
7118,285273,16765,2026-05-28,High,Confirmed Fraud,10.8
7119,285349,11075,2025-08-29,Medium,Confirmed Fraud,2.3
7120,285489,39802,2026-06-14,High,False Positive,3.6
7121,285509,33143,2025-03-19,Medium,Confirmed Fraud,3.6
7122,285528,10265,2025-04-21,Low,False Positive,5.4
7123,285544,12542,2025-02-22,Medium,Confirmed Fraud,2.7
7124,285558,49726,2025-01-30,High,Confirmed Fraud,8.8
7125,285582,20523,2025-07-04,Medium,Confirmed Fraud,10.6
7126,285588,7232,2025-01-02,Critical,Confirmed Fraud,6.6
7127,285692,5950,2025-01-09,High,Closed - No Fraud,6.7
7128,285733,46973,2025-04-16,High,Confirmed Fraud,10.2
7129,285740,47957,2025-01-08,High,Under Review,9.7
7130,285751,36531,2025-03-22,Medium,Confirmed Fraud,5.7
7131,285769,38807,2025-08-03,Medium,Confirmed Fraud,9.0
7132,285779,17835,2025-11-04,Medium,Confirmed Fraud,64.2
7133,285786,45507,2026-06-03,High,Confirmed Fraud,4.4
7134,285812,27459,2026-02-27,Low,Under Review,18.8
7135,285894,15659,2025-01-16,Medium,Closed - No Fraud,37.2
7136,285959,4941,2026-04-24,Critical,Closed - No Fraud,8.5
7137,286004,15237,2026-05-14,Low,False Positive,12.7
7138,286036,15030,2025-01-16,Critical,Under Review,11.6
7139,286046,18453,2025-01-28,Medium,Under Review,13.7
7140,286055,14503,2025-12-18,High,Confirmed Fraud,7.6
7141,286063,42517,2025-04-14,Medium,Confirmed Fraud,17.4
7142,286069,4860,2025-03-04,Medium,Confirmed Fraud,25.8
7143,286076,23386,2025-05-29,Low,Confirmed Fraud,4.6
7144,286118,2661,2026-09-30,Medium,Confirmed Fraud,3.7
7145,286129,36384,2025-05-13,High,Confirmed Fraud,4.0
7146,286181,33788,2026-03-04,Low,False Positive,8.8
7147,286183,9901,2025-03-15,Medium,Confirmed Fraud,3.0
7148,286192,45719,2025-01-16,Low,False Positive,12.6
7149,286213,34132,2026-02-23,Medium,Under Review,10.1
7150,286300,15600,2026-09-07,Critical,Confirmed Fraud,5.0
7151,286312,41165,2025-03-26,Low,Confirmed Fraud,39.6
7152,286402,39275,2026-08-24,High,False Positive,7.1
7153,286485,38297,2025-08-22,Medium,Closed - No Fraud,2.7
7154,286490,16331,2026-06-02,High,Confirmed Fraud,2.3
7155,286506,45794,2026-06-21,High,Closed - No Fraud,16.9
7156,286547,14510,2026-12-29,High,Closed - No Fraud,3.9
7157,286562,45833,2026-05-11,High,False Positive,35.0
7158,286584,44500,2026-08-18,High,Confirmed Fraud,6.2
7159,286610,21323,2026-12-16,Low,Closed - No Fraud,25.6
7160,286617,3391,2025-11-25,High,Closed - No Fraud,14.4
7161,286669,15893,2025-01-28,High,Closed - No Fraud,2.6
7162,286709,38013,2026-09-25,Low,Under Review,12.2
7163,286714,19173,2026-07-07,Medium,Confirmed Fraud,5.8
7164,286718,20431,2026-12-05,Critical,Under Review,48.0
7165,286779,1799,2026-10-17,Critical,Confirmed Fraud,8.9
7166,286847,38024,2025-02-14,High,Confirmed Fraud,2.4
7167,286849,13086,2025-02-17,Low,Confirmed Fraud,6.6
7168,286913,24505,2025-01-01,Medium,Confirmed Fraud,19.1
7169,286917,46680,2026-01-20,High,False Positive,1.3
7170,286953,3491,2026-06-24,High,Closed - No Fraud,11.3
7171,286999,30468,2025-01-31,Medium,Confirmed Fraud,24.3
7172,287010,20817,2025-06-05,High,Confirmed Fraud,5.2
7173,287023,39639,2025-07-02,High,Under Review,13.5
7174,287060,20605,2025-03-29,High,Confirmed Fraud,10.6
7175,287120,21054,2025-04-03,High,Closed - No Fraud,9.2
7176,287200,15916,2026-06-30,High,Confirmed Fraud,3.9
7177,287221,43544,2026-03-20,High,False Positive,8.0
7178,287236,31985,2026-01-27,Medium,Closed - No Fraud,9.5
7179,287249,46010,2026-07-31,Medium,Confirmed Fraud,5.6
7180,287261,1228,2025-03-23,High,Confirmed Fraud,8.7
7181,287272,3066,2026-05-19,Medium,Confirmed Fraud,4.1
7182,287335,2720,2025-05-10,High,Confirmed Fraud,9.5
7183,287408,36284,2026-06-23,Low,Confirmed Fraud,17.0
7184,287424,1478,2026-11-09,Medium,Confirmed Fraud,26.2
7185,287432,23342,2025-08-24,High,Closed - No Fraud,3.0
7186,287461,36395,2025-06-25,High,False Positive,12.7
7187,287471,4510,2025-05-15,High,Confirmed Fraud,2.7
7188,287510,23313,2026-01-01,Low,Confirmed Fraud,23.6
7189,287528,6976,2025-04-21,Medium,Confirmed Fraud,30.5
7190,287532,24702,2025-04-25,Medium,Confirmed Fraud,30.8
7191,287573,42961,2025-06-24,Low,Confirmed Fraud,27.4
7192,287585,14864,2025-01-26,Critical,Confirmed Fraud,3.6
7193,287587,18243,2026-12-29,Medium,False Positive,5.8
7194,287655,1289,2026-05-04,High,Closed - No Fraud,14.1
7195,287740,29959,2026-11-11,High,Confirmed Fraud,5.3
7196,287801,22386,2025-03-02,High,Confirmed Fraud,10.9
7197,287820,29987,2025-01-22,Medium,Confirmed Fraud,68.9
7198,287919,13954,2026-10-13,Critical,Confirmed Fraud,12.7
7199,287934,32649,2025-02-08,Medium,Confirmed Fraud,9.5
7200,288083,21456,2025-12-16,Medium,Closed - No Fraud,1.6
7201,288240,35636,2026-04-12,Critical,Under Review,4.6
7202,288302,29987,2025-08-14,High,Confirmed Fraud,28.1
7203,288307,47723,2026-07-31,High,Confirmed Fraud,14.1
7204,288425,29085,2026-01-10,Medium,Confirmed Fraud,3.1
7205,288509,13499,2025-09-21,Critical,Confirmed Fraud,85.5
7206,288519,3404,2025-02-12,Critical,Under Review,11.4
7207,288535,15178,2025-01-04,High,Under Review,11.8
7208,288560,35510,2026-09-08,Medium,Confirmed Fraud,5.8
7209,288578,26668,2025-12-27,High,Confirmed Fraud,2.8
7210,288596,10328,2025-11-20,High,Confirmed Fraud,9.1
7211,288633,44187,2025-06-27,Medium,Confirmed Fraud,12.0
7212,288644,994,2025-06-23,Medium,Under Review,4.6
7213,288703,37314,2025-04-04,Critical,Confirmed Fraud,30.1
7214,288786,30673,2025-12-06,Low,Confirmed Fraud,1.6
7215,288789,33866,2026-04-11,Low,Confirmed Fraud,6.1
7216,288812,15220,2025-11-10,High,False Positive,18.9
7217,288834,18000,2025-04-10,Medium,False Positive,4.8
7218,288838,8448,2026-12-03,Medium,Confirmed Fraud,17.9
7219,288868,25709,2026-10-18,Low,Confirmed Fraud,11.7
7220,288899,28293,2026-10-06,High,Confirmed Fraud,5.0
7221,288910,2610,2025-09-30,High,Confirmed Fraud,20.3
7222,288913,16740,2025-11-20,Medium,Closed - No Fraud,15.3
7223,289012,47843,2025-04-06,Medium,Closed - No Fraud,10.2
7224,289024,40456,2025-03-05,Medium,Closed - No Fraud,37.4
7225,289135,32670,2025-03-04,Medium,Confirmed Fraud,7.3
7226,289236,27316,2026-09-22,High,Confirmed Fraud,15.3
7227,289265,22584,2025-03-25,High,Confirmed Fraud,14.1
7228,289296,1024,2025-03-31,High,Confirmed Fraud,15.3
7229,289351,30759,2025-04-01,High,Confirmed Fraud,45.4
7230,289388,41215,2026-08-27,Critical,False Positive,5.8
7231,289406,16332,2026-06-27,High,Confirmed Fraud,15.7
7232,289422,22487,2026-05-16,High,Confirmed Fraud,3.6
7233,289460,29905,2026-06-17,Low,Confirmed Fraud,28.7
7234,289469,45267,2025-09-06,Medium,Closed - No Fraud,9.8
7235,289480,5474,2026-01-23,High,Confirmed Fraud,13.7
7236,289584,46579,2026-01-08,Critical,Closed - No Fraud,4.7
7237,289598,9142,2026-01-23,High,Confirmed Fraud,3.0
7238,289635,42578,2025-11-26,Medium,Confirmed Fraud,17.3
7239,289652,6165,2026-07-22,Medium,Under Review,13.1
7240,289703,13392,2026-03-18,High,Confirmed Fraud,3.1
7241,289748,15791,2025-01-09,High,Confirmed Fraud,10.6
7242,289772,11383,2025-08-17,Medium,Confirmed Fraud,5.9
7243,289878,28655,2025-10-01,Low,Confirmed Fraud,4.6
7244,289882,23386,2026-03-02,Medium,Closed - No Fraud,3.0
7245,289894,45797,2025-07-18,High,Confirmed Fraud,11.1
7246,289924,242,2026-07-30,High,Closed - No Fraud,2.9
7247,289935,3098,2025-07-27,Medium,Confirmed Fraud,14.5
7248,290036,31239,2026-11-22,Medium,False Positive,3.6
7249,290042,28247,2025-12-16,High,Confirmed Fraud,28.8
7250,290154,34027,2025-11-28,Low,Closed - No Fraud,6.0
7251,290155,48717,2025-03-29,High,Confirmed Fraud,9.3
7252,290321,6050,2025-10-07,High,Confirmed Fraud,7.7
7253,290392,43016,2025-02-25,Medium,Confirmed Fraud,27.5
7254,290414,32839,2026-03-01,Medium,Confirmed Fraud,7.7
7255,290427,28557,2025-05-05,Medium,Confirmed Fraud,55.4
7256,290533,4244,2025-08-20,High,Confirmed Fraud,12.5
7257,290589,34092,2025-10-07,High,Confirmed Fraud,3.4
7258,290594,1761,2026-07-08,Critical,Confirmed Fraud,6.1
7259,290614,15213,2025-12-26,High,Confirmed Fraud,17.2
7260,290619,40843,2025-11-21,Low,Confirmed Fraud,14.7
7261,290625,15095,2026-10-21,High,Confirmed Fraud,39.7
7262,290735,1159,2025-08-24,Low,Confirmed Fraud,9.5
7263,290744,39208,2026-12-20,High,Confirmed Fraud,2.9
7264,290775,29878,2026-03-25,Low,Confirmed Fraud,37.5
7265,290976,35983,2025-09-18,Critical,Under Review,5.4
7266,290980,29688,2025-10-27,High,Confirmed Fraud,7.0
7267,291002,21521,2026-07-03,Low,False Positive,24.0
7268,291004,5241,2025-01-05,High,Confirmed Fraud,7.0
7269,291096,37170,2025-06-19,Low,False Positive,5.0
7270,291141,44014,2026-10-24,High,Confirmed Fraud,8.0
7271,291145,22650,2026-06-27,High,Confirmed Fraud,7.1
7272,291148,10939,2025-09-24,Critical,Confirmed Fraud,28.8
7273,291287,33742,2025-02-09,High,Confirmed Fraud,19.6
7274,291304,17928,2026-04-01,High,Confirmed Fraud,6.5
7275,291310,1292,2025-02-14,Medium,Confirmed Fraud,12.3
7276,291383,43347,2025-05-28,High,Confirmed Fraud,12.2
7277,291408,5309,2025-04-06,Medium,Closed - No Fraud,19.2
7278,291411,48948,2026-12-05,High,Under Review,9.8
7279,291424,27564,2026-08-12,Medium,Closed - No Fraud,11.1
7280,291514,22810,2025-11-06,Medium,Confirmed Fraud,12.5
7281,291568,11177,2026-11-02,Critical,Confirmed Fraud,10.2
7282,291570,34681,2026-07-30,Critical,Under Review,13.0
7283,291686,46670,2026-02-02,High,Confirmed Fraud,11.8
7284,291800,4938,2026-03-30,High,Confirmed Fraud,2.1
7285,291840,49468,2025-01-21,Critical,Confirmed Fraud,2.5
7286,291923,1197,2026-10-04,High,Confirmed Fraud,35.5
7287,291943,39374,2025-02-16,Medium,Confirmed Fraud,8.3
7288,291976,49588,2025-02-19,High,Confirmed Fraud,28.6
7289,292039,7648,2025-09-01,Critical,Confirmed Fraud,12.8
7290,292079,3818,2026-02-28,Low,Closed - No Fraud,9.6
7291,292096,5112,2026-04-09,Critical,Confirmed Fraud,18.7
7292,292138,17892,2025-12-31,Medium,Confirmed Fraud,6.3
7293,292145,4563,2026-01-14,High,False Positive,2.6
7294,292396,32529,2026-02-05,Critical,Confirmed Fraud,7.7
7295,292429,26851,2026-01-12,High,Confirmed Fraud,15.7
7296,292430,37288,2025-07-30,High,Confirmed Fraud,16.9
7297,292469,43925,2025-01-16,High,Confirmed Fraud,11.5
7298,292510,27917,2025-06-20,High,Confirmed Fraud,25.0
7299,292621,23809,2025-01-09,Medium,Confirmed Fraud,10.7
7300,292661,12297,2025-04-14,High,Confirmed Fraud,27.0
7301,292662,28097,2026-05-26,Medium,Confirmed Fraud,9.4
7302,292738,17077,2025-01-10,High,Confirmed Fraud,30.7
7303,292741,1589,2026-11-28,Medium,Under Review,11.6
7304,292758,7372,2025-10-19,High,Confirmed Fraud,19.6
7305,292843,44262,2025-07-26,Medium,False Positive,22.9
7306,292900,23994,2025-12-03,Critical,Confirmed Fraud,75.6
7307,292917,45223,2025-12-10,High,Confirmed Fraud,16.0
7308,292962,17355,2025-05-26,Medium,Confirmed Fraud,32.1
7309,293025,3817,2025-08-27,Critical,Confirmed Fraud,19.1
7310,293027,20719,2026-11-30,Low,Confirmed Fraud,4.9
7311,293109,9918,2026-12-03,Low,Under Review,8.6
7312,293137,11013,2025-08-27,Medium,Confirmed Fraud,37.7
7313,293142,48887,2025-04-25,Critical,Confirmed Fraud,11.2
7314,293202,7980,2025-02-18,High,Closed - No Fraud,42.6
7315,293209,1341,2026-07-06,Critical,Closed - No Fraud,19.7
7316,293333,6984,2026-02-15,Low,Confirmed Fraud,49.9
7317,293373,4949,2026-09-12,Medium,Confirmed Fraud,15.6
7318,293407,4125,2025-02-19,Critical,Confirmed Fraud,13.2
7319,293460,6262,2025-05-17,Medium,Confirmed Fraud,12.2
7320,293500,19184,2026-08-16,High,Confirmed Fraud,11.4
7321,293510,3222,2026-04-16,Medium,Confirmed Fraud,3.8
7322,293563,7397,2026-09-27,Medium,Confirmed Fraud,17.9
7323,293567,25675,2026-09-14,High,Confirmed Fraud,15.0
7324,293727,44525,2025-02-01,Medium,Confirmed Fraud,8.6
7325,293890,35127,2025-09-15,High,Confirmed Fraud,6.4
7326,293902,16439,2025-06-09,Medium,Confirmed Fraud,15.6
7327,293905,18819,2025-02-11,Medium,Confirmed Fraud,11.1
7328,293917,150,2026-06-12,High,Confirmed Fraud,6.0
7329,293942,25861,2025-11-21,High,False Positive,4.9
7330,293950,26085,2025-03-30,Medium,Confirmed Fraud,5.4
7331,293995,1426,2025-08-08,High,Confirmed Fraud,17.3
7332,294022,19899,2025-07-25,High,Closed - No Fraud,15.2
7333,294027,20839,2026-06-30,High,Under Review,6.1
7334,294059,42532,2026-01-20,High,Confirmed Fraud,5.6
7335,294145,15025,2025-10-10,Low,Confirmed Fraud,19.8
7336,294203,19757,2025-03-20,High,Under Review,3.7
7337,294220,962,2026-08-24,Low,Confirmed Fraud,13.0
7338,294255,4510,2026-02-20,Low,Confirmed Fraud,14.8
7339,294331,6122,2025-06-12,Medium,Confirmed Fraud,16.7
7340,294421,14819,2025-07-10,Medium,Confirmed Fraud,10.4
7341,294427,21018,2026-08-30,Critical,Confirmed Fraud,12.7
7342,294510,20490,2026-10-01,High,Confirmed Fraud,6.4
7343,294573,44853,2025-08-05,Medium,Confirmed Fraud,4.1
7344,294592,23430,2026-02-24,High,Confirmed Fraud,8.3
7345,294714,20462,2026-03-19,Medium,Closed - No Fraud,14.2
7346,294865,25990,2025-11-10,Medium,Confirmed Fraud,6.5
7347,294956,24674,2025-10-24,High,Closed - No Fraud,5.2
7348,294972,23119,2026-10-25,Critical,Under Review,29.0
7349,294990,4090,2026-09-09,Low,Confirmed Fraud,8.0
7350,295007,32229,2026-07-08,Medium,Under Review,21.4
7351,295022,33243,2026-08-08,High,Closed - No Fraud,23.8
7352,295080,38805,2025-01-02,Low,Closed - No Fraud,5.5
7353,295122,12203,2026-11-27,Low,Confirmed Fraud,18.4
7354,295127,48215,2025-01-26,Medium,False Positive,13.6
7355,295151,17544,2025-07-11,Low,Confirmed Fraud,4.3
7356,295152,25299,2025-03-17,High,Under Review,13.6
7357,295211,37117,2026-10-21,Medium,Closed - No Fraud,9.5
7358,295230,29524,2025-09-21,Critical,Confirmed Fraud,11.1
7359,295243,28392,2025-04-10,Medium,Under Review,8.6
7360,295284,46020,2025-08-09,Medium,Confirmed Fraud,3.9
7361,295325,48033,2025-09-12,Medium,Closed - No Fraud,29.3
7362,295400,4208,2025-12-12,High,Confirmed Fraud,3.2
7363,295405,47805,2026-08-18,High,Confirmed Fraud,3.0
7364,295410,36750,2026-08-04,Low,Confirmed Fraud,6.1
7365,295512,12523,2026-08-22,High,Closed - No Fraud,34.5
7366,295690,48638,2026-07-19,Medium,Confirmed Fraud,3.5
7367,295695,46947,2026-07-25,Low,Under Review,9.9
7368,295714,37885,2025-09-03,Medium,Confirmed Fraud,5.7
7369,295778,45104,2026-05-29,High,Closed - No Fraud,3.4
7370,295823,22911,2026-10-06,Medium,Closed - No Fraud,3.8
7371,295903,41477,2025-09-10,High,Confirmed Fraud,19.0
7372,296027,19305,2026-10-12,High,Confirmed Fraud,5.0
7373,296118,46178,2025-05-02,High,Confirmed Fraud,10.2
7374,296124,1585,2026-10-10,Medium,Confirmed Fraud,12.7
7375,296178,31032,2025-05-18,Medium,Confirmed Fraud,17.6
7376,296262,9811,2026-01-24,Critical,Confirmed Fraud,7.0
7377,296268,1159,2025-05-25,Medium,False Positive,15.2
7378,296280,7627,2026-11-22,Critical,False Positive,17.1
7379,296401,4198,2025-07-09,Low,Confirmed Fraud,10.2
7380,296421,7323,2025-08-21,Medium,Closed - No Fraud,13.8
7381,296504,39473,2025-01-15,Medium,Under Review,4.6
7382,296525,24403,2025-01-22,High,Confirmed Fraud,12.6
7383,296588,37668,2025-01-28,Medium,Confirmed Fraud,5.2
7384,296593,37659,2025-07-12,Medium,Confirmed Fraud,17.2
7385,296647,46439,2026-03-09,High,Confirmed Fraud,13.3
7386,296717,13591,2026-02-20,High,False Positive,27.9
7387,296727,46510,2026-02-20,Medium,Closed - No Fraud,14.4
7388,296797,31651,2025-01-04,Medium,Closed - No Fraud,8.7
7389,296838,45678,2026-05-21,High,Confirmed Fraud,18.3
7390,296849,1124,2026-03-02,High,Confirmed Fraud,11.1
7391,296876,6341,2025-01-28,High,Under Review,19.5
7392,296954,25119,2026-12-13,High,Confirmed Fraud,39.7
7393,296981,42676,2025-03-01,High,Closed - No Fraud,3.9
7394,296985,17192,2025-07-06,Low,Confirmed Fraud,11.2
7395,297016,3093,2026-05-14,Critical,Closed - No Fraud,6.0
7396,297039,41858,2025-02-14,Low,Confirmed Fraud,5.3
7397,297096,39913,2026-12-01,Critical,Confirmed Fraud,13.5
7398,297113,48394,2025-08-19,Critical,Closed - No Fraud,5.7
7399,297119,1894,2025-05-10,High,Confirmed Fraud,9.8
7400,297154,19954,2025-08-29,Low,Under Review,18.1
7401,297157,15016,2025-06-01,High,Confirmed Fraud,3.1
7402,297210,13729,2025-04-28,Medium,Confirmed Fraud,7.4
7403,297276,30839,2026-08-31,Low,Confirmed Fraud,10.8
7404,297284,28842,2025-05-16,Medium,Confirmed Fraud,1.9
7405,297306,18189,2025-12-30,Low,Confirmed Fraud,20.5
7406,297407,9276,2026-03-20,High,Confirmed Fraud,12.5
7407,297414,29904,2025-04-29,Critical,Confirmed Fraud,6.0
7408,297460,22681,2026-02-21,Critical,Under Review,34.7
7409,297469,7935,2025-04-02,Medium,Confirmed Fraud,6.4
7410,297515,29225,2025-10-06,Medium,Confirmed Fraud,13.0
7411,297541,32810,2025-04-10,Medium,Confirmed Fraud,4.0
7412,297605,21231,2025-04-29,Medium,Confirmed Fraud,12.2
7413,297648,38139,2025-07-04,Medium,Closed - No Fraud,4.5
7414,297651,34955,2026-01-25,Medium,Confirmed Fraud,13.4
7415,297658,40954,2026-06-30,Low,Confirmed Fraud,31.3
7416,297788,13163,2025-12-20,High,Closed - No Fraud,9.2
7417,297819,5693,2026-09-08,Low,Confirmed Fraud,8.5
7418,297822,20255,2026-08-11,Low,Closed - No Fraud,40.2
7419,297897,27537,2026-03-28,Medium,Under Review,8.7
7420,297977,9045,2025-09-12,Medium,False Positive,2.1
7421,297997,32619,2025-06-09,Critical,Closed - No Fraud,51.2
7422,298009,12361,2026-06-23,Critical,Confirmed Fraud,15.9
7423,298044,6836,2025-06-17,Medium,Confirmed Fraud,15.1
7424,298045,14675,2026-01-26,High,Confirmed Fraud,14.8
7425,298142,6813,2025-04-17,Low,Closed - No Fraud,8.6
7426,298161,31033,2025-08-29,Medium,Confirmed Fraud,11.1
7427,298191,38608,2025-12-18,High,Confirmed Fraud,31.1
7428,298195,39009,2026-12-04,High,Confirmed Fraud,15.0
7429,298243,48453,2025-11-18,Critical,Confirmed Fraud,3.7
7430,298246,13592,2026-07-28,Critical,Confirmed Fraud,7.2
7431,298261,14871,2026-06-16,High,Confirmed Fraud,10.1
7432,298293,4468,2025-08-14,Medium,Confirmed Fraud,35.0
7433,298299,33127,2025-10-02,Medium,Confirmed Fraud,7.7
7434,298363,5327,2026-09-22,Critical,Closed - No Fraud,21.3
7435,298380,14723,2026-09-02,Medium,Closed - No Fraud,21.8
7436,298396,6513,2025-09-19,Medium,Confirmed Fraud,24.2
7437,298420,28876,2025-01-09,High,Under Review,15.4
7438,298429,15043,2026-03-10,Medium,Confirmed Fraud,17.7
7439,298568,46450,2025-08-03,Medium,Confirmed Fraud,55.7
7440,298594,17098,2025-03-24,Medium,Confirmed Fraud,21.0
7441,298605,34069,2026-07-05,High,False Positive,3.7
7442,298613,41642,2025-07-30,Low,Confirmed Fraud,25.6
7443,298650,29186,2025-06-01,Critical,Under Review,8.5
7444,298661,15516,2025-01-12,High,Confirmed Fraud,7.9
7445,298710,32870,2025-11-06,Medium,Under Review,3.2
7446,298746,26443,2025-06-01,Medium,Confirmed Fraud,16.4
7447,298755,42247,2026-04-06,High,False Positive,17.2
7448,298792,47152,2026-05-27,High,Under Review,19.9
7449,298807,43638,2025-02-27,Low,Under Review,5.6
7450,298839,21018,2026-03-15,High,Confirmed Fraud,14.4
7451,298894,43523,2026-12-17,High,Confirmed Fraud,3.0
7452,298931,1856,2025-08-25,High,False Positive,5.4
7453,298943,38869,2025-07-27,Low,Confirmed Fraud,15.6
7454,298984,47131,2026-02-18,Low,Confirmed Fraud,13.5
7455,299031,39081,2025-08-17,High,Confirmed Fraud,25.4
7456,299062,13604,2026-08-22,High,Confirmed Fraud,19.8
7457,299063,16411,2025-10-20,Critical,Under Review,8.3
7458,299094,40979,2025-05-28,High,Confirmed Fraud,4.1
7459,299101,8874,2026-12-07,Critical,False Positive,22.7
7460,299122,514,2025-02-26,Low,Confirmed Fraud,6.1
7461,299132,17034,2025-02-03,Critical,Confirmed Fraud,3.9
7462,299137,6851,2026-09-20,Low,Confirmed Fraud,9.5
7463,299172,41167,2026-01-09,Medium,Confirmed Fraud,28.4
7464,299200,6952,2025-03-19,Medium,Confirmed Fraud,3.5
7465,299267,42609,2025-02-05,Low,Confirmed Fraud,38.0
7466,299306,1030,2026-02-23,Low,False Positive,3.6
7467,299326,20990,2025-03-29,Medium,Confirmed Fraud,18.8
7468,299345,47523,2025-03-02,Medium,Under Review,3.4
7469,299403,14854,2025-04-09,Critical,Closed - No Fraud,6.9
7470,299474,25114,2025-11-21,Low,Closed - No Fraud,27.4
7471,299514,16100,2025-02-18,Medium,Confirmed Fraud,7.2
7472,299557,42223,2025-07-19,Medium,Confirmed Fraud,17.8
7473,299599,11037,2026-07-25,Low,Confirmed Fraud,12.0
7474,299642,41747,2025-01-23,Critical,False Positive,3.5
7475,299679,37567,2025-04-27,Critical,Confirmed Fraud,4.0
7476,299718,46096,2025-04-12,High,Confirmed Fraud,22.4
7477,299754,36656,2026-07-06,High,Under Review,4.8
7478,299765,4747,2025-01-11,Low,Confirmed Fraud,10.6
7479,299778,41614,2025-05-02,High,False Positive,6.3
7480,299851,30404,2025-04-28,Medium,Confirmed Fraud,16.0
7481,299865,7537,2025-09-07,High,Confirmed Fraud,22.4
7482,299867,38181,2025-10-21,Critical,Under Review,16.2
7483,299917,23073,2025-05-27,Medium,Confirmed Fraud,16.5
7484,299944,42662,2025-12-22,Medium,False Positive,61.7
7485,300017,1259,2025-02-10,High,Confirmed Fraud,6.8
7486,300083,9112,2025-07-05,Medium,False Positive,5.3
7487,300103,35811,2025-11-12,Medium,Closed - No Fraud,17.6
7488,300141,40997,2025-07-13,Low,Confirmed Fraud,15.9
7489,300156,24605,2025-11-11,High,Closed - No Fraud,38.5
7490,300193,3064,2026-02-22,Critical,Closed - No Fraud,45.9
7491,300271,32760,2025-01-10,High,Confirmed Fraud,7.6
7492,300277,22463,2025-11-27,Medium,Confirmed Fraud,18.8
7493,300312,18372,2025-07-08,High,Closed - No Fraud,18.6
7494,300320,43239,2025-07-20,Low,Under Review,17.5
7495,300343,26877,2026-07-13,High,Confirmed Fraud,27.0
7496,300350,4596,2025-02-05,High,Confirmed Fraud,4.3
7497,300384,15127,2026-11-07,Medium,Under Review,19.0
7498,300434,30098,2025-09-21,Medium,Confirmed Fraud,29.7
7499,300601,47379,2025-03-02,High,Confirmed Fraud,16.2
7500,300602,37435,2025-07-01,High,Under Review,6.2
7501,300670,33654,2025-06-01,High,Confirmed Fraud,12.6
7502,300682,10451,2025-08-04,Critical,Closed - No Fraud,13.0
7503,300701,47355,2025-06-13,Critical,Confirmed Fraud,15.4
7504,300728,1651,2026-07-31,Critical,Confirmed Fraud,3.4
7505,300729,3305,2025-01-07,High,Confirmed Fraud,10.0
7506,300736,12399,2026-02-04,High,Confirmed Fraud,17.2
7507,300753,5942,2026-02-28,High,Confirmed Fraud,5.1
7508,300769,8563,2025-07-20,Critical,Confirmed Fraud,10.2
7509,300776,32780,2025-07-29,Medium,Confirmed Fraud,48.2
7510,300836,40449,2025-03-30,High,Closed - No Fraud,16.1
7511,300838,29150,2025-10-07,Medium,Confirmed Fraud,3.9
7512,300840,41751,2026-01-02,Low,Confirmed Fraud,12.1
7513,300896,44581,2025-01-03,Critical,Under Review,14.0
7514,300939,47908,2026-05-21,High,Confirmed Fraud,8.3
7515,300986,31670,2026-05-10,High,Confirmed Fraud,12.8
7516,301026,35574,2026-08-16,Low,Confirmed Fraud,17.6
7517,301078,22260,2026-06-14,Medium,Confirmed Fraud,2.5
7518,301159,16847,2025-04-22,High,Confirmed Fraud,16.7
7519,301263,259,2025-07-12,Low,Confirmed Fraud,5.9
7520,301326,35987,2026-10-02,Medium,Under Review,16.6
7521,301337,75,2026-01-10,Low,Confirmed Fraud,3.3
7522,301346,2697,2025-05-13,High,Confirmed Fraud,21.5
7523,301399,11393,2025-03-10,Low,Under Review,5.6
7524,301468,27195,2025-11-30,High,Confirmed Fraud,28.8
7525,301508,916,2026-06-21,Medium,Confirmed Fraud,8.5
7526,301513,8289,2026-04-10,Medium,Under Review,15.6
7527,301561,3826,2026-06-01,High,Closed - No Fraud,22.9
7528,301573,9441,2026-10-16,High,False Positive,22.4
7529,301628,28410,2025-09-15,High,Confirmed Fraud,2.6
7530,301663,33660,2025-03-28,High,False Positive,81.4
7531,301749,43802,2026-03-27,Medium,Confirmed Fraud,30.1
7532,301775,15455,2026-01-06,Low,False Positive,6.6
7533,301819,11118,2025-06-01,High,Confirmed Fraud,3.6
7534,301826,28309,2025-02-27,High,Confirmed Fraud,9.3
7535,301911,11380,2025-07-30,Medium,Confirmed Fraud,28.9
7536,301943,11484,2026-03-04,Medium,Confirmed Fraud,22.8
7537,301963,4874,2026-01-17,Medium,Under Review,10.0
7538,302009,15209,2026-07-01,High,Confirmed Fraud,14.0
7539,302016,30774,2025-08-11,Medium,Under Review,4.9
7540,302019,24887,2025-08-17,Medium,Confirmed Fraud,51.7
7541,302028,7436,2026-03-01,High,Confirmed Fraud,9.7
7542,302068,1689,2025-11-02,Critical,Closed - No Fraud,5.0
7543,302088,40398,2026-02-13,Low,Closed - No Fraud,22.6
7544,302093,30828,2025-04-16,High,Confirmed Fraud,26.6
7545,302185,22215,2026-12-18,Medium,False Positive,1.0
7546,302192,29070,2025-10-27,Medium,Under Review,10.0
7547,302206,1789,2026-10-13,Medium,Confirmed Fraud,14.2
7548,302214,12833,2026-08-14,Medium,Confirmed Fraud,12.3
7549,302246,30925,2026-12-07,Medium,Under Review,21.6
7550,302255,9046,2026-08-26,Medium,Confirmed Fraud,7.3
7551,302257,34958,2026-02-10,High,Confirmed Fraud,10.4
7552,302302,37369,2025-02-21,High,Closed - No Fraud,37.6
7553,302303,22111,2025-12-15,Medium,Confirmed Fraud,4.9
7554,302315,7250,2026-02-16,Critical,Confirmed Fraud,4.6
7555,302318,21215,2025-11-15,High,Under Review,26.8
7556,302365,26121,2026-03-06,High,Closed - No Fraud,9.3
7557,302367,8130,2025-11-08,Medium,Confirmed Fraud,35.8
7558,302388,4807,2025-08-22,Medium,Confirmed Fraud,5.7
7559,302404,28380,2026-04-23,High,False Positive,12.4
7560,302417,38903,2026-12-24,High,Closed - No Fraud,2.6
7561,302432,47955,2025-08-29,Low,Closed - No Fraud,17.3
7562,302454,10751,2026-07-12,Medium,False Positive,12.4
7563,302514,28812,2025-06-21,Medium,Confirmed Fraud,12.0
7564,302660,24407,2026-12-03,High,Confirmed Fraud,23.7
7565,302704,47251,2025-11-16,Medium,Confirmed Fraud,10.4
7566,302748,18729,2025-11-26,Medium,Closed - No Fraud,5.5
7567,302770,3500,2026-05-05,Low,Confirmed Fraud,5.7
7568,302870,6446,2025-06-15,High,False Positive,20.7
7569,302906,5031,2025-07-11,Medium,False Positive,5.8
7570,302957,32174,2026-07-04,Critical,Confirmed Fraud,6.7
7571,303009,42134,2026-12-02,Critical,Confirmed Fraud,17.6
7572,303135,21739,2025-01-26,High,Confirmed Fraud,2.8
7573,303175,15359,2026-06-01,Low,Confirmed Fraud,6.8
7574,303189,43679,2025-04-29,High,Confirmed Fraud,10.6
7575,303216,39891,2025-06-30,Medium,Confirmed Fraud,11.4
7576,303238,49237,2025-11-27,High,Under Review,9.7
7577,303351,48867,2026-07-29,Critical,Confirmed Fraud,7.5
7578,303372,7876,2025-06-12,Low,Confirmed Fraud,109.6
7579,303417,3675,2026-10-20,High,Confirmed Fraud,22.5
7580,303473,3676,2025-05-15,Medium,Confirmed Fraud,15.9
7581,303482,27793,2026-04-26,High,Confirmed Fraud,23.2
7582,303568,42077,2025-12-17,High,Confirmed Fraud,15.7
7583,303574,386,2025-01-05,High,Confirmed Fraud,9.9
7584,303603,14884,2026-03-20,Medium,Confirmed Fraud,69.8
7585,303676,23095,2026-11-12,Medium,Confirmed Fraud,13.7
7586,303691,39012,2025-02-02,Medium,Confirmed Fraud,2.4
7587,303718,1822,2026-11-10,High,Closed - No Fraud,15.0
7588,303723,15225,2025-05-18,Medium,Closed - No Fraud,11.7
7589,303744,5824,2026-01-23,Critical,Closed - No Fraud,18.6
7590,303784,14309,2025-01-14,Medium,Confirmed Fraud,10.8
7591,303910,34580,2025-07-11,Low,Under Review,1.6
7592,303972,23719,2025-07-31,High,False Positive,4.7
7593,304062,11632,2025-05-18,Medium,Confirmed Fraud,6.2
7594,304073,10535,2026-08-25,High,Confirmed Fraud,9.2
7595,304131,47797,2025-12-14,Medium,Confirmed Fraud,11.2
7596,304173,20039,2026-09-07,Medium,Confirmed Fraud,12.4
7597,304215,24778,2025-07-20,Critical,Confirmed Fraud,11.1
7598,304265,3730,2025-08-19,High,Confirmed Fraud,4.0
7599,304296,22459,2025-07-20,High,Closed - No Fraud,3.8
7600,304336,25173,2025-05-30,Medium,Closed - No Fraud,6.1
7601,304339,34195,2025-11-21,Medium,Confirmed Fraud,12.2
7602,304369,20757,2026-08-27,Critical,Confirmed Fraud,1.1
7603,304390,3647,2026-10-28,Medium,Confirmed Fraud,7.0
7604,304397,25922,2026-01-02,High,Confirmed Fraud,8.1
7605,304406,31234,2025-12-18,High,Confirmed Fraud,7.8
7606,304410,3459,2025-01-16,High,False Positive,19.9
7607,304436,49937,2025-02-01,Medium,False Positive,4.4
7608,304562,22099,2025-04-29,High,Confirmed Fraud,8.2
7609,304606,16087,2025-04-04,Medium,False Positive,9.4
7610,304607,8985,2025-11-12,Medium,Confirmed Fraud,15.9
7611,304612,35391,2025-03-29,High,Confirmed Fraud,12.3
7612,304615,47181,2025-02-21,Medium,Closed - No Fraud,15.5
7613,304639,49318,2025-12-01,High,Confirmed Fraud,14.5
7614,304706,42452,2025-03-11,High,Confirmed Fraud,6.2
7615,304713,21765,2025-05-14,Medium,Confirmed Fraud,3.4
7616,304746,31183,2025-05-30,High,Confirmed Fraud,7.3
7617,304762,10938,2026-11-29,High,Confirmed Fraud,6.4
7618,304798,29536,2025-12-25,High,Confirmed Fraud,28.5
7619,304857,19646,2026-07-31,High,False Positive,11.9
7620,304891,37811,2026-08-03,High,False Positive,15.4
7621,304910,37047,2026-10-27,High,Confirmed Fraud,2.6
7622,304916,37139,2026-02-13,High,Confirmed Fraud,12.0
7623,304938,14829,2025-03-09,Low,Confirmed Fraud,5.2
7624,304943,45470,2025-12-29,High,False Positive,14.8
7625,304966,37335,2025-05-09,High,Closed - No Fraud,9.9
7626,304968,26569,2026-04-07,High,Confirmed Fraud,11.5
7627,304978,40216,2025-12-08,Critical,Confirmed Fraud,21.6
7628,304986,28431,2026-02-26,Medium,Confirmed Fraud,6.9
7629,304990,10899,2025-10-21,High,False Positive,6.3
7630,305073,23224,2026-07-13,Medium,Confirmed Fraud,7.0
7631,305232,27205,2026-08-04,Medium,False Positive,6.2
7632,305253,13201,2025-07-28,High,Confirmed Fraud,21.1
7633,305281,40928,2025-09-02,Medium,False Positive,4.2
7634,305321,19018,2025-07-01,Medium,Confirmed Fraud,14.7
7635,305328,16952,2026-03-18,Low,Closed - No Fraud,3.0
7636,305358,34627,2025-10-07,Low,Confirmed Fraud,9.1
7637,305434,15838,2025-05-19,High,Confirmed Fraud,9.2
7638,305458,14014,2026-09-25,High,Confirmed Fraud,3.8
7639,305635,35915,2025-12-16,High,Confirmed Fraud,27.0
7640,305661,26084,2026-05-09,Low,Confirmed Fraud,27.8
7641,305669,31530,2026-08-17,Medium,Confirmed Fraud,33.0
7642,305672,42474,2025-06-07,High,Confirmed Fraud,25.0
7643,305681,36686,2026-11-28,Medium,Confirmed Fraud,17.6
7644,305816,37497,2025-01-09,Low,Confirmed Fraud,88.8
7645,305860,8507,2026-08-05,Critical,Confirmed Fraud,1.8
7646,305868,8327,2025-12-27,Medium,Confirmed Fraud,17.2
7647,305875,10285,2025-11-01,Medium,Confirmed Fraud,12.9
7648,305903,30100,2026-03-07,Low,False Positive,5.9
7649,305905,47228,2026-04-12,Medium,Confirmed Fraud,7.8
7650,305944,24071,2025-03-07,Medium,Confirmed Fraud,16.2
7651,306015,45205,2025-07-09,Medium,Confirmed Fraud,57.2
7652,306028,47825,2026-12-08,Critical,Confirmed Fraud,44.6
7653,306032,19431,2025-09-11,High,Confirmed Fraud,8.3
7654,306035,48687,2025-09-26,Medium,Confirmed Fraud,10.1
7655,306105,37555,2025-11-13,Low,Closed - No Fraud,5.4
7656,306111,49406,2026-12-22,Low,Under Review,5.1
7657,306113,45310,2025-04-20,High,Confirmed Fraud,59.2
7658,306160,12276,2026-05-14,Medium,Closed - No Fraud,4.9
7659,306247,48613,2026-11-07,Critical,Confirmed Fraud,9.5
7660,306269,47342,2025-06-26,High,False Positive,6.6
7661,306296,17636,2025-09-19,Critical,Confirmed Fraud,9.4
7662,306353,32729,2026-11-02,Medium,Confirmed Fraud,14.8
7663,306399,27834,2026-09-19,High,Confirmed Fraud,9.4
7664,306425,37660,2025-05-24,Medium,Confirmed Fraud,86.9
7665,306504,37469,2026-08-24,Medium,Closed - No Fraud,5.9
7666,306559,12361,2026-06-03,Medium,Confirmed Fraud,11.4
7667,306652,3022,2026-07-15,High,False Positive,5.4
7668,306669,46544,2025-08-17,High,Closed - No Fraud,8.4
7669,306710,1648,2026-10-21,Critical,Confirmed Fraud,27.6
7670,306718,27406,2026-07-24,Medium,Closed - No Fraud,8.3
7671,306743,21657,2025-09-18,Medium,False Positive,5.5
7672,306768,44551,2026-03-14,Medium,False Positive,43.7
7673,306811,25372,2025-12-31,High,Under Review,31.8
7674,306862,47763,2025-04-29,Low,Confirmed Fraud,13.6
7675,307017,23999,2025-04-20,Medium,Confirmed Fraud,12.0
7676,307023,12282,2026-03-04,Medium,Confirmed Fraud,20.3
7677,307078,43646,2026-07-05,Medium,Confirmed Fraud,20.7
7678,307107,24657,2026-12-12,Medium,Under Review,43.7
7679,307158,5687,2025-03-06,High,Closed - No Fraud,10.0
7680,307190,36999,2025-01-10,Medium,Confirmed Fraud,20.4
7681,307264,38529,2026-02-05,Low,Closed - No Fraud,22.8
7682,307308,45970,2025-11-03,High,False Positive,22.1
7683,307310,34238,2026-01-24,Critical,Confirmed Fraud,4.7
7684,307350,24811,2026-08-30,Low,Closed - No Fraud,8.9
7685,307356,23032,2025-01-14,High,Closed - No Fraud,58.9
7686,307368,29221,2025-06-25,Medium,Confirmed Fraud,5.4
7687,307377,28290,2025-03-17,Medium,Confirmed Fraud,1.0
7688,307398,13557,2026-04-05,Medium,Confirmed Fraud,8.1
7689,307427,13543,2026-05-30,High,Confirmed Fraud,14.3
7690,307433,40635,2025-10-03,Critical,Confirmed Fraud,5.0
7691,307436,38142,2026-06-18,High,Confirmed Fraud,23.8
7692,307460,34888,2025-05-03,Low,Under Review,16.0
7693,307514,12592,2025-04-20,Medium,Confirmed Fraud,23.8
7694,307645,21033,2025-10-26,High,Confirmed Fraud,15.9
7695,307649,37740,2026-09-18,Medium,Confirmed Fraud,24.8
7696,307663,38503,2025-01-13,High,Confirmed Fraud,9.9
7697,307671,116,2026-03-27,Medium,Confirmed Fraud,23.6
7698,307701,34963,2025-12-14,Medium,Confirmed Fraud,23.8
7699,307707,48523,2026-07-29,High,Confirmed Fraud,4.9
7700,307753,12600,2025-05-10,High,False Positive,10.0
7701,307754,19991,2025-12-27,Medium,Closed - No Fraud,34.9
7702,307852,19609,2025-12-19,High,Confirmed Fraud,29.0
7703,307877,31778,2025-09-22,Critical,Confirmed Fraud,16.4
7704,307910,12371,2025-01-16,Critical,Confirmed Fraud,15.3
7705,307952,33239,2025-07-03,Low,Confirmed Fraud,8.5
7706,307964,7384,2026-11-04,High,Confirmed Fraud,1.8
7707,308028,43797,2025-08-26,High,False Positive,15.6
7708,308035,41443,2025-04-12,High,Confirmed Fraud,16.3
7709,308068,23224,2026-09-24,Medium,Confirmed Fraud,3.9
7710,308078,41382,2025-01-30,High,False Positive,10.1
7711,308079,9741,2026-08-11,Critical,Confirmed Fraud,21.4
7712,308137,43185,2026-02-12,High,Under Review,4.7
7713,308186,10173,2026-12-15,Critical,Confirmed Fraud,7.0
7714,308213,34104,2026-04-18,Low,Confirmed Fraud,7.8
7715,308228,247,2025-06-05,High,False Positive,2.8
7716,308296,49318,2026-08-13,Critical,Confirmed Fraud,17.6
7717,308314,26111,2026-07-05,Low,Confirmed Fraud,48.1
7718,308406,29313,2025-10-26,Medium,Confirmed Fraud,17.8
7719,308411,20015,2026-06-22,High,Confirmed Fraud,10.9
7720,308445,1595,2025-01-09,High,Confirmed Fraud,8.3
7721,308462,36338,2025-06-18,High,False Positive,10.9
7722,308555,22922,2025-12-26,High,Confirmed Fraud,2.4
7723,308557,36738,2026-12-24,High,Confirmed Fraud,17.9
7724,308590,47189,2025-09-10,Low,Confirmed Fraud,11.8
7725,308640,47853,2025-02-08,Medium,Confirmed Fraud,4.0
7726,308675,19520,2026-05-19,Low,Confirmed Fraud,14.6
7727,308702,33232,2025-12-05,Critical,Confirmed Fraud,10.3
7728,308722,42060,2026-07-22,Medium,Under Review,14.1
7729,308782,49121,2026-01-25,High,Confirmed Fraud,9.6
7730,308803,23553,2025-11-01,High,Confirmed Fraud,12.6
7731,308822,13126,2025-08-10,Medium,Confirmed Fraud,4.1
7732,308932,11528,2026-12-31,Medium,Confirmed Fraud,37.9
7733,308947,35694,2025-07-22,Medium,Under Review,9.9
7734,309090,47357,2026-07-15,High,Confirmed Fraud,9.4
7735,309175,24622,2025-02-15,Critical,Confirmed Fraud,6.6
7736,309179,17090,2025-08-18,High,Confirmed Fraud,3.9
7737,309212,37922,2026-04-21,Critical,Under Review,3.1
7738,309224,14540,2025-04-17,High,Confirmed Fraud,9.1
7739,309363,41701,2025-06-07,High,Closed - No Fraud,5.1
7740,309378,12271,2025-08-31,Medium,Confirmed Fraud,12.6
7741,309446,28718,2025-02-21,High,Confirmed Fraud,3.2
7742,309692,47187,2026-02-06,High,Closed - No Fraud,57.9
7743,309693,43230,2025-07-08,High,Confirmed Fraud,39.2
7744,309710,13501,2025-05-02,Medium,Confirmed Fraud,16.2
7745,309740,27778,2025-02-22,High,False Positive,14.5
7746,309833,11804,2025-11-24,High,Closed - No Fraud,5.5
7747,309873,47788,2025-08-25,High,Confirmed Fraud,40.3
7748,309953,28693,2025-12-18,Medium,Closed - No Fraud,1.3
7749,309980,20930,2025-03-29,Low,Confirmed Fraud,76.2
7750,309988,38014,2025-07-19,High,Confirmed Fraud,17.3
7751,310037,2797,2025-05-24,Medium,Closed - No Fraud,4.8
7752,310068,4747,2025-03-18,High,Confirmed Fraud,4.9
7753,310134,23961,2025-01-22,High,Confirmed Fraud,14.8
7754,310174,41710,2025-12-24,High,Confirmed Fraud,8.8
7755,310208,24449,2025-12-06,Medium,Confirmed Fraud,13.5
7756,310255,30943,2026-11-12,Low,False Positive,20.0
7757,310347,15318,2025-02-22,Medium,Closed - No Fraud,14.8
7758,310425,35389,2025-12-06,High,Closed - No Fraud,4.6
7759,310434,20745,2026-11-05,High,Confirmed Fraud,5.6
7760,310461,25260,2025-04-05,Medium,Confirmed Fraud,7.1
7761,310477,28634,2025-03-24,High,Confirmed Fraud,20.4
7762,310502,4641,2026-09-01,Low,Confirmed Fraud,7.4
7763,310593,5954,2026-12-19,High,False Positive,2.8
7764,310603,44604,2026-12-14,High,Confirmed Fraud,9.1
7765,310683,20850,2026-05-12,Medium,Closed - No Fraud,7.7
7766,310712,39158,2026-03-14,High,Confirmed Fraud,31.3
7767,310787,28849,2025-10-12,Medium,Closed - No Fraud,4.4
7768,310897,16126,2025-07-17,Medium,Confirmed Fraud,12.2
7769,310931,36057,2026-01-21,High,Confirmed Fraud,14.6
7770,310976,10875,2026-11-10,High,False Positive,7.1
7771,311017,32715,2026-02-19,Medium,Confirmed Fraud,8.6
7772,311224,47792,2026-03-16,High,Under Review,11.1
7773,311241,9363,2025-09-02,High,Confirmed Fraud,32.1
7774,311242,43940,2026-11-25,High,Confirmed Fraud,7.0
7775,311303,1875,2025-08-09,High,Confirmed Fraud,8.6
7776,311384,27614,2026-06-13,Medium,False Positive,5.9
7777,311391,5563,2025-08-16,Critical,Closed - No Fraud,17.9
7778,311417,19221,2026-09-24,Medium,Closed - No Fraud,13.6
7779,311433,12195,2025-08-09,High,Confirmed Fraud,16.3
7780,311445,15277,2026-08-21,Medium,Confirmed Fraud,8.7
7781,311480,13012,2026-07-08,High,Confirmed Fraud,26.9
7782,311631,7726,2026-02-06,Critical,Confirmed Fraud,7.9
7783,311634,2517,2026-07-03,Medium,Closed - No Fraud,2.6
7784,311645,19044,2026-03-22,High,Confirmed Fraud,3.5
7785,311721,38495,2026-03-24,Medium,Closed - No Fraud,12.6
7786,311769,23538,2026-11-13,Low,Confirmed Fraud,9.5
7787,311828,24174,2025-08-27,Medium,Confirmed Fraud,10.0
7788,311853,21390,2026-08-25,Medium,Confirmed Fraud,29.3
7789,311871,49048,2025-09-05,High,False Positive,8.0
7790,311901,5180,2026-08-18,Medium,False Positive,7.6
7791,311950,8473,2026-03-04,Medium,Confirmed Fraud,6.8
7792,311961,31381,2026-02-27,High,Confirmed Fraud,9.1
7793,311967,29729,2026-07-20,High,Confirmed Fraud,2.8
7794,312020,5321,2026-05-07,High,Confirmed Fraud,11.1
7795,312050,29340,2026-10-13,Medium,False Positive,7.0
7796,312103,3703,2026-01-22,High,Confirmed Fraud,16.5
7797,312148,29824,2026-04-26,Medium,Confirmed Fraud,8.6
7798,312230,33783,2026-07-10,Medium,Under Review,2.6
7799,312280,36701,2025-05-28,High,Confirmed Fraud,6.5
7800,312298,30111,2025-07-02,Critical,False Positive,7.8
7801,312337,832,2025-07-16,High,False Positive,1.8
7802,312348,44836,2025-09-21,Medium,Confirmed Fraud,6.6
7803,312399,4477,2026-02-08,High,Closed - No Fraud,8.0
7804,312477,25850,2025-08-25,Critical,Confirmed Fraud,13.5
7805,312502,15915,2025-03-26,Medium,Confirmed Fraud,7.0
7806,312562,11282,2026-04-04,Medium,Confirmed Fraud,16.6
7807,312566,17311,2026-11-25,Low,Closed - No Fraud,12.9
7808,312568,39790,2025-05-25,Medium,Under Review,14.3
7809,312640,33458,2025-05-31,Critical,Confirmed Fraud,8.7
7810,312654,13676,2026-12-21,High,Confirmed Fraud,7.2
7811,312689,45518,2025-10-02,Medium,Under Review,6.4
7812,312706,23806,2026-10-25,Medium,Confirmed Fraud,11.4
7813,312786,10681,2025-05-17,Critical,Confirmed Fraud,9.7
7814,312800,11911,2025-01-04,Medium,Under Review,17.2
7815,312808,16548,2025-06-08,Low,False Positive,12.1
7816,312822,17538,2025-05-19,Low,Confirmed Fraud,22.0
7817,312864,29427,2025-05-09,High,Confirmed Fraud,5.3
7818,312877,13268,2026-12-23,Low,Confirmed Fraud,49.7
7819,312991,40298,2025-05-10,Critical,Confirmed Fraud,10.3
7820,313000,386,2026-09-11,High,Confirmed Fraud,8.1
7821,313012,33077,2025-03-18,Low,Confirmed Fraud,14.1
7822,313033,34962,2025-04-21,Medium,Closed - No Fraud,16.7
7823,313034,48154,2025-08-20,Medium,Confirmed Fraud,5.8
7824,313076,15914,2025-10-12,Critical,Confirmed Fraud,8.0
7825,313289,29424,2025-04-02,Medium,Closed - No Fraud,42.0
7826,313299,19194,2025-01-01,High,Closed - No Fraud,4.2
7827,313306,4327,2025-01-03,High,False Positive,14.0
7828,313364,12301,2025-04-01,High,Closed - No Fraud,34.9
7829,313383,34790,2025-01-02,High,Confirmed Fraud,9.6
7830,313455,47823,2025-01-18,Medium,Confirmed Fraud,7.7
7831,313537,41158,2025-03-04,High,Confirmed Fraud,8.7
7832,313571,35576,2025-11-02,Critical,Closed - No Fraud,7.2
7833,313595,40743,2026-05-13,Medium,Confirmed Fraud,9.5
7834,313622,13089,2026-05-28,High,Confirmed Fraud,16.9
7835,313718,37696,2025-08-22,High,Closed - No Fraud,10.8
7836,313846,4496,2025-02-10,Critical,Confirmed Fraud,14.3
7837,313856,41520,2026-11-25,Medium,Closed - No Fraud,13.2
7838,313858,46274,2025-01-12,Medium,Confirmed Fraud,30.2
7839,313882,25352,2025-08-09,Low,Confirmed Fraud,25.1
7840,313894,14792,2025-11-10,Critical,Confirmed Fraud,45.1
7841,313909,20389,2025-03-28,Low,Confirmed Fraud,13.9
7842,313941,16071,2026-10-04,High,Confirmed Fraud,2.3
7843,313953,36501,2025-07-22,Low,Closed - No Fraud,22.1
7844,314004,33691,2026-02-15,Critical,Confirmed Fraud,30.2
7845,314032,38315,2026-11-08,Critical,Under Review,6.5
7846,314084,30027,2026-09-03,Medium,Confirmed Fraud,43.3
7847,314088,36423,2026-02-19,Medium,Confirmed Fraud,11.4
7848,314151,4679,2025-04-10,Critical,Closed - No Fraud,13.2
7849,314165,4762,2026-06-16,Critical,Confirmed Fraud,10.3
7850,314283,16611,2025-04-20,High,Under Review,14.2
7851,314302,1105,2026-06-29,High,Confirmed Fraud,28.1
7852,314359,21547,2025-09-16,Medium,Confirmed Fraud,26.7
7853,314423,18632,2026-10-27,High,False Positive,15.8
7854,314665,43096,2025-12-06,Low,Closed - No Fraud,1.0
7855,314809,16188,2025-08-06,High,Closed - No Fraud,18.0
7856,314847,24111,2026-12-21,Low,Confirmed Fraud,4.2
7857,314930,17209,2025-09-07,High,Closed - No Fraud,16.7
7858,314984,9454,2025-04-16,High,False Positive,40.6
7859,315037,32905,2025-03-07,Low,Confirmed Fraud,13.3
7860,315041,42021,2025-05-29,High,Confirmed Fraud,41.0
7861,315113,2954,2025-06-29,High,Confirmed Fraud,51.2
7862,315256,48230,2025-04-11,Medium,Closed - No Fraud,6.5
7863,315290,19626,2026-08-15,Critical,Confirmed Fraud,49.4
7864,315312,38362,2025-04-25,Medium,Confirmed Fraud,25.1
7865,315331,43777,2025-07-05,Critical,Confirmed Fraud,14.2
7866,315337,31860,2026-10-26,Low,Confirmed Fraud,2.4
7867,315348,49847,2026-12-08,High,Confirmed Fraud,33.4
7868,315357,29428,2025-04-16,High,Confirmed Fraud,10.6
7869,315396,48201,2026-10-13,Critical,Under Review,66.5
7870,315425,46853,2025-01-25,Medium,Confirmed Fraud,26.1
7871,315436,17590,2025-03-12,Medium,Under Review,4.6
7872,315476,3757,2025-03-29,Medium,Confirmed Fraud,15.0
7873,315521,46877,2025-05-11,High,Confirmed Fraud,9.7
7874,315548,36825,2026-10-25,High,Confirmed Fraud,8.9
7875,315636,46600,2025-12-12,Medium,Confirmed Fraud,7.0
7876,315805,29788,2025-05-05,Medium,Confirmed Fraud,5.9
7877,315807,32608,2026-07-24,High,Confirmed Fraud,9.7
7878,315903,16279,2026-07-31,Critical,Confirmed Fraud,22.7
7879,315960,19116,2026-12-03,Medium,Under Review,6.8
7880,316042,20241,2025-02-12,Medium,Confirmed Fraud,21.5
7881,316120,39328,2026-08-03,High,False Positive,17.0
7882,316206,44505,2026-08-26,Low,Confirmed Fraud,59.1
7883,316214,14572,2025-09-27,High,Confirmed Fraud,8.4
7884,316254,32886,2026-10-08,High,Confirmed Fraud,6.6
7885,316283,33196,2026-03-09,High,Confirmed Fraud,41.0
7886,316339,8002,2026-01-14,High,Closed - No Fraud,3.5
7887,316365,45030,2025-03-07,Low,Confirmed Fraud,2.7
7888,316470,44850,2025-07-10,High,False Positive,13.6
7889,316500,5847,2026-06-19,Critical,Confirmed Fraud,17.7
7890,316542,28114,2025-03-08,Low,Confirmed Fraud,42.5
7891,316544,17732,2026-01-04,Medium,Confirmed Fraud,8.0
7892,316550,18744,2025-08-17,High,Closed - No Fraud,2.0
7893,316573,45169,2025-09-04,Medium,Confirmed Fraud,28.1
7894,316601,29932,2025-05-10,High,Closed - No Fraud,4.3
7895,316624,30369,2025-04-15,High,Confirmed Fraud,17.2
7896,316658,32893,2026-12-05,High,Confirmed Fraud,45.8
7897,316747,28872,2026-02-19,Medium,Under Review,29.8
7898,316748,31552,2025-05-04,Low,Confirmed Fraud,22.0
7899,316749,29567,2025-05-03,Critical,Confirmed Fraud,13.1
7900,316846,33474,2025-04-15,High,False Positive,4.9
7901,316888,6836,2025-08-17,Low,Confirmed Fraud,13.7
7902,316918,10569,2025-09-16,High,Confirmed Fraud,19.7
7903,316934,33734,2025-03-20,High,Confirmed Fraud,10.6
7904,316951,15024,2025-12-06,High,Confirmed Fraud,5.7
7905,316988,36930,2025-10-29,Critical,Confirmed Fraud,2.9
7906,317003,20744,2026-01-12,Medium,Confirmed Fraud,25.8
7907,317092,23022,2025-02-18,Critical,Closed - No Fraud,10.6
7908,317191,25889,2026-12-26,High,Confirmed Fraud,24.6
7909,317375,27613,2026-02-21,High,Under Review,7.5
7910,317519,1089,2026-09-24,High,Confirmed Fraud,4.7
7911,317520,29572,2026-02-08,High,Confirmed Fraud,6.0
7912,317562,15319,2025-02-22,Medium,Confirmed Fraud,61.3
7913,317601,44947,2026-06-23,High,Closed - No Fraud,46.3
7914,317606,33290,2026-08-02,Critical,Confirmed Fraud,2.8
7915,317658,3799,2026-12-10,Critical,False Positive,21.0
7916,317664,40802,2025-02-06,Medium,Confirmed Fraud,16.0
7917,317691,3450,2025-08-23,High,Closed - No Fraud,7.8
7918,317736,47840,2026-11-13,Critical,Confirmed Fraud,28.0
7919,317793,45202,2025-03-12,Low,Confirmed Fraud,8.7
7920,317965,49073,2026-03-12,High,Under Review,2.3
7921,317974,27724,2025-06-23,Medium,Confirmed Fraud,10.5
7922,317982,47129,2025-09-03,High,Confirmed Fraud,9.2
7923,317996,9798,2026-10-19,Medium,Confirmed Fraud,6.0
7924,318122,44283,2025-06-14,High,Confirmed Fraud,61.3
7925,318124,36930,2025-06-13,Low,Confirmed Fraud,9.9
7926,318140,15791,2025-08-09,High,Confirmed Fraud,3.2
7927,318163,26936,2025-04-16,Medium,Confirmed Fraud,26.6
7928,318233,41219,2026-03-20,Low,Confirmed Fraud,6.4
7929,318235,33472,2025-06-25,Medium,Under Review,8.4
7930,318273,19001,2025-05-05,High,Closed - No Fraud,4.5
7931,318315,37614,2025-07-31,Medium,Confirmed Fraud,4.4
7932,318351,6175,2025-11-01,Medium,Confirmed Fraud,11.2
7933,318475,23969,2025-01-20,High,Under Review,13.1
7934,318558,10970,2025-10-22,Critical,Confirmed Fraud,12.1
7935,318599,17689,2026-11-22,High,Confirmed Fraud,15.0
7936,318736,29331,2025-01-31,Low,Confirmed Fraud,14.8
7937,318768,29560,2025-08-31,Medium,Confirmed Fraud,27.0
7938,318826,19281,2025-06-28,Medium,False Positive,10.1
7939,318865,40695,2025-02-22,High,Confirmed Fraud,28.2
7940,318873,31739,2026-09-19,Low,Confirmed Fraud,3.3
7941,318946,28727,2026-04-14,High,Confirmed Fraud,38.3
7942,318992,16686,2026-08-05,Low,Confirmed Fraud,6.0
7943,319041,40352,2025-10-04,Low,Closed - No Fraud,10.0
7944,319077,24311,2026-08-03,High,Under Review,10.1
7945,319085,24622,2025-07-01,High,Confirmed Fraud,32.2
7946,319108,42768,2025-08-25,Low,Confirmed Fraud,7.1
7947,319208,5078,2025-03-11,Medium,Confirmed Fraud,10.2
7948,319253,37359,2025-09-11,Medium,Under Review,6.6
7949,319293,32635,2026-09-13,High,Confirmed Fraud,10.4
7950,319316,45361,2025-06-15,High,Under Review,16.8
7951,319406,27435,2025-03-31,High,Under Review,6.0
7952,319417,25952,2025-03-22,Medium,Confirmed Fraud,14.2
7953,319433,31271,2026-12-06,Medium,Under Review,7.3
7954,319497,10110,2026-12-12,Medium,Confirmed Fraud,25.3
7955,319520,8925,2026-09-14,High,Confirmed Fraud,4.2
7956,319557,23803,2026-08-12,Medium,Closed - No Fraud,22.6
7957,319571,5591,2025-03-03,Low,Confirmed Fraud,24.2
7958,319573,39496,2025-02-06,High,Confirmed Fraud,22.4
7959,319605,23334,2025-05-29,High,Under Review,17.5
7960,319664,20098,2026-03-22,High,False Positive,3.0
7961,319669,25070,2025-11-23,Medium,Closed - No Fraud,4.1
7962,319676,21424,2025-01-22,High,Under Review,15.1
7963,319699,21333,2025-10-30,High,Confirmed Fraud,17.0
7964,319712,20737,2026-06-20,Medium,Confirmed Fraud,7.4
7965,319768,3931,2026-12-10,High,Closed - No Fraud,18.2
7966,319779,37619,2025-03-13,High,Confirmed Fraud,8.4
7967,319806,43681,2025-04-15,High,Confirmed Fraud,5.5
7968,319816,15162,2025-06-21,Medium,Confirmed Fraud,3.4
7969,319844,4292,2025-12-15,High,Confirmed Fraud,7.0
7970,319925,20502,2025-04-27,High,Confirmed Fraud,10.0
7971,319937,23115,2025-05-23,High,Closed - No Fraud,3.7
7972,319941,419,2025-10-09,Critical,Confirmed Fraud,8.2
7973,319946,29487,2025-11-25,Critical,Confirmed Fraud,23.2
7974,320017,8122,2025-11-22,Medium,Confirmed Fraud,24.6
7975,320039,32784,2025-04-30,High,False Positive,87.2
7976,320040,40920,2025-08-28,Critical,Confirmed Fraud,18.0
7977,320153,5955,2026-12-24,High,Confirmed Fraud,35.1
7978,320154,41476,2026-10-21,Medium,Confirmed Fraud,8.8
7979,320159,13998,2025-04-09,Medium,Closed - No Fraud,13.0
7980,320181,1617,2025-08-15,Medium,Confirmed Fraud,44.1
7981,320186,20874,2025-03-24,Medium,Confirmed Fraud,23.6
7982,320235,44432,2025-08-22,Low,Confirmed Fraud,4.9
7983,320271,34367,2025-01-30,High,Under Review,11.7
7984,320276,31270,2025-06-04,High,Confirmed Fraud,9.4
7985,320342,3024,2025-07-28,High,Confirmed Fraud,2.3
7986,320352,19762,2025-12-06,Medium,Confirmed Fraud,18.9
7987,320376,15384,2025-06-21,Medium,Confirmed Fraud,5.0
7988,320383,36830,2026-03-28,Critical,Confirmed Fraud,42.3
7989,320409,20721,2026-04-24,High,Confirmed Fraud,15.4
7990,320455,33096,2025-09-13,High,Confirmed Fraud,12.1
7991,320586,6651,2026-06-11,Critical,Confirmed Fraud,46.2
7992,320596,29881,2025-06-04,High,Confirmed Fraud,4.6
7993,320598,15228,2026-08-20,High,False Positive,18.2
7994,320645,8792,2025-10-30,Medium,Under Review,7.5
7995,320662,12505,2026-10-31,High,Confirmed Fraud,21.3
7996,320665,47455,2025-03-30,Medium,Confirmed Fraud,3.1
7997,320722,21263,2025-09-28,High,False Positive,18.3
7998,320729,29269,2025-07-01,High,Confirmed Fraud,11.5
7999,320730,28144,2026-01-26,Medium,Under Review,8.8
8000,320751,11868,2025-11-09,Medium,Confirmed Fraud,12.7
8001,320752,20846,2026-11-29,Medium,Confirmed Fraud,28.7
8002,320874,25629,2026-07-09,Medium,Confirmed Fraud,6.3
8003,320897,39779,2025-08-05,Medium,False Positive,5.3
8004,320914,40466,2025-03-05,Critical,False Positive,7.3
8005,320918,31159,2025-12-03,Low,Confirmed Fraud,16.4
8006,321043,9764,2026-03-24,Medium,Confirmed Fraud,4.0
8007,321052,1775,2026-04-21,High,Confirmed Fraud,12.9
8008,321054,30456,2025-12-13,Medium,Closed - No Fraud,10.5
8009,321100,3967,2025-06-12,Critical,Confirmed Fraud,4.1
8010,321103,34771,2026-03-29,Medium,Confirmed Fraud,17.2
8011,321105,4601,2026-07-23,High,Confirmed Fraud,15.5
8012,321154,26481,2025-02-01,Low,Closed - No Fraud,7.1
8013,321202,31671,2025-08-18,Low,Closed - No Fraud,20.0
8014,321314,15735,2025-02-01,High,Confirmed Fraud,7.8
8015,321328,46818,2026-01-13,Low,Confirmed Fraud,5.1
8016,321333,46223,2025-12-12,Medium,Confirmed Fraud,73.1
8017,321354,5141,2026-02-08,High,Confirmed Fraud,6.1
8018,321375,21629,2025-02-04,High,Confirmed Fraud,42.4
8019,321465,24561,2025-01-04,Medium,Confirmed Fraud,3.7
8020,321486,13487,2025-04-10,Critical,Confirmed Fraud,14.6
8021,321489,43713,2025-05-08,Medium,Confirmed Fraud,4.9
8022,321504,21620,2026-10-20,High,Confirmed Fraud,9.8
8023,321515,41743,2026-12-23,High,Closed - No Fraud,39.6
8024,321519,4190,2025-04-27,Medium,Confirmed Fraud,20.4
8025,321534,19035,2025-06-01,Medium,Confirmed Fraud,2.9
8026,321539,5229,2026-09-03,Medium,Confirmed Fraud,12.8
8027,321562,27673,2026-08-02,High,Confirmed Fraud,29.0
8028,321589,25172,2026-03-26,Low,Confirmed Fraud,6.4
8029,321649,5505,2026-04-03,Medium,Confirmed Fraud,9.5
8030,321680,4609,2025-07-26,High,Closed - No Fraud,9.7
8031,321778,11115,2025-02-21,Medium,Confirmed Fraud,11.0
8032,321815,4483,2025-01-09,Critical,Confirmed Fraud,8.7
8033,321831,19743,2026-01-11,Critical,Confirmed Fraud,2.7
8034,321888,47436,2025-05-01,High,Confirmed Fraud,12.0
8035,321936,23598,2025-02-14,Medium,Confirmed Fraud,27.8
8036,322076,46463,2026-10-22,High,Confirmed Fraud,4.8
8037,322105,19178,2026-06-07,High,False Positive,6.5
8038,322161,16270,2025-12-13,Medium,False Positive,34.8
8039,322210,9099,2025-05-01,High,Closed - No Fraud,5.8
8040,322211,20258,2025-04-14,Medium,Confirmed Fraud,12.7
8041,322261,46925,2026-01-10,Medium,Under Review,11.0
8042,322276,11507,2025-05-25,High,Closed - No Fraud,14.5
8043,322326,6161,2025-11-28,Medium,Confirmed Fraud,71.9
8044,322398,21735,2025-10-30,Critical,Confirmed Fraud,25.2
8045,322462,16201,2025-06-18,High,Confirmed Fraud,14.3
8046,322500,6328,2025-09-09,Low,Confirmed Fraud,12.4
8047,322529,30247,2026-06-14,High,Confirmed Fraud,19.8
8048,322543,22333,2026-11-12,High,Confirmed Fraud,14.0
8049,322565,48560,2026-11-19,Medium,Confirmed Fraud,13.3
8050,322589,19209,2025-09-21,High,False Positive,14.1
8051,322627,19396,2025-12-10,High,Closed - No Fraud,4.5
8052,322639,27895,2026-04-17,High,Confirmed Fraud,5.2
8053,322643,7927,2025-10-16,Medium,Under Review,12.9
8054,322707,20002,2026-02-24,Medium,Closed - No Fraud,6.9
8055,322815,24699,2025-11-15,High,Confirmed Fraud,5.5
8056,322916,7241,2025-08-05,High,Confirmed Fraud,17.2
8057,322925,2418,2026-10-07,High,Confirmed Fraud,8.9
8058,323019,2262,2025-11-16,Medium,Confirmed Fraud,11.4
8059,323081,22934,2025-02-23,Low,Confirmed Fraud,3.7
8060,323087,19651,2025-11-21,Medium,Confirmed Fraud,13.0
8061,323143,24268,2025-04-16,High,False Positive,6.0
8062,323174,48518,2026-11-18,Low,Confirmed Fraud,8.7
8063,323254,27183,2025-09-15,Low,Confirmed Fraud,19.3
8064,323324,19681,2026-02-17,Critical,Confirmed Fraud,10.5
8065,323401,9371,2026-07-16,Critical,Confirmed Fraud,7.3
8066,323423,43523,2025-08-08,Medium,Confirmed Fraud,33.6
8067,323495,14491,2025-07-26,Medium,Confirmed Fraud,6.8
8068,323497,5788,2025-05-28,Medium,Confirmed Fraud,4.8
8069,323580,42846,2025-09-17,Medium,Confirmed Fraud,12.6
8070,323660,5573,2025-04-04,Medium,Confirmed Fraud,9.2
8071,323827,12676,2025-07-29,High,Closed - No Fraud,5.5
8072,323836,1847,2025-11-02,High,Confirmed Fraud,10.1
8073,323885,23996,2026-10-16,Medium,Confirmed Fraud,4.4
8074,323912,28276,2025-02-20,High,False Positive,14.6
8075,323929,14199,2025-05-10,Critical,Closed - No Fraud,16.7
8076,323997,43477,2026-11-13,High,Closed - No Fraud,9.3
8077,324040,3860,2026-02-10,Low,Confirmed Fraud,26.3
8078,324057,22837,2025-02-02,High,Under Review,4.5
8079,324147,21112,2025-09-28,Critical,Closed - No Fraud,18.1
8080,324210,29063,2026-06-25,High,Confirmed Fraud,7.2
8081,324259,42477,2025-09-09,Critical,Confirmed Fraud,24.9
8082,324270,49665,2025-10-24,Low,Confirmed Fraud,4.2
8083,324293,37034,2026-03-27,High,Confirmed Fraud,5.9
8084,324304,32719,2025-05-21,High,Confirmed Fraud,10.3
8085,324342,4978,2026-06-22,Medium,Confirmed Fraud,15.0
8086,324376,46779,2025-08-22,Medium,Confirmed Fraud,4.7
8087,324423,24122,2025-07-25,Medium,Confirmed Fraud,3.8
8088,324429,23769,2025-07-21,High,False Positive,11.0
8089,324430,45596,2026-07-31,Critical,Under Review,29.5
8090,324447,38513,2026-12-24,Low,Under Review,8.2
8091,324552,32390,2026-11-01,High,Confirmed Fraud,5.3
8092,324618,1174,2025-03-31,Medium,Confirmed Fraud,6.1
8093,324635,24323,2025-12-10,High,Confirmed Fraud,27.0
8094,324636,11135,2025-07-28,Medium,Confirmed Fraud,4.2
8095,324664,6576,2025-11-14,Critical,Confirmed Fraud,6.1
8096,324684,34943,2025-10-10,High,False Positive,4.4
8097,324745,2784,2025-11-09,High,Under Review,3.5
8098,324793,28539,2026-10-22,Medium,Confirmed Fraud,9.6
8099,324801,14832,2025-05-17,Critical,Confirmed Fraud,10.8
8100,324913,28106,2026-11-26,Low,Confirmed Fraud,9.5
8101,324960,17076,2025-02-19,High,Closed - No Fraud,22.3
8102,324993,4476,2026-07-24,Critical,Confirmed Fraud,9.2
8103,325144,4318,2025-01-07,High,Confirmed Fraud,15.3
8104,325146,43332,2025-04-12,High,Confirmed Fraud,77.9
8105,325187,30130,2025-05-15,Critical,Confirmed Fraud,6.2
8106,325188,14430,2025-03-08,High,Confirmed Fraud,3.2
8107,325252,17168,2026-07-28,Critical,Under Review,11.9
8108,325253,30917,2025-03-08,High,Confirmed Fraud,14.4
8109,325260,13711,2025-07-09,High,Confirmed Fraud,8.6
8110,325320,22861,2025-05-31,Medium,Confirmed Fraud,16.5
8111,325336,3149,2026-04-15,Medium,Closed - No Fraud,14.8
8112,325339,34961,2025-04-27,High,False Positive,29.6
8113,325345,5825,2025-04-24,High,Confirmed Fraud,14.1
8114,325387,22731,2026-02-14,High,Closed - No Fraud,18.5
8115,325395,31109,2025-06-18,High,Confirmed Fraud,25.4
8116,325518,16904,2025-11-07,Low,Confirmed Fraud,12.7
8117,325523,17007,2025-11-18,High,Confirmed Fraud,28.9
8118,325562,22221,2025-11-01,Medium,Under Review,11.2
8119,325594,26583,2025-11-16,High,Confirmed Fraud,36.1
8120,325605,21117,2026-09-26,Critical,Confirmed Fraud,7.4
8121,325638,8401,2026-12-26,Medium,Confirmed Fraud,8.6
8122,325642,27232,2026-09-15,Low,Confirmed Fraud,7.6
8123,325739,47910,2025-07-31,Medium,False Positive,27.1
8124,325780,16490,2025-02-19,Low,Confirmed Fraud,24.2
8125,325863,47482,2026-05-06,Medium,Confirmed Fraud,37.0
8126,325865,28941,2026-02-24,Medium,Confirmed Fraud,13.7
8127,325866,37309,2026-04-04,Medium,Confirmed Fraud,14.7
8128,325985,19884,2026-05-17,Critical,Confirmed Fraud,3.4
8129,326024,4267,2025-05-18,Critical,Closed - No Fraud,2.4
8130,326178,3156,2025-10-31,High,Closed - No Fraud,46.0
8131,326204,34618,2026-06-28,High,Under Review,14.1
8132,326263,26585,2026-12-18,High,Confirmed Fraud,2.0
8133,326271,12368,2025-06-02,High,Confirmed Fraud,8.7
8134,326360,42048,2025-10-17,Medium,Closed - No Fraud,71.1
8135,326362,15644,2025-10-01,Critical,False Positive,12.3
8136,326412,34915,2026-01-29,High,Confirmed Fraud,9.8
8137,326439,42246,2026-09-22,High,False Positive,4.0
8138,326473,8081,2026-04-04,Critical,Confirmed Fraud,4.7
8139,326479,45536,2025-07-30,Critical,Under Review,14.5
8140,326524,13534,2025-05-15,Medium,False Positive,69.2
8141,326627,25257,2026-12-31,Low,Confirmed Fraud,12.2
8142,326688,3179,2026-01-28,Low,Closed - No Fraud,4.6
8143,326691,42027,2025-08-11,High,Confirmed Fraud,37.2
8144,326771,49104,2025-02-15,High,Confirmed Fraud,26.8
8145,326792,29772,2025-02-22,Medium,Confirmed Fraud,3.9
8146,326822,22355,2025-09-01,High,Confirmed Fraud,9.1
8147,326837,28466,2025-03-23,Medium,Closed - No Fraud,19.2
8148,326916,28860,2025-04-28,High,Confirmed Fraud,11.5
8149,326978,13457,2025-10-16,Critical,Confirmed Fraud,5.3
8150,327151,27833,2025-05-15,Medium,Confirmed Fraud,9.4
8151,327214,41289,2026-12-25,Medium,Confirmed Fraud,17.3
8152,327247,21587,2026-12-04,Medium,Closed - No Fraud,10.9
8153,327249,37064,2025-11-06,High,Confirmed Fraud,17.3
8154,327255,34072,2025-03-11,High,Confirmed Fraud,45.1
8155,327258,28616,2026-05-06,Medium,Confirmed Fraud,7.5
8156,327271,28244,2025-02-20,High,Confirmed Fraud,4.9
8157,327329,1928,2026-10-28,High,Confirmed Fraud,5.0
8158,327350,32524,2025-08-09,High,Confirmed Fraud,32.2
8159,327366,25061,2026-01-05,Medium,Confirmed Fraud,22.0
8160,327399,6601,2026-07-30,High,Confirmed Fraud,3.4
8161,327402,31583,2026-08-10,Medium,Confirmed Fraud,15.8
8162,327502,32753,2026-12-13,Medium,Confirmed Fraud,16.7
8163,327507,25807,2025-05-26,Critical,Under Review,19.4
8164,327701,21832,2026-05-09,Critical,Confirmed Fraud,7.2
8165,327722,36996,2025-03-27,High,Confirmed Fraud,36.0
8166,327724,36036,2026-10-05,Low,False Positive,16.4
8167,327741,34767,2025-01-04,High,Confirmed Fraud,17.7
8168,327782,36813,2025-02-28,Medium,Confirmed Fraud,6.8
8169,327797,37930,2025-06-15,Critical,Confirmed Fraud,3.8
8170,327911,25881,2026-08-23,Medium,Confirmed Fraud,10.5
8171,327930,42892,2025-12-04,Medium,Confirmed Fraud,7.7
8172,328048,38106,2026-04-29,High,Confirmed Fraud,9.0
8173,328061,33496,2026-03-05,High,Confirmed Fraud,6.0
8174,328089,35328,2025-07-23,Critical,Confirmed Fraud,3.7
8175,328094,33717,2026-11-07,High,Confirmed Fraud,10.2
8176,328153,4673,2026-11-19,High,Confirmed Fraud,4.3
8177,328182,37184,2025-08-20,High,Closed - No Fraud,6.8
8178,328253,48482,2026-12-11,Medium,False Positive,4.2
8179,328254,13807,2026-09-07,Critical,Confirmed Fraud,35.0
8180,328269,42949,2026-01-01,Critical,Confirmed Fraud,14.2
8181,328310,23514,2026-08-24,Medium,Confirmed Fraud,21.5
8182,328444,15885,2025-06-14,Medium,Confirmed Fraud,40.1
8183,328461,49271,2025-01-27,High,Confirmed Fraud,21.8
8184,328484,31670,2025-03-15,High,Confirmed Fraud,29.7
8185,328518,37933,2025-07-30,High,Under Review,6.4
8186,328521,17975,2026-12-01,High,False Positive,8.1
8187,328573,41675,2026-10-16,High,Confirmed Fraud,2.1
8188,328605,36377,2025-04-27,High,Confirmed Fraud,5.5
8189,328623,38190,2026-06-08,Critical,Confirmed Fraud,16.6
8190,328627,29965,2026-07-13,Medium,Confirmed Fraud,11.0
8191,328666,19587,2026-06-10,Medium,Confirmed Fraud,5.2
8192,328684,6444,2025-12-25,Low,False Positive,25.7
8193,328715,49800,2025-02-05,High,Confirmed Fraud,28.3
8194,328751,49824,2025-03-11,High,False Positive,13.5
8195,328815,4390,2025-05-30,Medium,Confirmed Fraud,8.6
8196,328816,12380,2025-03-30,Critical,Confirmed Fraud,32.7
8197,328852,10279,2025-01-05,High,Confirmed Fraud,13.7
8198,328960,42837,2026-01-05,Low,Confirmed Fraud,8.1
8199,329003,9173,2025-06-05,Critical,False Positive,13.2
8200,329012,35052,2025-08-31,High,False Positive,21.9
8201,329015,46710,2025-06-18,Medium,Confirmed Fraud,10.1
8202,329042,6117,2026-06-21,High,Confirmed Fraud,6.4
8203,329115,8867,2026-05-10,High,Confirmed Fraud,53.7
8204,329130,23999,2026-11-10,High,Closed - No Fraud,17.6
8205,329191,49879,2025-07-14,Medium,Confirmed Fraud,4.0
8206,329215,2120,2026-12-14,Medium,Confirmed Fraud,14.5
8207,329239,861,2025-12-15,Medium,Closed - No Fraud,4.6
8208,329242,11461,2025-03-23,Medium,Confirmed Fraud,9.9
8209,329310,15509,2025-02-23,Low,Confirmed Fraud,4.7
8210,329345,45632,2026-09-05,High,Confirmed Fraud,5.7
8211,329360,12114,2026-08-26,Medium,Confirmed Fraud,6.0
8212,329377,15830,2026-10-22,Critical,Confirmed Fraud,3.0
8213,329444,46840,2026-03-17,Medium,Confirmed Fraud,12.2
8214,329494,27788,2026-03-09,Medium,False Positive,26.7
8215,329503,38009,2025-06-06,Low,Under Review,22.3
8216,329524,41703,2026-02-24,Critical,Confirmed Fraud,38.8
8217,329566,19170,2026-01-30,Critical,Confirmed Fraud,47.9
8218,329692,4829,2025-04-27,High,Confirmed Fraud,31.3
8219,329738,32609,2025-12-23,High,Confirmed Fraud,9.0
8220,329771,35042,2026-10-18,Medium,Confirmed Fraud,17.7
8221,329775,7333,2025-01-17,High,Confirmed Fraud,7.3
8222,329873,20170,2025-03-24,Medium,Confirmed Fraud,54.5
8223,329886,9596,2025-04-29,Medium,Confirmed Fraud,14.4
8224,329890,43011,2026-08-26,Critical,Confirmed Fraud,7.6
8225,330027,27002,2026-03-14,Medium,Confirmed Fraud,8.1
8226,330032,16360,2025-10-28,Medium,Confirmed Fraud,37.3
8227,330033,31363,2026-03-13,Low,Confirmed Fraud,6.3
8228,330041,1030,2026-01-26,Medium,False Positive,24.8
8229,330058,38110,2026-12-10,Low,Confirmed Fraud,5.4
8230,330128,31302,2025-03-09,High,Closed - No Fraud,5.4
8231,330159,47455,2025-01-11,High,Confirmed Fraud,6.4
8232,330165,9797,2025-09-11,Critical,Confirmed Fraud,74.1
8233,330211,26710,2025-03-08,Medium,Confirmed Fraud,11.2
8234,330236,39331,2026-02-19,High,Closed - No Fraud,16.5
8235,330239,14197,2026-03-04,Medium,False Positive,19.5
8236,330244,22763,2026-04-01,Medium,False Positive,4.5
8237,330302,12363,2026-12-02,Low,Confirmed Fraud,20.6
8238,330337,18722,2025-10-05,Medium,Confirmed Fraud,33.2
8239,330357,31760,2025-04-26,Critical,Confirmed Fraud,6.0
8240,330404,35652,2025-12-23,High,Confirmed Fraud,6.3
8241,330426,23336,2025-07-15,High,False Positive,56.2
8242,330437,4843,2025-05-13,High,Confirmed Fraud,6.9
8243,330493,46920,2025-12-30,High,Confirmed Fraud,5.8
8244,330567,6631,2026-10-25,High,Confirmed Fraud,4.6
8245,330581,26574,2025-05-22,High,Closed - No Fraud,19.8
8246,330607,32677,2025-10-22,Low,Confirmed Fraud,6.6
8247,330628,31433,2025-05-07,High,Under Review,9.5
8248,330635,14220,2026-10-12,High,Confirmed Fraud,20.4
8249,330688,27015,2025-06-15,Critical,Confirmed Fraud,3.0
8250,330698,29021,2025-08-17,High,Confirmed Fraud,11.7
8251,330721,44976,2025-02-15,Medium,Under Review,6.2
8252,330737,38814,2025-06-23,High,Under Review,5.4
8253,330745,46901,2026-03-14,Critical,Confirmed Fraud,12.3
8254,330765,42138,2026-02-03,High,Confirmed Fraud,8.7
8255,330768,19350,2025-03-08,High,Confirmed Fraud,4.4
8256,330822,44050,2025-05-05,Medium,Confirmed Fraud,52.7
8257,330852,48974,2026-10-23,High,Confirmed Fraud,4.0
8258,330976,44125,2025-12-03,Critical,Confirmed Fraud,17.0
8259,330977,39291,2025-03-25,High,Confirmed Fraud,8.6
8260,331056,40290,2026-03-15,High,Confirmed Fraud,13.2
8261,331086,13843,2026-05-23,High,Confirmed Fraud,25.3
8262,331128,41197,2026-02-16,Low,Confirmed Fraud,28.1
8263,331160,36042,2026-04-11,Medium,Confirmed Fraud,20.3
8264,331295,2356,2025-03-19,High,Confirmed Fraud,13.9
8265,331318,40041,2025-09-30,Critical,Confirmed Fraud,6.9
8266,331332,3831,2026-04-07,High,Confirmed Fraud,6.9
8267,331377,14752,2026-02-15,Medium,Confirmed Fraud,13.1
8268,331389,10341,2025-01-15,High,Confirmed Fraud,4.5
8269,331416,6917,2025-11-26,High,Under Review,5.9
8270,331455,15302,2025-08-12,Medium,Confirmed Fraud,6.0
8271,331535,25303,2025-01-01,High,Closed - No Fraud,10.6
8272,331547,10678,2025-11-26,Critical,Closed - No Fraud,5.1
8273,331600,17769,2026-12-16,Medium,Confirmed Fraud,3.7
8274,331603,40537,2025-09-24,High,Confirmed Fraud,14.9
8275,331698,38483,2026-03-29,High,Confirmed Fraud,4.4
8276,331878,37441,2026-09-09,High,Confirmed Fraud,33.3
8277,331900,9678,2025-07-06,Low,Confirmed Fraud,4.1
8278,331911,7656,2025-07-24,Low,Confirmed Fraud,13.4
8279,331920,4556,2025-02-18,Low,Confirmed Fraud,12.3
8280,331947,27721,2025-06-23,High,Confirmed Fraud,32.9
8281,331970,28624,2026-01-16,High,Confirmed Fraud,7.4
8282,331972,28146,2025-08-03,High,Confirmed Fraud,11.6
8283,332114,21804,2025-10-30,Medium,Closed - No Fraud,9.4
8284,332161,11330,2026-12-03,High,Confirmed Fraud,3.3
8285,332177,47007,2025-05-28,Low,Confirmed Fraud,7.9
8286,332179,38774,2025-06-14,Medium,Confirmed Fraud,14.5
8287,332188,43014,2026-08-15,High,Confirmed Fraud,15.9
8288,332275,34851,2026-12-09,Critical,Confirmed Fraud,5.8
8289,332303,28259,2026-12-05,Medium,False Positive,9.7
8290,332323,23850,2025-05-17,High,Closed - No Fraud,7.2
8291,332343,45910,2026-08-28,High,False Positive,1.7
8292,332388,30840,2025-05-13,High,False Positive,6.6
8293,332437,43957,2026-04-08,Critical,Confirmed Fraud,8.2
8294,332560,9671,2025-02-04,Medium,False Positive,4.6
8295,332576,39324,2025-01-19,Medium,Under Review,30.1
8296,332626,31397,2026-04-01,Medium,Confirmed Fraud,7.1
8297,332643,42904,2026-09-12,Medium,Closed - No Fraud,40.4
8298,332686,28187,2026-06-27,Low,Confirmed Fraud,31.2
8299,332749,46527,2025-09-28,Medium,False Positive,11.9
8300,332768,45396,2025-06-24,Medium,Under Review,9.2
8301,332782,41722,2025-11-16,Medium,Closed - No Fraud,25.3
8302,332790,31290,2025-04-15,High,Confirmed Fraud,19.6
8303,332904,8531,2025-01-04,High,Confirmed Fraud,1.9
8304,332987,24676,2025-12-27,Medium,Under Review,7.0
8305,333174,31228,2025-11-17,Medium,Confirmed Fraud,8.1
8306,333264,13756,2025-01-09,High,Confirmed Fraud,2.4
8307,333265,28741,2026-03-25,Medium,Confirmed Fraud,4.1
8308,333279,40669,2026-01-25,High,Confirmed Fraud,6.9
8309,333283,46632,2026-12-05,High,Confirmed Fraud,9.5
8310,333393,25050,2026-11-12,Medium,Confirmed Fraud,11.4
8311,333460,26566,2025-04-14,High,Under Review,10.6
8312,333534,6789,2026-03-07,High,Confirmed Fraud,2.7
8313,333569,45884,2025-11-02,High,Closed - No Fraud,6.6
8314,333636,34233,2025-02-28,Medium,Confirmed Fraud,10.4
8315,333675,44077,2025-05-31,High,Confirmed Fraud,21.9
8316,333714,44905,2025-07-24,Medium,Confirmed Fraud,27.9
8317,333742,15570,2025-10-05,Low,Closed - No Fraud,32.2
8318,333810,29644,2026-11-27,Critical,Confirmed Fraud,10.3
8319,333869,38782,2026-12-14,High,Confirmed Fraud,3.4
8320,333916,29891,2025-10-13,Medium,Confirmed Fraud,17.9
8321,333951,2384,2025-03-15,Medium,Confirmed Fraud,9.7
8322,333976,24449,2026-02-09,Medium,Closed - No Fraud,24.1
8323,333978,45138,2026-04-05,Medium,Closed - No Fraud,16.6
8324,334010,23031,2025-01-11,High,Closed - No Fraud,39.1
8325,334151,6179,2025-06-11,Critical,Closed - No Fraud,6.2
8326,334161,5489,2025-05-07,Medium,Confirmed Fraud,11.1
8327,334170,9791,2025-09-04,Medium,False Positive,10.3
8328,334176,21136,2025-09-11,Critical,Confirmed Fraud,7.5
8329,334182,21000,2025-04-22,High,Confirmed Fraud,5.6
8330,334226,30776,2025-05-20,Medium,Confirmed Fraud,3.4
8331,334243,44532,2025-01-14,Critical,Confirmed Fraud,6.2
8332,334253,26936,2026-03-21,Low,False Positive,9.6
8333,334255,27612,2026-01-30,High,Confirmed Fraud,7.9
8334,334340,8035,2026-03-01,High,Confirmed Fraud,6.2
8335,334407,42000,2026-08-31,Critical,Confirmed Fraud,10.8
8336,334543,30498,2025-06-07,High,Closed - No Fraud,5.7
8337,334580,14936,2025-09-20,Medium,Confirmed Fraud,13.6
8338,334587,6831,2025-02-06,Low,Under Review,10.8
8339,334614,38154,2026-09-25,High,Closed - No Fraud,3.4
8340,334627,24115,2025-04-01,High,Confirmed Fraud,5.8
8341,334637,31008,2026-11-09,Medium,Confirmed Fraud,12.9
8342,334689,24303,2026-11-13,Critical,Confirmed Fraud,18.4
8343,334695,10277,2025-06-08,High,Confirmed Fraud,26.7
8344,334700,32778,2026-06-08,Low,Confirmed Fraud,14.3
8345,334713,46991,2026-03-14,Critical,Closed - No Fraud,14.7
8346,334841,31973,2025-02-01,Medium,False Positive,4.5
8347,334848,19388,2026-07-24,Medium,Confirmed Fraud,1.7
8348,334864,10471,2026-03-08,High,Confirmed Fraud,14.5
8349,334975,6827,2025-04-17,Medium,Closed - No Fraud,18.2
8350,334989,7069,2026-07-31,High,Confirmed Fraud,10.6
8351,335026,30429,2025-07-20,Critical,Closed - No Fraud,9.9
8352,335184,31672,2025-07-04,Critical,Confirmed Fraud,9.7
8353,335231,3357,2025-04-11,High,Confirmed Fraud,4.7
8354,335238,48195,2025-05-17,Medium,Confirmed Fraud,5.6
8355,335288,42884,2025-02-17,Low,Confirmed Fraud,26.8
8356,335306,14230,2026-12-31,Low,Under Review,28.8
8357,335315,26107,2026-02-21,High,False Positive,5.7
8358,335346,34657,2025-04-02,Low,Confirmed Fraud,26.5
8359,335386,32793,2026-01-02,High,Closed - No Fraud,10.2
8360,335546,41311,2026-05-10,High,Confirmed Fraud,3.9
8361,335568,18194,2025-03-05,Medium,Confirmed Fraud,22.0
8362,335585,27922,2025-05-13,High,Confirmed Fraud,16.4
8363,335620,35173,2026-05-28,High,Confirmed Fraud,8.8
8364,335633,29203,2025-06-12,High,Confirmed Fraud,13.8
8365,335666,36403,2025-09-16,High,Confirmed Fraud,23.8
8366,335773,21779,2025-05-26,Medium,Confirmed Fraud,9.1
8367,335905,22672,2026-04-04,Medium,False Positive,3.7
8368,335928,13167,2025-12-04,Medium,Confirmed Fraud,7.7
8369,335949,45619,2026-07-08,High,Closed - No Fraud,49.9
8370,336000,1204,2026-09-29,Medium,Confirmed Fraud,11.4
8371,336030,46119,2025-01-09,Medium,Confirmed Fraud,12.2
8372,336183,20141,2026-03-25,Critical,Closed - No Fraud,20.9
8373,336189,12606,2026-07-01,Low,False Positive,8.8
8374,336276,23729,2026-09-19,High,Confirmed Fraud,19.9
8375,336281,24401,2025-02-01,Medium,Under Review,4.3
8376,336331,7444,2026-08-24,Critical,Confirmed Fraud,8.2
8377,336357,27416,2025-03-12,Medium,Confirmed Fraud,10.6
8378,336443,49053,2026-10-24,Low,Under Review,13.5
8379,336491,4715,2025-06-07,Medium,Confirmed Fraud,4.4
8380,336555,8717,2026-11-11,Low,Confirmed Fraud,10.2
8381,336575,1316,2026-05-30,High,Closed - No Fraud,6.9
8382,336597,17741,2025-01-27,High,False Positive,10.5
8383,336614,38622,2025-05-14,Medium,Confirmed Fraud,7.3
8384,336665,4717,2025-10-07,High,Confirmed Fraud,8.6
8385,336690,72,2025-11-02,Medium,Confirmed Fraud,7.3
8386,336769,13074,2025-12-13,Low,Confirmed Fraud,12.4
8387,336788,13355,2025-04-10,High,False Positive,12.8
8388,336795,34095,2025-06-10,Low,Confirmed Fraud,4.1
8389,336813,5145,2025-01-31,Critical,False Positive,44.5
8390,336890,34054,2025-11-12,High,Confirmed Fraud,11.2
8391,336962,25008,2026-10-08,High,Closed - No Fraud,13.8
8392,337020,36589,2025-08-05,Medium,Under Review,24.4
8393,337044,17550,2026-11-28,High,Confirmed Fraud,13.8
8394,337061,19095,2026-06-19,Critical,False Positive,24.2
8395,337088,15947,2025-03-24,High,Under Review,11.0
8396,337108,8241,2025-01-01,Low,Confirmed Fraud,5.3
8397,337110,33045,2025-12-31,Medium,False Positive,10.0
8398,337180,18496,2026-12-14,Critical,Confirmed Fraud,7.0
8399,337284,20059,2026-01-10,High,Confirmed Fraud,8.4
8400,337338,17053,2025-06-09,Medium,False Positive,40.0
8401,337395,17512,2026-04-21,High,Confirmed Fraud,15.9
8402,337416,4754,2025-01-23,Critical,Confirmed Fraud,93.5
8403,337429,36375,2026-03-17,Low,Confirmed Fraud,11.2
8404,337442,3505,2026-04-22,Low,Confirmed Fraud,1.4
8405,337446,39950,2025-02-13,High,Confirmed Fraud,24.3
8406,337447,38550,2025-08-18,High,False Positive,98.1
8407,337710,34979,2026-08-08,Medium,Confirmed Fraud,7.6
8408,337726,48750,2026-05-11,Medium,Confirmed Fraud,23.4
8409,337733,9135,2026-07-29,Medium,Confirmed Fraud,11.2
8410,337755,10000,2026-07-31,Low,False Positive,13.8
8411,337785,32743,2026-03-02,Low,Confirmed Fraud,4.8
8412,337872,35431,2025-09-19,Medium,Under Review,23.3
8413,337885,39053,2025-09-28,Medium,Under Review,12.5
8414,337955,27300,2026-02-21,High,Closed - No Fraud,8.4
8415,337963,7296,2026-06-09,High,Confirmed Fraud,3.5
8416,337967,19386,2026-01-05,High,Confirmed Fraud,9.1
8417,337973,1694,2026-01-22,High,False Positive,11.1
8418,337988,27500,2025-03-06,Medium,False Positive,9.3
8419,338039,26031,2026-02-06,High,Confirmed Fraud,16.6
8420,338068,41018,2025-02-04,High,Closed - No Fraud,4.9
8421,338070,34994,2026-02-09,Critical,Confirmed Fraud,6.3
8422,338084,21040,2025-10-08,Medium,Confirmed Fraud,9.9
8423,338137,25988,2025-12-28,Critical,Confirmed Fraud,8.3
8424,338148,48034,2025-05-17,High,Closed - No Fraud,7.4
8425,338243,22793,2025-12-06,High,False Positive,17.6
8426,338280,23891,2026-01-25,Critical,Confirmed Fraud,6.9
8427,338329,46285,2026-07-23,Low,Under Review,2.0
8428,338350,40633,2025-08-10,Low,Confirmed Fraud,16.9
8429,338370,41984,2026-09-26,Low,Closed - No Fraud,4.5
8430,338391,28370,2025-04-20,Critical,Confirmed Fraud,63.2
8431,338392,36042,2025-12-27,Medium,Confirmed Fraud,114.4
8432,338393,46264,2026-11-08,High,Confirmed Fraud,5.4
8433,338396,24133,2025-05-28,Critical,Under Review,21.8
8434,338409,48818,2025-06-22,Critical,Closed - No Fraud,16.0
8435,338410,12578,2026-10-20,Medium,Confirmed Fraud,10.3
8436,338414,28778,2026-12-06,Medium,Under Review,2.4
8437,338496,19497,2026-10-01,Medium,Under Review,3.0
8438,338533,6913,2025-02-09,Medium,Confirmed Fraud,12.1
8439,338542,44708,2025-07-06,Medium,Confirmed Fraud,6.0
8440,338674,47308,2026-09-15,Critical,Closed - No Fraud,21.6
8441,338912,11594,2026-11-22,Medium,Confirmed Fraud,13.3
8442,338969,40179,2026-06-23,Critical,False Positive,60.9
8443,339031,44629,2025-12-24,Medium,Confirmed Fraud,17.0
8444,339213,37130,2026-05-16,Low,Closed - No Fraud,3.6
8445,339318,1616,2026-02-16,Critical,Confirmed Fraud,14.7
8446,339328,36937,2026-09-07,Critical,Confirmed Fraud,24.4
8447,339332,13468,2025-04-22,High,Confirmed Fraud,17.7
8448,339340,30297,2025-08-31,High,Closed - No Fraud,3.2
8449,339393,1221,2025-05-17,High,Closed - No Fraud,24.7
8450,339398,26362,2026-07-28,Medium,Confirmed Fraud,33.1
8451,339418,7305,2025-10-13,High,Confirmed Fraud,21.1
8452,339436,14037,2025-01-15,Critical,Confirmed Fraud,5.6
8453,339495,1430,2025-12-07,Medium,False Positive,8.4
8454,339562,25740,2026-01-18,Critical,Confirmed Fraud,13.8
8455,339563,13150,2025-10-29,Medium,Confirmed Fraud,10.8
8456,339597,20699,2025-02-20,High,Confirmed Fraud,11.1
8457,339634,32954,2025-07-10,Medium,Confirmed Fraud,6.7
8458,339684,23378,2026-07-11,Critical,Confirmed Fraud,21.9
8459,339738,14321,2025-07-07,High,Under Review,22.9
8460,339802,6624,2025-07-26,Low,Under Review,25.1
8461,339990,33901,2025-01-31,Medium,Confirmed Fraud,10.5
8462,340021,38082,2026-03-01,Medium,Confirmed Fraud,5.7
8463,340029,45618,2026-12-20,Medium,Confirmed Fraud,18.2
8464,340030,10280,2025-02-01,High,Closed - No Fraud,3.3
8465,340327,42745,2025-06-26,Critical,Confirmed Fraud,4.6
8466,340395,3488,2025-02-09,Medium,Confirmed Fraud,28.2
8467,340491,8195,2026-04-15,Medium,Closed - No Fraud,39.5
8468,340544,17312,2026-01-23,Critical,Confirmed Fraud,14.5
8469,340552,11937,2026-08-31,High,Confirmed Fraud,17.1
8470,340559,5313,2025-06-08,Critical,Confirmed Fraud,10.6
8471,340609,5143,2025-11-24,Low,Closed - No Fraud,10.3
8472,340644,29946,2026-10-28,Medium,Confirmed Fraud,8.7
8473,340670,6865,2025-05-27,High,Confirmed Fraud,9.5
8474,340684,18042,2025-01-24,High,Confirmed Fraud,66.1
8475,340690,20671,2026-06-27,Low,Confirmed Fraud,13.8
8476,340858,9763,2026-06-02,High,Under Review,18.3
8477,340887,24120,2025-02-05,Low,Under Review,23.3
8478,340894,3209,2025-07-14,High,False Positive,8.6
8479,340927,11860,2025-12-06,Medium,Closed - No Fraud,17.8
8480,340933,8245,2026-06-27,Medium,Confirmed Fraud,21.1
8481,340934,23885,2025-03-08,Critical,Confirmed Fraud,6.8
8482,340945,28368,2026-05-17,Low,Confirmed Fraud,12.3
8483,340976,2153,2025-06-13,Medium,Confirmed Fraud,17.1
8484,341013,9786,2026-02-09,High,Under Review,8.9
8485,341056,37409,2025-10-17,High,False Positive,24.2
8486,341094,23524,2025-09-21,High,Confirmed Fraud,20.3
8487,341122,31385,2025-10-16,High,Confirmed Fraud,17.1
8488,341132,21214,2026-09-07,Medium,False Positive,14.4
8489,341211,29279,2025-10-23,Low,Closed - No Fraud,13.6
8490,341231,12093,2025-08-20,Medium,False Positive,26.6
8491,341328,20832,2025-09-25,Low,Confirmed Fraud,102.2
8492,341329,17065,2025-02-11,Low,Confirmed Fraud,6.3
8493,341348,9251,2025-09-23,Medium,Confirmed Fraud,9.4
8494,341393,26552,2025-01-03,Low,Confirmed Fraud,5.1
8495,341440,17451,2025-06-27,Medium,Confirmed Fraud,4.5
8496,341518,41188,2025-01-05,Medium,Confirmed Fraud,29.5
8497,341554,20389,2025-07-20,High,False Positive,7.4
8498,341555,34156,2025-03-17,Critical,Under Review,12.5
8499,341587,34483,2025-06-15,Medium,Confirmed Fraud,23.9
8500,341640,15108,2025-09-06,High,Confirmed Fraud,8.2
8501,341669,12557,2026-08-01,High,Confirmed Fraud,8.5
8502,341673,392,2025-10-11,High,Confirmed Fraud,28.8
8503,341723,43990,2025-09-07,High,False Positive,6.9
8504,341729,49113,2026-10-05,Medium,Under Review,13.5
8505,341786,24615,2025-12-06,High,Confirmed Fraud,9.7
8506,341816,40235,2026-12-25,Medium,Confirmed Fraud,5.1
8507,341875,47243,2025-07-08,Medium,Confirmed Fraud,12.6
8508,341905,30278,2025-01-13,Low,Under Review,12.9
8509,342000,28633,2026-12-26,High,Confirmed Fraud,9.0
8510,342026,34395,2025-12-09,Medium,Confirmed Fraud,5.7
8511,342062,23301,2026-05-15,High,Confirmed Fraud,31.7
8512,342115,43380,2025-07-25,Medium,Closed - No Fraud,11.1
8513,342154,31584,2025-10-06,Low,Confirmed Fraud,53.7
8514,342254,21312,2025-05-27,High,Confirmed Fraud,12.7
8515,342272,16243,2025-06-20,Medium,Confirmed Fraud,7.8
8516,342338,19142,2026-12-23,High,False Positive,9.2
8517,342357,10184,2025-01-08,High,Confirmed Fraud,5.2
8518,342373,48040,2026-05-29,Medium,Confirmed Fraud,11.7
8519,342383,2937,2025-07-19,High,Confirmed Fraud,10.4
8520,342417,34612,2026-09-04,Medium,Confirmed Fraud,6.9
8521,342453,28468,2026-06-09,High,Confirmed Fraud,3.3
8522,342459,29195,2025-01-29,Medium,Confirmed Fraud,9.3
8523,342479,6057,2026-05-16,Critical,False Positive,6.3
8524,342538,39920,2025-01-20,High,Confirmed Fraud,20.2
8525,342551,32435,2026-02-22,Low,Confirmed Fraud,25.8
8526,342768,9312,2026-02-24,Low,False Positive,7.5
8527,342837,43018,2025-01-16,High,Confirmed Fraud,8.3
8528,342864,37788,2025-04-27,Critical,Confirmed Fraud,5.8
8529,342891,11988,2025-04-03,Medium,Closed - No Fraud,18.4
8530,342916,8257,2025-05-14,High,Confirmed Fraud,5.1
8531,342981,25252,2026-04-16,Medium,Confirmed Fraud,4.6
8532,342996,29012,2025-09-10,Medium,False Positive,57.0
8533,343089,43199,2025-01-22,High,False Positive,12.7
8534,343105,46799,2025-12-16,Low,Under Review,5.6
8535,343120,9878,2026-08-27,High,False Positive,6.2
8536,343176,33918,2025-01-02,Medium,Confirmed Fraud,2.4
8537,343258,19836,2026-01-18,High,Confirmed Fraud,19.0
8538,343260,41664,2026-06-23,High,Confirmed Fraud,10.0
8539,343412,49072,2026-05-01,High,Closed - No Fraud,9.7
8540,343460,42587,2025-08-14,Medium,Confirmed Fraud,7.1
8541,343474,4870,2025-01-02,High,Confirmed Fraud,12.8
8542,343475,42898,2025-08-15,Medium,Confirmed Fraud,18.6
8543,343521,46522,2026-01-05,Critical,Closed - No Fraud,7.1
8544,343537,41098,2025-01-21,Medium,Under Review,18.3
8545,343585,8221,2025-11-30,Medium,Closed - No Fraud,8.3
8546,343596,6872,2025-07-07,High,Under Review,10.7
8547,343600,15861,2025-01-01,High,Confirmed Fraud,23.4
8548,343606,40944,2026-01-01,High,Confirmed Fraud,35.0
8549,343629,18763,2026-10-26,Medium,Confirmed Fraud,4.8
8550,343681,46631,2026-02-13,Medium,Closed - No Fraud,12.8
8551,343695,21402,2025-06-22,Critical,Confirmed Fraud,7.0
8552,343802,17984,2025-03-24,Critical,Confirmed Fraud,28.0
8553,343809,48413,2026-03-31,Medium,Confirmed Fraud,19.3
8554,343826,19551,2026-10-03,Medium,False Positive,8.4
8555,343843,35840,2026-02-19,Critical,Confirmed Fraud,15.5
8556,343903,39005,2026-07-28,Medium,Confirmed Fraud,8.6
8557,343907,37953,2025-01-03,High,Confirmed Fraud,20.2
8558,343969,47348,2025-11-30,High,Confirmed Fraud,4.7
8559,343971,11540,2025-07-21,Low,Confirmed Fraud,19.4
8560,343996,46624,2025-05-17,Low,Under Review,28.9
8561,344005,27988,2025-01-18,High,False Positive,6.2
8562,344022,33537,2025-10-12,Medium,Confirmed Fraud,2.5
8563,344097,25983,2025-04-19,High,Confirmed Fraud,25.9
8564,344215,7400,2025-03-22,Medium,Confirmed Fraud,29.2
8565,344222,21927,2025-06-29,Medium,Confirmed Fraud,30.0
8566,344286,32443,2025-08-04,High,Closed - No Fraud,15.8
8567,344291,34300,2025-10-30,High,Confirmed Fraud,11.5
8568,344320,12783,2025-07-10,High,Confirmed Fraud,98.0
8569,344337,38199,2025-06-01,High,Confirmed Fraud,4.4
8570,344462,11251,2025-01-19,Medium,Confirmed Fraud,21.6
8571,344519,10794,2025-09-17,Medium,Confirmed Fraud,16.0
8572,344525,33029,2025-06-10,Medium,Confirmed Fraud,3.1
8573,344532,33124,2026-06-13,High,Confirmed Fraud,13.2
8574,344537,6069,2025-10-23,Low,Confirmed Fraud,9.7
8575,344538,27758,2025-02-19,Medium,Confirmed Fraud,5.2
8576,344632,7863,2026-10-14,High,Under Review,5.2
8577,344719,41601,2026-08-04,High,Closed - No Fraud,3.9
8578,344725,13844,2025-01-21,High,Confirmed Fraud,12.5
8579,344772,44643,2026-10-19,Medium,Confirmed Fraud,5.0
8580,344790,12614,2025-09-14,High,Under Review,15.5
8581,344833,24767,2025-06-20,Low,Under Review,4.0
8582,344884,21846,2025-03-29,Medium,Confirmed Fraud,10.1
8583,344914,4626,2025-09-18,High,False Positive,12.8
8584,344939,3787,2025-03-27,Medium,Confirmed Fraud,4.0
8585,344940,39877,2026-05-13,Medium,False Positive,31.1
8586,345004,39205,2025-11-27,Critical,Confirmed Fraud,17.1
8587,345059,12551,2025-01-14,Medium,Confirmed Fraud,8.3
8588,345157,38213,2026-04-05,High,Confirmed Fraud,5.6
8589,345200,11203,2026-05-18,High,Confirmed Fraud,5.0
8590,345381,32889,2025-01-31,Critical,Confirmed Fraud,28.2
8591,345435,37876,2025-09-17,Critical,Confirmed Fraud,10.5
8592,345481,18497,2026-06-04,High,Confirmed Fraud,20.6
8593,345523,7464,2026-07-15,High,Confirmed Fraud,10.1
8594,345543,30914,2025-09-25,High,Closed - No Fraud,3.4
8595,345556,43034,2026-05-31,High,Confirmed Fraud,22.7
8596,345574,17304,2025-11-16,Low,False Positive,5.3
8597,345576,37767,2025-05-01,Critical,Confirmed Fraud,14.5
8598,345606,7345,2026-12-11,Low,Confirmed Fraud,6.6
8599,345631,48297,2026-12-26,Low,Confirmed Fraud,12.5
8600,345694,19774,2025-01-20,High,Closed - No Fraud,29.7
8601,345723,9239,2025-07-05,Medium,Confirmed Fraud,30.1
8602,345776,2970,2025-08-14,High,Closed - No Fraud,10.1
8603,345820,44397,2026-03-15,High,Confirmed Fraud,5.1
8604,345830,36464,2025-10-31,Medium,Confirmed Fraud,3.1
8605,345910,26649,2026-11-19,Critical,Confirmed Fraud,55.5
8606,345924,10083,2026-01-31,Critical,Confirmed Fraud,14.4
8607,345941,34722,2026-01-20,Medium,False Positive,25.3
8608,345957,4540,2025-06-11,Critical,Confirmed Fraud,17.5
8609,346009,34103,2025-10-22,Critical,Closed - No Fraud,10.0
8610,346025,1685,2025-11-02,Medium,Closed - No Fraud,17.6
8611,346168,2105,2025-05-12,High,Closed - No Fraud,6.3
8612,346170,49082,2026-11-26,Low,Confirmed Fraud,8.1
8613,346190,46571,2026-07-17,High,Under Review,7.3
8614,346245,15475,2025-11-15,Medium,Closed - No Fraud,11.5
8615,346275,35430,2026-10-24,Medium,Confirmed Fraud,5.0
8616,346284,43176,2025-03-20,Medium,Closed - No Fraud,3.8
8617,346287,6272,2026-09-16,High,Confirmed Fraud,3.3
8618,346314,49787,2026-12-17,High,Confirmed Fraud,11.9
8619,346357,10712,2025-03-16,Low,Confirmed Fraud,4.3
8620,346456,25570,2026-05-19,High,Confirmed Fraud,4.7
8621,346474,38264,2026-01-28,High,Confirmed Fraud,14.7
8622,346480,48763,2026-10-12,High,Confirmed Fraud,1.0
8623,346494,43918,2026-11-26,High,Confirmed Fraud,3.2
8624,346559,40291,2025-11-09,Medium,Confirmed Fraud,17.2
8625,346575,18355,2026-04-28,Medium,Confirmed Fraud,39.9
8626,346580,3044,2025-09-07,Critical,Confirmed Fraud,3.8
8627,346584,35786,2025-06-12,Medium,Confirmed Fraud,41.3
8628,346585,28166,2026-03-11,Low,Confirmed Fraud,22.9
8629,346613,15483,2025-12-28,High,Confirmed Fraud,11.6
8630,346666,2400,2025-07-02,High,Confirmed Fraud,33.6
8631,346677,7096,2026-03-29,Low,Confirmed Fraud,4.7
8632,346718,48472,2025-11-16,Medium,Closed - No Fraud,16.0
8633,346780,17942,2025-01-29,High,Confirmed Fraud,8.9
8634,346804,48103,2025-04-08,High,Confirmed Fraud,4.5
8635,346917,45799,2026-12-10,Medium,Closed - No Fraud,5.3
8636,346924,24869,2025-05-09,Low,Closed - No Fraud,60.5
8637,346947,23778,2025-06-18,Critical,Confirmed Fraud,16.7
8638,347004,25146,2025-03-19,High,Confirmed Fraud,10.8
8639,347011,45396,2026-03-25,Critical,Confirmed Fraud,5.6
8640,347017,262,2026-10-06,High,Confirmed Fraud,14.1
8641,347019,30279,2025-07-24,High,Confirmed Fraud,11.4
8642,347211,6171,2025-11-04,High,Confirmed Fraud,19.6
8643,347212,15138,2025-06-27,High,Confirmed Fraud,25.1
8644,347240,14577,2025-01-12,Low,Confirmed Fraud,16.1
8645,347251,19217,2025-01-09,Critical,Closed - No Fraud,3.6
8646,347329,20927,2025-08-28,High,Confirmed Fraud,18.3
8647,347331,30104,2026-02-06,Medium,Closed - No Fraud,9.6
8648,347338,7550,2025-04-21,High,Confirmed Fraud,52.2
8649,347340,47319,2025-10-29,Low,Confirmed Fraud,8.4
8650,347353,7472,2026-12-01,High,Confirmed Fraud,4.6
8651,347462,34987,2026-08-05,Medium,Confirmed Fraud,4.2
8652,347470,3270,2026-08-01,High,Confirmed Fraud,13.0
8653,347489,15177,2025-11-15,Critical,Confirmed Fraud,9.7
8654,347555,39681,2025-01-04,Medium,False Positive,24.8
8655,347665,19922,2025-08-15,Low,Closed - No Fraud,6.7
8656,347675,43478,2025-07-30,Medium,Confirmed Fraud,7.1
8657,347715,31997,2026-07-02,High,Closed - No Fraud,11.2
8658,347789,36917,2025-01-28,High,Confirmed Fraud,5.9
8659,347838,40662,2026-05-31,Low,Confirmed Fraud,5.8
8660,347874,7195,2026-01-18,High,Confirmed Fraud,6.0
8661,347879,13040,2025-12-09,High,Confirmed Fraud,7.6
8662,347902,12122,2025-09-09,Low,Closed - No Fraud,38.7
8663,347926,46877,2026-06-14,Medium,Closed - No Fraud,5.3
8664,347933,5550,2026-11-09,Medium,False Positive,2.4
8665,347940,24521,2026-01-06,Critical,Confirmed Fraud,27.4
8666,347967,12350,2026-04-12,Critical,Under Review,11.6
8667,347979,36258,2025-02-06,Medium,Confirmed Fraud,30.4
8668,348011,28774,2026-01-14,Medium,False Positive,3.6
8669,348025,19644,2025-04-15,Low,Confirmed Fraud,20.2
8670,348072,23466,2025-09-26,Medium,Under Review,31.5
8671,348138,19578,2026-10-09,High,Under Review,5.4
8672,348190,28675,2026-10-13,Low,Confirmed Fraud,7.0
8673,348208,9977,2026-06-24,Critical,Confirmed Fraud,2.2
8674,348209,20877,2025-01-03,Medium,Confirmed Fraud,3.5
8675,348265,32241,2025-07-03,Low,Confirmed Fraud,26.2
8676,348289,39698,2025-03-12,Critical,Confirmed Fraud,9.9
8677,348330,15010,2026-03-31,Medium,Confirmed Fraud,15.4
8678,348345,28867,2026-07-27,High,Confirmed Fraud,22.1
8679,348346,39054,2025-01-04,Medium,Confirmed Fraud,9.2
8680,348439,33712,2026-01-15,Medium,Confirmed Fraud,9.9
8681,348470,41175,2025-06-02,Low,Confirmed Fraud,59.3
8682,348483,12578,2025-06-23,High,Under Review,4.5
8683,348545,24702,2026-12-10,Low,False Positive,54.4
8684,348571,19412,2026-12-22,Medium,Under Review,12.0
8685,348576,11001,2025-10-25,High,Confirmed Fraud,3.4
8686,348641,42239,2026-12-26,Medium,Confirmed Fraud,12.6
8687,348678,7726,2026-04-15,Medium,Closed - No Fraud,19.9
8688,348721,32988,2025-08-25,High,Confirmed Fraud,6.0
8689,348722,3088,2025-07-13,Medium,Closed - No Fraud,2.1
8690,348748,11368,2025-10-15,Critical,Confirmed Fraud,3.7
8691,348819,16811,2026-05-21,High,Confirmed Fraud,42.6
8692,348830,13209,2025-02-16,High,Confirmed Fraud,36.9
8693,348913,963,2025-09-16,Low,Confirmed Fraud,27.3
8694,348938,14709,2026-02-07,Critical,Confirmed Fraud,4.2
8695,349013,30951,2026-07-26,Medium,Closed - No Fraud,10.1
8696,349037,11312,2025-03-25,High,Confirmed Fraud,12.2
8697,349050,13303,2026-03-01,High,Confirmed Fraud,4.5
8698,349058,43304,2025-04-17,Medium,Closed - No Fraud,4.0
8699,349084,13690,2026-03-15,High,Closed - No Fraud,151.1
8700,349228,35944,2026-11-06,High,Confirmed Fraud,47.8
8701,349234,33443,2026-08-15,High,Closed - No Fraud,12.0
8702,349278,20360,2025-05-30,Critical,Confirmed Fraud,8.1
8703,349289,24373,2025-08-25,Medium,Closed - No Fraud,15.1
8704,349313,5774,2026-02-15,Low,Confirmed Fraud,6.1
8705,349333,11590,2026-04-16,High,Closed - No Fraud,17.6
8706,349431,17131,2026-01-29,Critical,Confirmed Fraud,22.0
8707,349434,12825,2025-11-17,Medium,Confirmed Fraud,9.2
8708,349484,35091,2026-09-19,High,Confirmed Fraud,6.1
8709,349531,49451,2026-03-23,Critical,Closed - No Fraud,20.8
8710,349559,22139,2025-05-22,High,Closed - No Fraud,4.7
8711,349573,32383,2026-12-10,Medium,Confirmed Fraud,6.0
8712,349576,12325,2025-03-31,High,Confirmed Fraud,24.6
8713,349626,49315,2025-05-14,Medium,Under Review,12.5
8714,349671,20437,2025-07-27,High,False Positive,9.3
8715,349706,49777,2025-04-04,Medium,Confirmed Fraud,6.1
8716,349710,35597,2025-04-13,High,Under Review,16.2
8717,349715,13180,2025-01-28,High,Closed - No Fraud,7.6
8718,349838,9876,2025-04-28,High,Confirmed Fraud,14.5
8719,349953,20938,2025-03-15,High,Confirmed Fraud,34.1
8720,349986,20374,2025-02-20,Low,Confirmed Fraud,20.3
8721,350074,33445,2025-06-18,Medium,Under Review,7.9
8722,350082,9107,2025-09-08,Medium,Confirmed Fraud,7.3
8723,350148,21463,2026-07-24,Critical,Under Review,9.8
8724,350200,43474,2025-03-29,High,Closed - No Fraud,2.9
8725,350234,334,2026-08-15,High,Confirmed Fraud,16.5
8726,350243,165,2025-01-05,Medium,Confirmed Fraud,19.8
8727,350273,40388,2025-03-18,High,Closed - No Fraud,18.1
8728,350319,46568,2025-04-17,High,Confirmed Fraud,18.1
8729,350461,22799,2025-09-30,Low,Closed - No Fraud,12.2
8730,350521,5927,2026-02-15,Critical,Confirmed Fraud,45.8
8731,350526,48213,2025-10-26,High,Confirmed Fraud,9.8
8732,350527,22559,2025-03-19,Medium,Confirmed Fraud,6.8
8733,350536,10018,2025-04-08,Medium,Under Review,4.2
8734,350584,32828,2025-05-14,High,Closed - No Fraud,11.2
8735,350623,32164,2026-11-04,Medium,Confirmed Fraud,35.4
8736,350648,15923,2025-08-31,High,Under Review,3.6
8737,350715,18724,2026-01-12,Critical,Closed - No Fraud,20.9
8738,350815,6221,2025-07-31,High,Confirmed Fraud,8.7
8739,350873,17198,2025-01-05,High,Confirmed Fraud,7.4
8740,350918,12921,2025-03-31,Medium,Confirmed Fraud,9.4
8741,350950,13768,2026-07-06,Medium,Confirmed Fraud,8.2
8742,350975,4306,2025-03-22,High,Confirmed Fraud,15.9
8743,350990,24237,2026-11-30,Medium,Confirmed Fraud,28.9
8744,351009,25606,2026-01-27,High,Closed - No Fraud,5.1
8745,351068,28739,2025-02-15,Critical,Confirmed Fraud,60.1
8746,351069,34936,2026-09-21,High,Under Review,8.9
8747,351182,28543,2026-09-12,Critical,Confirmed Fraud,12.3
8748,351199,32930,2026-08-28,High,Confirmed Fraud,8.2
8749,351348,19945,2026-01-05,Critical,Confirmed Fraud,11.4
8750,351437,23776,2025-08-08,High,Closed - No Fraud,4.8
8751,351482,38137,2025-04-27,High,Confirmed Fraud,9.3
8752,351506,5826,2025-04-26,High,Confirmed Fraud,3.1
8753,351571,31963,2025-09-11,High,Confirmed Fraud,21.9
8754,351603,7921,2026-11-07,Low,Confirmed Fraud,1.9
8755,351675,11704,2025-03-18,Medium,Closed - No Fraud,5.4
8756,351710,43011,2026-05-03,Medium,Closed - No Fraud,75.7
8757,351725,37292,2026-12-08,Low,Confirmed Fraud,4.4
8758,351742,645,2026-01-02,High,Confirmed Fraud,10.3
8759,351761,5488,2025-08-04,High,Confirmed Fraud,8.2
8760,351857,44557,2025-09-21,Medium,Under Review,31.1
8761,351879,12204,2026-04-29,High,Confirmed Fraud,8.9
8762,351898,42043,2026-12-09,High,Closed - No Fraud,4.9
8763,351914,5791,2025-07-07,Medium,Closed - No Fraud,12.8
8764,351946,16794,2025-08-27,Critical,Confirmed Fraud,22.1
8765,351974,32250,2026-06-07,Medium,Confirmed Fraud,3.0
8766,351998,41021,2025-09-13,Critical,Confirmed Fraud,4.1
8767,352104,8719,2025-01-31,Medium,Closed - No Fraud,8.6
8768,352135,26170,2025-10-25,High,Confirmed Fraud,7.7
8769,352160,25472,2025-11-29,Medium,Confirmed Fraud,13.0
8770,352176,39420,2025-09-15,Medium,Confirmed Fraud,6.3
8771,352198,4285,2026-11-25,High,Confirmed Fraud,7.9
8772,352219,39232,2025-10-30,Medium,Confirmed Fraud,72.5
8773,352234,26799,2025-06-11,Critical,Confirmed Fraud,20.6
8774,352277,48117,2025-03-29,High,Closed - No Fraud,12.8
8775,352307,40630,2025-11-08,Low,Under Review,10.0
8776,352343,35701,2025-09-28,High,False Positive,57.3
8777,352391,28255,2026-04-08,Medium,Confirmed Fraud,27.0
8778,352404,4644,2025-02-14,High,Closed - No Fraud,23.7
8779,352406,11113,2026-05-11,Critical,Confirmed Fraud,5.6
8780,352417,42571,2026-11-17,Medium,Confirmed Fraud,11.3
8781,352456,17005,2026-04-24,Low,Confirmed Fraud,3.8
8782,352491,32512,2025-10-23,Critical,Confirmed Fraud,8.6
8783,352509,11381,2025-09-15,High,Confirmed Fraud,66.7
8784,352529,4267,2026-04-21,Medium,Under Review,15.3
8785,352580,48675,2025-03-15,Medium,Confirmed Fraud,14.7
8786,352588,44392,2025-06-12,Medium,Closed - No Fraud,14.2
8787,352601,3520,2026-06-15,High,Confirmed Fraud,10.0
8788,352610,11665,2025-02-17,Medium,Closed - No Fraud,29.7
8789,352641,9816,2025-04-09,Medium,Confirmed Fraud,5.4
8790,352644,26042,2025-10-07,Medium,Closed - No Fraud,14.9
8791,352649,32639,2026-10-21,High,Confirmed Fraud,3.0
8792,352657,27950,2025-08-01,High,Closed - No Fraud,6.2
8793,352679,15265,2025-11-28,High,Confirmed Fraud,101.2
8794,352735,44571,2026-09-02,Medium,Confirmed Fraud,24.3
8795,352761,10035,2026-01-25,High,Closed - No Fraud,8.7
8796,352830,18381,2026-06-24,High,Confirmed Fraud,10.7
8797,352846,8440,2025-06-25,Medium,Confirmed Fraud,16.0
8798,352850,5596,2026-11-26,Medium,Confirmed Fraud,15.3
8799,352853,41250,2025-01-31,High,Closed - No Fraud,2.7
8800,352990,42582,2026-07-04,High,Confirmed Fraud,5.8
8801,353063,13471,2025-05-02,High,False Positive,11.0
8802,353114,38956,2026-11-07,Critical,Confirmed Fraud,12.7
8803,353216,14916,2025-03-08,Critical,Confirmed Fraud,20.5
8804,353267,49990,2025-01-11,Low,Confirmed Fraud,11.8
8805,353312,16916,2025-07-21,Low,Confirmed Fraud,6.2
8806,353320,42399,2025-09-22,Medium,Confirmed Fraud,2.8
8807,353322,32147,2025-10-27,Medium,Confirmed Fraud,17.2
8808,353334,34329,2025-08-07,High,Closed - No Fraud,10.1
8809,353383,3986,2025-02-07,High,Closed - No Fraud,10.8
8810,353393,47689,2026-09-02,High,Confirmed Fraud,16.8
8811,353474,32492,2025-11-01,High,False Positive,9.5
8812,353487,39336,2026-01-10,High,Confirmed Fraud,7.7
8813,353499,18826,2025-02-18,High,Confirmed Fraud,4.5
8814,353531,2785,2025-09-10,High,Confirmed Fraud,6.9
8815,353652,18717,2025-06-02,Critical,Confirmed Fraud,15.4
8816,353748,48020,2025-09-08,Critical,Under Review,21.6
8817,353785,27650,2025-06-30,Low,Closed - No Fraud,12.2
8818,353795,12954,2025-05-09,Critical,Under Review,12.4
8819,353840,29729,2025-08-05,Medium,Under Review,5.9
8820,353859,38108,2026-10-15,High,Confirmed Fraud,3.1
8821,353938,39856,2026-02-09,Critical,Confirmed Fraud,24.3
8822,353941,44467,2025-02-12,Low,Confirmed Fraud,3.9
8823,353952,30674,2026-08-05,High,Confirmed Fraud,4.4
8824,353993,37396,2026-07-15,Medium,Confirmed Fraud,14.0
8825,354059,46371,2025-06-15,High,Confirmed Fraud,8.1
8826,354089,3064,2025-09-08,Critical,Under Review,4.0
8827,354116,37870,2026-07-11,Medium,Confirmed Fraud,7.0
8828,354144,5098,2026-05-10,High,Confirmed Fraud,31.5
8829,354160,6264,2026-06-07,Medium,Confirmed Fraud,11.5
8830,354212,49592,2025-08-01,High,Confirmed Fraud,27.1
8831,354376,16859,2025-09-29,Medium,Confirmed Fraud,6.3
8832,354428,31113,2025-03-31,Critical,Closed - No Fraud,7.7
8833,354438,25174,2026-07-18,Medium,Confirmed Fraud,19.7
8834,354450,9843,2025-03-18,High,Closed - No Fraud,69.2
8835,354469,48058,2025-06-19,High,Closed - No Fraud,6.7
8836,354476,3522,2025-06-25,Medium,Confirmed Fraud,9.5
8837,354478,38635,2025-09-17,High,Confirmed Fraud,13.5
8838,354612,12939,2026-06-04,Critical,Confirmed Fraud,22.7
8839,354633,2863,2026-06-13,High,False Positive,10.4
8840,354704,20273,2026-03-30,High,False Positive,15.0
8841,354734,5440,2025-09-15,High,Confirmed Fraud,26.3
8842,354739,22031,2026-06-25,High,Confirmed Fraud,9.7
8843,354754,20040,2026-03-18,High,Confirmed Fraud,14.3
8844,354994,918,2025-07-10,High,Confirmed Fraud,17.7
8845,355013,35300,2025-04-26,Critical,Confirmed Fraud,8.4
8846,355059,7687,2026-11-08,High,False Positive,7.6
8847,355073,11105,2025-02-23,High,Confirmed Fraud,11.1
8848,355109,13704,2025-09-28,Medium,Confirmed Fraud,3.1
8849,355155,42554,2026-09-22,High,Confirmed Fraud,2.9
8850,355334,47478,2025-08-06,High,Confirmed Fraud,20.4
8851,355434,17577,2026-04-20,Medium,Closed - No Fraud,1.2
8852,355486,33774,2026-09-06,Critical,Confirmed Fraud,2.4
8853,355522,32502,2025-05-27,High,Confirmed Fraud,6.8
8854,355532,24821,2026-08-02,Medium,Confirmed Fraud,27.8
8855,355539,49426,2025-11-06,Medium,Confirmed Fraud,16.9
8856,355733,93,2026-09-03,Critical,Confirmed Fraud,11.6
8857,355735,22871,2026-04-24,Low,Closed - No Fraud,32.9
8858,355801,24048,2026-06-12,High,Confirmed Fraud,21.9
8859,355807,4669,2025-07-25,High,Confirmed Fraud,6.8
8860,355818,31408,2025-07-03,Medium,Confirmed Fraud,12.3
8861,355904,11001,2025-07-25,Medium,Confirmed Fraud,11.4
8862,356000,25433,2025-01-18,High,Confirmed Fraud,11.5
8863,356032,12627,2025-08-11,High,Closed - No Fraud,21.3
8864,356191,40415,2026-09-03,High,Confirmed Fraud,22.1
8865,356252,16655,2026-06-03,High,Closed - No Fraud,21.4
8866,356332,26218,2025-10-12,High,Closed - No Fraud,12.7
8867,356412,2404,2025-12-06,Medium,False Positive,29.5
8868,356424,1923,2026-11-26,High,Closed - No Fraud,10.2
8869,356512,17743,2025-01-05,Critical,Closed - No Fraud,32.1
8870,356665,10816,2025-06-22,High,Confirmed Fraud,9.3
8871,356708,6618,2026-07-24,Medium,Confirmed Fraud,20.4
8872,356725,4077,2026-12-26,Medium,Closed - No Fraud,10.0
8873,356773,32294,2026-12-18,Critical,Confirmed Fraud,12.5
8874,356801,34187,2025-01-23,Critical,Confirmed Fraud,48.1
8875,356866,49650,2026-01-20,Low,Confirmed Fraud,5.3
8876,356894,47365,2025-10-04,Low,Confirmed Fraud,2.6
8877,356906,36711,2026-01-05,High,Confirmed Fraud,2.2
8878,357135,46719,2026-12-11,Critical,Confirmed Fraud,35.7
8879,357138,26364,2026-06-24,High,Confirmed Fraud,12.1
8880,357157,3456,2026-03-09,Medium,Confirmed Fraud,12.3
8881,357216,764,2025-05-09,High,Confirmed Fraud,26.8
8882,357229,8085,2025-03-29,Medium,Confirmed Fraud,29.0
8883,357251,13234,2025-02-14,High,Closed - No Fraud,5.2
8884,357283,22857,2025-05-12,High,Confirmed Fraud,11.1
8885,357318,39617,2025-01-21,High,Confirmed Fraud,15.0
8886,357408,5445,2025-01-21,Medium,False Positive,19.9
8887,357447,17280,2026-06-28,High,Confirmed Fraud,5.5
8888,357468,32106,2025-07-26,Medium,False Positive,10.5
8889,357510,1476,2025-11-24,Low,False Positive,1.6
8890,357530,5371,2025-05-26,Low,Confirmed Fraud,44.0
8891,357556,11018,2025-03-09,High,Confirmed Fraud,9.4
8892,357616,9793,2025-12-20,Medium,False Positive,24.5
8893,357725,47266,2026-01-08,Medium,Closed - No Fraud,10.0
8894,357754,46340,2025-01-04,High,Confirmed Fraud,14.5
8895,357777,7920,2025-10-06,Low,Confirmed Fraud,12.9
8896,357788,18877,2025-10-04,Critical,Confirmed Fraud,10.8
8897,357802,9163,2025-01-12,Low,False Positive,31.3
8898,357808,30628,2025-04-05,Medium,Confirmed Fraud,2.5
8899,357813,31632,2025-02-17,High,Confirmed Fraud,26.1
8900,357816,47210,2025-02-22,Low,False Positive,13.9
8901,357966,29703,2025-02-09,Medium,Confirmed Fraud,11.9
8902,357971,28541,2025-05-06,Low,Confirmed Fraud,11.2
8903,357976,20321,2025-10-06,Low,False Positive,28.7
8904,358033,48780,2026-08-19,High,Confirmed Fraud,7.7
8905,358049,45543,2025-12-02,Medium,Confirmed Fraud,2.8
8906,358210,691,2025-04-03,Medium,Confirmed Fraud,60.6
8907,358228,46543,2025-04-23,Medium,Confirmed Fraud,8.5
8908,358232,40164,2025-06-14,Critical,Closed - No Fraud,13.2
8909,358278,3008,2026-09-04,High,Confirmed Fraud,17.7
8910,358281,29628,2025-11-27,High,False Positive,9.3
8911,358365,11694,2025-05-30,Medium,Confirmed Fraud,8.5
8912,358408,20782,2025-04-04,Medium,Confirmed Fraud,25.6
8913,358419,29783,2026-09-27,Low,Confirmed Fraud,9.3
8914,358528,5644,2026-01-19,Low,Under Review,19.8
8915,358602,15989,2025-03-25,Critical,Closed - No Fraud,5.8
8916,358678,17116,2026-09-28,High,Confirmed Fraud,53.9
8917,358690,45149,2025-05-08,Medium,Confirmed Fraud,9.1
8918,358704,7682,2025-10-31,Low,Confirmed Fraud,5.2
8919,358706,27933,2025-12-05,Low,Closed - No Fraud,12.6
8920,358714,8125,2025-05-15,Medium,Confirmed Fraud,7.1
8921,358747,48266,2026-01-30,Critical,False Positive,2.7
8922,358775,23032,2026-01-11,High,Confirmed Fraud,7.6
8923,358886,41819,2026-03-15,Low,False Positive,9.3
8924,358897,38598,2025-09-03,High,Confirmed Fraud,10.0
8925,358899,427,2025-05-28,Medium,Confirmed Fraud,3.5
8926,358979,20153,2025-05-13,Low,Closed - No Fraud,7.1
8927,359048,40391,2025-11-05,High,Closed - No Fraud,13.4
8928,359065,31047,2026-06-13,Medium,Closed - No Fraud,12.0
8929,359067,17755,2025-04-16,Medium,Closed - No Fraud,14.4
8930,359074,3804,2025-02-21,Medium,Confirmed Fraud,4.0
8931,359129,7422,2025-10-31,Medium,Confirmed Fraud,3.1
8932,359228,32610,2025-07-16,Critical,Confirmed Fraud,5.3
8933,359263,48527,2025-09-19,Low,Confirmed Fraud,4.8
8934,359411,4539,2026-10-09,Critical,Confirmed Fraud,7.7
8935,359442,26256,2025-01-11,High,Confirmed Fraud,8.2
8936,359568,48426,2026-01-22,High,Confirmed Fraud,8.7
8937,359665,2557,2025-05-13,High,Closed - No Fraud,46.9
8938,359697,36206,2026-09-15,Low,Confirmed Fraud,13.4
8939,359742,12821,2025-04-17,High,Under Review,41.5
8940,359757,39714,2026-08-14,High,Confirmed Fraud,9.7
8941,359820,14269,2025-11-21,Medium,Confirmed Fraud,4.6
8942,359865,20955,2026-05-08,Medium,Confirmed Fraud,2.5
8943,359868,22476,2025-02-04,Medium,Confirmed Fraud,8.2
8944,359912,49328,2025-11-26,High,Confirmed Fraud,31.2
8945,360047,49294,2026-01-12,Medium,Confirmed Fraud,35.9
8946,360063,44219,2026-03-31,Medium,Closed - No Fraud,4.9
8947,360097,42328,2025-04-22,Critical,Confirmed Fraud,4.0
8948,360168,725,2026-06-16,Medium,Confirmed Fraud,5.7
8949,360225,25997,2025-01-24,High,Confirmed Fraud,14.6
8950,360230,10474,2026-06-27,Medium,Confirmed Fraud,4.9
8951,360325,12763,2026-09-28,Medium,Closed - No Fraud,7.0
8952,360328,37183,2025-09-21,Low,Confirmed Fraud,9.0
8953,360368,34026,2025-07-01,Medium,Confirmed Fraud,3.1
8954,360377,38031,2026-09-12,Medium,False Positive,39.2
8955,360387,43630,2025-04-06,Medium,Confirmed Fraud,5.8
8956,360401,20769,2026-10-01,High,Confirmed Fraud,8.0
8957,360459,49248,2026-06-02,High,Confirmed Fraud,28.4
8958,360534,30604,2026-01-20,High,Confirmed Fraud,6.8
8959,360555,25367,2025-01-09,High,Confirmed Fraud,23.7
8960,360593,17673,2025-11-23,High,Confirmed Fraud,3.8
8961,360620,41877,2025-08-27,Medium,Confirmed Fraud,5.8
8962,360626,818,2026-02-18,Critical,False Positive,5.6
8963,360643,37833,2026-12-06,Low,Confirmed Fraud,27.5
8964,360679,673,2026-11-08,High,Confirmed Fraud,26.7
8965,360697,36526,2026-09-14,Low,Confirmed Fraud,2.1
8966,360722,47946,2025-10-04,High,Confirmed Fraud,8.1
8967,360736,174,2026-12-05,High,Confirmed Fraud,13.6
8968,360742,41054,2026-10-02,Medium,Confirmed Fraud,9.0
8969,360802,12922,2025-02-08,Critical,Confirmed Fraud,23.0
8970,360866,7282,2025-05-23,Medium,False Positive,28.4
8971,360923,20500,2026-12-06,Medium,Under Review,12.1
8972,360995,19002,2025-05-02,Medium,Confirmed Fraud,23.7
8973,361145,24023,2026-09-07,High,Confirmed Fraud,16.3
8974,361215,6360,2025-08-19,High,Under Review,2.2
8975,361297,20376,2025-03-11,High,False Positive,10.6
8976,361308,1551,2025-04-14,High,Confirmed Fraud,22.5
8977,361339,41833,2026-02-08,High,Confirmed Fraud,12.0
8978,361341,19477,2025-07-31,Medium,Confirmed Fraud,1.7
8979,361442,9365,2025-06-25,Medium,Confirmed Fraud,32.2
8980,361516,12762,2026-02-01,Low,Confirmed Fraud,12.3
8981,361525,16564,2026-08-11,Medium,Confirmed Fraud,4.1
8982,361542,13667,2025-06-05,High,Closed - No Fraud,15.0
8983,361570,32628,2026-03-21,Low,Confirmed Fraud,53.9
8984,361616,19560,2025-07-22,Medium,Closed - No Fraud,2.1
8985,361621,32524,2026-06-15,High,Closed - No Fraud,27.3
8986,361662,21474,2025-03-01,Medium,Confirmed Fraud,4.8
8987,361714,21127,2026-12-24,High,Confirmed Fraud,11.1
8988,361726,22774,2025-04-14,Low,Closed - No Fraud,34.2
8989,361790,13228,2025-12-29,High,Confirmed Fraud,5.4
8990,361812,45764,2025-06-02,Critical,Closed - No Fraud,15.9
8991,361817,4133,2025-06-08,Medium,Confirmed Fraud,11.5
8992,361834,32411,2026-12-15,Medium,Closed - No Fraud,20.6
8993,361912,37727,2025-11-11,High,Confirmed Fraud,37.0
8994,361953,38120,2025-09-05,High,Confirmed Fraud,11.5
8995,362011,10164,2025-07-04,Critical,Confirmed Fraud,12.8
8996,362150,44468,2026-09-30,Medium,False Positive,8.3
8997,362152,40848,2025-01-19,High,Confirmed Fraud,6.3
8998,362169,20887,2025-04-11,Medium,Confirmed Fraud,54.5
8999,362182,27547,2025-03-06,Critical,Confirmed Fraud,16.2
9000,362186,17435,2025-03-11,High,Confirmed Fraud,5.3
9001,362216,28002,2025-08-05,Medium,Confirmed Fraud,15.2
9002,362245,47035,2025-05-11,High,Confirmed Fraud,6.4
9003,362280,3545,2026-07-24,Medium,Closed - No Fraud,20.1
9004,362311,42895,2026-03-25,Medium,Under Review,13.1
9005,362326,27661,2026-12-16,High,Confirmed Fraud,4.4
9006,362330,16639,2026-02-23,Medium,Confirmed Fraud,37.1
9007,362466,19391,2025-11-25,High,Closed - No Fraud,6.1
9008,362490,4013,2025-10-29,High,Closed - No Fraud,18.6
9009,362607,42706,2025-01-13,High,Confirmed Fraud,7.1
9010,362634,48019,2025-09-24,Medium,Under Review,8.8
9011,362642,33780,2025-01-18,Low,False Positive,4.4
9012,362645,1187,2025-11-29,High,Confirmed Fraud,2.5
9013,362646,41733,2025-09-05,High,Confirmed Fraud,10.2
9014,362656,2300,2025-05-29,Low,Under Review,14.2
9015,362733,33014,2026-05-03,High,Confirmed Fraud,9.3
9016,362765,280,2025-05-20,Critical,Confirmed Fraud,3.3
9017,362766,18773,2026-06-21,High,Confirmed Fraud,14.6
9018,362778,32636,2026-02-16,Medium,Confirmed Fraud,7.9
9019,362802,7036,2025-03-24,High,False Positive,32.2
9020,362873,36850,2025-01-11,Medium,Closed - No Fraud,2.4
9021,362907,31041,2026-10-30,Medium,Confirmed Fraud,6.9
9022,362948,9589,2026-01-29,High,Confirmed Fraud,5.6
9023,362966,25721,2025-09-09,Medium,Confirmed Fraud,5.1
9024,362971,28856,2025-09-26,Medium,Under Review,14.7
9025,363047,1958,2025-02-14,Medium,Under Review,14.7
9026,363110,44365,2025-04-03,High,Confirmed Fraud,6.2
9027,363112,40727,2026-03-15,Medium,Closed - No Fraud,14.8
9028,363115,30867,2026-02-01,High,Confirmed Fraud,6.5
9029,363146,15540,2025-02-05,Medium,Confirmed Fraud,6.3
9030,363252,8302,2025-04-07,Critical,Confirmed Fraud,11.6
9031,363343,25839,2026-04-24,Critical,Confirmed Fraud,4.1
9032,363508,22938,2026-12-07,High,Closed - No Fraud,9.3
9033,363538,8584,2025-10-10,High,False Positive,32.3
9034,363540,10730,2026-10-24,Medium,Confirmed Fraud,31.4
9035,363605,6940,2025-03-14,Medium,False Positive,12.4
9036,363676,40443,2025-01-25,Medium,Confirmed Fraud,16.2
9037,363678,16840,2025-09-25,Low,Confirmed Fraud,10.0
9038,363721,26774,2026-11-12,High,Under Review,2.3
9039,363734,20900,2026-03-08,High,Closed - No Fraud,1.3
9040,363747,20556,2025-12-17,High,Confirmed Fraud,12.7
9041,363796,47447,2026-10-27,Medium,Confirmed Fraud,20.3
9042,363811,38167,2026-02-06,High,Confirmed Fraud,11.9
9043,363816,1227,2025-07-03,Medium,Closed - No Fraud,18.4
9044,363838,15146,2025-08-02,High,Confirmed Fraud,72.5
9045,363842,12712,2026-04-03,High,Confirmed Fraud,5.0
9046,364096,31609,2025-05-09,High,Confirmed Fraud,9.2
9047,364098,26281,2026-06-09,High,Confirmed Fraud,1.7
9048,364100,2055,2026-04-06,Medium,Confirmed Fraud,29.1
9049,364128,5306,2025-05-31,Critical,Confirmed Fraud,18.9
9050,364163,8433,2025-09-13,Low,Confirmed Fraud,15.8
9051,364180,15091,2026-07-10,High,Confirmed Fraud,13.6
9052,364190,39948,2026-10-03,Medium,Confirmed Fraud,29.1
9053,364209,3393,2026-04-10,Medium,Confirmed Fraud,2.8
9054,364336,19483,2025-03-28,Critical,Confirmed Fraud,22.9
9055,364352,619,2025-02-28,High,Confirmed Fraud,15.2
9056,364487,21904,2026-08-23,Medium,Confirmed Fraud,7.0
9057,364548,18867,2026-07-02,High,Closed - No Fraud,14.1
9058,364748,24780,2025-02-12,Medium,Closed - No Fraud,91.1
9059,364858,1599,2025-04-20,Medium,Confirmed Fraud,43.8
9060,364868,15221,2025-12-14,High,Confirmed Fraud,63.1
9061,364877,3434,2026-04-19,Low,Confirmed Fraud,12.8
9062,364884,27245,2025-11-11,Medium,Confirmed Fraud,20.1
9063,364911,39178,2025-08-10,Critical,Confirmed Fraud,4.4
9064,364990,6541,2025-12-24,High,Confirmed Fraud,41.4
9065,365033,23756,2025-04-14,Medium,Closed - No Fraud,29.3
9066,365069,2695,2025-03-23,High,Confirmed Fraud,6.4
9067,365097,38484,2026-04-13,Low,Closed - No Fraud,5.4
9068,365105,37215,2026-01-30,High,Closed - No Fraud,3.4
9069,365201,46873,2025-05-21,High,Confirmed Fraud,10.0
9070,365242,1950,2025-05-15,High,Confirmed Fraud,4.9
9071,365287,9852,2025-12-11,High,Under Review,16.2
9072,365350,24539,2026-07-18,Medium,Confirmed Fraud,7.3
9073,365364,43711,2025-12-07,Critical,Under Review,12.7
9074,365372,38255,2025-01-14,High,Confirmed Fraud,33.8
9075,365406,24507,2025-03-13,Critical,Closed - No Fraud,14.6
9076,365435,48012,2026-09-14,Low,Closed - No Fraud,38.3
9077,365439,48969,2025-04-08,Critical,False Positive,19.4
9078,365440,38106,2026-05-13,Medium,Under Review,2.7
9079,365455,6243,2025-07-02,Medium,Confirmed Fraud,43.8
9080,365500,32111,2025-08-11,Low,Confirmed Fraud,17.8
9081,365505,20355,2025-06-07,Low,Under Review,45.6
9082,365526,8904,2025-09-21,Medium,Confirmed Fraud,7.1
9083,365687,26059,2025-02-08,High,Confirmed Fraud,3.8
9084,365689,1133,2025-03-18,High,Confirmed Fraud,5.1
9085,365848,43138,2026-02-18,Low,Confirmed Fraud,8.7
9086,365855,445,2025-10-03,Critical,Under Review,37.0
9087,365923,5192,2025-04-23,Medium,Confirmed Fraud,9.4
9088,365929,17475,2025-10-26,Low,Confirmed Fraud,48.4
9089,365930,8054,2026-09-08,High,Under Review,5.6
9090,365997,19048,2026-08-15,Low,Closed - No Fraud,4.9
9091,366048,38304,2025-06-11,High,Confirmed Fraud,35.3
9092,366060,9046,2026-03-12,Critical,Confirmed Fraud,5.7
9093,366083,15155,2025-01-01,High,Confirmed Fraud,39.7
9094,366179,23159,2025-04-30,Low,Confirmed Fraud,2.8
9095,366181,391,2026-05-28,Low,Closed - No Fraud,7.5
9096,366227,37142,2026-04-20,Medium,Closed - No Fraud,5.2
9097,366273,42575,2026-10-24,High,Under Review,26.7
9098,366353,28326,2025-06-12,Medium,Confirmed Fraud,20.7
9099,366407,29111,2025-05-26,High,Confirmed Fraud,69.7
9100,366530,26647,2026-12-18,Critical,Confirmed Fraud,16.5
9101,366541,20603,2025-08-30,High,False Positive,5.6
9102,366651,49691,2026-04-08,High,False Positive,6.2
9103,366652,37178,2026-07-03,High,False Positive,12.6
9104,366669,24623,2025-07-06,High,Confirmed Fraud,22.4
9105,366696,29918,2025-05-01,High,Confirmed Fraud,9.7
9106,366717,26869,2026-12-09,Low,Under Review,10.6
9107,366810,21573,2025-02-14,High,Confirmed Fraud,6.6
9108,366891,27976,2025-05-07,High,False Positive,41.3
9109,366893,4656,2025-07-27,High,Confirmed Fraud,5.8
9110,366921,26192,2025-05-30,High,Closed - No Fraud,10.4
9111,366947,46239,2025-03-23,Critical,Closed - No Fraud,8.2
9112,366999,29280,2025-04-26,High,False Positive,11.3
9113,367046,32787,2026-09-12,Medium,Under Review,18.6
9114,367075,14495,2025-02-19,Medium,Confirmed Fraud,8.6
9115,367098,1294,2025-05-18,High,Confirmed Fraud,4.8
9116,367117,47625,2025-02-18,High,Confirmed Fraud,6.8
9117,367124,36177,2025-08-30,Critical,Under Review,7.4
9118,367141,41931,2026-04-18,High,Confirmed Fraud,2.3
9119,367145,41704,2026-12-23,Medium,Confirmed Fraud,22.5
9120,367147,10955,2026-08-28,Low,False Positive,10.7
9121,367160,7194,2025-05-22,Low,False Positive,7.7
9122,367214,15680,2026-08-02,High,Confirmed Fraud,7.1
9123,367268,19726,2025-06-18,Critical,Closed - No Fraud,8.6
9124,367278,32337,2025-02-06,Critical,Confirmed Fraud,15.7
9125,367292,5126,2026-07-11,Medium,Confirmed Fraud,17.5
9126,367326,14471,2025-05-02,Critical,Confirmed Fraud,5.9
9127,367353,27945,2026-11-21,High,Closed - No Fraud,11.8
9128,367377,5119,2025-01-11,High,Closed - No Fraud,22.8
9129,367383,6664,2025-05-13,Low,Confirmed Fraud,4.6
9130,367399,40946,2026-03-25,Medium,Confirmed Fraud,15.2
9131,367401,39142,2025-08-10,High,Confirmed Fraud,18.8
9132,367402,4422,2025-03-12,High,Confirmed Fraud,21.4
9133,367418,12344,2026-05-18,High,Confirmed Fraud,4.8
9134,367484,21659,2025-11-26,Critical,Confirmed Fraud,12.9
9135,367485,1293,2026-11-18,High,Confirmed Fraud,5.1
9136,367701,40898,2026-02-20,Medium,False Positive,15.8
9137,367708,27739,2025-09-14,Medium,Confirmed Fraud,22.4
9138,367738,8596,2025-01-10,Low,Confirmed Fraud,7.8
9139,367753,42686,2026-06-17,Low,Confirmed Fraud,4.2
9140,367756,27051,2026-06-09,High,Under Review,9.7
9141,367778,3003,2026-05-23,Low,Confirmed Fraud,45.2
9142,367910,14377,2026-01-04,Critical,False Positive,22.6
9143,367927,16112,2025-04-01,Medium,Confirmed Fraud,4.1
9144,367935,31141,2025-03-24,Medium,Confirmed Fraud,6.0
9145,367973,13713,2025-06-15,Medium,Confirmed Fraud,1.9
9146,367978,10004,2026-05-22,Low,Confirmed Fraud,48.1
9147,367980,24019,2026-04-23,High,Under Review,39.2
9148,367993,30624,2025-08-31,High,Confirmed Fraud,56.2
9149,368002,34130,2025-11-30,Low,Under Review,3.0
9150,368017,14180,2025-10-28,High,Confirmed Fraud,2.1
9151,368031,17714,2025-11-01,Low,Confirmed Fraud,10.0
9152,368043,25326,2025-03-07,High,False Positive,6.4
9153,368074,479,2025-01-10,High,Confirmed Fraud,23.8
9154,368078,29648,2025-08-20,Low,Confirmed Fraud,33.3
9155,368081,2758,2026-08-04,Low,Confirmed Fraud,8.1
9156,368085,7407,2026-06-19,High,Confirmed Fraud,36.5
9157,368157,37314,2025-02-02,Medium,Under Review,7.4
9158,368175,48739,2025-10-23,High,Confirmed Fraud,15.9
9159,368249,41105,2025-03-07,Medium,Closed - No Fraud,4.6
9160,368254,20106,2025-05-24,High,Confirmed Fraud,15.6
9161,368371,39424,2026-02-06,Medium,Confirmed Fraud,23.4
9162,368380,29683,2026-09-15,Medium,False Positive,11.3
9163,368484,31319,2026-01-09,Low,Confirmed Fraud,11.6
9164,368604,37247,2025-02-11,Medium,Confirmed Fraud,13.2
9165,368653,44524,2026-09-29,Critical,Confirmed Fraud,93.8
9166,368663,47539,2025-12-31,High,Under Review,8.0
9167,368723,8676,2026-08-30,Medium,Confirmed Fraud,37.8
9168,368724,43651,2026-06-13,Medium,Confirmed Fraud,6.2
9169,368750,6176,2026-08-29,Critical,False Positive,15.5
9170,368765,44177,2025-04-10,Medium,Confirmed Fraud,4.4
9171,368781,38965,2026-09-06,High,Under Review,4.7
9172,368783,25401,2026-09-01,High,Confirmed Fraud,46.0
9173,368797,34554,2025-09-14,Medium,Closed - No Fraud,31.9
9174,368815,13761,2025-11-21,Critical,False Positive,38.7
9175,368891,6740,2025-03-20,High,Confirmed Fraud,15.2
9176,368894,42998,2025-07-01,Medium,Confirmed Fraud,15.7
9177,368962,49262,2026-05-22,Low,Confirmed Fraud,31.9
9178,369018,46474,2025-06-05,Medium,False Positive,12.7
9179,369088,4709,2025-02-18,High,Confirmed Fraud,4.1
9180,369141,28340,2025-06-29,High,Confirmed Fraud,10.3
9181,369175,2784,2025-07-17,High,Under Review,11.8
9182,369281,27356,2026-05-27,Critical,Confirmed Fraud,29.8
9183,369330,16808,2025-02-07,Low,Confirmed Fraud,2.4
9184,369332,48249,2026-07-27,Critical,Under Review,5.6
9185,369402,3846,2026-12-27,Critical,Confirmed Fraud,26.6
9186,369438,3725,2026-06-10,High,Confirmed Fraud,13.8
9187,369443,882,2026-10-09,High,Under Review,5.5
9188,369596,10109,2026-07-25,High,Confirmed Fraud,8.8
9189,369603,6159,2025-07-06,High,Closed - No Fraud,14.6
9190,369659,11112,2025-09-18,Medium,Confirmed Fraud,39.0
9191,369686,18640,2026-10-28,Medium,Closed - No Fraud,4.8
9192,369698,12939,2025-01-10,High,Confirmed Fraud,27.0
9193,369718,7714,2025-02-15,Medium,Confirmed Fraud,7.7
9194,369736,16247,2025-03-19,Medium,Confirmed Fraud,6.7
9195,369788,33910,2025-11-06,Medium,Confirmed Fraud,9.9
9196,369801,10960,2025-03-05,High,False Positive,44.2
9197,369905,22033,2025-09-21,High,Confirmed Fraud,46.3
9198,370048,3499,2026-07-11,Critical,False Positive,12.0
9199,370052,32416,2026-03-30,High,Confirmed Fraud,7.4
9200,370143,10172,2025-03-26,Medium,Confirmed Fraud,29.5
9201,370220,13047,2025-04-14,Low,Confirmed Fraud,12.1
9202,370221,25777,2026-02-02,High,Confirmed Fraud,3.1
9203,370241,25482,2025-05-20,Critical,Confirmed Fraud,11.5
9204,370274,47541,2025-02-10,High,Confirmed Fraud,17.1
9205,370296,38587,2025-10-09,High,Confirmed Fraud,20.3
9206,370327,27631,2025-12-25,Medium,Confirmed Fraud,14.3
9207,370357,26588,2026-01-12,Medium,Closed - No Fraud,20.9
9208,370427,9139,2025-05-14,Medium,Confirmed Fraud,3.2
9209,370443,12561,2026-07-03,Medium,Confirmed Fraud,19.5
9210,370486,12439,2025-07-18,Medium,Confirmed Fraud,7.4
9211,370498,37036,2025-07-07,High,Confirmed Fraud,19.2
9212,370515,5575,2026-01-15,High,Under Review,7.2
9213,370559,343,2026-08-26,Low,Confirmed Fraud,3.4
9214,370582,4416,2026-10-04,High,Confirmed Fraud,23.8
9215,370588,38328,2025-06-11,Low,Closed - No Fraud,11.1
9216,370683,46046,2025-12-23,High,Confirmed Fraud,30.3
9217,370734,5420,2026-01-18,High,Confirmed Fraud,12.4
9218,370766,11249,2025-01-14,High,Confirmed Fraud,5.4
9219,370813,43523,2026-01-06,High,Confirmed Fraud,21.0
9220,370871,38952,2026-09-18,Medium,Confirmed Fraud,7.6
9221,370898,42507,2025-07-03,High,Confirmed Fraud,28.0
9222,370987,27693,2025-04-24,Low,Confirmed Fraud,15.2
9223,370992,42168,2025-04-21,Medium,Confirmed Fraud,5.5
9224,371035,40458,2025-01-24,Low,False Positive,2.1
9225,371065,2059,2025-07-19,Low,Closed - No Fraud,56.3
9226,371082,23827,2025-05-29,Critical,False Positive,6.7
9227,371146,18671,2025-05-20,Low,Confirmed Fraud,4.5
9228,371224,12172,2025-04-21,Medium,Closed - No Fraud,4.7
9229,371396,40922,2026-10-08,High,Confirmed Fraud,4.9
9230,371413,12716,2025-12-09,High,Closed - No Fraud,86.2
9231,371445,6547,2025-03-13,Critical,Confirmed Fraud,5.8
9232,371473,26396,2025-02-18,High,False Positive,8.2
9233,371610,11860,2026-03-26,High,Confirmed Fraud,58.9
9234,371687,42261,2026-09-06,Critical,Closed - No Fraud,7.9
9235,371741,9981,2025-04-04,High,Under Review,2.4
9236,371755,35004,2025-06-02,High,Confirmed Fraud,3.5
9237,371839,35443,2025-03-06,Medium,Under Review,2.7
9238,371863,45175,2025-09-11,Medium,Confirmed Fraud,25.5
9239,371884,2631,2025-07-27,High,Confirmed Fraud,25.4
9240,371910,42790,2025-02-09,Medium,False Positive,6.9
9241,371944,29532,2025-03-09,High,False Positive,4.8
9242,371967,2317,2025-09-02,Low,Confirmed Fraud,6.5
9243,371976,21523,2025-12-01,Critical,Confirmed Fraud,1.3
9244,372003,28748,2025-03-30,High,Confirmed Fraud,8.0
9245,372081,965,2025-11-16,Medium,Closed - No Fraud,8.5
9246,372094,44300,2025-11-22,High,Confirmed Fraud,28.1
9247,372208,31852,2025-04-26,High,Closed - No Fraud,14.1
9248,372248,8749,2026-06-06,Medium,False Positive,24.9
9249,372252,37332,2025-01-04,High,Confirmed Fraud,54.7
9250,372326,965,2025-08-12,Critical,Confirmed Fraud,10.1
9251,372418,4731,2025-12-15,High,Confirmed Fraud,8.5
9252,372420,39593,2026-08-09,Medium,Closed - No Fraud,39.2
9253,372455,29204,2025-07-17,Critical,False Positive,26.8
9254,372471,27714,2026-08-14,High,Confirmed Fraud,14.4
9255,372476,3225,2025-03-20,High,Closed - No Fraud,18.0
9256,372488,11187,2026-04-06,Medium,Under Review,6.3
9257,372518,16697,2025-11-22,High,Confirmed Fraud,5.7
9258,372542,36876,2025-10-18,Low,Confirmed Fraud,16.8
9259,372558,44108,2026-09-26,Medium,Confirmed Fraud,14.0
9260,372656,2196,2025-06-11,High,Confirmed Fraud,9.3
9261,372708,7568,2026-05-12,Critical,Confirmed Fraud,4.3
9262,372716,16736,2025-05-21,High,Confirmed Fraud,14.9
9263,372776,15773,2025-12-29,High,Confirmed Fraud,24.0
9264,372785,27157,2026-03-19,Critical,Confirmed Fraud,15.3
9265,372815,18212,2026-05-22,High,Confirmed Fraud,9.0
9266,372834,8085,2026-12-25,High,Confirmed Fraud,2.0
9267,372847,12824,2025-06-10,Critical,Confirmed Fraud,26.9
9268,372895,14947,2026-04-15,Medium,Confirmed Fraud,6.4
9269,372900,8356,2025-12-18,Medium,Confirmed Fraud,9.7
9270,372938,9062,2025-07-05,Critical,Closed - No Fraud,4.3
9271,372984,13836,2025-01-14,Medium,Closed - No Fraud,7.5
9272,372991,38809,2025-11-27,Medium,Confirmed Fraud,12.3
9273,373054,702,2025-02-23,High,Confirmed Fraud,16.6
9274,373099,41529,2026-07-07,Medium,Confirmed Fraud,6.2
9275,373111,25205,2025-05-08,High,Confirmed Fraud,7.8
9276,373174,42128,2026-06-02,Low,Confirmed Fraud,10.2
9277,373193,5170,2025-01-15,Low,Confirmed Fraud,41.3
9278,373214,49048,2026-12-26,Critical,Confirmed Fraud,4.8
9279,373291,27936,2026-01-05,Critical,Confirmed Fraud,11.0
9280,373340,18811,2026-09-30,Medium,Confirmed Fraud,5.0
9281,373465,13109,2025-09-06,High,Confirmed Fraud,10.2
9282,373469,34280,2025-11-28,High,Confirmed Fraud,30.8
9283,373539,49899,2025-07-24,Medium,Confirmed Fraud,15.7
9284,373564,3886,2026-08-03,High,Confirmed Fraud,9.1
9285,373579,28609,2025-08-18,High,Confirmed Fraud,7.0
9286,373600,17849,2025-01-17,High,Closed - No Fraud,5.0
9287,373601,32272,2026-11-12,Critical,Confirmed Fraud,7.0
9288,373624,21474,2026-06-15,Critical,Confirmed Fraud,30.1
9289,373666,35878,2026-06-09,Critical,Confirmed Fraud,4.7
9290,373693,16446,2025-06-18,Critical,Confirmed Fraud,12.3
9291,373704,10320,2025-08-19,Critical,Confirmed Fraud,38.0
9292,373716,2413,2025-02-10,Medium,Confirmed Fraud,4.2
9293,373745,7499,2026-02-19,Medium,Confirmed Fraud,4.8
9294,373804,26380,2025-05-26,Low,Closed - No Fraud,9.8
9295,373810,30831,2025-09-09,Low,False Positive,5.8
9296,373826,44034,2026-10-31,Critical,Confirmed Fraud,14.2
9297,373931,23706,2026-05-04,High,Confirmed Fraud,7.7
9298,373932,41799,2025-01-02,High,Confirmed Fraud,9.9
9299,373940,11373,2026-02-27,Critical,Confirmed Fraud,7.5
9300,374030,49418,2025-02-27,High,Confirmed Fraud,12.4
9301,374097,45933,2025-02-10,Low,Confirmed Fraud,14.1
9302,374110,8257,2026-07-03,Medium,False Positive,10.4
9303,374118,46321,2025-07-02,Medium,False Positive,18.8
9304,374163,3147,2026-08-20,Medium,False Positive,61.8
9305,374255,43684,2025-09-20,High,Under Review,8.4
9306,374299,10927,2025-05-26,High,False Positive,43.8
9307,374342,36511,2026-08-20,High,Confirmed Fraud,21.0
9308,374356,48722,2025-04-20,Medium,Closed - No Fraud,9.5
9309,374359,41086,2026-11-01,High,Confirmed Fraud,34.6
9310,374378,19526,2025-07-26,Low,Confirmed Fraud,15.7
9311,374381,15129,2025-04-26,Medium,False Positive,11.1
9312,374436,13508,2025-05-31,High,Confirmed Fraud,8.9
9313,374487,40516,2026-02-25,Critical,Confirmed Fraud,5.1
9314,374488,15433,2026-05-01,High,Confirmed Fraud,12.4
9315,374597,36654,2025-02-26,Medium,Confirmed Fraud,16.6
9316,374606,14083,2025-02-20,Critical,Confirmed Fraud,6.0
9317,374638,31908,2026-08-09,Low,Confirmed Fraud,9.2
9318,374660,11380,2026-01-31,High,Confirmed Fraud,46.0
9319,374676,15897,2025-02-03,Low,Confirmed Fraud,45.7
9320,374679,7009,2025-04-01,Medium,Confirmed Fraud,8.1
9321,374715,31031,2026-01-08,Medium,False Positive,3.5
9322,374758,21114,2025-01-19,High,Confirmed Fraud,31.1
9323,374779,19658,2026-03-12,High,False Positive,15.4
9324,374792,46163,2025-04-22,High,Closed - No Fraud,18.4
9325,374925,19086,2025-03-22,Critical,Closed - No Fraud,18.9
9326,374927,31866,2025-07-26,High,Confirmed Fraud,15.5
9327,374936,22658,2025-04-19,High,False Positive,11.1
9328,374944,4428,2025-07-27,Low,False Positive,22.9
9329,374951,45376,2025-08-03,Medium,Closed - No Fraud,1.7
9330,375060,28634,2025-05-06,Medium,Confirmed Fraud,6.7
9331,375097,46831,2025-07-08,Medium,Confirmed Fraud,16.5
9332,375155,7596,2025-02-23,Low,Confirmed Fraud,25.9
9333,375160,19271,2026-01-16,High,Under Review,28.2
9334,375170,45789,2025-02-01,Medium,Confirmed Fraud,8.8
9335,375190,2030,2025-04-26,High,Confirmed Fraud,1.9
9336,375214,13685,2026-11-18,High,Confirmed Fraud,3.0
9337,375241,16557,2025-01-16,Critical,Confirmed Fraud,2.3
9338,375299,38282,2026-09-18,High,Confirmed Fraud,3.0
9339,375322,6633,2025-07-09,Critical,Confirmed Fraud,90.6
9340,375336,36151,2026-12-13,Medium,False Positive,49.2
9341,375419,29172,2026-01-19,Medium,Confirmed Fraud,15.7
9342,375528,31370,2025-03-19,Medium,Confirmed Fraud,5.2
9343,375543,21662,2026-07-11,High,Confirmed Fraud,4.0
9344,375565,13674,2025-05-11,Medium,Confirmed Fraud,13.3
9345,375571,28532,2026-09-09,High,Confirmed Fraud,29.2
9346,375605,23321,2026-06-26,Critical,Confirmed Fraud,8.4
9347,375729,36288,2025-10-08,Critical,Confirmed Fraud,9.4
9348,375801,6066,2025-10-14,High,Closed - No Fraud,27.9
9349,375804,4573,2025-04-29,High,False Positive,7.0
9350,375817,15747,2026-04-05,Medium,Confirmed Fraud,10.5
9351,375872,38041,2025-10-22,Medium,Closed - No Fraud,9.4
9352,375883,41528,2025-11-27,Medium,False Positive,18.9
9353,375982,34836,2025-05-29,High,Confirmed Fraud,8.2
9354,376005,3810,2025-11-29,High,Confirmed Fraud,19.0
9355,376022,18007,2026-08-25,High,Closed - No Fraud,7.7
9356,376046,3860,2025-12-10,Medium,Confirmed Fraud,20.0
9357,376094,27404,2026-02-05,High,Confirmed Fraud,11.8
9358,376126,24029,2025-01-27,High,Confirmed Fraud,8.0
9359,376155,14962,2025-09-12,Medium,Confirmed Fraud,4.4
9360,376156,43109,2026-12-25,Medium,Closed - No Fraud,8.4
9361,376161,40320,2025-01-28,High,Closed - No Fraud,24.2
9362,376197,8029,2026-01-19,High,Closed - No Fraud,27.2
9363,376344,14052,2026-03-09,Critical,Confirmed Fraud,13.6
9364,376385,27677,2025-09-05,Medium,Closed - No Fraud,13.7
9365,376390,42801,2026-08-19,High,Confirmed Fraud,4.9
9366,376409,16010,2026-10-14,High,Confirmed Fraud,48.2
9367,376495,40006,2026-11-15,Medium,False Positive,9.2
9368,376505,40601,2025-07-14,Medium,Confirmed Fraud,10.2
9369,376568,11983,2025-02-01,Medium,Confirmed Fraud,14.4
9370,376580,17881,2025-09-30,High,False Positive,32.0
9371,376621,13155,2025-05-07,Low,Closed - No Fraud,6.3
9372,376659,2285,2026-09-21,Medium,Confirmed Fraud,16.1
9373,376782,20273,2026-01-23,Low,Closed - No Fraud,18.1
9374,376834,22190,2025-05-25,High,Confirmed Fraud,59.6
9375,376917,35987,2026-03-31,Low,Confirmed Fraud,31.1
9376,376940,41407,2025-01-10,High,Confirmed Fraud,5.6
9377,377037,48977,2025-10-31,Low,Confirmed Fraud,3.9
9378,377074,47629,2026-03-09,Critical,Confirmed Fraud,2.4
9379,377082,4420,2025-09-20,High,Confirmed Fraud,7.2
9380,377122,36484,2025-04-02,High,Confirmed Fraud,21.6
9381,377231,43708,2026-10-19,Medium,Confirmed Fraud,14.7
9382,377243,39945,2025-04-18,Critical,Confirmed Fraud,3.6
9383,377351,31717,2025-12-04,Low,Confirmed Fraud,9.3
9384,377400,19299,2026-02-20,High,Confirmed Fraud,4.0
9385,377415,31873,2026-08-15,High,False Positive,12.4
9386,377432,39303,2025-07-21,Medium,Confirmed Fraud,7.4
9387,377487,36018,2026-04-01,Low,Confirmed Fraud,16.3
9388,377524,39126,2025-12-05,High,Confirmed Fraud,40.3
9389,377538,2721,2025-03-23,Critical,Confirmed Fraud,16.6
9390,377594,12488,2026-09-27,Medium,Confirmed Fraud,9.6
9391,377604,2058,2025-06-07,High,Confirmed Fraud,12.0
9392,377652,4386,2025-07-09,High,False Positive,6.2
9393,377666,48985,2026-08-20,Medium,False Positive,6.2
9394,377680,23532,2025-10-13,Critical,Confirmed Fraud,10.9
9395,377723,35716,2026-02-07,Critical,Confirmed Fraud,3.7
9396,377743,19041,2025-02-17,Medium,Confirmed Fraud,21.0
9397,377749,4199,2025-05-23,High,Confirmed Fraud,4.3
9398,377752,27963,2026-09-08,Medium,Under Review,9.3
9399,377878,11022,2026-01-20,High,Confirmed Fraud,4.9
9400,377927,25290,2025-12-07,High,Confirmed Fraud,2.4
9401,378029,36791,2025-06-05,Critical,Confirmed Fraud,16.8
9402,378034,16224,2025-06-23,High,Confirmed Fraud,50.5
9403,378035,14952,2025-01-21,Medium,Confirmed Fraud,31.5
9404,378047,41857,2025-10-06,Critical,False Positive,7.0
9405,378135,4129,2025-08-16,High,Confirmed Fraud,2.6
9406,378143,18379,2025-06-25,High,Confirmed Fraud,6.1
9407,378185,9494,2025-03-09,High,Confirmed Fraud,8.8
9408,378199,1819,2026-12-12,Medium,Confirmed Fraud,3.7
9409,378304,43366,2026-10-25,High,Confirmed Fraud,6.7
9410,378329,14356,2025-02-28,High,Confirmed Fraud,9.7
9411,378335,24672,2025-07-12,High,Confirmed Fraud,28.3
9412,378397,5106,2025-11-18,Medium,Confirmed Fraud,49.0
9413,378410,8702,2025-04-18,Critical,Confirmed Fraud,19.0
9414,378443,12081,2025-04-10,Medium,Closed - No Fraud,14.3
9415,378444,24755,2026-04-12,Medium,Closed - No Fraud,23.4
9416,378544,18516,2025-05-20,Critical,Closed - No Fraud,2.8
9417,378556,16224,2025-08-24,Medium,Confirmed Fraud,16.1
9418,378581,47675,2026-10-10,High,Confirmed Fraud,2.6
9419,378595,36677,2025-06-15,High,Confirmed Fraud,9.9
9420,378606,20459,2026-02-03,Critical,Confirmed Fraud,3.8
9421,378622,6778,2026-12-19,High,Closed - No Fraud,5.9
9422,378635,32312,2025-09-08,Medium,Under Review,7.0
9423,378636,42949,2026-06-05,High,Confirmed Fraud,27.4
9424,378642,15431,2026-02-22,Medium,Under Review,13.5
9425,378742,38790,2026-11-25,High,Confirmed Fraud,8.2
9426,378753,34433,2026-11-26,Medium,Confirmed Fraud,11.7
9427,378765,12548,2025-07-31,High,Confirmed Fraud,37.1
9428,378774,16206,2026-07-02,Medium,Confirmed Fraud,26.1
9429,378776,22696,2026-08-26,High,False Positive,3.1
9430,378808,41805,2025-12-12,Medium,Confirmed Fraud,11.0
9431,378879,10327,2025-03-17,High,Confirmed Fraud,15.1
9432,378946,23124,2026-02-05,Critical,Confirmed Fraud,6.1
9433,378950,33983,2026-05-18,Critical,Confirmed Fraud,3.0
9434,379006,34510,2025-08-06,Medium,Confirmed Fraud,3.4
9435,379012,21217,2025-07-17,Medium,Confirmed Fraud,20.7
9436,379019,13954,2025-06-14,Medium,Confirmed Fraud,25.8
9437,379118,45214,2025-09-12,Low,Confirmed Fraud,22.8
9438,379175,19051,2025-07-20,Medium,Confirmed Fraud,17.4
9439,379199,21009,2026-02-08,Medium,Confirmed Fraud,15.0
9440,379238,2340,2026-05-24,Medium,Confirmed Fraud,15.6
9441,379259,5249,2026-05-01,Critical,Confirmed Fraud,15.8
9442,379306,45212,2025-11-09,Critical,Confirmed Fraud,18.1
9443,379365,22042,2025-05-05,Medium,False Positive,33.4
9444,379416,49156,2025-08-19,Critical,Confirmed Fraud,2.9
9445,379621,36947,2025-09-10,Critical,Confirmed Fraud,4.7
9446,379659,7777,2025-07-23,Medium,Confirmed Fraud,8.7
9447,379677,4885,2026-03-24,High,Confirmed Fraud,11.0
9448,379707,35177,2025-02-06,Medium,Confirmed Fraud,29.7
9449,379779,5791,2026-11-19,High,Under Review,11.7
9450,379784,24717,2025-04-21,Medium,Confirmed Fraud,32.2
9451,379907,34515,2026-02-09,High,Confirmed Fraud,11.4
9452,379909,40596,2025-08-04,Medium,Confirmed Fraud,10.3
9453,379943,48385,2026-08-23,High,Confirmed Fraud,12.9
9454,379954,3524,2026-09-06,Critical,Under Review,74.2
9455,379974,10179,2025-07-15,High,Confirmed Fraud,9.7
9456,379975,43908,2026-07-18,Critical,Closed - No Fraud,2.2
9457,380001,49125,2026-11-18,Critical,Confirmed Fraud,9.9
9458,380032,26632,2025-05-12,High,Under Review,17.2
9459,380081,3131,2026-06-07,Medium,Confirmed Fraud,3.6
9460,380241,45848,2026-05-27,Medium,Confirmed Fraud,28.2
9461,380276,29759,2025-11-24,Low,Confirmed Fraud,18.4
9462,380315,906,2025-08-19,Medium,Confirmed Fraud,10.0
9463,380343,12460,2026-01-17,Low,Confirmed Fraud,19.5
9464,380364,26634,2025-12-18,Critical,Confirmed Fraud,7.9
9465,380373,18272,2025-05-13,High,Confirmed Fraud,3.8
9466,380407,49738,2026-10-11,Medium,Confirmed Fraud,46.9
9467,380428,21801,2025-12-03,Medium,False Positive,22.9
9468,380474,9125,2025-02-24,High,Closed - No Fraud,3.0
9469,380554,36335,2026-08-15,Low,False Positive,3.4
9470,380572,590,2026-04-23,Medium,Confirmed Fraud,6.8
9471,380579,10094,2026-07-11,High,False Positive,9.4
9472,380586,17536,2025-01-11,Low,False Positive,10.6
9473,380600,10258,2025-05-12,Medium,False Positive,15.1
9474,380614,34296,2026-10-03,Medium,Closed - No Fraud,3.2
9475,380646,46864,2025-07-04,Medium,Confirmed Fraud,8.8
9476,380655,23631,2025-03-25,Low,Confirmed Fraud,3.6
9477,380700,16726,2026-04-19,Medium,Confirmed Fraud,54.4
9478,380742,28306,2025-08-13,High,Closed - No Fraud,33.2
9479,380766,16279,2026-03-31,Medium,False Positive,16.3
9480,380828,16155,2025-08-03,Critical,Confirmed Fraud,20.9
9481,380870,21101,2026-01-15,Medium,Under Review,46.1
9482,380900,24313,2025-05-07,High,Closed - No Fraud,3.6
9483,380912,4202,2026-06-02,Critical,Confirmed Fraud,21.7
9484,380996,46241,2025-02-12,Medium,Confirmed Fraud,7.7
9485,381074,15730,2026-09-17,Medium,False Positive,11.4
9486,381165,21659,2025-04-10,Medium,False Positive,5.0
9487,381166,29221,2026-04-23,Medium,Confirmed Fraud,10.1
9488,381257,7528,2025-07-13,Medium,Closed - No Fraud,53.9
9489,381258,38311,2025-09-17,Medium,Confirmed Fraud,9.3
9490,381268,23928,2025-01-06,Medium,False Positive,24.6
9491,381312,33328,2026-12-29,Critical,Confirmed Fraud,6.4
9492,381368,677,2025-08-22,High,Under Review,21.8
9493,381400,41503,2025-07-01,High,Confirmed Fraud,24.2
9494,381403,41340,2026-08-25,High,Confirmed Fraud,5.0
9495,381425,26110,2025-10-18,High,Confirmed Fraud,6.8
9496,381540,40669,2026-10-26,High,Confirmed Fraud,13.3
9497,381611,23588,2025-04-07,Medium,Confirmed Fraud,3.5
9498,381630,13242,2026-06-19,Critical,Under Review,7.7
9499,381672,29864,2025-06-16,Critical,Under Review,42.7
9500,381683,29037,2026-08-04,Medium,Confirmed Fraud,16.9
9501,381729,16506,2025-07-01,Medium,Closed - No Fraud,92.5
9502,381749,41429,2025-06-28,Medium,Confirmed Fraud,7.4
9503,381775,22838,2026-04-14,Low,False Positive,1.6
9504,381821,29561,2025-07-12,High,Confirmed Fraud,4.9
9505,381837,5898,2025-07-30,High,Confirmed Fraud,25.7
9506,381883,8728,2026-06-01,Medium,Confirmed Fraud,13.1
9507,381909,13098,2025-03-06,Medium,Confirmed Fraud,3.7
9508,381999,32872,2025-07-15,Low,Under Review,21.6
9509,382068,48933,2025-09-12,High,Closed - No Fraud,12.4
9510,382088,19799,2025-08-06,Critical,False Positive,15.6
9511,382095,15411,2025-03-09,Medium,Confirmed Fraud,20.8
9512,382119,19033,2026-04-23,Medium,Confirmed Fraud,8.9
9513,382185,20437,2026-02-23,Critical,Confirmed Fraud,7.1
9514,382319,14414,2025-04-22,Medium,False Positive,22.5
9515,382326,9338,2026-05-06,High,Confirmed Fraud,1.8
9516,382379,10059,2025-11-28,Medium,Confirmed Fraud,13.6
9517,382393,4927,2026-01-29,Medium,Confirmed Fraud,13.5
9518,382493,28524,2026-11-16,Low,Confirmed Fraud,15.3
9519,382537,27608,2025-08-27,Medium,Under Review,16.8
9520,382562,28602,2025-02-07,Medium,Confirmed Fraud,12.3
9521,382573,11413,2025-01-19,Medium,Confirmed Fraud,73.0
9522,382582,35447,2025-01-17,Low,Confirmed Fraud,11.5
9523,382597,19745,2025-10-07,High,Under Review,14.2
9524,382617,42276,2025-03-15,Medium,Confirmed Fraud,8.7
9525,382620,23304,2026-10-04,High,Confirmed Fraud,10.0
9526,382622,15462,2026-11-17,Medium,Closed - No Fraud,9.7
9527,382658,40371,2025-06-07,Medium,Confirmed Fraud,19.0
9528,382661,10840,2025-01-08,High,Confirmed Fraud,17.0
9529,382685,9723,2025-08-09,Medium,Confirmed Fraud,25.8
9530,382729,26773,2026-02-15,Medium,Confirmed Fraud,7.7
9531,382736,16532,2025-07-25,High,Confirmed Fraud,5.1
9532,382803,10868,2025-06-07,Medium,Confirmed Fraud,6.2
9533,382827,19422,2025-06-22,Critical,Confirmed Fraud,8.5
9534,382904,39581,2026-10-31,High,Confirmed Fraud,2.6
9535,382933,33802,2026-02-17,High,Confirmed Fraud,8.8
9536,382952,31443,2025-05-28,Critical,Confirmed Fraud,101.3
9537,383036,10555,2025-08-14,Low,Confirmed Fraud,6.0
9538,383195,2182,2026-02-21,Critical,Confirmed Fraud,11.9
9539,383207,49294,2026-09-21,Low,Closed - No Fraud,6.5
9540,383217,46105,2025-01-11,Medium,Confirmed Fraud,5.9
9541,383283,20036,2025-09-11,Medium,Closed - No Fraud,15.6
9542,383371,16763,2026-01-21,Low,Confirmed Fraud,24.6
9543,383405,5113,2025-02-01,High,Confirmed Fraud,14.5
9544,383437,41817,2025-05-17,High,Confirmed Fraud,38.6
9545,383448,27571,2026-09-07,High,Closed - No Fraud,3.1
9546,383470,35645,2025-11-12,Critical,False Positive,9.1
9547,383475,49370,2025-03-26,Medium,Confirmed Fraud,15.1
9548,383493,35463,2025-12-28,High,False Positive,6.4
9549,383496,20044,2026-11-23,High,Under Review,6.9
9550,383509,30992,2025-12-13,High,False Positive,25.3
9551,383533,20529,2026-08-04,Critical,False Positive,11.3
9552,383541,6372,2025-06-04,Low,Under Review,14.2
9553,383568,2536,2025-06-09,High,Confirmed Fraud,12.2
9554,383605,41509,2026-01-14,Medium,Confirmed Fraud,3.6
9555,383629,11149,2025-04-01,Critical,Under Review,21.0
9556,383651,46511,2025-09-02,High,Confirmed Fraud,13.6
9557,383786,46310,2025-12-26,High,Confirmed Fraud,10.3
9558,383795,29982,2025-08-05,Low,Confirmed Fraud,3.7
9559,383865,46466,2025-12-26,High,Confirmed Fraud,7.4
9560,383906,30944,2026-07-10,Critical,Confirmed Fraud,20.9
9561,383926,47513,2025-09-03,Critical,Confirmed Fraud,5.3
9562,383953,25623,2026-03-19,Medium,Confirmed Fraud,16.3
9563,384035,35286,2025-05-03,Medium,Confirmed Fraud,12.9
9564,384151,17485,2025-09-07,Medium,Confirmed Fraud,16.5
9565,384163,3483,2026-09-11,High,Confirmed Fraud,59.7
9566,384200,24743,2026-09-04,Critical,Confirmed Fraud,13.4
9567,384294,9895,2025-09-15,High,Confirmed Fraud,9.6
9568,384313,45773,2025-07-18,Medium,Confirmed Fraud,6.4
9569,384349,43820,2025-11-11,Low,Closed - No Fraud,49.1
9570,384387,37896,2026-01-27,Medium,False Positive,44.5
9571,384410,46492,2026-10-24,Medium,Confirmed Fraud,8.2
9572,384469,9161,2026-06-16,Critical,Confirmed Fraud,3.4
9573,384503,7016,2025-06-16,High,Confirmed Fraud,19.0
9574,384555,31193,2025-12-08,Medium,Under Review,9.4
9575,384563,47145,2025-12-05,Medium,Confirmed Fraud,3.1
9576,384673,7679,2025-05-04,Medium,Confirmed Fraud,14.9
9577,384706,13930,2026-09-05,High,False Positive,7.3
9578,384707,2395,2026-03-11,High,Confirmed Fraud,14.3
9579,384741,21864,2026-07-30,Critical,Confirmed Fraud,3.9
9580,384775,45978,2026-02-04,High,False Positive,4.4
9581,384794,32435,2026-04-14,High,Confirmed Fraud,11.6
9582,384802,45961,2025-08-01,Critical,Confirmed Fraud,10.1
9583,384882,3952,2025-09-05,High,Closed - No Fraud,9.7
9584,384910,10653,2026-12-23,Medium,Confirmed Fraud,4.3
9585,384949,5632,2025-05-02,Medium,Confirmed Fraud,8.1
9586,384966,18698,2026-03-10,Medium,False Positive,13.2
9587,385000,30016,2026-01-21,High,Under Review,10.8
9588,385008,23355,2026-11-28,High,Under Review,17.8
9589,385015,32943,2025-02-11,Medium,Under Review,3.8
9590,385242,25244,2025-07-11,High,False Positive,9.9
9591,385253,28959,2026-07-06,Critical,Confirmed Fraud,3.4
9592,385314,43434,2026-05-19,High,Closed - No Fraud,7.4
9593,385426,17226,2026-08-12,Medium,Confirmed Fraud,27.6
9594,385428,46262,2025-04-17,Critical,Confirmed Fraud,24.6
9595,385444,6357,2025-09-23,High,Confirmed Fraud,6.9
9596,385466,11946,2026-01-28,Low,Confirmed Fraud,10.2
9597,385470,16336,2025-05-07,High,Confirmed Fraud,4.8
9598,385487,27192,2026-10-16,Medium,Confirmed Fraud,15.6
9599,385537,5720,2026-04-29,High,Confirmed Fraud,9.8
9600,385582,13762,2025-06-05,High,Confirmed Fraud,8.6
9601,385587,11729,2025-04-11,Medium,Confirmed Fraud,11.8
9602,385638,8410,2026-04-23,High,Confirmed Fraud,8.3
9603,385646,2512,2025-02-10,Critical,Closed - No Fraud,17.0
9604,385655,32945,2025-05-18,Medium,Confirmed Fraud,1.4
9605,385672,45346,2025-09-21,Medium,Confirmed Fraud,8.3
9606,385697,13145,2026-07-31,Critical,Confirmed Fraud,4.6
9607,385721,19754,2025-10-30,High,Confirmed Fraud,7.8
9608,385768,49094,2025-05-14,High,Closed - No Fraud,8.3
9609,385769,15879,2026-07-26,High,Confirmed Fraud,5.0
9610,385781,44324,2026-10-02,High,Under Review,21.6
9611,385830,29799,2025-06-16,High,Confirmed Fraud,6.6
9612,385859,30048,2025-04-07,Low,Closed - No Fraud,5.8
9613,385866,21525,2025-07-20,Critical,Confirmed Fraud,24.5
9614,385898,32332,2026-04-24,Low,Confirmed Fraud,41.6
9615,385905,1348,2026-10-05,High,Confirmed Fraud,11.6
9616,385934,42298,2025-02-16,Medium,Confirmed Fraud,16.8
9617,385941,41438,2025-02-05,High,False Positive,20.7
9618,385963,17146,2025-07-16,High,Confirmed Fraud,15.8
9619,385973,17633,2026-05-23,High,Confirmed Fraud,5.6
9620,386000,25267,2026-12-02,Critical,False Positive,3.3
9621,386017,32031,2025-08-23,High,Closed - No Fraud,15.1
9622,386024,19829,2025-05-31,High,Confirmed Fraud,3.2
9623,386105,39984,2026-01-11,Medium,Under Review,16.7
9624,386114,14330,2025-03-29,Critical,Confirmed Fraud,9.1
9625,386145,48257,2025-10-05,High,Confirmed Fraud,23.0
9626,386181,8185,2025-03-05,Critical,Confirmed Fraud,5.2
9627,386187,11587,2026-12-24,Low,Closed - No Fraud,4.5
9628,386256,48412,2025-10-13,Low,Confirmed Fraud,13.4
9629,386317,21152,2026-11-13,Medium,Closed - No Fraud,9.4
9630,386327,18068,2025-06-20,Medium,Confirmed Fraud,9.2
9631,386361,29617,2026-05-06,Medium,Confirmed Fraud,8.4
9632,386387,46459,2026-08-03,Low,Confirmed Fraud,8.2
9633,386391,35571,2025-04-18,Medium,Confirmed Fraud,4.9
9634,386437,29660,2025-10-02,Medium,Confirmed Fraud,12.9
9635,386442,7767,2026-11-18,Medium,Confirmed Fraud,1.7
9636,386486,27744,2025-09-07,Critical,Confirmed Fraud,3.6
9637,386493,1468,2026-07-29,High,Confirmed Fraud,15.7
9638,386501,30481,2025-02-25,High,Confirmed Fraud,34.5
9639,386621,5167,2026-01-08,High,Confirmed Fraud,18.3
9640,386648,18881,2025-07-03,Medium,Confirmed Fraud,10.9
9641,386687,42471,2025-05-15,Medium,Confirmed Fraud,4.8
9642,386791,37101,2026-08-11,Low,Confirmed Fraud,11.1
9643,386799,34104,2025-11-06,Medium,Confirmed Fraud,8.1
9644,386844,2540,2026-06-30,Medium,Confirmed Fraud,14.2
9645,386874,30475,2026-06-02,High,Confirmed Fraud,24.2
9646,386893,49275,2026-08-18,Medium,Confirmed Fraud,10.3
9647,386949,25480,2025-03-20,Medium,Confirmed Fraud,6.7
9648,387098,19858,2025-08-15,Medium,Confirmed Fraud,13.6
9649,387107,42453,2025-04-20,Critical,Closed - No Fraud,6.9
9650,387123,24843,2025-03-03,High,Confirmed Fraud,3.1
9651,387152,43571,2025-11-05,High,Confirmed Fraud,9.7
9652,387179,17797,2025-05-10,High,Confirmed Fraud,4.7
9653,387209,15069,2025-02-04,High,Closed - No Fraud,18.8
9654,387231,43990,2025-03-31,High,False Positive,35.3
9655,387271,46694,2025-06-04,High,Closed - No Fraud,13.5
9656,387306,9215,2026-09-27,High,Confirmed Fraud,7.2
9657,387317,4683,2025-04-24,High,Confirmed Fraud,14.4
9658,387328,29350,2026-10-14,High,Confirmed Fraud,12.2
9659,387340,48265,2025-12-18,Low,Confirmed Fraud,10.7
9660,387353,10775,2026-07-09,Medium,Confirmed Fraud,4.6
9661,387389,5363,2026-03-15,Critical,Confirmed Fraud,76.4
9662,387419,23115,2025-08-10,Medium,Confirmed Fraud,8.3
9663,387423,17106,2025-07-17,Medium,Under Review,19.4
9664,387509,22380,2026-01-28,Medium,Closed - No Fraud,2.1
9665,387546,22146,2025-02-10,Critical,Confirmed Fraud,16.8
9666,387614,8838,2026-03-15,High,Confirmed Fraud,2.1
9667,387677,3670,2025-05-24,Low,Confirmed Fraud,40.7
9668,387694,39780,2026-12-26,Critical,Confirmed Fraud,11.4
9669,387695,20282,2025-12-13,Medium,Confirmed Fraud,15.0
9670,387709,15810,2026-04-04,Critical,False Positive,5.3
9671,387733,30296,2025-07-22,Critical,Closed - No Fraud,15.7
9672,387817,34778,2026-08-22,Medium,Confirmed Fraud,1.8
9673,387859,18610,2025-10-11,Medium,Confirmed Fraud,33.9
9674,387893,36182,2025-06-27,Medium,Confirmed Fraud,18.7
9675,387969,40444,2025-08-15,High,Under Review,13.9
9676,387980,23569,2026-09-20,High,Under Review,20.7
9677,387984,963,2025-03-28,Low,Closed - No Fraud,14.4
9678,387987,37329,2025-06-25,High,Confirmed Fraud,14.1
9679,388100,28080,2025-06-23,Critical,Closed - No Fraud,15.4
9680,388122,21383,2026-10-20,Low,Confirmed Fraud,7.1
9681,388316,19880,2025-03-04,Low,Confirmed Fraud,15.3
9682,388320,1281,2025-05-29,High,Confirmed Fraud,19.6
9683,388350,21085,2026-05-23,High,Confirmed Fraud,9.3
9684,388367,447,2025-02-08,High,Confirmed Fraud,4.9
9685,388379,48448,2026-06-06,Medium,Closed - No Fraud,27.9
9686,388395,49068,2025-07-03,Medium,Closed - No Fraud,29.3
9687,388412,47822,2025-12-30,High,Closed - No Fraud,41.6
9688,388435,25497,2026-04-18,High,Under Review,5.3
9689,388487,11540,2025-06-19,Medium,Confirmed Fraud,20.4
9690,388513,16831,2026-02-27,Medium,Confirmed Fraud,14.3
9691,388529,38847,2026-07-30,High,Confirmed Fraud,29.3
9692,388544,9031,2026-05-25,High,Under Review,9.8
9693,388587,3336,2026-03-11,Low,Confirmed Fraud,12.6
9694,388610,20279,2025-12-06,High,Under Review,44.8
9695,388611,33621,2025-05-31,Medium,Confirmed Fraud,12.8
9696,388677,7119,2026-06-18,Medium,Confirmed Fraud,12.2
9697,388726,37559,2025-02-18,High,Confirmed Fraud,22.5
9698,388742,39942,2025-04-13,Medium,Confirmed Fraud,1.8
9699,388761,221,2025-09-28,Medium,Confirmed Fraud,8.8
9700,388790,18359,2025-10-15,Medium,Confirmed Fraud,11.5
9701,388837,23424,2026-02-04,Critical,Confirmed Fraud,5.3
9702,388846,43162,2026-11-25,Medium,Closed - No Fraud,10.2
9703,388848,18993,2025-09-20,Low,Confirmed Fraud,33.4
9704,388895,47511,2025-01-30,High,Closed - No Fraud,12.8
9705,388916,28343,2025-06-10,High,Confirmed Fraud,1.3
9706,388918,38547,2025-05-25,Critical,Under Review,6.1
9707,388928,322,2026-04-07,Critical,Confirmed Fraud,12.2
9708,388929,2242,2025-11-30,Critical,Under Review,8.1
9709,388932,26956,2026-10-20,High,False Positive,4.4
9710,388950,38074,2025-06-23,Critical,Under Review,4.4
9711,388984,26971,2025-02-26,Medium,Confirmed Fraud,2.9
9712,388993,13092,2026-06-12,Critical,Confirmed Fraud,45.5
9713,388999,45652,2026-02-25,High,Under Review,2.9
9714,389003,31524,2026-10-27,Medium,Confirmed Fraud,54.3
9715,389005,49876,2026-08-19,High,Confirmed Fraud,13.0
9716,389066,49966,2025-10-15,Medium,False Positive,18.3
9717,389081,33830,2025-02-25,High,Confirmed Fraud,7.1
9718,389083,25351,2025-09-30,Critical,Closed - No Fraud,11.4
9719,389169,43127,2026-06-14,Critical,Confirmed Fraud,4.1
9720,389295,21902,2025-06-21,Medium,Confirmed Fraud,9.3
9721,389340,27044,2026-12-10,Low,Confirmed Fraud,4.1
9722,389360,28483,2025-03-12,Medium,Confirmed Fraud,14.2
9723,389385,364,2025-11-18,High,Under Review,2.1
9724,389432,44547,2025-09-10,High,Under Review,4.1
9725,389464,25671,2026-03-08,Low,Confirmed Fraud,36.4
9726,389482,36229,2025-12-27,Medium,Closed - No Fraud,13.0
9727,389505,26402,2025-02-11,High,Confirmed Fraud,8.9
9728,389585,15555,2026-07-17,Medium,Closed - No Fraud,16.7
9729,389620,34934,2026-03-27,High,Confirmed Fraud,5.5
9730,389626,37224,2026-04-14,High,Under Review,17.5
9731,389632,7143,2025-10-11,High,Confirmed Fraud,10.9
9732,389727,7040,2025-04-25,Medium,Closed - No Fraud,8.0
9733,389740,41211,2025-05-10,High,Confirmed Fraud,17.6
9734,389761,3513,2026-12-07,High,Confirmed Fraud,15.2
9735,389790,39345,2026-07-12,High,Confirmed Fraud,18.5
9736,389867,44073,2025-08-28,High,Confirmed Fraud,20.9
9737,389906,26422,2026-11-19,Critical,Confirmed Fraud,60.4
9738,389947,14526,2026-02-13,High,Confirmed Fraud,16.4
9739,389993,16723,2026-03-08,Medium,Confirmed Fraud,9.3
9740,390051,13969,2026-01-20,Medium,Confirmed Fraud,12.6
9741,390079,18062,2026-01-02,Low,Confirmed Fraud,3.2
9742,390168,9839,2025-04-18,Low,Confirmed Fraud,9.4
9743,390185,8869,2025-02-19,Medium,Confirmed Fraud,11.1
9744,390199,12123,2026-10-10,Medium,Closed - No Fraud,8.0
9745,390260,3047,2025-01-16,Low,Confirmed Fraud,10.2
9746,390282,28124,2026-11-17,High,Confirmed Fraud,8.0
9747,390288,40125,2025-05-19,Medium,Confirmed Fraud,16.0
9748,390406,12202,2026-10-12,Low,Confirmed Fraud,11.3
9749,390429,25102,2025-05-19,Critical,Closed - No Fraud,20.4
9750,390549,40621,2025-03-08,Medium,False Positive,19.8
9751,390702,38852,2026-11-20,High,Confirmed Fraud,24.2
9752,390714,29159,2026-02-19,Low,Under Review,47.6
9753,390735,44369,2025-03-21,High,Confirmed Fraud,4.8
9754,390754,27198,2025-02-08,Medium,Confirmed Fraud,6.3
9755,390840,20960,2026-07-23,Medium,Confirmed Fraud,11.7
9756,390976,28473,2025-02-25,High,Closed - No Fraud,12.1
9757,390983,34326,2026-02-12,Medium,False Positive,16.9
9758,391027,12266,2026-08-07,High,Confirmed Fraud,21.1
9759,391035,27985,2026-10-28,High,Confirmed Fraud,20.5
9760,391054,751,2025-11-13,Low,Confirmed Fraud,17.6
9761,391161,26909,2025-06-01,Medium,Under Review,4.9
9762,391186,38655,2025-12-04,High,Confirmed Fraud,3.2
9763,391203,6203,2026-06-15,High,Confirmed Fraud,3.3
9764,391205,46170,2026-07-06,Medium,Confirmed Fraud,31.1
9765,391228,45156,2025-05-21,High,Confirmed Fraud,5.5
9766,391244,29047,2026-03-26,High,Confirmed Fraud,3.7
9767,391295,6040,2026-05-05,High,Confirmed Fraud,17.2
9768,391398,4353,2025-08-10,Low,Confirmed Fraud,6.1
9769,391482,19067,2025-01-14,Medium,Confirmed Fraud,17.0
9770,391555,4479,2025-07-26,Medium,Under Review,31.9
9771,391573,40302,2026-09-01,Medium,Closed - No Fraud,7.4
9772,391622,36866,2026-09-15,Medium,Closed - No Fraud,24.3
9773,391649,46898,2025-01-13,High,False Positive,9.6
9774,391717,49201,2025-05-15,High,Confirmed Fraud,10.8
9775,391740,6449,2025-07-09,High,Confirmed Fraud,35.6
9776,391750,9632,2026-02-27,High,False Positive,10.7
9777,391751,24751,2026-11-07,High,Confirmed Fraud,8.5
9778,391808,45240,2026-03-08,Medium,Confirmed Fraud,11.9
9779,391820,9140,2025-10-09,Medium,Confirmed Fraud,5.4
9780,391837,38371,2025-10-30,Medium,Confirmed Fraud,9.5
9781,391841,6041,2025-12-17,Medium,Confirmed Fraud,17.1
9782,391842,17344,2025-02-02,High,Confirmed Fraud,9.5
9783,391897,47822,2025-12-14,High,Confirmed Fraud,38.1
9784,391930,34207,2026-10-26,High,Confirmed Fraud,16.8
9785,391977,5434,2025-04-24,Medium,Closed - No Fraud,3.4
9786,392021,26124,2025-06-19,High,Confirmed Fraud,6.7
9787,392025,45011,2026-11-17,Low,Confirmed Fraud,3.5
9788,392080,24194,2025-01-09,Medium,Closed - No Fraud,23.4
9789,392097,31638,2026-12-30,Low,Under Review,9.8
9790,392138,17323,2025-03-07,Medium,Confirmed Fraud,14.3
9791,392201,7561,2026-05-12,High,Confirmed Fraud,23.7
9792,392209,33528,2026-04-20,Medium,Confirmed Fraud,6.4
9793,392280,16839,2025-11-22,High,Confirmed Fraud,7.2
9794,392287,24710,2026-03-02,Medium,Under Review,3.1
9795,392301,45848,2025-05-26,Medium,Confirmed Fraud,10.5
9796,392306,6433,2026-10-25,High,Confirmed Fraud,18.8
9797,392308,20168,2025-07-18,High,Confirmed Fraud,1.9
9798,392327,1004,2025-10-18,Medium,Under Review,19.1
9799,392340,6259,2025-01-29,Medium,Under Review,4.9
9800,392432,11865,2025-05-03,Critical,Confirmed Fraud,6.6
9801,392452,23918,2025-08-02,High,Confirmed Fraud,10.7
9802,392458,38120,2026-11-16,Critical,Confirmed Fraud,1.7
9803,392463,49120,2026-03-01,High,Confirmed Fraud,25.3
9804,392487,21609,2025-06-18,High,Confirmed Fraud,33.1
9805,392488,40023,2026-10-14,Critical,Confirmed Fraud,13.5
9806,392514,35198,2025-10-02,Critical,Under Review,4.0
9807,392545,3385,2025-07-04,Low,Confirmed Fraud,13.2
9808,392556,38000,2026-11-13,Low,Confirmed Fraud,4.9
9809,392560,14060,2025-07-16,Critical,Confirmed Fraud,15.0
9810,392621,33151,2026-08-12,Medium,Confirmed Fraud,20.9
9811,392726,775,2026-08-30,Medium,Confirmed Fraud,16.4
9812,392727,19662,2026-01-08,Low,Confirmed Fraud,12.9
9813,392753,28520,2025-10-15,Medium,Confirmed Fraud,6.9
9814,392757,4097,2025-10-08,High,False Positive,6.2
9815,392808,39340,2025-01-23,Medium,Confirmed Fraud,13.1
9816,392811,13359,2026-10-27,High,Confirmed Fraud,27.7
9817,392816,31613,2026-12-21,Medium,Under Review,9.3
9818,392837,47907,2025-08-26,Low,Confirmed Fraud,24.1
9819,392965,9015,2025-04-19,High,False Positive,11.6
9820,392971,25886,2025-01-14,High,Closed - No Fraud,6.6
9821,392972,34204,2025-03-29,High,Confirmed Fraud,5.5
9822,392981,3723,2025-07-24,High,Confirmed Fraud,7.9
9823,393087,14617,2025-05-22,Medium,Closed - No Fraud,8.0
9824,393120,16833,2025-07-23,Low,Confirmed Fraud,15.2
9825,393150,40066,2025-12-16,Medium,Under Review,3.9
9826,393162,10376,2025-10-16,Low,Closed - No Fraud,8.0
9827,393255,3388,2026-02-01,Medium,Confirmed Fraud,26.4
9828,393291,34230,2025-03-24,Medium,Confirmed Fraud,15.5
9829,393335,23536,2026-11-30,Medium,Confirmed Fraud,10.4
9830,393386,22775,2025-03-09,High,Confirmed Fraud,5.0
9831,393407,13517,2025-09-05,High,Confirmed Fraud,16.1
9832,393423,18044,2026-01-07,Medium,Confirmed Fraud,14.3
9833,393430,471,2025-07-18,Medium,Confirmed Fraud,7.2
9834,393486,32871,2025-02-18,High,Confirmed Fraud,13.6
9835,393509,46326,2025-09-27,High,Closed - No Fraud,15.5
9836,393517,19304,2025-07-24,Medium,Confirmed Fraud,16.8
9837,393528,17679,2026-04-27,High,Closed - No Fraud,15.9
9838,393543,25258,2026-06-10,Medium,Confirmed Fraud,4.9
9839,393621,10256,2025-04-13,Medium,False Positive,16.9
9840,393647,26481,2025-10-07,Medium,Confirmed Fraud,38.9
9841,393759,4848,2025-06-28,High,Confirmed Fraud,22.5
9842,393768,23636,2025-07-27,Medium,Confirmed Fraud,15.4
9843,393790,26872,2025-11-02,High,Confirmed Fraud,2.6
9844,393794,1440,2025-12-02,High,False Positive,7.1
9845,393910,9097,2026-07-30,Low,Confirmed Fraud,8.5
9846,393935,19873,2025-07-23,Critical,Confirmed Fraud,18.5
9847,393939,9942,2025-02-06,Low,Confirmed Fraud,11.7
9848,393957,12118,2025-05-30,Low,False Positive,41.1
9849,393959,21441,2026-10-14,High,Confirmed Fraud,6.8
9850,394020,8701,2025-04-25,Low,Confirmed Fraud,5.5
9851,394032,9620,2026-04-27,High,False Positive,9.7
9852,394089,25380,2025-02-05,Critical,Confirmed Fraud,26.2
9853,394093,49037,2025-01-16,High,Confirmed Fraud,1.2
9854,394152,6645,2025-08-29,High,Confirmed Fraud,2.7
9855,394163,46471,2026-09-11,High,Confirmed Fraud,6.7
9856,394175,7976,2026-08-08,Low,Under Review,9.2
9857,394291,37710,2025-11-28,Medium,Confirmed Fraud,30.8
9858,394298,4068,2026-04-23,Low,Confirmed Fraud,18.4
9859,394300,41717,2025-04-01,High,Confirmed Fraud,10.1
9860,394320,10453,2025-11-10,Critical,Confirmed Fraud,11.7
9861,394359,23165,2026-11-01,Medium,Confirmed Fraud,11.1
9862,394395,42611,2026-03-05,Low,Closed - No Fraud,5.9
9863,394402,12535,2026-04-30,Critical,Closed - No Fraud,3.8
9864,394437,18110,2026-05-09,Critical,Confirmed Fraud,12.3
9865,394466,24467,2026-10-01,Critical,Confirmed Fraud,7.4
9866,394495,1294,2025-04-24,High,Confirmed Fraud,12.3
9867,394496,10286,2026-12-13,Medium,Under Review,20.7
9868,394513,18695,2025-11-03,Medium,Confirmed Fraud,43.7
9869,394533,22732,2025-07-25,High,Confirmed Fraud,7.5
9870,394601,29523,2025-05-30,High,Closed - No Fraud,10.1
9871,394627,33047,2025-10-25,High,Closed - No Fraud,3.6
9872,394630,45607,2025-08-17,Low,Confirmed Fraud,4.4
9873,394667,42110,2026-04-07,High,Under Review,6.6
9874,394681,43369,2026-04-18,High,Confirmed Fraud,5.4
9875,394722,33412,2026-07-16,High,Confirmed Fraud,26.8
9876,394783,15980,2025-04-26,Critical,Confirmed Fraud,10.8
9877,394793,12016,2025-04-09,Medium,Confirmed Fraud,11.9
9878,394861,40360,2025-04-19,Critical,Confirmed Fraud,21.1
9879,394884,21278,2025-01-19,Critical,Confirmed Fraud,15.2
9880,394895,39457,2025-08-21,Critical,Under Review,1.8
9881,395044,46944,2026-05-05,High,Closed - No Fraud,4.8
9882,395092,13885,2025-02-15,High,Closed - No Fraud,7.2
9883,395192,21081,2025-06-14,Medium,Confirmed Fraud,12.3
9884,395223,3360,2026-09-09,Low,False Positive,16.0
9885,395289,22348,2025-10-02,Low,Confirmed Fraud,14.2
9886,395311,45048,2026-09-15,High,Confirmed Fraud,5.3
9887,395350,8311,2026-10-17,Medium,Confirmed Fraud,18.7
9888,395402,6210,2026-05-11,High,Confirmed Fraud,5.6
9889,395460,38604,2025-07-18,Medium,Confirmed Fraud,25.0
9890,395482,22152,2026-05-15,Medium,Confirmed Fraud,12.6
9891,395524,34852,2025-01-24,Medium,Confirmed Fraud,7.0
9892,395527,48818,2026-04-27,Medium,Confirmed Fraud,47.1
9893,395624,44157,2026-03-27,Medium,Closed - No Fraud,18.4
9894,395683,32521,2026-06-29,High,Closed - No Fraud,4.5
9895,395854,15892,2025-04-18,Medium,Confirmed Fraud,6.2
9896,396057,25233,2025-08-21,High,Under Review,5.9
9897,396064,49474,2026-10-14,Medium,Confirmed Fraud,1.1
9898,396110,13677,2025-09-14,High,Confirmed Fraud,49.2
9899,396140,48677,2025-06-04,Medium,Confirmed Fraud,6.0
9900,396187,230,2025-08-20,Medium,Confirmed Fraud,23.4
9901,396238,48541,2025-10-24,High,Confirmed Fraud,10.8
9902,396247,11106,2026-07-12,Critical,Confirmed Fraud,12.2
9903,396270,8641,2025-01-30,Critical,Confirmed Fraud,6.3
9904,396293,44347,2026-05-03,High,Confirmed Fraud,4.6
9905,396336,13826,2026-01-10,Medium,Confirmed Fraud,18.2
9906,396365,23955,2025-05-07,Medium,Confirmed Fraud,9.8
9907,396379,45898,2025-03-03,Critical,Closed - No Fraud,6.1
9908,396427,40232,2026-02-26,Critical,Closed - No Fraud,13.1
9909,396452,3521,2026-06-20,Medium,Confirmed Fraud,91.9
9910,396469,14849,2026-07-09,High,Confirmed Fraud,6.9
9911,396569,37694,2025-10-01,Medium,Confirmed Fraud,5.3
9912,396635,24631,2025-09-07,High,Confirmed Fraud,11.6
9913,396736,8983,2026-05-28,Low,Confirmed Fraud,4.9
9914,396773,34173,2026-12-19,High,Confirmed Fraud,8.1
9915,396800,34881,2026-01-01,Medium,False Positive,7.2
9916,396873,11654,2025-07-14,High,False Positive,1.1
9917,396882,28426,2025-12-13,High,Confirmed Fraud,20.3
9918,396948,13631,2026-08-02,Critical,Under Review,17.9
9919,396968,4530,2026-08-28,Medium,Under Review,6.2
9920,396995,29307,2025-10-02,High,Confirmed Fraud,24.0
9921,397006,27499,2025-06-14,Medium,Confirmed Fraud,6.4
9922,397007,42865,2026-01-11,Critical,Closed - No Fraud,14.7
9923,397011,5344,2026-01-15,Medium,Confirmed Fraud,2.7
9924,397025,43934,2025-05-11,Medium,Confirmed Fraud,63.5
9925,397102,1660,2025-12-07,Medium,False Positive,9.3
9926,397104,45637,2026-02-09,High,False Positive,4.6
9927,397241,39756,2025-01-15,Low,Under Review,5.5
9928,397254,12309,2025-02-24,High,Confirmed Fraud,2.9
9929,397274,30826,2026-09-11,Low,Confirmed Fraud,1.1
9930,397280,44490,2025-05-07,Medium,Under Review,12.2
9931,397321,6941,2025-11-01,High,Confirmed Fraud,34.8
9932,397437,8162,2025-01-30,Critical,False Positive,12.0
9933,397446,15975,2025-08-12,High,False Positive,4.7
9934,397452,18383,2026-08-20,Critical,False Positive,39.1
9935,397484,14467,2026-09-14,High,Confirmed Fraud,13.9
9936,397526,45982,2025-01-08,High,Confirmed Fraud,1.4
9937,397527,3043,2025-01-17,Critical,Closed - No Fraud,3.8
9938,397539,3714,2026-09-08,High,Confirmed Fraud,25.7
9939,397552,28047,2025-03-09,High,Confirmed Fraud,14.6
9940,397579,29448,2026-10-11,Medium,Confirmed Fraud,8.1
9941,397581,20414,2025-08-28,High,Confirmed Fraud,22.6
9942,397601,34221,2025-06-19,Critical,Under Review,7.2
9943,397608,32375,2025-03-01,Critical,Confirmed Fraud,57.2
9944,397613,24260,2026-05-16,Medium,Confirmed Fraud,4.8
9945,397638,21619,2025-12-22,Critical,Under Review,9.7
9946,397704,34854,2025-10-13,High,Confirmed Fraud,46.0
9947,397708,38960,2026-12-18,Medium,Confirmed Fraud,13.7
9948,397777,39586,2026-08-28,Medium,Closed - No Fraud,6.1
9949,397893,16836,2025-06-16,High,Confirmed Fraud,2.6
9950,397921,30323,2025-12-12,Medium,Confirmed Fraud,4.0
9951,397986,16886,2026-03-07,Medium,Closed - No Fraud,14.8
9952,398067,45602,2025-11-02,Critical,Confirmed Fraud,6.8
9953,398095,33533,2026-06-20,Medium,Under Review,3.2
9954,398109,21959,2025-09-30,High,Confirmed Fraud,6.4
9955,398151,43654,2026-02-19,Medium,Confirmed Fraud,3.1
9956,398210,11609,2025-04-04,Low,Confirmed Fraud,3.1
9957,398242,4699,2025-04-29,Medium,False Positive,4.0
9958,398368,25699,2026-07-25,Critical,False Positive,17.3
9959,398409,38600,2025-05-20,Medium,Confirmed Fraud,20.5
9960,398447,48396,2025-01-18,High,Confirmed Fraud,24.1
9961,398451,5644,2025-02-02,Medium,Confirmed Fraud,4.9
9962,398455,26081,2025-01-24,Medium,Confirmed Fraud,39.3
9963,398531,26070,2026-01-14,Critical,Confirmed Fraud,21.3
9964,398576,38378,2025-09-13,Low,Confirmed Fraud,14.4
9965,398613,13360,2026-11-17,High,False Positive,8.3
9966,398614,45654,2026-06-29,Medium,Confirmed Fraud,24.0
9967,398660,19698,2026-09-04,Medium,False Positive,30.8
9968,398672,10975,2025-07-29,Critical,Closed - No Fraud,9.2
9969,398679,11292,2025-09-28,Critical,Confirmed Fraud,43.5
9970,398697,23800,2025-02-01,High,Confirmed Fraud,28.9
9971,398775,37530,2025-06-09,Low,Confirmed Fraud,10.8
9972,398831,42693,2026-05-05,High,Confirmed Fraud,4.3
9973,398840,22283,2026-01-16,Low,Confirmed Fraud,14.5
9974,398903,4778,2025-02-16,Medium,Confirmed Fraud,12.8
9975,398911,23850,2026-08-14,Medium,Closed - No Fraud,1.2
9976,399011,29659,2025-06-15,Medium,Confirmed Fraud,14.7
9977,399063,34152,2025-05-26,Critical,False Positive,32.0
9978,399155,35021,2026-09-21,High,Confirmed Fraud,19.6
9979,399157,22496,2025-04-27,High,Confirmed Fraud,14.4
9980,399231,46763,2026-01-31,Medium,Under Review,8.5
9981,399238,31934,2026-03-27,High,Confirmed Fraud,74.5
9982,399277,19747,2026-06-21,Medium,Closed - No Fraud,7.9
9983,399355,41289,2025-03-02,Critical,False Positive,6.6
9984,399383,37197,2026-06-02,High,Confirmed Fraud,5.8
9985,399473,47450,2026-01-26,Low,Confirmed Fraud,1.9
9986,399694,23155,2025-09-22,Low,Closed - No Fraud,15.8
9987,399791,6359,2026-12-19,Low,Confirmed Fraud,20.0
9988,399797,22905,2025-11-12,Medium,Confirmed Fraud,11.1
9989,399815,34430,2025-08-05,High,Confirmed Fraud,8.8
9990,399855,7324,2026-02-19,Critical,Confirmed Fraud,12.5
9991,399861,25722,2025-01-23,Medium,Closed - No Fraud,5.9
9992,399871,17112,2026-04-24,Medium,Confirmed Fraud,3.9
9993,399958,7914,2026-07-29,High,Closed - No Fraud,11.2
9994,400005,23319,2025-07-09,High,Confirmed Fraud,18.6
9995,400148,30443,2025-06-10,Medium,Confirmed Fraud,27.7
9996,400272,40849,2025-07-29,Critical,False Positive,4.7
9997,400310,28145,2026-01-09,Low,Confirmed Fraud,11.2
9998,400402,40290,2025-06-18,Medium,Confirmed Fraud,5.3
9999,400407,22011,2025-12-28,High,Under Review,4.0
10000,400466,19835,2025-11-17,High,Closed - No Fraud,6.8
10001,400477,5191,2025-12-15,High,Under Review,14.6
10002,400480,23796,2025-11-21,Medium,Confirmed Fraud,5.0
10003,400611,46116,2026-07-24,Medium,Confirmed Fraud,22.8
10004,400646,21235,2026-01-29,Medium,Confirmed Fraud,41.5
10005,400699,44002,2025-08-12,High,Closed - No Fraud,26.1
10006,400762,7958,2025-01-31,Medium,Confirmed Fraud,36.4
10007,400777,34583,2026-02-01,High,Confirmed Fraud,8.0
10008,400801,2516,2025-03-31,High,False Positive,9.8
10009,400826,3133,2026-06-10,High,Under Review,6.3
10010,400852,45514,2026-09-19,High,Confirmed Fraud,11.8
10011,400927,17816,2026-01-14,Medium,Under Review,3.1
10012,400949,36538,2025-07-13,Medium,Confirmed Fraud,19.1
10013,401016,37930,2026-12-10,Critical,Confirmed Fraud,4.2
10014,401023,20071,2025-01-09,High,Confirmed Fraud,26.3
10015,401038,15654,2026-03-15,Critical,Confirmed Fraud,12.8
10016,401107,46989,2026-06-05,Medium,Confirmed Fraud,29.1
10017,401124,36242,2025-04-30,Critical,Confirmed Fraud,13.3
10018,401134,32345,2026-12-19,High,Confirmed Fraud,32.7
10019,401194,7070,2025-01-23,Medium,False Positive,11.7
10020,401245,32316,2025-10-16,Medium,Confirmed Fraud,21.8
10021,401324,35492,2026-08-02,Medium,False Positive,25.1
10022,401326,12617,2026-03-17,Critical,Confirmed Fraud,10.9
10023,401354,12032,2026-09-06,High,Confirmed Fraud,18.7
10024,401358,47617,2026-02-04,Low,Confirmed Fraud,8.8
10025,401402,36988,2025-02-16,High,False Positive,28.2
10026,401446,22564,2026-09-04,Medium,Confirmed Fraud,18.3
10027,401455,34623,2025-03-02,High,Under Review,33.9
10028,401467,969,2026-11-09,High,Confirmed Fraud,18.8
10029,401472,18648,2025-01-28,Low,Confirmed Fraud,12.9
10030,401484,19145,2025-03-18,Critical,Confirmed Fraud,17.0
10031,401504,40782,2026-10-12,Critical,Under Review,9.9
10032,401522,27242,2026-03-22,Medium,Closed - No Fraud,12.4
10033,401572,17739,2025-01-08,Critical,Confirmed Fraud,34.2
10034,401610,20274,2025-04-26,Medium,Confirmed Fraud,8.3
10035,401662,19030,2025-12-02,Low,Closed - No Fraud,20.1
10036,401755,18454,2025-12-12,High,Under Review,10.6
10037,401771,33484,2026-05-01,High,Confirmed Fraud,25.4
10038,401818,6286,2025-02-23,Medium,False Positive,11.0
10039,401893,36452,2025-01-16,High,Under Review,44.4
10040,401912,48000,2025-07-05,Medium,Confirmed Fraud,1.7
10041,401956,1865,2026-03-21,Medium,Confirmed Fraud,62.0
10042,402045,32757,2025-06-30,High,Confirmed Fraud,7.2
10043,402084,40943,2025-06-14,High,Confirmed Fraud,5.1
10044,402171,40897,2026-03-10,High,Under Review,5.4
10045,402233,15889,2026-08-28,Low,Confirmed Fraud,6.8
10046,402305,1857,2026-04-27,Critical,Closed - No Fraud,8.6
10047,402313,49600,2025-07-30,High,Confirmed Fraud,8.7
10048,402429,3995,2026-08-17,High,Confirmed Fraud,16.8
10049,402504,33605,2026-02-15,High,Confirmed Fraud,5.6
10050,402540,15982,2025-01-05,Low,Confirmed Fraud,14.9
10051,402561,6819,2025-05-11,Critical,Confirmed Fraud,8.6
10052,402563,46369,2025-11-18,High,Confirmed Fraud,6.4
10053,402632,25278,2025-07-07,High,Closed - No Fraud,5.7
10054,402688,12589,2025-06-07,Critical,Closed - No Fraud,25.9
10055,402716,33619,2026-12-08,High,Confirmed Fraud,4.5
10056,402736,42398,2025-11-08,High,Confirmed Fraud,19.0
10057,402751,15334,2026-01-31,Medium,Confirmed Fraud,8.1
10058,402782,44574,2025-01-26,High,False Positive,24.9
10059,402787,22065,2025-05-06,High,Confirmed Fraud,4.3
10060,402855,25096,2026-11-11,High,Confirmed Fraud,10.2
10061,402869,12255,2025-12-04,High,Confirmed Fraud,22.4
10062,402939,9255,2026-06-30,Medium,Confirmed Fraud,12.9
10063,402964,31302,2025-04-11,High,Confirmed Fraud,19.3
10064,403050,13588,2026-05-21,High,False Positive,26.4
10065,403076,30215,2026-07-04,High,Confirmed Fraud,12.0
10066,403090,30611,2026-02-10,High,Confirmed Fraud,18.4
10067,403092,39126,2025-03-09,High,Confirmed Fraud,5.7
10068,403094,39404,2025-10-24,Medium,Confirmed Fraud,6.2
10069,403146,30939,2026-06-19,Critical,False Positive,29.0
10070,403183,38425,2025-08-17,Critical,Confirmed Fraud,5.0
10071,403261,13925,2025-01-25,Critical,Confirmed Fraud,26.0
10072,403353,14150,2025-07-01,High,Confirmed Fraud,5.2
10073,403443,34926,2025-09-17,Medium,Confirmed Fraud,9.6
10074,403477,19409,2025-06-22,Medium,Closed - No Fraud,9.2
10075,403525,45031,2026-03-31,High,False Positive,9.5
10076,403541,8241,2025-09-20,Medium,Confirmed Fraud,10.2
10077,403547,7873,2025-07-28,High,False Positive,2.3
10078,403615,46682,2025-01-06,Medium,Closed - No Fraud,13.3
10079,403633,39688,2026-06-28,High,Under Review,10.7
10080,403742,23985,2026-08-10,High,False Positive,17.9
10081,403763,24935,2025-10-20,Low,Confirmed Fraud,29.3
10082,403777,22943,2026-11-07,Medium,Confirmed Fraud,8.9
10083,403838,17428,2025-07-24,Critical,False Positive,3.1
10084,403867,31051,2026-06-20,Critical,Confirmed Fraud,12.4
10085,403901,47894,2025-04-09,Medium,Confirmed Fraud,8.9
10086,404102,21112,2025-05-10,Critical,Closed - No Fraud,7.1
10087,404119,3388,2026-09-02,Medium,Confirmed Fraud,29.5
10088,404153,46734,2025-07-25,High,Confirmed Fraud,9.3
10089,404164,42039,2025-04-21,High,Confirmed Fraud,8.9
10090,404171,8806,2026-07-11,High,Confirmed Fraud,9.3
10091,404233,49899,2025-04-26,Medium,Confirmed Fraud,3.3
10092,404236,233,2026-11-14,High,Confirmed Fraud,7.3
10093,404251,40663,2025-09-14,Medium,Confirmed Fraud,7.4
10094,404295,41983,2026-06-04,High,Confirmed Fraud,3.5
10095,404297,49286,2025-01-25,Medium,False Positive,4.7
10096,404314,31978,2026-07-28,High,Confirmed Fraud,19.3
10097,404348,43414,2025-02-05,High,Confirmed Fraud,9.0
10098,404357,10575,2025-08-15,Critical,False Positive,11.3
10099,404388,512,2026-06-02,High,False Positive,5.9
10100,404398,3711,2026-05-13,Medium,Confirmed Fraud,18.7
10101,404463,2132,2025-11-19,Medium,False Positive,8.1
10102,404468,13885,2026-03-06,Medium,Under Review,5.1
10103,404523,45341,2026-04-30,High,Confirmed Fraud,12.7
10104,404536,41422,2025-05-20,High,Under Review,10.6
10105,404550,33581,2026-04-01,High,Closed - No Fraud,7.5
10106,404553,14110,2026-07-02,Medium,Confirmed Fraud,48.0
10107,404556,2935,2026-06-06,High,False Positive,7.5
10108,404701,36904,2025-08-14,Critical,Confirmed Fraud,13.5
10109,404791,3232,2025-10-25,High,Confirmed Fraud,4.6
10110,404792,3118,2025-03-14,Medium,Confirmed Fraud,9.0
10111,404809,32863,2025-04-01,Medium,Confirmed Fraud,15.4
10112,404871,37741,2025-01-25,Low,False Positive,7.9
10113,404896,31868,2025-09-08,Medium,Confirmed Fraud,6.2
10114,404921,36644,2025-09-05,High,Closed - No Fraud,6.0
10115,404961,938,2025-04-16,High,Confirmed Fraud,10.4
10116,404964,41217,2025-03-26,High,Closed - No Fraud,20.1
10117,404980,41514,2026-05-29,Critical,Under Review,4.8
10118,405087,19782,2026-06-05,Medium,Under Review,1.7
10119,405197,20338,2025-07-19,Low,Confirmed Fraud,14.0
10120,405240,49261,2026-11-24,High,Confirmed Fraud,8.0
10121,405246,49581,2025-01-06,Medium,Confirmed Fraud,5.8
10122,405269,35223,2025-02-17,High,Closed - No Fraud,14.7
10123,405277,22050,2025-05-28,High,Confirmed Fraud,4.5
10124,405323,7457,2026-07-08,Medium,Confirmed Fraud,20.9
10125,405352,4446,2026-11-27,Low,Confirmed Fraud,7.6
10126,405353,23126,2025-09-08,Medium,Confirmed Fraud,4.2
10127,405354,21281,2026-05-14,Medium,False Positive,19.1
10128,405396,30728,2025-03-10,Low,Confirmed Fraud,14.9
10129,405404,8579,2025-10-01,Medium,Confirmed Fraud,27.0
10130,405440,22597,2025-05-18,Low,Confirmed Fraud,3.0
10131,405483,36852,2025-11-29,High,Closed - No Fraud,21.0
10132,405494,23556,2025-04-26,Critical,Confirmed Fraud,2.1
10133,405502,13339,2025-05-17,Medium,Confirmed Fraud,7.4
10134,405601,13178,2026-12-17,High,Confirmed Fraud,34.6
10135,405698,38931,2026-01-10,High,Confirmed Fraud,32.4
10136,405702,48934,2026-09-12,Medium,Under Review,28.4
10137,405708,40136,2026-02-12,High,Confirmed Fraud,3.9
10138,405761,20553,2026-01-02,Medium,Confirmed Fraud,43.3
10139,405779,7248,2025-09-29,Low,Confirmed Fraud,2.7
10140,405814,32245,2025-02-26,Medium,Confirmed Fraud,5.1
10141,405841,13409,2025-03-19,Low,Closed - No Fraud,11.5
10142,405888,39280,2026-07-19,Medium,Confirmed Fraud,11.8
10143,405985,20276,2025-05-14,Medium,Confirmed Fraud,10.7
10144,406017,33594,2026-06-15,Critical,Confirmed Fraud,11.9
10145,406026,6778,2026-10-17,Critical,False Positive,6.6
10146,406074,11684,2025-03-11,Critical,Confirmed Fraud,3.0
10147,406104,4701,2026-04-28,Medium,Confirmed Fraud,30.2
10148,406143,11895,2025-01-22,High,Under Review,3.1
10149,406176,37447,2025-11-28,Critical,Confirmed Fraud,8.8
10150,406215,7908,2025-04-08,Critical,Under Review,4.0
10151,406226,1444,2026-08-11,High,Confirmed Fraud,17.7
10152,406281,21627,2025-05-24,Medium,Confirmed Fraud,14.3
10153,406347,41421,2025-05-31,High,Confirmed Fraud,4.5
10154,406348,44723,2025-04-20,High,Confirmed Fraud,6.2
10155,406383,24007,2025-10-07,High,Confirmed Fraud,11.5
10156,406517,31301,2025-05-11,High,Confirmed Fraud,15.7
10157,406587,29891,2025-11-22,Medium,Confirmed Fraud,24.6
10158,406594,45338,2025-08-24,Critical,Confirmed Fraud,2.7
10159,406613,29582,2026-07-15,High,False Positive,9.6
10160,406630,4081,2026-01-17,High,Confirmed Fraud,17.4
10161,406675,21128,2026-12-22,High,Confirmed Fraud,8.7
10162,406727,13753,2025-03-02,High,Confirmed Fraud,14.2
10163,406784,19127,2025-11-22,Critical,Confirmed Fraud,4.0
10164,406807,49430,2025-04-10,High,Confirmed Fraud,16.8
10165,406818,24847,2025-10-16,Medium,Confirmed Fraud,5.9
10166,406819,45000,2025-09-06,High,Closed - No Fraud,19.8
10167,406851,18681,2025-10-02,Critical,Confirmed Fraud,6.9
10168,406877,17414,2025-07-22,Critical,Confirmed Fraud,22.0
10169,406902,39234,2025-03-02,High,Confirmed Fraud,7.7
10170,406911,8440,2025-01-11,Critical,Confirmed Fraud,21.3
10171,406925,10968,2025-01-19,Low,Closed - No Fraud,7.3
10172,407029,40921,2025-07-07,High,Confirmed Fraud,8.0
10173,407059,28506,2025-12-25,High,Confirmed Fraud,10.0
10174,407062,11010,2025-02-08,High,Confirmed Fraud,13.5
10175,407073,28571,2025-12-09,High,Closed - No Fraud,19.6
10176,407075,29930,2026-11-17,High,Closed - No Fraud,9.3
10177,407103,27123,2025-04-07,Critical,Confirmed Fraud,11.3
10178,407158,10123,2025-01-03,High,Confirmed Fraud,7.8
10179,407181,17714,2025-10-15,Low,False Positive,9.5
10180,407230,9712,2026-02-22,Medium,Confirmed Fraud,3.7
10181,407314,36570,2025-03-08,High,Confirmed Fraud,7.5
10182,407347,26982,2026-12-29,Critical,Confirmed Fraud,99.9
10183,407477,3738,2026-08-10,Medium,Confirmed Fraud,16.9
10184,407483,33016,2026-05-07,Medium,Closed - No Fraud,5.4
10185,407528,39473,2025-03-28,High,Confirmed Fraud,8.9
10186,407529,18642,2025-10-02,Low,Closed - No Fraud,29.7
10187,407598,14413,2025-10-01,Critical,Confirmed Fraud,27.0
10188,407625,5700,2025-09-02,Medium,Closed - No Fraud,2.5
10189,407663,34079,2025-11-24,Critical,Confirmed Fraud,7.9
10190,407674,14048,2025-01-30,Critical,Under Review,4.3
10191,407679,43680,2026-01-29,Medium,Closed - No Fraud,13.8
10192,407737,23287,2025-05-15,Critical,False Positive,5.1
10193,407745,30304,2025-07-07,Critical,Confirmed Fraud,7.7
10194,407760,26611,2025-02-19,Low,Confirmed Fraud,12.5
10195,407762,29195,2026-11-16,High,Confirmed Fraud,20.4
10196,407779,44754,2026-05-26,High,Confirmed Fraud,5.7
10197,407787,14721,2026-10-08,High,Closed - No Fraud,3.9
10198,407815,47778,2026-10-15,Low,Confirmed Fraud,19.7
10199,407855,15350,2025-01-15,High,Confirmed Fraud,6.7
10200,408140,32421,2025-03-04,High,Confirmed Fraud,30.9
10201,408268,46476,2026-02-01,Critical,Confirmed Fraud,15.3
10202,408281,14887,2026-12-12,Medium,False Positive,33.7
10203,408337,22349,2025-09-12,High,Confirmed Fraud,10.3
10204,408346,30412,2025-11-04,Medium,Confirmed Fraud,8.7
10205,408412,21997,2025-07-15,Medium,Confirmed Fraud,33.4
10206,408414,2319,2025-08-28,Critical,Confirmed Fraud,33.4
10207,408431,11165,2025-01-09,High,Confirmed Fraud,14.5
10208,408466,33134,2026-03-13,High,Confirmed Fraud,8.9
10209,408513,2659,2026-11-04,Low,Confirmed Fraud,30.5
10210,408519,17150,2026-06-28,Medium,Under Review,5.4
10211,408580,10645,2025-08-15,High,Closed - No Fraud,5.5
10212,408593,32855,2026-09-29,Medium,Confirmed Fraud,18.0
10213,408609,27121,2026-08-28,Medium,Confirmed Fraud,4.9
10214,408665,10854,2025-10-12,High,Closed - No Fraud,9.4
10215,408676,23333,2026-08-28,High,False Positive,11.9
10216,408715,9002,2025-04-14,High,Confirmed Fraud,2.7
10217,408737,31747,2026-03-04,Low,False Positive,13.9
10218,408800,35094,2025-06-09,Medium,Confirmed Fraud,20.6
10219,408803,48154,2026-01-02,High,Closed - No Fraud,3.0
10220,408818,43149,2025-05-18,Medium,Confirmed Fraud,13.0
10221,408827,40589,2026-11-12,Low,Confirmed Fraud,7.7
10222,408860,35305,2025-10-04,High,Confirmed Fraud,13.7
10223,408873,40451,2025-02-04,High,Confirmed Fraud,2.4
10224,408931,26071,2025-04-13,Critical,Confirmed Fraud,5.4
10225,408988,8808,2026-02-18,Critical,False Positive,45.9
10226,409058,37738,2026-02-03,Low,Confirmed Fraud,8.3
10227,409063,46067,2026-08-27,Critical,Confirmed Fraud,6.5
10228,409107,41635,2026-04-22,Medium,Closed - No Fraud,19.2
10229,409164,22462,2025-09-25,High,Confirmed Fraud,12.2
10230,409170,14962,2025-06-07,Medium,Confirmed Fraud,5.3
10231,409176,18244,2025-05-15,High,Confirmed Fraud,4.6
10232,409179,32385,2025-07-10,High,Confirmed Fraud,8.4
10233,409239,12298,2025-07-13,Low,Confirmed Fraud,2.2
10234,409255,36141,2025-02-21,Medium,Confirmed Fraud,15.4
10235,409256,7341,2025-05-08,Medium,Confirmed Fraud,16.9
10236,409304,11168,2025-05-26,Low,Closed - No Fraud,11.1
10237,409308,7150,2025-05-08,Medium,Confirmed Fraud,11.6
10238,409314,2629,2026-01-23,Critical,False Positive,16.0
10239,409345,29790,2025-04-27,Medium,Confirmed Fraud,5.1
10240,409352,9759,2025-05-14,Medium,Confirmed Fraud,15.2
10241,409375,45396,2026-08-16,High,Closed - No Fraud,20.7
10242,409394,13436,2025-09-30,Critical,Confirmed Fraud,5.9
10243,409407,18828,2025-07-26,Medium,Confirmed Fraud,3.6
10244,409418,13887,2026-04-24,High,Under Review,7.8
10245,409466,33777,2025-08-02,Medium,False Positive,14.0
10246,409476,34510,2026-05-06,Medium,Under Review,15.0
10247,409500,19965,2026-01-03,Critical,Under Review,5.1
10248,409506,25072,2025-03-06,Medium,Confirmed Fraud,6.5
10249,409537,24022,2025-10-13,Medium,Under Review,5.0
10250,409582,29776,2025-03-09,High,Confirmed Fraud,32.6
10251,409615,47699,2026-02-10,Medium,Confirmed Fraud,20.6
10252,409633,37409,2025-11-29,High,Confirmed Fraud,27.3
10253,409643,5135,2025-05-17,Low,Closed - No Fraud,5.8
10254,409672,15507,2026-12-02,Medium,Under Review,14.4
10255,409694,34800,2025-11-25,Medium,Confirmed Fraud,18.4
10256,409707,43897,2025-07-08,Medium,Confirmed Fraud,22.1
10257,409756,23634,2025-04-05,Medium,False Positive,5.5
10258,409759,10841,2025-07-31,Critical,Closed - No Fraud,12.5
10259,409813,34425,2026-05-08,Low,Confirmed Fraud,7.0
10260,409879,15153,2025-10-13,Medium,Closed - No Fraud,78.3
10261,409915,28422,2025-08-10,Medium,Confirmed Fraud,12.2
10262,409919,6256,2026-03-29,Medium,Confirmed Fraud,15.1
10263,409956,24748,2025-08-04,Medium,Confirmed Fraud,12.1
10264,410020,25565,2025-05-22,Medium,Confirmed Fraud,23.7
10265,410022,21391,2025-03-14,Medium,Closed - No Fraud,46.0
10266,410077,46374,2025-09-02,High,Confirmed Fraud,4.5
10267,410096,25927,2025-04-14,Medium,Closed - No Fraud,32.7
10268,410098,25044,2025-06-29,Medium,Confirmed Fraud,5.8
10269,410117,15897,2026-08-10,Critical,Confirmed Fraud,19.4
10270,410252,41065,2026-07-22,Medium,Confirmed Fraud,36.1
10271,410275,47277,2025-11-04,High,Closed - No Fraud,40.6
10272,410313,45773,2026-11-15,High,Confirmed Fraud,22.1
10273,410408,14901,2026-02-14,Medium,Under Review,13.0
10274,410435,35285,2025-10-07,Medium,Confirmed Fraud,55.5
10275,410442,38674,2026-09-04,Low,Confirmed Fraud,14.3
10276,410484,7421,2025-02-14,Critical,Under Review,3.0
10277,410567,40676,2025-05-30,Medium,False Positive,26.6
10278,410604,49469,2026-03-29,High,Confirmed Fraud,15.0
10279,410630,39861,2026-08-29,Medium,Closed - No Fraud,4.3
10280,410639,3569,2025-01-05,Critical,False Positive,8.7
10281,410643,34342,2025-06-18,Medium,Confirmed Fraud,6.9
10282,410711,30935,2025-12-17,High,Closed - No Fraud,7.4
10283,410801,19490,2026-11-06,Medium,Closed - No Fraud,20.3
10284,410826,11637,2026-01-05,Medium,Confirmed Fraud,4.0
10285,410832,1486,2026-02-15,High,Confirmed Fraud,5.1
10286,410856,15303,2026-04-18,Medium,Confirmed Fraud,3.3
10287,410984,18066,2025-07-04,Medium,Confirmed Fraud,72.6
10288,410991,25262,2026-07-06,High,Confirmed Fraud,6.3
10289,411018,32119,2026-09-14,High,Closed - No Fraud,6.1
10290,411022,21783,2025-01-19,Low,False Positive,14.0
10291,411072,29380,2025-05-24,High,Confirmed Fraud,8.4
10292,411074,14378,2026-06-22,Critical,False Positive,12.5
10293,411097,43889,2025-10-09,Critical,False Positive,25.2
10294,411104,7275,2025-09-03,Low,Confirmed Fraud,41.3
10295,411185,9016,2025-11-30,Medium,Confirmed Fraud,22.1
10296,411221,29569,2025-04-05,Medium,Closed - No Fraud,19.6
10297,411279,48919,2025-01-12,Critical,False Positive,3.8
10298,411375,46504,2025-12-06,Medium,Confirmed Fraud,31.8
10299,411452,27276,2026-05-14,High,Confirmed Fraud,4.6
10300,411505,21606,2025-01-27,Medium,Confirmed Fraud,8.3
10301,411514,19510,2026-12-09,Medium,Confirmed Fraud,9.8
10302,411523,8510,2025-07-09,Critical,Confirmed Fraud,13.3
10303,411650,34083,2025-10-07,Low,Confirmed Fraud,2.4
10304,411655,28654,2026-12-10,Medium,Confirmed Fraud,7.1
10305,411756,22106,2026-07-03,Medium,Confirmed Fraud,7.2
10306,411908,16262,2025-02-26,High,Confirmed Fraud,16.0
10307,412009,41777,2025-04-21,High,Confirmed Fraud,1.5
10308,412086,11020,2025-06-20,High,Confirmed Fraud,19.6
10309,412121,27610,2026-08-31,Medium,Confirmed Fraud,40.5
10310,412132,49556,2025-05-22,High,Under Review,21.0
10311,412174,38276,2025-04-18,High,Closed - No Fraud,4.7
10312,412210,14041,2025-05-16,Low,Confirmed Fraud,11.2
10313,412338,46840,2025-05-10,Low,False Positive,4.1
10314,412345,21735,2025-03-15,High,Confirmed Fraud,62.8
10315,412354,39281,2025-09-27,Critical,Confirmed Fraud,13.9
10316,412439,8488,2025-02-25,Medium,Under Review,15.5
10317,412495,45730,2025-05-23,Medium,False Positive,2.8
10318,412502,11381,2025-07-11,High,Confirmed Fraud,16.4
10319,412520,4513,2025-04-18,High,Confirmed Fraud,4.6
10320,412530,21139,2025-11-11,Critical,Confirmed Fraud,4.1
10321,412542,28179,2026-08-15,High,Confirmed Fraud,2.7
10322,412581,39623,2026-05-07,Critical,False Positive,5.0
10323,412612,3401,2026-07-03,High,Confirmed Fraud,7.0
10324,412629,30639,2026-07-29,Medium,Confirmed Fraud,13.8
10325,412654,25000,2025-06-30,Medium,Confirmed Fraud,12.9
10326,412697,21833,2026-08-29,Critical,Confirmed Fraud,9.6
10327,412716,29067,2026-06-29,High,Closed - No Fraud,11.8
10328,412900,3952,2026-07-27,Critical,Confirmed Fraud,4.4
10329,412979,35694,2025-04-16,Medium,Closed - No Fraud,10.8
10330,413069,43486,2025-03-23,Low,Confirmed Fraud,21.6
10331,413089,46529,2025-01-18,High,Confirmed Fraud,12.7
10332,413107,25819,2025-02-27,Critical,False Positive,24.3
10333,413134,26330,2025-09-30,High,False Positive,5.7
10334,413172,27799,2025-05-19,Medium,Confirmed Fraud,19.2
10335,413184,32022,2025-08-24,Critical,Confirmed Fraud,13.5
10336,413227,6622,2026-03-25,High,Confirmed Fraud,4.0
10337,413231,4518,2026-01-06,Low,Confirmed Fraud,6.0
10338,413241,28210,2025-03-15,High,Closed - No Fraud,30.8
10339,413326,28545,2025-04-16,High,Closed - No Fraud,1.4
10340,413357,25015,2025-11-21,Medium,Confirmed Fraud,4.8
10341,413408,5140,2026-06-14,Medium,Closed - No Fraud,44.8
10342,413426,24903,2026-07-28,High,Confirmed Fraud,10.4
10343,413466,3553,2025-07-06,Critical,Closed - No Fraud,17.6
10344,413484,47860,2026-08-06,Medium,False Positive,42.3
10345,413543,28705,2025-09-06,High,Confirmed Fraud,3.7
10346,413603,45385,2026-08-04,High,Confirmed Fraud,23.6
10347,413611,10291,2025-07-05,Medium,Confirmed Fraud,19.0
10348,413613,24485,2026-02-15,Low,Closed - No Fraud,20.8
10349,413620,7085,2026-04-13,Medium,Closed - No Fraud,12.3
10350,413635,19766,2026-10-15,High,Confirmed Fraud,28.7
10351,413647,14969,2026-11-25,Medium,Closed - No Fraud,3.7
10352,413697,44198,2025-09-21,High,Under Review,9.4
10353,413729,34096,2025-10-19,Medium,Confirmed Fraud,5.8
10354,413735,48454,2026-11-06,High,Confirmed Fraud,3.8
10355,413785,17421,2025-01-06,Medium,Confirmed Fraud,6.2
10356,413790,29865,2025-03-07,High,Confirmed Fraud,13.4
10357,413856,33933,2025-08-18,Medium,Under Review,60.9
10358,413862,5960,2025-05-02,Medium,Under Review,15.3
10359,413865,19418,2025-08-10,High,Confirmed Fraud,12.2
10360,414076,37466,2025-04-04,Low,Confirmed Fraud,4.8
10361,414230,35934,2025-08-25,High,Closed - No Fraud,10.1
10362,414254,13951,2026-07-12,High,Confirmed Fraud,5.5
10363,414294,15980,2025-12-10,High,Confirmed Fraud,34.5
10364,414459,9493,2025-03-09,High,Confirmed Fraud,2.6
10365,414488,27586,2025-01-11,Critical,Confirmed Fraud,32.3
10366,414547,386,2026-05-20,Critical,Closed - No Fraud,11.8
10367,414565,30698,2025-04-29,Medium,Under Review,33.1
10368,414582,23402,2026-10-06,High,Confirmed Fraud,3.2
10369,414600,11156,2025-05-02,High,Closed - No Fraud,5.5
10370,414663,29926,2025-09-23,Medium,Confirmed Fraud,15.5
10371,414821,14107,2025-03-31,High,Closed - No Fraud,16.4
10372,414969,36450,2026-12-23,High,Confirmed Fraud,9.1
10373,414973,12881,2026-08-27,High,Confirmed Fraud,35.1
10374,414988,46876,2025-04-14,High,Confirmed Fraud,31.7
10375,414990,18237,2026-01-23,High,Confirmed Fraud,5.1
10376,414998,20637,2026-08-27,Medium,Confirmed Fraud,10.9
10377,415009,20719,2025-04-01,Critical,Confirmed Fraud,39.3
10378,415011,45124,2026-01-06,High,Confirmed Fraud,3.2
10379,415023,26416,2025-03-01,Medium,Confirmed Fraud,6.9
10380,415051,15313,2025-08-08,High,Confirmed Fraud,12.9
10381,415111,34065,2026-09-13,Low,Confirmed Fraud,10.3
10382,415136,31740,2025-01-12,Low,False Positive,9.4
10383,415155,6265,2025-11-14,Medium,Under Review,22.7
10384,415175,15569,2026-05-17,Medium,Confirmed Fraud,14.2
10385,415184,35105,2025-09-16,Medium,Confirmed Fraud,6.1
10386,415210,29965,2026-03-30,High,Under Review,4.5
10387,415269,4466,2025-05-08,Critical,Confirmed Fraud,3.4
10388,415283,19074,2026-01-15,Critical,Under Review,12.7
10389,415317,48779,2025-06-08,High,Under Review,5.1
10390,415320,39998,2025-09-15,High,Confirmed Fraud,24.3
10391,415323,23135,2025-04-28,Critical,Confirmed Fraud,10.7
10392,415437,19270,2026-10-28,Critical,Under Review,24.6
10393,415466,26156,2025-08-16,High,Confirmed Fraud,5.6
10394,415517,36283,2025-07-22,High,Closed - No Fraud,35.0
10395,415588,38739,2025-06-26,Medium,Confirmed Fraud,57.1
10396,415602,14250,2025-05-04,High,Confirmed Fraud,5.8
10397,415646,32164,2025-02-21,Low,Confirmed Fraud,26.0
10398,415722,8738,2025-07-22,Medium,Confirmed Fraud,22.6
10399,415734,36363,2025-01-02,Critical,Under Review,43.3
10400,415751,25332,2025-07-22,Medium,Confirmed Fraud,9.5
10401,415761,5006,2026-08-04,High,Under Review,10.8
10402,415776,23724,2025-04-21,Low,Confirmed Fraud,17.7
10403,415799,41962,2025-11-06,Critical,Confirmed Fraud,6.5
10404,415820,11407,2026-09-17,Medium,Confirmed Fraud,4.5
10405,415854,16077,2026-10-03,Medium,False Positive,12.9
10406,415884,5482,2026-04-09,High,Confirmed Fraud,4.1
10407,415891,28260,2026-02-03,High,Closed - No Fraud,8.7
10408,415893,30186,2025-02-26,Medium,Closed - No Fraud,14.5
10409,416035,22172,2026-03-19,Medium,Under Review,8.7
10410,416226,20754,2026-11-26,Low,Confirmed Fraud,3.5
10411,416243,12205,2025-02-16,Medium,Under Review,22.0
10412,416245,44442,2026-01-23,Medium,Closed - No Fraud,19.0
10413,416252,49644,2025-08-08,Critical,Confirmed Fraud,10.5
10414,416295,34074,2025-10-30,High,Under Review,13.6
10415,416338,38822,2025-06-30,Medium,Confirmed Fraud,5.4
10416,416402,2892,2025-10-13,High,Confirmed Fraud,2.7
10417,416432,16622,2025-11-06,Medium,Confirmed Fraud,9.1
10418,416505,49081,2025-07-08,High,Closed - No Fraud,6.4
10419,416605,19419,2026-03-30,Critical,Confirmed Fraud,18.5
10420,416727,49359,2025-01-13,Critical,False Positive,18.3
10421,416740,32130,2025-04-04,High,Confirmed Fraud,42.9
10422,416746,13977,2025-08-16,High,Under Review,22.9
10423,416757,34046,2026-01-10,Low,Confirmed Fraud,3.7
10424,416781,36669,2026-03-05,Low,False Positive,6.4
10425,416807,6080,2025-12-10,Medium,Confirmed Fraud,6.0
10426,416857,33774,2025-08-19,Low,Confirmed Fraud,8.5
10427,416905,42658,2026-06-08,High,Confirmed Fraud,6.6
10428,417000,21342,2026-12-30,High,Confirmed Fraud,42.9
10429,417001,8673,2026-02-05,High,Confirmed Fraud,6.8
10430,417006,22473,2026-01-16,Medium,Confirmed Fraud,25.0
10431,417009,39774,2026-11-08,Medium,Confirmed Fraud,7.5
10432,417137,9496,2025-02-27,Low,Closed - No Fraud,6.2
10433,417171,8817,2025-07-07,Low,Closed - No Fraud,11.0
10434,417286,16393,2025-03-14,Medium,Confirmed Fraud,44.6
10435,417321,12447,2025-06-07,Critical,False Positive,10.2
10436,417383,34884,2026-12-21,Low,Confirmed Fraud,7.9
10437,417438,27239,2025-08-31,High,Closed - No Fraud,47.5
10438,417446,28742,2025-05-07,High,Under Review,5.8
10439,417455,46566,2025-05-11,High,Confirmed Fraud,28.6
10440,417463,44976,2025-12-26,Low,Confirmed Fraud,30.7
10441,417464,15748,2026-08-03,High,Confirmed Fraud,15.1
10442,417487,48297,2026-10-22,High,Closed - No Fraud,24.9
10443,417520,37081,2026-02-11,High,Under Review,8.1
10444,417579,10642,2025-07-26,Medium,Confirmed Fraud,6.2
10445,417665,10405,2025-08-09,Medium,Confirmed Fraud,5.6
10446,417700,46092,2026-07-04,Medium,Under Review,3.0
10447,417704,45393,2026-11-25,Medium,Closed - No Fraud,7.8
10448,417818,6210,2025-05-31,Critical,False Positive,32.6
10449,417825,9025,2025-03-07,High,Confirmed Fraud,23.6
10450,417831,18018,2025-07-17,Medium,Confirmed Fraud,15.5
10451,417849,8799,2025-04-29,Critical,Confirmed Fraud,11.0
10452,417854,42864,2026-06-19,High,Closed - No Fraud,3.0
10453,417914,35341,2025-04-12,High,Under Review,4.3
10454,417918,5445,2026-09-15,Medium,Closed - No Fraud,29.9
10455,418035,48934,2025-06-28,High,Under Review,16.4
10456,418046,6919,2025-07-15,High,Confirmed Fraud,38.2
10457,418090,43406,2025-04-15,Medium,False Positive,9.8
10458,418110,43533,2025-10-28,Medium,Confirmed Fraud,13.7
10459,418123,1257,2026-05-24,High,Closed - No Fraud,13.0
10460,418146,33055,2026-03-19,High,Under Review,3.2
10461,418209,44975,2025-04-08,High,Confirmed Fraud,29.9
10462,418288,4288,2026-06-11,Critical,Confirmed Fraud,71.4
10463,418306,48065,2025-04-03,High,Confirmed Fraud,18.2
10464,418313,7724,2025-01-02,Medium,Confirmed Fraud,13.1
10465,418389,20734,2025-06-02,Medium,Confirmed Fraud,3.6
10466,418393,19920,2026-08-26,Medium,Confirmed Fraud,19.9
10467,418408,39650,2025-05-05,High,Confirmed Fraud,29.2
10468,418421,33155,2025-01-18,Medium,Confirmed Fraud,23.9
10469,418443,22630,2026-05-09,High,Confirmed Fraud,1.1
10470,418467,45456,2026-03-17,Critical,Closed - No Fraud,10.7
10471,418475,29155,2025-06-13,High,False Positive,1.5
10472,418515,14557,2026-10-05,High,Confirmed Fraud,11.5
10473,418568,4303,2025-12-18,Critical,Confirmed Fraud,21.8
10474,418643,21080,2026-11-20,High,Confirmed Fraud,22.5
10475,418670,5437,2026-10-19,Low,Confirmed Fraud,5.0
10476,418691,22519,2025-04-10,Medium,False Positive,12.9
10477,418705,37287,2025-05-29,Critical,Confirmed Fraud,59.7
10478,418849,25836,2026-04-13,High,Closed - No Fraud,2.9
10479,418898,10827,2025-07-28,Medium,Confirmed Fraud,15.2
10480,418924,49081,2026-03-14,High,Confirmed Fraud,4.9
10481,418971,27329,2025-03-09,High,Confirmed Fraud,8.5
10482,418983,1037,2025-10-05,Critical,Closed - No Fraud,14.1
10483,418986,31594,2025-03-21,High,Confirmed Fraud,27.3
10484,419002,36641,2025-03-13,High,Under Review,4.2
10485,419005,21004,2025-08-05,Medium,Confirmed Fraud,5.5
10486,419026,41565,2026-09-18,High,Confirmed Fraud,5.1
10487,419054,29531,2025-07-26,High,Closed - No Fraud,2.9
10488,419064,26919,2025-03-06,Medium,Closed - No Fraud,9.3
10489,419130,15615,2025-02-23,Critical,Closed - No Fraud,30.6
10490,419169,41828,2025-08-24,High,False Positive,12.3
10491,419181,25347,2026-12-21,High,Confirmed Fraud,174.0
10492,419190,20240,2026-01-18,Medium,Confirmed Fraud,3.2
10493,419251,16559,2026-03-25,High,Confirmed Fraud,6.3
10494,419286,38363,2025-04-28,Medium,Confirmed Fraud,8.4
10495,419335,21609,2025-03-30,High,Confirmed Fraud,12.0
10496,419397,10937,2026-05-06,Low,Confirmed Fraud,6.9
10497,419448,23138,2025-10-01,High,Confirmed Fraud,14.5
10498,419515,1537,2025-09-11,Low,Confirmed Fraud,11.2
10499,419581,11759,2025-03-21,Low,Closed - No Fraud,9.0
10500,419605,27047,2026-11-22,Critical,Confirmed Fraud,5.9
10501,419623,30704,2025-03-18,Medium,Confirmed Fraud,22.4
10502,419755,8877,2025-07-27,High,Confirmed Fraud,18.1
10503,419801,22623,2025-12-27,Critical,Confirmed Fraud,2.7
10504,419840,4066,2025-11-17,High,Closed - No Fraud,5.4
10505,419952,42046,2025-07-07,Critical,Closed - No Fraud,23.6
10506,420112,27114,2025-09-28,Medium,Confirmed Fraud,12.5
10507,420138,42625,2026-05-14,High,Confirmed Fraud,10.1
10508,420250,9113,2025-09-16,High,Confirmed Fraud,34.7
10509,420276,20793,2026-05-26,High,Confirmed Fraud,4.8
10510,420299,21868,2025-09-19,Medium,Confirmed Fraud,12.3
10511,420376,9254,2026-02-15,Medium,False Positive,5.3
10512,420445,10331,2026-08-09,Critical,Confirmed Fraud,9.6
10513,420518,21801,2025-09-19,High,Confirmed Fraud,8.1
10514,420624,2040,2025-08-05,High,Under Review,27.0
10515,420694,38652,2026-06-30,High,Confirmed Fraud,10.3
10516,420724,37486,2026-02-14,Low,Confirmed Fraud,8.7
10517,420783,24332,2026-12-10,Low,Closed - No Fraud,7.6
10518,420801,15500,2026-12-20,High,False Positive,14.8
10519,420843,39202,2026-01-26,Medium,Confirmed Fraud,12.5
10520,420878,46361,2025-11-11,Critical,Closed - No Fraud,14.6
10521,420886,12530,2026-10-01,Medium,Closed - No Fraud,66.2
10522,420912,33608,2025-07-08,Medium,False Positive,23.6
10523,420966,8389,2025-02-27,Low,Confirmed Fraud,10.0
10524,420995,38224,2025-09-06,High,Confirmed Fraud,8.7
10525,421048,49922,2026-04-14,Medium,Confirmed Fraud,10.1
10526,421094,4886,2026-08-20,Medium,Confirmed Fraud,2.4
10527,421199,18349,2025-12-28,High,Confirmed Fraud,11.5
10528,421230,18002,2025-09-29,Medium,Confirmed Fraud,13.7
10529,421286,14220,2025-08-18,Medium,Confirmed Fraud,4.2
10530,421313,45584,2025-05-02,Medium,Confirmed Fraud,23.8
10531,421428,40225,2025-01-31,Medium,Closed - No Fraud,3.4
10532,421463,15538,2025-04-04,High,Confirmed Fraud,30.3
10533,421498,9065,2025-01-20,High,Confirmed Fraud,13.4
10534,421516,25453,2025-12-25,Low,Confirmed Fraud,4.1
10535,421580,31404,2026-03-23,Medium,False Positive,4.0
10536,421661,42724,2025-01-23,High,Confirmed Fraud,6.7
10537,421685,23895,2026-02-05,Low,Confirmed Fraud,3.7
10538,421713,1970,2025-10-22,Medium,Confirmed Fraud,3.6
10539,421811,10412,2025-06-28,High,Confirmed Fraud,14.7
10540,421814,18108,2026-02-18,High,Confirmed Fraud,13.6
10541,421880,46726,2025-06-15,Low,False Positive,7.3
10542,421884,2605,2026-10-09,High,Confirmed Fraud,16.2
10543,421912,32040,2026-06-09,High,Under Review,16.0
10544,421983,25918,2025-01-07,Low,Confirmed Fraud,9.6
10545,421986,409,2025-08-31,Critical,Confirmed Fraud,16.0
10546,422022,10968,2026-10-30,High,Confirmed Fraud,3.0
10547,422096,32865,2025-10-19,High,Closed - No Fraud,8.4
10548,422098,44684,2026-09-21,Medium,Confirmed Fraud,21.3
10549,422143,47468,2025-11-27,Low,Closed - No Fraud,3.7
10550,422154,22304,2026-08-10,Medium,Under Review,27.3
10551,422197,40399,2025-07-18,High,Confirmed Fraud,1.8
10552,422228,11753,2026-11-11,Medium,Confirmed Fraud,8.8
10553,422239,4074,2025-05-01,Medium,Confirmed Fraud,4.8
10554,422261,18557,2026-12-20,Low,Confirmed Fraud,6.2
10555,422268,30151,2025-08-03,High,Closed - No Fraud,7.4
10556,422272,45080,2025-04-05,High,Confirmed Fraud,7.6
10557,422286,18458,2025-10-17,High,Confirmed Fraud,9.2
10558,422335,28343,2026-12-22,Medium,Confirmed Fraud,6.3
10559,422359,42545,2025-06-21,High,False Positive,9.1
10560,422405,40936,2025-08-21,High,Confirmed Fraud,2.0
10561,422449,34889,2025-06-19,High,Confirmed Fraud,13.1
10562,422451,21997,2025-05-08,High,False Positive,5.8
10563,422483,33314,2025-03-18,High,Confirmed Fraud,5.6
10564,422675,38572,2026-09-16,Medium,Confirmed Fraud,40.2
10565,422710,25179,2026-05-28,High,Closed - No Fraud,11.5
10566,422811,42652,2026-06-14,Medium,Confirmed Fraud,25.5
10567,422830,43708,2026-10-19,Low,Confirmed Fraud,38.8
10568,422839,49141,2026-04-21,Low,Closed - No Fraud,8.4
10569,422863,11832,2025-01-09,Critical,Confirmed Fraud,7.2
10570,422866,8009,2026-09-09,Critical,Under Review,6.9
10571,422879,24159,2026-02-01,Critical,Closed - No Fraud,2.6
10572,422914,30965,2025-12-22,Critical,Confirmed Fraud,7.7
10573,422975,19819,2025-03-03,High,Confirmed Fraud,10.1
10574,423013,2871,2025-07-12,Medium,Closed - No Fraud,7.3
10575,423033,17642,2025-05-27,Medium,Confirmed Fraud,24.5
10576,423048,7591,2025-02-26,Critical,Confirmed Fraud,15.2
10577,423053,38744,2025-03-01,High,False Positive,1.3
10578,423067,19023,2026-03-28,High,Confirmed Fraud,12.4
10579,423073,5208,2026-09-07,Critical,Confirmed Fraud,5.8
10580,423077,25983,2025-02-12,Critical,Confirmed Fraud,3.6
10581,423100,3941,2026-12-13,Medium,Confirmed Fraud,33.8
10582,423144,28182,2026-11-05,Critical,Under Review,42.2
10583,423179,39973,2026-08-24,High,Confirmed Fraud,32.4
10584,423194,40017,2026-09-07,Medium,Under Review,23.9
10585,423213,23119,2026-02-10,High,Confirmed Fraud,5.8
10586,423232,5905,2025-11-20,Medium,Confirmed Fraud,3.0
10587,423353,8834,2025-11-12,High,Confirmed Fraud,10.1
10588,423371,27221,2026-11-12,High,Confirmed Fraud,17.6
10589,423431,27175,2026-12-24,Medium,Confirmed Fraud,9.9
10590,423435,22620,2025-02-27,Medium,Confirmed Fraud,44.1
10591,423463,41564,2025-01-31,Low,Confirmed Fraud,9.9
10592,423483,36544,2025-08-12,Medium,Confirmed Fraud,13.8
10593,423517,3943,2025-05-18,Low,Confirmed Fraud,12.2
10594,423537,19612,2026-02-08,High,Confirmed Fraud,3.2
10595,423598,41862,2026-05-21,High,Confirmed Fraud,3.5
10596,423646,27921,2025-06-15,High,Closed - No Fraud,19.3
10597,423667,36930,2025-08-04,Critical,Confirmed Fraud,11.7
10598,423735,6328,2025-04-05,Critical,Confirmed Fraud,8.1
10599,423814,43546,2025-08-01,High,Confirmed Fraud,9.8
10600,423907,10225,2026-11-15,Medium,Confirmed Fraud,19.0
10601,423981,7171,2025-05-14,High,Closed - No Fraud,3.2
10602,424165,48807,2026-11-07,High,Closed - No Fraud,9.0
10603,424277,41841,2025-04-13,High,Under Review,21.3
10604,424279,6620,2026-07-23,Low,Confirmed Fraud,6.9
10605,424294,17254,2025-09-23,Low,False Positive,12.6
10606,424331,10409,2026-01-04,Medium,Under Review,3.8
10607,424340,48004,2026-08-04,High,Confirmed Fraud,55.7
10608,424399,43519,2025-06-06,High,Confirmed Fraud,5.4
10609,424423,46298,2025-10-31,Medium,Confirmed Fraud,11.0
10610,424465,30806,2025-07-05,Low,Confirmed Fraud,7.7
10611,424588,18457,2026-03-14,Medium,Closed - No Fraud,2.8
10612,424622,16127,2026-03-05,High,Confirmed Fraud,121.0
10613,424645,8573,2025-10-29,High,False Positive,4.1
10614,424751,14262,2025-07-02,High,Confirmed Fraud,11.3
10615,424769,26740,2026-09-06,Critical,Confirmed Fraud,6.2
10616,424790,13680,2025-10-06,Low,Confirmed Fraud,2.5
10617,424808,49296,2025-01-16,Medium,Confirmed Fraud,3.2
10618,424836,549,2026-06-09,Critical,False Positive,40.5
10619,424847,17449,2026-09-23,High,Closed - No Fraud,19.3
10620,424862,40644,2026-12-28,High,Confirmed Fraud,5.8
10621,424911,34214,2025-01-07,High,Confirmed Fraud,10.5
10622,424921,28036,2025-02-07,High,Under Review,7.3
10623,424932,30736,2025-02-09,High,False Positive,13.1
10624,425039,32459,2025-02-05,Medium,Confirmed Fraud,11.0
10625,425105,38857,2025-08-19,Medium,Confirmed Fraud,17.6
10626,425115,19323,2026-11-29,High,Under Review,7.1
10627,425125,17098,2026-06-02,Critical,Confirmed Fraud,24.4
10628,425139,1507,2025-01-06,High,Closed - No Fraud,17.1
10629,425227,49495,2025-02-25,Medium,Confirmed Fraud,15.0
10630,425283,32400,2025-01-23,High,Confirmed Fraud,5.5
10631,425336,14736,2025-04-08,Medium,Confirmed Fraud,2.4
10632,425413,19972,2025-12-12,Medium,Confirmed Fraud,5.4
10633,425463,30667,2026-03-01,Critical,Closed - No Fraud,3.3
10634,425466,35727,2026-09-24,Medium,Confirmed Fraud,19.9
10635,425530,37258,2026-02-18,High,False Positive,17.8
10636,425534,45108,2025-12-29,Medium,Confirmed Fraud,7.3
10637,425537,25255,2025-01-28,Critical,Confirmed Fraud,4.5
10638,425538,22524,2026-07-13,High,Closed - No Fraud,11.4
10639,425575,26658,2026-09-01,High,Confirmed Fraud,11.8
10640,425597,18575,2026-07-16,High,False Positive,13.6
10641,425626,7322,2026-01-18,Medium,False Positive,8.6
10642,425653,611,2025-01-12,High,Confirmed Fraud,5.7
10643,425692,32666,2026-05-11,Low,Closed - No Fraud,5.3
10644,425725,35794,2025-04-12,Critical,Confirmed Fraud,7.8
10645,425736,31671,2026-03-04,High,Confirmed Fraud,12.1
10646,425738,40066,2026-07-27,High,Confirmed Fraud,17.5
10647,425745,35381,2026-07-25,Critical,Confirmed Fraud,35.9
10648,425761,8116,2025-04-06,Medium,Confirmed Fraud,3.3
10649,425781,32196,2025-12-17,Medium,Confirmed Fraud,8.8
10650,425830,14057,2026-05-06,High,Confirmed Fraud,26.2
10651,425867,31217,2026-04-29,Medium,Confirmed Fraud,3.9
10652,425870,10221,2026-06-30,High,Confirmed Fraud,10.2
10653,425892,12439,2026-02-19,Medium,Confirmed Fraud,4.4
10654,425899,25747,2025-07-08,Critical,Confirmed Fraud,55.4
10655,426086,49732,2026-05-20,Low,Confirmed Fraud,14.8
10656,426158,32887,2025-06-04,High,Confirmed Fraud,11.7
10657,426187,42289,2026-01-31,Low,Confirmed Fraud,2.7
10658,426202,27699,2025-09-09,Critical,Under Review,33.7
10659,426224,48383,2025-07-19,Medium,Closed - No Fraud,20.2
10660,426230,10471,2026-10-18,Critical,Confirmed Fraud,9.4
10661,426231,33011,2025-09-17,High,False Positive,20.2
10662,426266,6903,2025-04-11,High,Closed - No Fraud,19.9
10663,426289,16191,2025-08-15,Critical,Closed - No Fraud,7.3
10664,426299,44583,2025-04-08,Medium,Under Review,6.1
10665,426314,37602,2026-01-07,Medium,Confirmed Fraud,2.2
10666,426371,44509,2025-07-12,Critical,Confirmed Fraud,13.6
10667,426527,42715,2025-08-05,Medium,Confirmed Fraud,5.4
10668,426567,29314,2025-12-24,Critical,Confirmed Fraud,23.6
10669,426614,6774,2026-07-20,Medium,Confirmed Fraud,3.2
10670,426617,23053,2025-06-12,Medium,Confirmed Fraud,19.6
10671,426698,36098,2026-12-13,Medium,Closed - No Fraud,4.3
10672,426801,36385,2025-12-19,Medium,Under Review,5.6
10673,426811,21792,2025-06-27,Low,Confirmed Fraud,15.2
10674,426834,14492,2026-01-10,Medium,Under Review,71.6
10675,426836,24124,2025-04-17,Medium,Confirmed Fraud,13.8
10676,426909,14579,2025-07-12,High,Closed - No Fraud,18.2
10677,426938,38138,2026-10-18,High,Closed - No Fraud,12.2
10678,426951,41403,2025-01-09,Medium,Confirmed Fraud,19.2
10679,427033,13911,2025-02-09,Critical,Closed - No Fraud,7.4
10680,427101,8690,2025-02-27,High,Confirmed Fraud,3.2
10681,427102,3480,2026-02-02,Low,Confirmed Fraud,46.1
10682,427149,26180,2025-01-08,Medium,Confirmed Fraud,11.3
10683,427231,5245,2025-08-06,Medium,Confirmed Fraud,2.8
10684,427346,30571,2025-02-01,Medium,Confirmed Fraud,22.3
10685,427376,21513,2025-11-10,Medium,Confirmed Fraud,6.2
10686,427391,24610,2025-11-01,Critical,Confirmed Fraud,18.3
10687,427421,24474,2026-11-12,Medium,Confirmed Fraud,6.9
10688,427521,23619,2026-06-25,High,Confirmed Fraud,7.9
10689,427523,30587,2025-01-19,High,Confirmed Fraud,8.8
10690,427631,35650,2025-05-30,High,Confirmed Fraud,36.4
10691,427681,29341,2025-03-29,Medium,Confirmed Fraud,13.7
10692,427735,3127,2025-05-12,Critical,Under Review,37.5
10693,427833,23361,2025-10-10,High,Confirmed Fraud,3.7
10694,427920,34747,2026-08-25,Critical,Confirmed Fraud,8.7
10695,427954,44909,2025-03-17,Medium,False Positive,6.9
10696,427991,10170,2025-04-13,High,Confirmed Fraud,13.9
10697,428075,8915,2026-07-10,Low,Confirmed Fraud,16.9
10698,428097,5526,2026-12-04,High,Confirmed Fraud,1.3
10699,428104,4679,2026-04-09,Critical,Confirmed Fraud,3.8
10700,428138,13822,2026-06-21,Critical,Confirmed Fraud,3.0
10701,428171,31100,2025-01-22,Medium,Confirmed Fraud,12.8
10702,428196,48343,2026-04-19,High,False Positive,22.4
10703,428217,25999,2025-05-22,Medium,False Positive,12.8
10704,428293,48912,2026-07-11,Low,False Positive,2.6
10705,428302,12485,2025-10-05,High,Confirmed Fraud,12.9
10706,428359,27664,2026-05-27,Low,False Positive,18.9
10707,428422,40024,2026-07-13,Low,Confirmed Fraud,9.2
10708,428483,6537,2026-07-27,High,Confirmed Fraud,32.9
10709,428488,16875,2025-03-30,Critical,False Positive,9.5
10710,428491,23654,2025-04-02,High,Confirmed Fraud,6.4
10711,428495,18375,2025-06-30,High,Confirmed Fraud,22.1
10712,428503,4445,2025-07-04,High,Closed - No Fraud,10.5
10713,428508,11115,2025-07-23,High,Closed - No Fraud,16.5
10714,428523,1967,2025-10-11,Medium,Confirmed Fraud,3.1
10715,428527,38309,2026-06-01,Critical,Closed - No Fraud,19.6
10716,428548,28726,2025-04-07,Medium,Confirmed Fraud,12.0
10717,428742,36417,2026-12-06,Medium,False Positive,12.5
10718,428748,44532,2025-04-11,High,Closed - No Fraud,2.3
10719,428791,38347,2026-11-23,Medium,Confirmed Fraud,19.8
10720,428806,36398,2026-10-03,Critical,Confirmed Fraud,29.8
10721,428881,42846,2025-06-17,High,Confirmed Fraud,27.4
10722,428899,9986,2025-09-19,Medium,Under Review,41.6
10723,429074,16881,2026-02-10,Medium,Closed - No Fraud,8.8
10724,429126,20607,2025-01-20,High,False Positive,9.2
10725,429251,14639,2026-06-22,High,Confirmed Fraud,7.4
10726,429261,26913,2025-09-14,Medium,Confirmed Fraud,80.4
10727,429310,451,2025-03-01,Low,Confirmed Fraud,7.7
10728,429329,37727,2025-05-16,Medium,Confirmed Fraud,17.1
10729,429398,34079,2025-03-12,High,Confirmed Fraud,8.8
10730,429402,95,2025-04-14,High,Under Review,8.2
10731,429472,17619,2026-07-03,Medium,Closed - No Fraud,50.4
10732,429488,15659,2025-01-04,High,Confirmed Fraud,16.9
10733,429610,37448,2025-08-03,Critical,Closed - No Fraud,13.1
10734,429625,17633,2026-10-16,Medium,Under Review,12.2
10735,429672,39098,2025-01-18,Medium,Confirmed Fraud,54.3
10736,429790,46343,2025-07-26,Low,Confirmed Fraud,8.4
10737,429793,10738,2025-03-31,High,Confirmed Fraud,9.5
10738,429805,30596,2025-05-22,Medium,Confirmed Fraud,6.1
10739,429850,49961,2025-07-22,Medium,Confirmed Fraud,85.5
10740,429947,32017,2026-11-09,High,Confirmed Fraud,2.8
10741,430001,3109,2025-04-15,Low,Confirmed Fraud,8.4
10742,430012,32507,2026-12-30,Critical,Closed - No Fraud,12.7
10743,430015,41865,2026-01-04,Low,Confirmed Fraud,4.5
10744,430016,5083,2025-03-23,Medium,Confirmed Fraud,40.1
10745,430041,16955,2025-02-22,Medium,Confirmed Fraud,11.6
10746,430049,33906,2025-09-27,High,Confirmed Fraud,4.5
10747,430076,49896,2025-01-11,Low,Confirmed Fraud,10.1
10748,430164,5660,2025-10-31,High,Confirmed Fraud,33.2
10749,430173,10797,2025-01-31,High,Confirmed Fraud,11.7
10750,430246,22702,2025-06-19,High,Closed - No Fraud,19.7
10751,430270,34580,2026-09-14,Critical,Closed - No Fraud,10.6
10752,430346,41200,2026-04-25,Medium,Confirmed Fraud,7.0
10753,430394,1925,2025-07-13,Critical,Confirmed Fraud,4.9
10754,430398,12086,2026-06-16,Medium,Under Review,18.3
10755,430412,31215,2025-09-30,Medium,Confirmed Fraud,6.0
10756,430506,15503,2026-02-21,High,Confirmed Fraud,3.6
10757,430512,4092,2025-11-01,Medium,Confirmed Fraud,22.5
10758,430563,32093,2025-09-21,High,Confirmed Fraud,20.7
10759,430605,33362,2026-04-02,Medium,Closed - No Fraud,14.7
10760,430650,6278,2025-12-26,High,Confirmed Fraud,34.0
10761,430659,27590,2025-07-05,Medium,Confirmed Fraud,12.8
10762,430662,27481,2025-10-12,High,False Positive,11.2
10763,430798,20018,2026-10-26,Medium,Confirmed Fraud,11.0
10764,430816,14639,2026-10-02,Medium,Closed - No Fraud,34.7
10765,430828,30387,2025-12-14,High,Closed - No Fraud,2.2
10766,430898,10194,2025-05-03,High,Confirmed Fraud,9.1
10767,430919,17511,2025-06-28,Medium,Confirmed Fraud,17.8
10768,430954,43721,2025-02-28,Medium,Closed - No Fraud,6.9
10769,430955,17560,2025-11-19,High,Confirmed Fraud,3.4
10770,430971,8385,2025-10-15,High,Confirmed Fraud,39.7
10771,430978,15488,2025-08-11,Medium,Confirmed Fraud,7.9
10772,431038,19713,2025-10-04,Medium,False Positive,3.4
10773,431184,19466,2025-04-19,Medium,Closed - No Fraud,22.3
10774,431215,40059,2026-10-16,Critical,Confirmed Fraud,15.8
10775,431289,34758,2025-12-28,Medium,Confirmed Fraud,21.7
10776,431295,45227,2025-01-04,Critical,Confirmed Fraud,14.3
10777,431349,40387,2026-02-24,High,Confirmed Fraud,11.7
10778,431434,41964,2025-01-25,Critical,Closed - No Fraud,14.2
10779,431484,6765,2026-12-08,High,Confirmed Fraud,7.6
10780,431512,46612,2025-07-19,Critical,Confirmed Fraud,14.2
10781,431605,5560,2025-11-19,Medium,False Positive,17.6
10782,431722,29651,2025-11-17,Medium,Confirmed Fraud,10.2
10783,431743,14336,2025-07-30,Critical,Confirmed Fraud,10.9
10784,431764,39317,2026-02-13,Medium,Confirmed Fraud,13.8
10785,431796,22168,2026-10-27,Low,Confirmed Fraud,3.3
10786,431813,21113,2025-09-08,Medium,Confirmed Fraud,13.8
10787,431822,7787,2026-01-11,Critical,Confirmed Fraud,12.4
10788,431837,13879,2025-12-02,Medium,Confirmed Fraud,29.3
10789,432032,21370,2026-08-03,High,Confirmed Fraud,40.8
10790,432034,49391,2026-06-24,Medium,Closed - No Fraud,13.8
10791,432035,2075,2025-03-11,High,Confirmed Fraud,3.3
10792,432043,22401,2025-01-03,Medium,Confirmed Fraud,4.9
10793,432087,6113,2026-05-14,High,Confirmed Fraud,22.2
10794,432123,27640,2026-04-14,High,Closed - No Fraud,27.2
10795,432246,2599,2025-10-21,Medium,Confirmed Fraud,5.7
10796,432257,11027,2025-05-24,Medium,Confirmed Fraud,9.0
10797,432308,16573,2025-06-09,High,Closed - No Fraud,36.5
10798,432549,34869,2025-02-10,Critical,Confirmed Fraud,8.2
10799,432611,49606,2026-04-09,Medium,Confirmed Fraud,21.1
10800,432668,48102,2025-06-02,High,Closed - No Fraud,31.3
10801,432712,13575,2025-05-23,Critical,Closed - No Fraud,2.9
10802,432816,43781,2026-02-12,Medium,Confirmed Fraud,14.9
10803,432833,16553,2025-04-20,High,Confirmed Fraud,8.2
10804,432843,11358,2026-03-29,High,Under Review,10.0
10805,432966,36685,2026-02-04,High,Confirmed Fraud,2.6
10806,433012,1407,2025-04-07,High,False Positive,3.5
10807,433014,25846,2026-10-10,High,Confirmed Fraud,49.0
10808,433064,229,2026-04-03,Medium,Confirmed Fraud,35.3
10809,433076,30081,2026-12-01,Critical,False Positive,19.5
10810,433132,34357,2026-11-28,High,Closed - No Fraud,66.1
10811,433133,26197,2025-10-13,Low,False Positive,5.4
10812,433139,47823,2026-11-03,High,Under Review,8.6
10813,433238,15280,2025-06-15,Low,Confirmed Fraud,30.7
10814,433240,7135,2025-03-13,Medium,Confirmed Fraud,4.6
10815,433294,49048,2026-07-16,High,Confirmed Fraud,9.5
10816,433301,27767,2025-12-31,Critical,Under Review,13.8
10817,433363,34580,2025-10-19,High,Confirmed Fraud,14.1
10818,433389,370,2025-01-16,Critical,Closed - No Fraud,7.0
10819,433432,13668,2025-03-24,Medium,Confirmed Fraud,34.3
10820,433452,12180,2026-09-15,Critical,Confirmed Fraud,4.3
10821,433453,31641,2025-05-08,High,Closed - No Fraud,13.4
10822,433518,26938,2026-12-31,Critical,Closed - No Fraud,7.7
10823,433541,4208,2025-08-03,Critical,Confirmed Fraud,6.5
10824,433547,15240,2025-07-25,Medium,Confirmed Fraud,5.6
10825,433684,6684,2025-07-09,High,Confirmed Fraud,7.1
10826,433706,33660,2025-11-02,Critical,Confirmed Fraud,4.5
10827,433707,28909,2025-01-22,Low,Closed - No Fraud,12.3
10828,433835,13953,2026-08-29,Medium,Confirmed Fraud,12.1
10829,433908,28846,2025-03-26,Critical,Under Review,6.0
10830,433936,18742,2025-12-30,High,Confirmed Fraud,5.2
10831,433949,20192,2025-07-13,Medium,Confirmed Fraud,6.4
10832,433950,22157,2026-01-08,Medium,Confirmed Fraud,3.1
10833,433959,39906,2025-08-09,Medium,Confirmed Fraud,15.6
10834,433989,36088,2026-07-02,Critical,Under Review,2.7
10835,434075,26732,2025-02-23,Medium,Confirmed Fraud,4.6
10836,434093,35124,2025-07-21,High,Confirmed Fraud,13.2
10837,434114,25150,2026-05-14,Low,Confirmed Fraud,29.8
10838,434132,5493,2025-11-09,Low,Confirmed Fraud,2.6
10839,434208,35461,2025-07-30,High,Under Review,21.1
10840,434251,46505,2026-11-23,Low,False Positive,8.3
10841,434262,3081,2025-08-12,Low,Confirmed Fraud,5.8
10842,434282,34682,2026-12-13,Medium,Confirmed Fraud,5.1
10843,434287,47056,2025-02-24,High,False Positive,16.0
10844,434291,42289,2025-06-17,High,False Positive,10.3
10845,434298,21184,2025-02-05,High,Closed - No Fraud,5.0
10846,434332,17207,2025-12-22,Medium,False Positive,5.9
10847,434333,1750,2026-10-02,Medium,False Positive,4.2
10848,434347,1290,2026-03-19,Medium,Confirmed Fraud,7.7
10849,434390,8277,2026-06-03,Medium,Confirmed Fraud,14.6
10850,434434,21920,2026-01-20,Low,False Positive,13.7
10851,434464,20997,2026-07-21,High,Confirmed Fraud,30.0
10852,434504,23154,2026-01-04,High,Confirmed Fraud,26.8
10853,434548,25085,2026-01-15,Medium,Confirmed Fraud,104.0
10854,434550,15521,2026-02-08,High,Confirmed Fraud,13.7
10855,434581,18169,2025-09-28,Critical,Confirmed Fraud,4.3
10856,434615,30376,2025-04-19,Critical,Confirmed Fraud,4.0
10857,434642,24582,2025-08-03,Medium,Closed - No Fraud,33.9
10858,434643,27366,2026-01-10,High,Under Review,22.2
10859,434732,12187,2026-08-28,Medium,Confirmed Fraud,15.9
10860,434770,35032,2026-08-20,High,Closed - No Fraud,7.1
10861,434855,24612,2026-09-06,High,Confirmed Fraud,24.2
10862,434859,9087,2026-03-20,Critical,Confirmed Fraud,8.4
10863,434996,19244,2025-03-11,High,Confirmed Fraud,5.1
10864,435019,46529,2026-04-03,Medium,Confirmed Fraud,2.5
10865,435029,6385,2025-05-30,High,False Positive,52.4
10866,435035,37536,2025-09-09,High,Confirmed Fraud,24.9
10867,435094,40371,2026-04-03,Medium,Confirmed Fraud,25.6
10868,435104,12911,2026-05-06,Low,Confirmed Fraud,3.0
10869,435115,42193,2025-12-19,Critical,Confirmed Fraud,27.7
10870,435150,32641,2025-05-22,High,False Positive,14.6
10871,435156,7625,2025-02-04,Low,Confirmed Fraud,26.6
10872,435184,48032,2026-01-18,Critical,Confirmed Fraud,9.6
10873,435188,25787,2026-11-11,Medium,Confirmed Fraud,39.0
10874,435243,14305,2025-09-21,Critical,Confirmed Fraud,4.5
10875,435262,29245,2025-09-12,Critical,Confirmed Fraud,25.6
10876,435268,44780,2025-12-03,High,Confirmed Fraud,9.5
10877,435332,34622,2025-01-02,High,Confirmed Fraud,21.4
10878,435364,34459,2025-02-26,Critical,Closed - No Fraud,44.7
10879,435387,33797,2026-03-17,Medium,Confirmed Fraud,8.0
10880,435394,20846,2025-04-26,High,Confirmed Fraud,34.0
10881,435402,29232,2025-07-15,High,Confirmed Fraud,2.1
10882,435442,24867,2026-01-17,Medium,Confirmed Fraud,10.5
10883,435458,45710,2025-09-09,Medium,Confirmed Fraud,2.4
10884,435520,31431,2025-02-21,Medium,Closed - No Fraud,21.8
10885,435553,34455,2026-10-13,High,Closed - No Fraud,14.2
10886,435567,19630,2026-04-26,High,Confirmed Fraud,19.1
10887,435595,10067,2025-04-22,Medium,Confirmed Fraud,8.8
10888,435635,38135,2025-07-15,High,Closed - No Fraud,47.5
10889,435647,20744,2025-11-15,High,Confirmed Fraud,11.9
10890,435711,11292,2025-06-05,Medium,Confirmed Fraud,23.5
10891,435720,12832,2025-04-14,Low,Confirmed Fraud,11.8
10892,435767,7305,2025-06-18,High,Confirmed Fraud,2.6
10893,435778,40229,2025-12-15,Medium,Closed - No Fraud,21.8
10894,435785,38031,2025-04-21,Medium,False Positive,12.1
10895,435803,40492,2025-09-13,Low,Confirmed Fraud,14.9
10896,435806,9552,2026-10-26,Medium,Confirmed Fraud,7.8
10897,435830,2361,2025-07-27,High,Confirmed Fraud,4.9
10898,435832,8701,2025-06-16,High,False Positive,1.9
10899,435904,2734,2025-01-28,High,Closed - No Fraud,16.0
10900,436099,44400,2025-01-27,Medium,Confirmed Fraud,4.9
10901,436179,46387,2025-12-09,Low,False Positive,2.2
10902,436196,37744,2025-06-11,Medium,Confirmed Fraud,31.5
10903,436232,29858,2026-03-06,High,Confirmed Fraud,6.4
10904,436255,20030,2025-09-06,Medium,Confirmed Fraud,2.2
10905,436294,33461,2026-11-10,Low,Confirmed Fraud,14.1
10906,436341,15665,2026-05-23,Medium,Under Review,8.0
10907,436348,6022,2026-05-10,Medium,Confirmed Fraud,7.3
10908,436371,28616,2025-12-21,Medium,Confirmed Fraud,18.9
10909,436380,32223,2025-05-11,Medium,Confirmed Fraud,13.6
10910,436423,3238,2026-04-05,Low,Closed - No Fraud,12.2
10911,436447,32687,2025-08-30,Critical,Closed - No Fraud,6.2
10912,436457,26616,2025-12-26,High,Confirmed Fraud,8.4
10913,436475,10546,2025-04-10,Critical,Confirmed Fraud,6.0
10914,436592,47679,2025-05-06,Low,Confirmed Fraud,31.5
10915,436650,40086,2025-09-15,High,Confirmed Fraud,5.0
10916,436672,9366,2025-09-16,Medium,Confirmed Fraud,6.8
10917,436713,8434,2025-03-27,Critical,Confirmed Fraud,5.0
10918,436738,24508,2025-11-16,Critical,Confirmed Fraud,8.8
10919,436859,40123,2025-06-01,High,Under Review,27.6
10920,436973,4023,2025-01-16,Low,Under Review,8.3
10921,436978,4358,2026-04-28,High,Closed - No Fraud,3.2
10922,437000,2770,2025-10-06,Medium,Confirmed Fraud,13.5
10923,437063,15134,2025-12-19,High,Closed - No Fraud,27.3
10924,437146,7462,2026-05-25,High,Confirmed Fraud,38.7
10925,437156,6817,2025-04-07,High,Confirmed Fraud,15.9
10926,437177,4483,2025-08-20,Medium,Confirmed Fraud,16.5
10927,437218,29242,2025-08-12,High,Closed - No Fraud,25.7
10928,437221,34168,2025-10-10,High,Confirmed Fraud,2.8
10929,437222,37854,2026-02-15,High,Confirmed Fraud,3.5
10930,437285,47841,2026-09-21,High,False Positive,7.0
10931,437393,46078,2026-08-31,High,Confirmed Fraud,22.9
10932,437468,16257,2026-11-28,Medium,Confirmed Fraud,8.6
10933,437570,34764,2026-08-14,Medium,Confirmed Fraud,19.2
10934,437599,46937,2026-09-03,Medium,Closed - No Fraud,17.5
10935,437615,25325,2026-07-18,Low,Confirmed Fraud,25.8
10936,437635,46541,2025-11-08,Medium,Under Review,6.2
10937,437653,21491,2026-11-13,Low,Confirmed Fraud,16.9
10938,437685,28282,2026-06-22,Critical,Confirmed Fraud,25.6
10939,437864,8216,2026-11-03,Medium,False Positive,10.2
10940,437909,20816,2025-03-07,Critical,Confirmed Fraud,9.7
10941,438018,29608,2025-12-03,High,Confirmed Fraud,6.2
10942,438037,49008,2025-11-13,Medium,Closed - No Fraud,5.0
10943,438089,37157,2026-05-25,Low,Confirmed Fraud,15.5
10944,438104,26182,2026-06-26,High,Confirmed Fraud,19.3
10945,438123,22062,2026-11-08,Medium,Confirmed Fraud,14.2
10946,438181,13845,2026-09-24,Medium,Confirmed Fraud,16.8
10947,438211,13725,2025-01-30,Low,Confirmed Fraud,7.8
10948,438230,3531,2025-02-18,Medium,Confirmed Fraud,3.1
10949,438272,8995,2025-02-07,High,Closed - No Fraud,6.0
10950,438328,3111,2025-05-25,High,Confirmed Fraud,12.0
10951,438485,12981,2025-07-28,Medium,Confirmed Fraud,19.5
10952,438558,26087,2026-04-09,High,Under Review,15.1
10953,438570,37467,2025-05-19,High,Confirmed Fraud,7.2
10954,438586,10055,2025-05-15,Medium,Confirmed Fraud,26.2
10955,438646,19782,2026-08-20,Critical,Confirmed Fraud,2.8
10956,438649,34161,2026-01-04,High,Confirmed Fraud,13.9
10957,438650,20889,2025-11-20,Medium,Confirmed Fraud,4.1
10958,438659,46093,2026-05-18,Medium,Closed - No Fraud,1.7
10959,438754,1132,2026-11-03,High,Confirmed Fraud,9.6
10960,438789,3935,2025-06-30,High,False Positive,20.6
10961,438796,22025,2025-04-28,Critical,Under Review,58.7
10962,438817,30115,2026-09-15,Medium,Confirmed Fraud,13.2
10963,439047,32287,2026-03-17,Critical,False Positive,26.4
10964,439101,14720,2025-09-30,Medium,Under Review,8.4
10965,439228,34650,2026-03-26,Critical,Closed - No Fraud,41.9
10966,439230,828,2025-05-12,Critical,Confirmed Fraud,9.5
10967,439288,20413,2025-08-13,Critical,Confirmed Fraud,4.9
10968,439305,11208,2025-09-22,High,Confirmed Fraud,17.9
10969,439351,45569,2026-10-31,Low,Confirmed Fraud,7.4
10970,439479,31682,2026-10-01,Medium,Confirmed Fraud,62.6
10971,439526,28405,2025-01-05,Low,Closed - No Fraud,10.9
10972,439535,24489,2025-09-18,High,Confirmed Fraud,8.0
10973,439545,1929,2026-06-21,High,Closed - No Fraud,8.3
10974,439603,30568,2025-12-29,High,Confirmed Fraud,3.1
10975,439644,14863,2026-01-16,Medium,Closed - No Fraud,17.7
10976,439818,34957,2026-06-18,Critical,Confirmed Fraud,6.5
10977,439931,12476,2025-01-01,Critical,Confirmed Fraud,5.9
10978,439966,30231,2025-02-25,High,Confirmed Fraud,5.9
10979,440060,14604,2025-04-13,High,Confirmed Fraud,1.2
10980,440120,22974,2026-04-21,High,Confirmed Fraud,11.3
10981,440125,37286,2026-03-20,High,Closed - No Fraud,21.5
10982,440266,27518,2025-12-31,Low,Confirmed Fraud,14.0
10983,440446,22738,2025-03-15,Medium,Under Review,20.8
10984,440488,4825,2026-08-31,Medium,Confirmed Fraud,6.2
10985,440512,49718,2025-02-08,Medium,Confirmed Fraud,26.2
10986,440593,416,2025-06-03,High,False Positive,5.9
10987,440606,48552,2025-11-25,High,Confirmed Fraud,3.9
10988,440618,38837,2026-08-01,Low,Confirmed Fraud,24.5
10989,440715,30746,2025-05-07,High,Closed - No Fraud,5.5
10990,440732,40308,2026-02-10,High,Confirmed Fraud,1.8
10991,440744,36182,2025-01-10,High,Confirmed Fraud,6.5
10992,440751,44808,2025-12-07,Low,Closed - No Fraud,30.5
10993,440775,34990,2025-04-27,High,Under Review,10.5
10994,440874,40050,2025-03-04,Medium,Confirmed Fraud,10.7
10995,440904,44560,2025-12-02,Medium,Confirmed Fraud,16.3
10996,440921,17118,2026-11-21,Medium,Confirmed Fraud,13.0
10997,440945,19170,2026-12-22,Critical,Confirmed Fraud,13.2
10998,440984,18265,2026-11-29,Critical,Confirmed Fraud,19.0
10999,441055,38765,2026-01-25,Low,Under Review,29.7
11000,441141,48229,2025-05-15,High,Closed - No Fraud,4.6
11001,441189,36411,2025-01-13,High,False Positive,13.4
11002,441206,16696,2026-01-16,High,Under Review,29.6
11003,441321,3833,2025-07-19,Low,Closed - No Fraud,11.5
11004,441351,15001,2025-04-25,High,Confirmed Fraud,3.6
11005,441386,22090,2025-03-24,High,Confirmed Fraud,6.3
11006,441395,36023,2026-07-28,Low,Under Review,10.0
11007,441404,30672,2026-10-14,High,False Positive,17.9
11008,441445,49377,2026-05-08,High,False Positive,3.1
11009,441564,41105,2025-05-13,Medium,Closed - No Fraud,15.8
11010,441736,37494,2026-09-10,Medium,Closed - No Fraud,30.4
11011,441745,40685,2025-05-30,Medium,Confirmed Fraud,31.9
11012,441792,1863,2025-03-05,Medium,Confirmed Fraud,24.8
11013,441805,12520,2026-07-21,Low,Confirmed Fraud,10.3
11014,441894,25804,2025-03-11,Medium,Confirmed Fraud,14.5
11015,441898,13006,2025-12-15,Critical,Confirmed Fraud,2.3
11016,441904,36666,2026-09-24,Critical,Closed - No Fraud,7.5
11017,442007,15276,2025-09-03,High,Closed - No Fraud,13.8
11018,442048,594,2026-02-14,High,Confirmed Fraud,19.0
11019,442084,46686,2026-05-25,Medium,Closed - No Fraud,5.9
11020,442126,7294,2025-10-03,Critical,Confirmed Fraud,6.1
11021,442138,48157,2025-09-17,Medium,Confirmed Fraud,14.8
11022,442158,16455,2026-03-16,Medium,Confirmed Fraud,10.1
11023,442170,7691,2026-06-04,Medium,Confirmed Fraud,11.9
11024,442253,29539,2025-07-08,Medium,Closed - No Fraud,44.1
11025,442267,2404,2025-10-10,Critical,Under Review,8.4
11026,442302,3266,2025-10-13,Medium,Confirmed Fraud,45.0
11027,442350,504,2026-09-01,Medium,False Positive,11.9
11028,442419,1647,2026-01-19,High,Confirmed Fraud,12.5
11029,442440,9484,2025-09-15,High,Confirmed Fraud,10.6
11030,442458,49299,2026-03-18,Low,False Positive,15.9
11031,442464,11229,2026-07-19,Critical,Confirmed Fraud,6.0
11032,442551,44906,2025-01-09,Low,Confirmed Fraud,5.8
11033,442562,727,2026-08-04,High,Closed - No Fraud,5.2
11034,442667,27286,2026-08-10,High,Confirmed Fraud,42.3
11035,442675,46067,2026-05-06,High,Confirmed Fraud,10.7
11036,442680,6952,2026-12-24,High,Confirmed Fraud,30.7
11037,442682,17499,2025-05-12,High,Confirmed Fraud,2.5
11038,442782,33356,2025-03-19,High,Confirmed Fraud,17.2
11039,442792,51,2025-07-09,Critical,Confirmed Fraud,6.7
11040,442798,49713,2025-11-30,Low,Closed - No Fraud,5.8
11041,442810,38414,2026-07-11,High,Closed - No Fraud,5.2
11042,442874,14836,2026-04-09,Critical,Confirmed Fraud,27.1
11043,442876,36715,2025-05-18,Critical,Confirmed Fraud,12.1
11044,442882,568,2025-03-17,Medium,Under Review,39.5
11045,442907,49700,2026-02-13,Critical,Confirmed Fraud,11.8
11046,442917,22201,2025-06-03,Medium,Confirmed Fraud,7.4
11047,442943,41467,2026-10-28,Critical,Confirmed Fraud,74.2
11048,442961,27770,2025-08-07,High,Closed - No Fraud,3.8
11049,442969,46738,2025-11-10,Medium,Confirmed Fraud,20.8
11050,443000,6214,2025-04-05,High,Confirmed Fraud,2.6
11051,443090,41088,2025-10-14,High,Confirmed Fraud,13.7
11052,443157,24343,2026-11-30,Medium,Confirmed Fraud,14.6
11053,443187,31144,2026-12-12,Medium,Confirmed Fraud,9.3
11054,443211,14305,2025-09-30,High,Under Review,4.6
11055,443241,45435,2026-06-07,High,Confirmed Fraud,15.8
11056,443261,36385,2025-12-28,Critical,Confirmed Fraud,16.1
11057,443276,21885,2026-10-15,Medium,Confirmed Fraud,12.2
11058,443302,34195,2026-02-27,Low,Confirmed Fraud,8.6
11059,443319,18644,2025-05-25,Medium,Confirmed Fraud,19.8
11060,443421,46307,2026-12-21,Medium,Confirmed Fraud,5.6
11061,443429,1523,2026-08-30,Medium,Under Review,17.5
11062,443445,19315,2026-03-15,Medium,Confirmed Fraud,6.3
11063,443471,36289,2025-02-18,Medium,Closed - No Fraud,2.3
11064,443485,13769,2025-05-30,High,Confirmed Fraud,9.0
11065,443493,6809,2025-08-11,Critical,Confirmed Fraud,14.2
11066,443500,12992,2026-05-21,High,Confirmed Fraud,4.2
11067,443531,37149,2025-03-08,Low,Confirmed Fraud,3.6
11068,443536,17454,2026-03-26,Low,Confirmed Fraud,9.3
11069,443543,14570,2026-10-16,Medium,Under Review,29.4
11070,443550,46158,2025-06-03,High,Closed - No Fraud,28.4
11071,443652,46104,2025-07-31,Critical,False Positive,28.4
11072,443668,40488,2025-11-14,Medium,Closed - No Fraud,9.2
11073,443703,30595,2025-09-01,Critical,Confirmed Fraud,9.9
11074,443841,27934,2026-08-12,High,False Positive,6.7
11075,443870,9940,2026-09-01,High,False Positive,46.4
11076,443923,3713,2026-04-11,Medium,False Positive,9.3
11077,443941,28546,2025-01-08,High,Confirmed Fraud,1.5
11078,443992,28468,2026-06-03,High,Closed - No Fraud,32.5
11079,444014,35154,2025-07-28,Medium,Confirmed Fraud,19.1
11080,444039,10577,2025-07-20,Critical,Confirmed Fraud,7.4
11081,444057,22271,2025-07-10,Critical,Confirmed Fraud,11.3
11082,444066,47419,2025-03-07,High,Closed - No Fraud,8.3
11083,444113,8500,2025-01-04,High,Confirmed Fraud,8.2
11084,444225,30278,2026-11-25,Medium,Confirmed Fraud,12.1
11085,444341,20283,2025-01-01,Critical,Under Review,15.4
11086,444381,39299,2025-08-04,Medium,Confirmed Fraud,3.9
11087,444440,45549,2025-02-21,Medium,False Positive,240.0
11088,444491,40199,2025-01-16,Medium,Confirmed Fraud,31.1
11089,444582,21430,2026-01-02,Medium,Under Review,16.3
11090,444584,22211,2026-10-20,Medium,Confirmed Fraud,13.0
11091,444619,45239,2026-11-06,Medium,Confirmed Fraud,44.8
11092,444633,44292,2026-08-03,Medium,Confirmed Fraud,10.4
11093,444672,17038,2026-01-05,Medium,Confirmed Fraud,4.6
11094,444686,34213,2025-05-19,Critical,Under Review,4.2
11095,444730,41518,2026-02-19,Medium,Confirmed Fraud,8.4
11096,444752,18186,2025-04-02,High,Confirmed Fraud,22.2
11097,444850,2223,2026-10-12,Medium,Confirmed Fraud,15.9
11098,444903,45237,2025-01-04,High,Closed - No Fraud,12.5
11099,444913,26173,2025-08-31,Medium,Confirmed Fraud,9.0
11100,444937,9378,2025-12-03,High,Closed - No Fraud,4.8
11101,445011,39520,2026-07-06,Critical,Confirmed Fraud,16.0
11102,445016,17592,2026-10-17,Medium,Confirmed Fraud,14.1
11103,445034,16787,2026-08-15,High,Confirmed Fraud,9.4
11104,445097,26033,2025-04-30,Medium,Under Review,40.0
11105,445115,33122,2025-01-08,High,False Positive,60.3
11106,445118,33223,2025-01-13,Medium,Confirmed Fraud,5.5
11107,445194,22045,2026-09-14,High,Under Review,16.5
11108,445289,31227,2025-04-06,Medium,Confirmed Fraud,6.2
11109,445290,11191,2026-11-02,High,Confirmed Fraud,5.8
11110,445324,41732,2026-04-11,High,Closed - No Fraud,8.2
11111,445456,13494,2026-02-20,Medium,Closed - No Fraud,20.9
11112,445460,40044,2026-10-01,Low,Confirmed Fraud,6.8
11113,445498,43719,2026-01-02,Medium,Confirmed Fraud,32.5
11114,445511,33206,2025-06-12,High,Closed - No Fraud,6.2
11115,445570,49777,2026-09-13,Medium,Confirmed Fraud,8.7
11116,445615,30032,2025-06-25,High,Confirmed Fraud,6.2
11117,445652,19709,2026-09-17,Critical,Confirmed Fraud,3.9
11118,445703,36132,2025-02-22,Medium,Closed - No Fraud,25.1
11119,445708,171,2026-12-12,Critical,Under Review,12.5
11120,445720,32867,2025-04-02,High,Confirmed Fraud,6.0
11121,445756,37786,2026-06-08,Medium,Closed - No Fraud,7.8
11122,445781,30028,2025-05-24,High,False Positive,24.5
11123,445804,33029,2025-05-24,Critical,Under Review,7.7
11124,445837,21759,2026-06-28,High,Confirmed Fraud,21.3
11125,445840,5853,2025-09-11,Medium,Confirmed Fraud,6.1
11126,445924,28191,2026-10-17,High,Closed - No Fraud,60.5
11127,445981,14697,2025-05-24,Critical,Under Review,6.9
11128,446009,11655,2025-11-10,High,Confirmed Fraud,17.2
11129,446027,38308,2025-07-15,High,Under Review,21.9
11130,446049,39860,2025-10-05,High,Closed - No Fraud,10.9
11131,446204,7194,2025-11-22,High,Closed - No Fraud,15.6
11132,446224,30795,2026-08-08,High,Confirmed Fraud,25.2
11133,446236,12953,2025-10-29,High,Confirmed Fraud,8.4
11134,446310,33922,2025-11-16,High,Confirmed Fraud,24.8
11135,446333,48034,2025-01-01,Critical,Confirmed Fraud,7.7
11136,446345,16327,2026-03-19,High,Confirmed Fraud,1.6
11137,446346,39328,2025-09-12,Medium,False Positive,3.3
11138,446410,17262,2025-01-14,High,Confirmed Fraud,2.7
11139,446417,19582,2025-04-19,Critical,Confirmed Fraud,31.8
11140,446482,15269,2026-07-28,High,Confirmed Fraud,8.7
11141,446487,34863,2025-12-14,High,Confirmed Fraud,5.9
11142,446615,49912,2026-03-24,High,Confirmed Fraud,17.5
11143,446663,17315,2026-11-11,High,False Positive,25.8
11144,446695,41254,2025-03-27,High,Closed - No Fraud,21.6
11145,446699,30833,2025-10-23,Critical,Confirmed Fraud,11.7
11146,446728,36888,2025-08-16,Medium,Confirmed Fraud,33.5
11147,446737,24670,2026-08-03,High,Under Review,3.5
11148,446738,44945,2025-12-03,Low,Closed - No Fraud,5.6
11149,446748,19420,2025-07-15,Critical,Closed - No Fraud,29.5
11150,446815,19387,2025-09-30,Medium,Closed - No Fraud,18.0
11151,446875,25779,2025-03-15,High,Confirmed Fraud,22.3
11152,446894,12502,2025-03-14,Low,Under Review,8.3
11153,446918,27229,2025-01-14,Medium,Confirmed Fraud,19.0
11154,446956,8590,2025-08-31,High,Confirmed Fraud,34.2
11155,447001,14500,2025-10-27,High,Confirmed Fraud,52.2
11156,447031,30103,2025-04-26,High,Closed - No Fraud,9.7
11157,447180,43792,2026-08-26,High,Confirmed Fraud,12.8
11158,447270,35373,2025-09-11,Medium,Confirmed Fraud,9.2
11159,447302,50000,2026-04-20,Medium,Confirmed Fraud,16.7
11160,447324,8901,2026-07-20,High,False Positive,3.2
11161,447354,5788,2026-02-11,High,False Positive,13.4
11162,447377,41479,2025-06-07,Medium,Under Review,6.2
11163,447457,602,2025-10-19,High,Confirmed Fraud,6.6
11164,447522,36727,2025-09-17,High,Under Review,5.0
11165,447527,1101,2026-10-22,Medium,Confirmed Fraud,7.1
11166,447583,17972,2026-01-16,Medium,Confirmed Fraud,14.9
11167,447679,44321,2025-01-21,Critical,Confirmed Fraud,7.6
11168,447701,13713,2026-11-20,High,Confirmed Fraud,73.9
11169,447724,32462,2025-03-20,Low,Confirmed Fraud,11.6
11170,447772,3154,2025-10-11,Medium,Closed - No Fraud,18.2
11171,447797,38794,2025-01-08,Critical,Confirmed Fraud,8.1
11172,447881,18847,2025-04-19,Low,Closed - No Fraud,5.2
11173,447973,35413,2025-02-20,High,Confirmed Fraud,8.1
11174,447974,47149,2025-01-29,Critical,Confirmed Fraud,10.6
11175,448031,26031,2025-03-05,Medium,Confirmed Fraud,8.6
11176,448108,27995,2025-01-26,Medium,False Positive,16.8
11177,448199,7943,2026-08-27,High,Closed - No Fraud,3.1
11178,448202,14493,2025-08-15,High,Confirmed Fraud,8.6
11179,448210,47970,2025-03-25,Critical,False Positive,9.5
11180,448274,10983,2025-07-17,Medium,Confirmed Fraud,15.9
11181,448281,49821,2026-04-25,High,Confirmed Fraud,2.0
11182,448431,49560,2026-07-30,High,Closed - No Fraud,11.9
11183,448466,49496,2025-03-23,Medium,Under Review,9.6
11184,448525,22049,2026-06-01,High,False Positive,9.1
11185,448561,7307,2025-06-17,Low,Confirmed Fraud,7.0
11186,448576,39429,2025-07-22,Medium,Confirmed Fraud,33.8
11187,448641,32920,2026-05-18,Medium,Confirmed Fraud,12.6
11188,448693,29162,2026-11-10,Low,Confirmed Fraud,6.6
11189,448708,26905,2026-03-20,High,Confirmed Fraud,6.5
11190,448800,4064,2025-11-03,Medium,Confirmed Fraud,6.0
11191,448818,4287,2025-03-20,Medium,Confirmed Fraud,4.3
11192,448842,46263,2025-10-11,Low,Confirmed Fraud,15.9
11193,448917,9600,2026-12-07,High,Confirmed Fraud,11.3
11194,448970,37094,2026-10-31,Medium,Confirmed Fraud,11.9
11195,449011,31290,2025-09-21,Critical,Confirmed Fraud,12.0
11196,449025,33427,2026-02-12,High,False Positive,8.1
11197,449064,40764,2026-06-13,High,Closed - No Fraud,29.4
11198,449108,40254,2025-07-25,Low,Confirmed Fraud,12.8
11199,449119,41201,2025-06-06,Low,Confirmed Fraud,8.8
11200,449179,17386,2025-06-26,High,Confirmed Fraud,1.9
11201,449194,18578,2025-09-08,Medium,False Positive,13.0
11202,449225,1765,2025-12-18,Medium,Closed - No Fraud,10.3
11203,449246,31935,2025-05-13,Low,Confirmed Fraud,25.4
11204,449250,43834,2026-11-03,Medium,Confirmed Fraud,6.7
11205,449261,36916,2026-07-23,Critical,False Positive,25.5
11206,449294,38024,2025-04-17,High,Confirmed Fraud,5.0
11207,449317,1910,2025-07-07,High,Confirmed Fraud,16.1
11208,449357,851,2026-11-10,High,Confirmed Fraud,5.9
11209,449425,5336,2025-05-31,Medium,False Positive,57.5
11210,449446,4237,2025-10-20,High,Confirmed Fraud,9.5
11211,449572,12947,2025-05-25,High,Confirmed Fraud,12.2
11212,449606,20384,2025-01-04,High,Confirmed Fraud,16.8
11213,449615,33507,2025-02-02,Critical,Confirmed Fraud,11.3
11214,449712,20070,2025-09-10,High,Confirmed Fraud,40.7
11215,449722,21680,2026-07-18,High,Closed - No Fraud,13.8
11216,449744,26640,2025-01-04,Low,Confirmed Fraud,4.8
11217,449774,14909,2025-02-21,High,Confirmed Fraud,8.7
11218,449797,39534,2026-05-11,Medium,Confirmed Fraud,45.9
11219,449898,38710,2025-05-14,High,Closed - No Fraud,8.5
11220,449906,18111,2026-01-29,High,Confirmed Fraud,8.8
11221,449926,13599,2025-10-09,Critical,Confirmed Fraud,6.8
11222,449952,20776,2025-10-23,Low,Confirmed Fraud,8.3
11223,450011,47799,2025-01-09,Medium,Confirmed Fraud,7.9
11224,450027,1097,2026-12-02,High,False Positive,12.0
11225,450056,20221,2025-06-11,Medium,Confirmed Fraud,16.6
11226,450063,8747,2025-04-29,High,Confirmed Fraud,1.0
11227,450094,34574,2025-02-06,Low,Confirmed Fraud,11.1
11228,450128,38895,2025-04-14,Critical,Confirmed Fraud,14.4
11229,450208,41212,2025-03-09,High,Confirmed Fraud,10.2
11230,450301,1502,2026-04-15,Critical,Confirmed Fraud,12.6
11231,450303,44328,2026-02-23,High,Confirmed Fraud,20.5
11232,450394,24762,2025-04-19,Low,Confirmed Fraud,9.2
11233,450397,26729,2025-02-04,Medium,Under Review,3.8
11234,450424,47441,2026-04-17,Critical,False Positive,7.1
11235,450444,9625,2025-11-14,High,Closed - No Fraud,15.1
11236,450447,23175,2026-06-14,High,Confirmed Fraud,29.6
11237,450465,45360,2025-08-02,Low,Confirmed Fraud,7.1
11238,450478,5748,2025-01-25,Critical,Closed - No Fraud,4.2
11239,450609,19452,2025-07-25,High,Confirmed Fraud,9.3
11240,450769,29681,2025-09-26,Medium,Confirmed Fraud,4.3
11241,450770,16408,2025-05-06,High,Closed - No Fraud,15.1
11242,450776,10656,2025-08-29,Medium,Confirmed Fraud,7.1
11243,450799,29065,2026-11-01,Critical,Confirmed Fraud,11.0
11244,450891,18741,2025-03-13,Medium,Confirmed Fraud,16.2
11245,450896,14865,2026-02-26,High,Confirmed Fraud,17.2
11246,450949,15152,2026-08-08,Medium,False Positive,12.8
11247,450976,48927,2026-09-09,Medium,Confirmed Fraud,8.8
11248,451033,18168,2025-07-16,Low,Closed - No Fraud,26.0
11249,451040,43115,2025-12-19,High,Confirmed Fraud,19.1
11250,451058,35618,2025-12-03,High,Under Review,8.7
11251,451064,40633,2025-08-19,Medium,Confirmed Fraud,13.7
11252,451070,3422,2025-08-06,High,Confirmed Fraud,34.1
11253,451086,27482,2026-01-31,High,Confirmed Fraud,6.7
11254,451200,48711,2026-10-07,High,Closed - No Fraud,7.3
11255,451312,19957,2026-01-28,High,Confirmed Fraud,10.4
11256,451355,29091,2026-04-15,High,False Positive,7.8
11257,451366,337,2025-05-02,Critical,Closed - No Fraud,16.4
11258,451368,7787,2025-06-06,Medium,Confirmed Fraud,6.0
11259,451392,7637,2025-03-12,High,Confirmed Fraud,8.4
11260,451417,40115,2025-07-19,High,Confirmed Fraud,16.7
11261,451423,49149,2025-09-13,Low,Confirmed Fraud,25.2
11262,451496,31540,2026-10-22,Medium,Confirmed Fraud,14.8
11263,451621,11983,2025-03-20,High,Confirmed Fraud,9.4
11264,451688,7727,2026-04-29,Medium,Confirmed Fraud,45.9
11265,451756,6266,2025-11-23,High,Under Review,7.0
11266,451770,96,2025-12-21,Critical,False Positive,13.7
11267,451892,8113,2025-09-06,Critical,Confirmed Fraud,4.2
11268,451906,112,2025-03-27,Medium,Under Review,2.9
11269,451907,3929,2026-02-21,High,Confirmed Fraud,27.8
11270,451914,41686,2026-02-10,Medium,Confirmed Fraud,5.5
11271,452023,28798,2025-02-23,Medium,False Positive,32.6
11272,452037,21241,2025-06-23,Critical,Closed - No Fraud,4.8
11273,452128,34992,2025-03-11,Medium,Closed - No Fraud,3.0
11274,452150,38580,2026-10-02,Low,Closed - No Fraud,11.9
11275,452265,44596,2025-03-27,Critical,Confirmed Fraud,21.6
11276,452270,1073,2025-09-30,Medium,Closed - No Fraud,1.8
11277,452297,23053,2025-05-01,Medium,Confirmed Fraud,4.8
11278,452361,7187,2025-01-05,Medium,Confirmed Fraud,12.7
11279,452370,7291,2025-01-16,High,Closed - No Fraud,2.4
11280,452413,29565,2026-04-02,Medium,Closed - No Fraud,10.4
11281,452541,41718,2026-08-12,High,Closed - No Fraud,59.1
11282,452594,27869,2026-12-06,High,Confirmed Fraud,2.8
11283,452684,30257,2025-04-23,Low,Confirmed Fraud,13.7
11284,452755,6764,2026-06-02,High,Confirmed Fraud,2.2
11285,452758,16763,2025-04-15,Medium,Confirmed Fraud,12.6
11286,452918,35141,2025-12-11,Critical,Closed - No Fraud,6.4
11287,453002,28409,2025-11-05,Low,Confirmed Fraud,8.5
11288,453009,3314,2026-02-09,High,Under Review,18.8
11289,453051,10683,2025-02-15,High,Confirmed Fraud,10.6
11290,453088,48695,2025-10-01,Low,Confirmed Fraud,4.3
11291,453093,44254,2025-06-07,High,Confirmed Fraud,22.3
11292,453109,37321,2026-12-01,Medium,Confirmed Fraud,7.5
11293,453128,17386,2026-12-19,Low,Confirmed Fraud,10.3
11294,453269,42322,2026-03-15,High,False Positive,15.4
11295,453291,43006,2025-05-16,Low,Confirmed Fraud,21.6
11296,453325,10911,2025-02-27,Medium,Confirmed Fraud,82.1
11297,453342,38639,2025-05-26,High,Confirmed Fraud,11.6
11298,453377,16268,2025-05-13,High,Confirmed Fraud,4.8
11299,453412,30874,2026-12-20,High,False Positive,5.0
11300,453414,2371,2025-06-15,High,Confirmed Fraud,8.1
11301,453486,23368,2025-09-11,Critical,Confirmed Fraud,12.2
11302,453498,27674,2026-03-26,Medium,Under Review,35.4
11303,453615,7867,2026-01-17,Medium,Confirmed Fraud,12.8
11304,453641,36971,2026-11-16,High,Closed - No Fraud,9.4
11305,453887,11203,2025-12-01,High,Confirmed Fraud,21.6
11306,453953,649,2026-12-12,High,Confirmed Fraud,8.7
11307,454034,48260,2025-07-29,High,Confirmed Fraud,26.0
11308,454070,4536,2026-08-02,High,Confirmed Fraud,15.2
11309,454082,11218,2026-01-20,Low,Confirmed Fraud,15.4
11310,454298,4768,2025-02-01,Medium,Closed - No Fraud,23.1
11311,454309,33787,2025-04-14,High,Confirmed Fraud,7.0
11312,454347,36953,2026-10-31,High,False Positive,22.9
11313,454417,19895,2025-01-02,High,Under Review,22.9
11314,454440,24952,2025-11-29,Medium,Confirmed Fraud,26.3
11315,454456,18326,2026-08-29,High,Confirmed Fraud,8.4
11316,454519,17771,2026-11-02,High,Confirmed Fraud,21.7
11317,454527,48876,2026-06-19,High,Closed - No Fraud,11.0
11318,454532,28113,2025-02-14,High,Confirmed Fraud,13.7
11319,454570,45374,2026-04-09,Medium,Closed - No Fraud,38.7
11320,454631,41703,2025-05-03,Medium,Closed - No Fraud,66.7
11321,454653,19993,2025-09-28,Low,Confirmed Fraud,8.7
11322,454655,18063,2025-01-31,Critical,Confirmed Fraud,17.7
11323,454773,9584,2025-09-14,High,False Positive,11.5
11324,454785,46768,2025-09-02,Medium,Confirmed Fraud,5.4
11325,454809,18683,2025-03-08,High,Closed - No Fraud,5.6
11326,454874,38303,2025-03-12,Medium,Confirmed Fraud,46.9
11327,454969,24784,2025-07-31,High,Confirmed Fraud,22.9
11328,454985,13018,2025-12-23,High,Confirmed Fraud,7.5
11329,454992,11832,2025-12-05,Low,Confirmed Fraud,25.5
11330,455048,26310,2025-01-11,Low,Confirmed Fraud,28.0
11331,455084,32497,2025-12-28,High,Confirmed Fraud,8.0
11332,455149,38760,2026-11-09,Medium,Confirmed Fraud,8.5
11333,455189,9370,2025-11-29,High,Confirmed Fraud,9.0
11334,455219,38376,2025-06-14,Medium,Confirmed Fraud,15.8
11335,455221,32729,2025-06-07,Medium,Confirmed Fraud,4.2
11336,455252,22923,2025-03-21,Medium,Confirmed Fraud,14.9
11337,455310,17617,2025-02-12,Medium,Confirmed Fraud,25.2
11338,455329,21542,2025-04-05,High,Closed - No Fraud,60.2
11339,455380,46820,2026-05-28,Medium,Confirmed Fraud,6.6
11340,455417,24558,2026-08-31,High,Confirmed Fraud,10.8
11341,455420,49246,2026-06-16,High,Confirmed Fraud,9.8
11342,455443,15812,2025-10-27,Medium,Confirmed Fraud,15.3
11343,455597,18992,2026-11-11,Low,Confirmed Fraud,35.0
11344,455603,26763,2025-11-09,Medium,Confirmed Fraud,14.8
11345,455605,8450,2026-08-29,Critical,Confirmed Fraud,4.5
11346,455610,45244,2026-01-02,High,Confirmed Fraud,7.1
11347,455619,32216,2025-05-14,High,Closed - No Fraud,12.3
11348,455657,6261,2026-02-14,High,Closed - No Fraud,25.9
11349,455727,29878,2025-01-12,Low,Confirmed Fraud,11.8
11350,455823,19948,2026-08-10,Medium,Confirmed Fraud,17.8
11351,455892,49264,2025-01-05,High,Confirmed Fraud,19.7
11352,455893,26045,2025-01-10,Critical,Confirmed Fraud,15.4
11353,455920,8131,2026-03-17,High,False Positive,42.8
11354,455928,14775,2025-07-07,High,Confirmed Fraud,8.1
11355,455985,34060,2026-05-29,Critical,Confirmed Fraud,10.9
11356,456042,47745,2026-08-21,Medium,Confirmed Fraud,11.4
11357,456119,36809,2025-08-16,Medium,Confirmed Fraud,30.2
11358,456145,8856,2025-06-07,Medium,Closed - No Fraud,15.1
11359,456158,10222,2026-04-10,High,Confirmed Fraud,28.6
11360,456209,18636,2026-10-13,High,Confirmed Fraud,2.4
11361,456225,8674,2026-07-09,High,False Positive,12.2
11362,456295,20471,2026-07-26,Low,False Positive,18.7
11363,456313,10952,2026-11-19,High,Confirmed Fraud,3.0
11364,456329,17423,2025-01-02,High,Confirmed Fraud,6.8
11365,456389,17066,2026-02-28,Medium,Confirmed Fraud,11.7
11366,456502,23085,2025-11-17,Medium,False Positive,13.5
11367,456504,46414,2025-01-09,Medium,False Positive,10.5
11368,456524,20893,2025-01-17,Critical,Closed - No Fraud,9.4
11369,456528,29071,2026-10-16,High,Confirmed Fraud,7.9
11370,456556,10177,2025-01-28,High,Confirmed Fraud,4.2
11371,456594,33385,2025-11-16,Medium,Confirmed Fraud,42.4
11372,456603,11143,2026-04-20,Medium,Under Review,4.4
11373,456613,18394,2025-12-26,High,Confirmed Fraud,3.9
11374,456618,15404,2025-12-31,High,Confirmed Fraud,28.3
11375,456636,820,2025-11-09,High,Confirmed Fraud,7.5
11376,456652,36303,2025-12-10,Medium,Closed - No Fraud,6.7
11377,456681,25965,2026-04-11,Critical,Confirmed Fraud,5.9
11378,456710,11788,2026-12-15,Low,Closed - No Fraud,16.6
11379,456815,5602,2025-03-29,Medium,Closed - No Fraud,13.8
11380,456842,28804,2025-12-06,Medium,Under Review,5.1
11381,456868,25429,2025-04-05,High,Confirmed Fraud,11.3
11382,456873,37181,2026-08-10,Critical,Closed - No Fraud,10.7
11383,456880,15796,2025-02-09,Medium,Confirmed Fraud,20.1
11384,456957,11799,2025-01-29,Medium,Confirmed Fraud,6.9
11385,456968,41488,2026-02-26,Critical,Confirmed Fraud,3.8
11386,457043,43701,2025-01-16,Medium,Under Review,4.8
11387,457053,11039,2026-01-07,Medium,False Positive,33.3
11388,457060,424,2025-04-24,High,Confirmed Fraud,9.9
11389,457068,27095,2025-12-07,Critical,Confirmed Fraud,12.5
11390,457110,10633,2025-07-15,Medium,Confirmed Fraud,7.7
11391,457163,24720,2025-01-28,High,Confirmed Fraud,16.3
11392,457187,24061,2025-02-03,High,False Positive,3.3
11393,457190,4083,2026-09-30,High,Confirmed Fraud,14.5
11394,457193,13500,2025-05-06,Low,Confirmed Fraud,12.6
11395,457212,18997,2025-07-10,Medium,Confirmed Fraud,32.1
11396,457227,2623,2026-11-08,Low,Confirmed Fraud,6.7
11397,457291,29220,2025-12-20,High,Closed - No Fraud,10.5
11398,457304,33468,2025-10-17,Critical,False Positive,7.2
11399,457352,4952,2026-05-02,High,False Positive,13.8
11400,457358,28755,2025-08-28,Medium,Confirmed Fraud,62.5
11401,457387,12616,2025-06-26,High,Confirmed Fraud,46.4
11402,457426,2566,2025-02-04,Medium,Confirmed Fraud,3.6
11403,457447,26320,2025-10-03,High,Confirmed Fraud,9.1
11404,457457,31420,2026-10-20,Medium,Under Review,23.2
11405,457480,520,2025-01-26,Critical,Confirmed Fraud,4.8
11406,457495,43069,2026-10-07,Medium,Confirmed Fraud,14.9
11407,457504,17721,2025-08-13,Medium,Closed - No Fraud,25.7
11408,457529,432,2025-03-09,High,Confirmed Fraud,30.9
11409,457540,6232,2026-09-26,Medium,Confirmed Fraud,9.5
11410,457542,24538,2026-07-05,Medium,Confirmed Fraud,9.5
11411,457577,26592,2025-12-02,Medium,Confirmed Fraud,15.0
11412,457683,22154,2026-02-09,Low,Under Review,5.5
11413,457694,31226,2025-02-06,Critical,Confirmed Fraud,7.0
11414,457708,37256,2025-04-23,High,Closed - No Fraud,19.7
11415,457786,26333,2026-12-14,High,Confirmed Fraud,2.2
11416,457817,43663,2026-01-10,High,Confirmed Fraud,3.2
11417,457869,31099,2025-12-30,High,Closed - No Fraud,12.1
11418,457933,3829,2025-03-30,Medium,Confirmed Fraud,20.0
11419,457935,8800,2025-03-10,Low,Confirmed Fraud,13.4
11420,457953,49130,2025-05-16,High,Closed - No Fraud,12.1
11421,457981,12068,2025-12-26,Medium,Confirmed Fraud,14.8
11422,457986,7756,2025-11-11,Medium,False Positive,26.0
11423,458013,45582,2025-09-23,High,False Positive,19.5
11424,458076,23843,2025-01-05,High,Confirmed Fraud,19.4
11425,458173,47491,2026-09-20,High,False Positive,2.7
11426,458221,29457,2025-01-30,Medium,Confirmed Fraud,12.4
11427,458248,31385,2025-05-29,Critical,Confirmed Fraud,8.0
11428,458256,17110,2025-01-11,High,Confirmed Fraud,4.6
11429,458257,44027,2026-06-23,High,Confirmed Fraud,8.1
11430,458277,32012,2025-11-07,High,Confirmed Fraud,23.5
11431,458395,43402,2026-03-12,High,Closed - No Fraud,26.6
11432,458429,33816,2025-02-16,Medium,Closed - No Fraud,24.8
11433,458438,23883,2025-07-18,Medium,Under Review,10.1
11434,458445,30839,2026-10-18,Critical,Closed - No Fraud,11.6
11435,458453,45293,2026-03-09,Low,Confirmed Fraud,65.6
11436,458457,49839,2026-04-22,Critical,Closed - No Fraud,9.3
11437,458499,14423,2025-07-01,Low,Confirmed Fraud,11.6
11438,458504,33109,2026-09-13,High,Confirmed Fraud,12.2
11439,458513,29721,2025-03-21,High,Confirmed Fraud,24.6
11440,458515,48165,2025-04-13,Medium,Confirmed Fraud,30.4
11441,458542,3539,2025-01-02,Critical,Confirmed Fraud,11.8
11442,458641,27128,2025-06-29,High,Confirmed Fraud,14.7
11443,458653,6752,2025-08-08,Medium,Confirmed Fraud,11.1
11444,458756,20551,2026-04-08,Low,Confirmed Fraud,14.5
11445,458798,30662,2026-04-30,Critical,Closed - No Fraud,12.4
11446,458817,23635,2026-03-27,Medium,Confirmed Fraud,10.8
11447,458859,18898,2025-06-09,High,Confirmed Fraud,6.8
11448,458868,25193,2025-04-21,Critical,Confirmed Fraud,14.8
11449,458879,1163,2025-06-07,High,Confirmed Fraud,2.4
11450,458890,27782,2026-03-12,High,Confirmed Fraud,6.6
11451,458930,7337,2025-01-08,Critical,Confirmed Fraud,12.4
11452,458940,23240,2026-12-28,Medium,Confirmed Fraud,11.6
11453,459001,30309,2026-01-21,Low,Confirmed Fraud,4.5
11454,459140,504,2026-05-13,Low,Confirmed Fraud,5.8
11455,459281,24921,2025-08-23,Critical,Closed - No Fraud,9.2
11456,459294,26024,2025-10-15,Critical,Confirmed Fraud,16.1
11457,459343,26195,2026-04-28,Medium,False Positive,5.9
11458,459370,18115,2025-09-09,Medium,Closed - No Fraud,17.8
11459,459375,19187,2026-01-28,High,Confirmed Fraud,2.9
11460,459412,12154,2025-05-09,High,Closed - No Fraud,13.9
11461,459429,35606,2026-04-16,Low,Confirmed Fraud,17.5
11462,459473,30176,2025-05-25,High,Confirmed Fraud,9.4
11463,459566,22071,2025-02-24,Low,Confirmed Fraud,7.7
11464,459594,30809,2025-05-11,High,False Positive,21.1
11465,459595,15262,2025-08-20,High,Confirmed Fraud,7.2
11466,459699,17933,2025-04-08,High,Under Review,3.2
11467,459750,33915,2025-06-04,High,Closed - No Fraud,10.8
11468,459803,10136,2026-01-06,Low,Confirmed Fraud,5.3
11469,459871,1515,2026-02-20,Critical,Confirmed Fraud,10.3
11470,459886,8696,2025-08-18,Medium,Under Review,7.1
11471,459890,1236,2026-09-23,Low,Confirmed Fraud,6.9
11472,459944,38637,2026-09-03,High,Closed - No Fraud,40.2
11473,460018,13965,2025-02-26,Low,Confirmed Fraud,6.3
11474,460103,2253,2026-06-12,Medium,Confirmed Fraud,7.6
11475,460123,28195,2026-12-11,Low,Confirmed Fraud,32.9
11476,460135,7469,2026-07-21,High,Confirmed Fraud,11.9
11477,460140,28534,2025-02-22,Critical,Confirmed Fraud,3.8
11478,460187,19852,2025-08-09,High,Under Review,4.7
11479,460213,38044,2026-03-12,High,Confirmed Fraud,6.5
11480,460221,21315,2025-01-25,Medium,Confirmed Fraud,11.0
11481,460250,18302,2025-12-05,Low,Confirmed Fraud,5.3
11482,460261,24075,2025-02-08,High,Confirmed Fraud,5.7
11483,460293,19471,2026-03-31,Medium,Confirmed Fraud,12.3
11484,460294,37699,2026-12-04,High,Closed - No Fraud,4.3
11485,460340,13572,2025-06-29,Medium,False Positive,8.0
11486,460374,16117,2025-10-16,Critical,Confirmed Fraud,7.6
11487,460470,7935,2025-04-29,Medium,Confirmed Fraud,46.1
11488,460482,5797,2026-09-08,High,Under Review,10.4
11489,460509,20193,2025-07-15,Low,Confirmed Fraud,4.3
11490,460589,36757,2025-01-20,Low,Confirmed Fraud,3.5
11491,460606,29897,2025-05-21,High,Confirmed Fraud,6.5
11492,460608,21925,2025-12-25,Medium,Closed - No Fraud,5.7
11493,460663,29137,2026-05-08,High,False Positive,13.1
11494,460679,8631,2025-08-01,High,Confirmed Fraud,20.2
11495,460797,35858,2026-05-05,Medium,Confirmed Fraud,50.0
11496,460799,18399,2025-03-03,Critical,Confirmed Fraud,19.2
11497,460889,3603,2025-01-27,Medium,Under Review,33.4
11498,460905,27797,2025-04-09,Low,Confirmed Fraud,7.0
11499,460917,39013,2026-11-12,High,Closed - No Fraud,4.8
11500,460970,37837,2025-02-01,Critical,Confirmed Fraud,7.8
11501,461020,27236,2026-03-22,High,Confirmed Fraud,18.1
11502,461123,26921,2025-06-08,High,Under Review,3.6
11503,461222,38520,2025-05-21,Critical,Confirmed Fraud,12.7
11504,461255,31287,2026-05-30,Low,Confirmed Fraud,6.7
11505,461297,40462,2025-04-24,Low,Confirmed Fraud,33.9
11506,461325,23007,2025-07-23,Medium,False Positive,6.6
11507,461349,11545,2025-07-21,High,Closed - No Fraud,12.4
11508,461390,32022,2026-05-07,High,Confirmed Fraud,31.0
11509,461440,38536,2026-01-12,High,Confirmed Fraud,1.9
11510,461444,39323,2025-03-11,Medium,Confirmed Fraud,33.0
11511,461536,26105,2025-12-17,High,False Positive,16.9
11512,461568,15096,2025-11-04,High,Confirmed Fraud,2.0
11513,461569,7157,2025-05-02,High,Confirmed Fraud,15.7
11514,461591,1856,2025-01-24,Medium,Confirmed Fraud,3.6
11515,461675,43703,2025-03-16,High,Under Review,2.3
11516,461707,1428,2025-04-21,Medium,Confirmed Fraud,16.4
11517,461731,46374,2025-10-28,High,Under Review,1.7
11518,461826,23005,2026-03-07,Critical,Confirmed Fraud,23.9
11519,461854,5749,2025-02-21,Critical,Confirmed Fraud,2.2
11520,461958,42241,2025-10-12,High,Confirmed Fraud,2.7
11521,461963,2285,2025-10-23,High,Confirmed Fraud,23.3
11522,461979,46,2026-06-03,Medium,Confirmed Fraud,13.6
11523,461996,18570,2026-04-30,Medium,Confirmed Fraud,11.9
11524,462015,25665,2025-06-04,Medium,False Positive,29.8
11525,462029,3097,2025-07-22,Critical,Confirmed Fraud,29.8
11526,462082,36954,2025-11-02,Medium,Closed - No Fraud,16.5
11527,462083,34116,2025-08-21,Critical,Confirmed Fraud,13.8
11528,462098,38405,2025-02-09,Medium,Closed - No Fraud,9.7
11529,462121,48587,2025-07-21,Medium,Closed - No Fraud,9.9
11530,462129,37249,2025-07-05,Medium,Confirmed Fraud,21.0
11531,462190,31537,2025-07-15,High,Closed - No Fraud,10.9
11532,462235,6483,2025-07-21,Medium,Closed - No Fraud,13.6
11533,462248,714,2026-02-10,High,Closed - No Fraud,8.1
11534,462266,49924,2025-05-25,Medium,Confirmed Fraud,4.3
11535,462368,36226,2026-10-07,High,Confirmed Fraud,11.6
11536,462425,37333,2025-09-10,Critical,Confirmed Fraud,5.9
11537,462456,15748,2025-08-22,High,Confirmed Fraud,15.0
11538,462541,33622,2025-06-23,High,Under Review,8.0
11539,462545,24779,2025-02-20,High,Confirmed Fraud,22.6
11540,462566,32015,2025-01-08,Critical,Confirmed Fraud,6.2
11541,462650,41112,2025-01-20,Critical,Confirmed Fraud,19.1
11542,462694,20918,2025-04-07,High,Closed - No Fraud,3.3
11543,462721,33445,2025-07-14,Medium,Confirmed Fraud,6.9
11544,462767,21476,2025-05-01,Medium,Closed - No Fraud,13.0
11545,462818,24751,2026-03-26,Low,Confirmed Fraud,4.6
11546,462853,23901,2025-08-05,High,Confirmed Fraud,6.8
11547,462977,48740,2025-11-19,High,Confirmed Fraud,22.6
11548,462992,34856,2025-05-24,Medium,Under Review,11.8
11549,462994,28255,2026-06-01,High,Confirmed Fraud,11.8
11550,463034,18193,2025-09-11,Medium,Confirmed Fraud,5.3
11551,463049,24044,2025-02-07,High,Closed - No Fraud,5.5
11552,463056,12187,2026-02-24,Low,Confirmed Fraud,9.3
11553,463095,47174,2026-03-29,High,Confirmed Fraud,40.4
11554,463103,35245,2026-06-08,High,Confirmed Fraud,11.9
11555,463216,19451,2025-08-24,Low,Confirmed Fraud,2.9
11556,463219,19527,2025-12-26,Low,Confirmed Fraud,9.4
11557,463221,14514,2025-01-14,High,Closed - No Fraud,14.2
11558,463224,9872,2026-08-26,Medium,Confirmed Fraud,25.7
11559,463350,5359,2025-04-21,Medium,Confirmed Fraud,4.2
11560,463364,5266,2025-05-12,Medium,Confirmed Fraud,9.0
11561,463399,8359,2025-04-25,High,Confirmed Fraud,4.0
11562,463413,35401,2026-07-25,Medium,Closed - No Fraud,3.0
11563,463586,1969,2026-01-24,Critical,Confirmed Fraud,20.4
11564,463626,22027,2026-08-03,High,Confirmed Fraud,34.3
11565,463668,39228,2026-12-28,Low,Confirmed Fraud,2.6
11566,463691,15082,2025-12-03,Medium,Confirmed Fraud,7.4
11567,463748,34037,2025-10-08,Medium,Confirmed Fraud,20.3
11568,463806,23303,2025-04-16,Medium,Confirmed Fraud,2.8
11569,463855,21246,2026-10-19,Low,Closed - No Fraud,3.2
11570,463914,47405,2026-01-31,Medium,Confirmed Fraud,7.0
11571,463932,42111,2025-01-26,Critical,Closed - No Fraud,7.8
11572,463963,49921,2025-09-04,High,Closed - No Fraud,7.5
11573,464019,10693,2025-12-16,Medium,Confirmed Fraud,2.7
11574,464030,7397,2026-03-21,Low,Confirmed Fraud,7.9
11575,464073,6851,2025-09-13,Medium,Confirmed Fraud,8.3
11576,464151,8250,2025-07-08,Critical,Confirmed Fraud,21.3
11577,464182,26134,2025-05-07,High,False Positive,5.7
11578,464184,48395,2026-08-29,Medium,Confirmed Fraud,14.1
11579,464235,19098,2026-06-18,Medium,Confirmed Fraud,17.9
11580,464291,17779,2026-01-25,Medium,Confirmed Fraud,5.9
11581,464303,10626,2026-12-17,Critical,Confirmed Fraud,15.9
11582,464369,44415,2026-12-16,High,Confirmed Fraud,5.1
11583,464387,10969,2025-05-03,Medium,Confirmed Fraud,65.0
11584,464403,22909,2025-04-27,High,Confirmed Fraud,8.3
11585,464568,30766,2026-06-27,Medium,Confirmed Fraud,10.0
11586,464619,38500,2026-08-18,Medium,Confirmed Fraud,15.6
11587,464659,11082,2025-07-12,Medium,Closed - No Fraud,11.0
11588,464744,41318,2025-09-08,Critical,Confirmed Fraud,10.1
11589,464785,43785,2026-04-02,High,Confirmed Fraud,8.6
11590,464803,5256,2026-11-23,High,Closed - No Fraud,8.6
11591,464826,8757,2026-07-04,Medium,Confirmed Fraud,4.4
11592,464936,36165,2025-10-11,High,Closed - No Fraud,3.1
11593,465131,8650,2026-11-06,Medium,False Positive,10.1
11594,465145,27447,2026-10-04,Medium,Closed - No Fraud,16.1
11595,465152,48240,2026-07-31,High,Closed - No Fraud,15.4
11596,465154,8902,2025-07-17,Low,Confirmed Fraud,74.2
11597,465189,4667,2026-02-04,High,Confirmed Fraud,10.2
11598,465192,2397,2025-07-10,High,False Positive,15.4
11599,465193,35291,2025-11-03,High,Confirmed Fraud,11.9
11600,465206,2925,2025-10-23,Low,Confirmed Fraud,13.4
11601,465221,39590,2025-05-13,High,Under Review,6.8
11602,465237,22918,2025-02-05,High,Confirmed Fraud,8.4
11603,465248,25200,2025-12-31,Medium,Under Review,20.2
11604,465255,4475,2025-07-08,Medium,False Positive,8.5
11605,465279,5791,2026-01-03,Medium,Confirmed Fraud,3.7
11606,465301,6379,2026-01-14,High,Confirmed Fraud,17.0
11607,465308,34088,2025-08-07,Medium,Confirmed Fraud,5.0
11608,465465,9326,2025-09-22,Critical,Confirmed Fraud,21.6
11609,465704,5826,2026-06-09,Medium,Closed - No Fraud,15.4
11610,465815,13118,2025-03-04,Medium,Confirmed Fraud,4.2
11611,465893,11410,2026-09-25,High,Confirmed Fraud,4.9
11612,465958,18049,2025-12-29,Medium,Confirmed Fraud,26.2
11613,466012,8228,2026-03-20,Medium,False Positive,11.7
11614,466075,45563,2025-02-09,High,Closed - No Fraud,25.2
11615,466136,45879,2026-06-21,High,Closed - No Fraud,4.8
11616,466145,16624,2025-05-08,Low,Confirmed Fraud,7.3
11617,466179,14572,2025-07-27,High,False Positive,35.4
11618,466193,28382,2025-09-14,Critical,Confirmed Fraud,12.8
11619,466240,12186,2025-11-15,High,Confirmed Fraud,5.8
11620,466241,22304,2026-01-16,High,Under Review,2.6
11621,466250,34316,2026-02-19,High,Closed - No Fraud,20.5
11622,466260,36407,2025-04-20,Low,Confirmed Fraud,30.2
11623,466368,41301,2025-03-28,High,Confirmed Fraud,15.4
11624,466380,37445,2026-05-08,Low,False Positive,83.5
11625,466391,37922,2025-12-02,High,Closed - No Fraud,5.8
11626,466475,271,2025-08-06,High,Confirmed Fraud,10.5
11627,466585,29407,2025-10-14,High,Confirmed Fraud,57.8
11628,466682,6557,2026-10-11,High,Confirmed Fraud,60.6
11629,466747,32195,2026-10-02,Low,Under Review,33.3
11630,466771,46419,2025-08-09,High,Confirmed Fraud,15.7
11631,466774,44859,2025-06-21,Low,False Positive,3.3
11632,466793,36852,2026-07-08,High,Closed - No Fraud,25.9
11633,466953,35773,2025-04-30,High,Confirmed Fraud,3.2
11634,466956,47986,2025-01-12,Medium,Confirmed Fraud,13.5
11635,467066,32421,2025-06-02,Critical,Confirmed Fraud,36.2
11636,467099,26455,2025-07-28,Medium,Confirmed Fraud,10.8
11637,467101,44105,2026-11-23,Medium,Confirmed Fraud,57.1
11638,467104,4364,2026-12-21,Critical,Confirmed Fraud,2.6
11639,467201,32528,2026-01-06,High,False Positive,5.3
11640,467329,19358,2026-12-30,Medium,Confirmed Fraud,4.9
11641,467335,47762,2025-06-01,Critical,Confirmed Fraud,2.1
11642,467363,8165,2025-12-11,Critical,Confirmed Fraud,20.1
11643,467432,7524,2026-02-01,High,Closed - No Fraud,12.1
11644,467442,3504,2026-08-01,Medium,Confirmed Fraud,6.2
11645,467539,13618,2026-09-20,Medium,False Positive,6.6
11646,467551,15956,2025-03-28,Medium,Confirmed Fraud,11.1
11647,467571,16165,2026-02-01,High,Confirmed Fraud,15.9
11648,467591,17954,2026-11-13,Medium,Closed - No Fraud,5.2
11649,467660,12502,2026-03-18,High,False Positive,16.5
11650,467671,36051,2026-10-08,Critical,Under Review,9.2
11651,467688,19636,2026-01-18,Low,Under Review,9.9
11652,467722,26579,2026-09-24,Critical,Closed - No Fraud,2.5
11653,467725,3812,2025-12-19,Medium,Confirmed Fraud,3.4
11654,467765,39092,2026-10-28,Medium,Confirmed Fraud,7.0
11655,467995,6158,2026-09-29,High,False Positive,2.3
11656,468035,42213,2025-05-21,High,Confirmed Fraud,10.9
11657,468047,10490,2025-12-19,High,Under Review,8.3
11658,468085,20900,2026-10-07,Critical,Confirmed Fraud,34.5
11659,468093,34718,2025-03-05,High,Confirmed Fraud,18.2
11660,468220,18094,2025-02-17,Critical,Confirmed Fraud,4.6
11661,468225,49984,2025-04-21,Critical,Confirmed Fraud,8.2
11662,468283,29396,2026-07-11,Critical,Confirmed Fraud,4.9
11663,468373,47872,2026-10-04,Critical,Confirmed Fraud,8.3
11664,468410,36956,2026-12-29,Critical,Confirmed Fraud,26.7
11665,468437,12344,2025-12-01,Medium,Confirmed Fraud,2.2
11666,468452,4921,2025-04-04,Medium,Under Review,6.5
11667,468471,39345,2026-10-28,Low,Confirmed Fraud,10.6
11668,468494,39269,2025-09-01,High,Confirmed Fraud,12.0
11669,468541,36576,2025-07-14,Medium,False Positive,17.3
11670,468572,46738,2026-07-24,Medium,Closed - No Fraud,24.6
11671,468601,34524,2025-04-12,Low,Confirmed Fraud,19.1
11672,468672,36681,2026-10-27,High,Confirmed Fraud,6.0
11673,468694,48853,2025-12-21,Medium,Confirmed Fraud,20.5
11674,468720,4324,2025-02-28,Critical,False Positive,64.5
11675,468722,24507,2026-05-13,Medium,Closed - No Fraud,23.8
11676,468755,24063,2025-10-07,High,Closed - No Fraud,12.1
11677,468793,3082,2025-07-06,Medium,Confirmed Fraud,54.7
11678,468826,47988,2025-01-26,Low,False Positive,10.7
11679,468913,39717,2025-04-23,High,Confirmed Fraud,41.3
11680,468933,10581,2025-03-03,Critical,Confirmed Fraud,16.0
11681,468968,2306,2025-06-10,High,Confirmed Fraud,23.3
11682,468989,3395,2026-01-30,Medium,Confirmed Fraud,7.8
11683,469009,30432,2026-04-22,High,Confirmed Fraud,2.9
11684,469019,1570,2025-01-22,Critical,Confirmed Fraud,3.8
11685,469055,5179,2025-04-07,High,Under Review,1.4
11686,469140,26405,2025-01-27,High,Confirmed Fraud,3.8
11687,469145,32846,2025-10-16,High,Confirmed Fraud,7.3
11688,469169,10015,2025-03-04,High,Confirmed Fraud,4.3
11689,469202,31268,2025-05-04,High,False Positive,21.0
11690,469289,18652,2025-06-15,High,Under Review,16.5
11691,469298,32750,2025-12-14,High,False Positive,7.1
11692,469384,26691,2025-05-10,Medium,Confirmed Fraud,9.6
11693,469452,37113,2025-02-19,Critical,Confirmed Fraud,3.6
11694,469456,46356,2026-03-08,Medium,Confirmed Fraud,4.5
11695,469529,43276,2025-03-31,Medium,Closed - No Fraud,18.0
11696,469609,26837,2025-03-23,Critical,Confirmed Fraud,33.9
11697,469670,9956,2025-11-18,High,Confirmed Fraud,4.2
11698,469678,42253,2026-03-25,Critical,Confirmed Fraud,2.3
11699,469680,19835,2025-03-21,Medium,Confirmed Fraud,5.0
11700,469703,5259,2025-03-10,Medium,Under Review,3.2
11701,469826,15704,2026-06-23,High,Confirmed Fraud,5.5
11702,469885,17808,2026-10-09,Medium,Closed - No Fraud,4.0
11703,469960,41269,2025-11-23,Medium,Confirmed Fraud,4.7
11704,469970,4914,2025-02-02,Medium,Confirmed Fraud,12.3
11705,469990,24128,2026-12-17,High,Closed - No Fraud,19.2
11706,470013,37618,2026-12-01,High,Confirmed Fraud,2.8
11707,470023,46888,2026-03-23,High,False Positive,5.1
11708,470025,4997,2026-09-11,Critical,Confirmed Fraud,9.6
11709,470077,466,2025-07-07,Medium,Confirmed Fraud,10.5
11710,470131,17251,2025-07-16,Low,Closed - No Fraud,14.7
11711,470134,35195,2026-08-30,High,Confirmed Fraud,15.4
11712,470171,14575,2025-05-26,High,Confirmed Fraud,26.1
11713,470177,969,2026-11-13,Critical,Confirmed Fraud,15.8
11714,470238,7464,2025-07-06,Medium,Confirmed Fraud,9.5
11715,470249,31197,2026-05-20,High,Confirmed Fraud,24.5
11716,470251,6769,2026-09-28,Low,Confirmed Fraud,3.2
11717,470259,33290,2025-02-20,Medium,Under Review,4.1
11718,470357,49704,2026-08-15,High,False Positive,5.7
11719,470379,35556,2025-10-23,Medium,Under Review,19.1
11720,470408,17977,2026-05-28,High,Under Review,19.7
11721,470430,22990,2025-12-27,High,Confirmed Fraud,3.9
11722,470445,9926,2026-08-20,High,Confirmed Fraud,5.0
11723,470490,29377,2026-12-26,High,Confirmed Fraud,67.2
11724,470535,30476,2025-08-16,Medium,Closed - No Fraud,5.4
11725,470541,14887,2026-05-28,High,Confirmed Fraud,6.7
11726,470638,39912,2025-09-25,Medium,Confirmed Fraud,16.5
11727,470648,31581,2026-12-26,High,Confirmed Fraud,29.3
11728,470676,1946,2026-01-03,Critical,Confirmed Fraud,25.1
11729,470705,46958,2026-02-13,Medium,Confirmed Fraud,23.8
11730,470789,14386,2025-07-23,Medium,False Positive,6.0
11731,470791,2603,2025-02-13,High,Confirmed Fraud,26.7
11732,470816,40697,2026-06-17,High,False Positive,19.4
11733,470849,25992,2025-12-29,High,Confirmed Fraud,6.0
11734,470897,4792,2025-11-06,Medium,Confirmed Fraud,13.2
11735,470907,22579,2025-01-12,Critical,Confirmed Fraud,15.6
11736,470945,36128,2025-10-21,Medium,Confirmed Fraud,13.7
11737,470960,21744,2026-11-08,Medium,Confirmed Fraud,16.7
11738,470963,15734,2026-05-28,High,Closed - No Fraud,12.0
11739,470981,27885,2025-05-22,High,Confirmed Fraud,11.8
11740,470995,15324,2025-11-24,Critical,Closed - No Fraud,17.4
11741,471038,26740,2026-08-04,Medium,Confirmed Fraud,8.2
11742,471077,15855,2026-03-23,High,Confirmed Fraud,20.2
11743,471107,17213,2025-02-26,High,Confirmed Fraud,8.7
11744,471150,4387,2025-11-11,High,Under Review,8.3
11745,471151,10053,2026-12-28,High,False Positive,39.9
11746,471188,48907,2025-06-06,Medium,Confirmed Fraud,4.5
11747,471202,42559,2025-04-09,Critical,Confirmed Fraud,6.6
11748,471207,43313,2025-04-30,High,Confirmed Fraud,8.8
11749,471231,4462,2026-04-10,Low,Confirmed Fraud,15.5
11750,471240,43043,2025-01-18,Critical,Under Review,1.8
11751,471388,19182,2026-02-27,Low,Closed - No Fraud,20.8
11752,471396,1093,2025-03-05,Critical,Confirmed Fraud,9.4
11753,471492,8906,2025-04-18,Low,Closed - No Fraud,65.4
11754,471522,48510,2025-11-05,Medium,Confirmed Fraud,14.0
11755,471538,9431,2026-11-23,Medium,Confirmed Fraud,19.2
11756,471586,25698,2026-12-24,Critical,Confirmed Fraud,8.7
11757,471618,46398,2025-02-20,Critical,Under Review,62.4
11758,471679,11277,2025-06-18,Low,Confirmed Fraud,9.9
11759,471700,45128,2025-10-08,Low,Confirmed Fraud,54.3
11760,471802,29132,2025-06-02,Critical,Confirmed Fraud,17.4
11761,471828,1621,2025-01-13,Medium,Confirmed Fraud,12.6
11762,471875,17754,2025-10-29,Medium,Confirmed Fraud,9.1
11763,471913,45523,2026-05-21,Low,Confirmed Fraud,33.9
11764,471967,29594,2026-08-03,High,Confirmed Fraud,10.2
11765,471992,38810,2025-05-02,Medium,Confirmed Fraud,6.3
11766,472094,43226,2026-08-29,Low,Closed - No Fraud,13.6
11767,472201,1620,2026-03-16,High,Confirmed Fraud,3.5
11768,472308,41680,2025-03-14,High,Closed - No Fraud,7.1
11769,472482,40,2025-12-29,Medium,Confirmed Fraud,20.4
11770,472561,14132,2025-03-30,Medium,Confirmed Fraud,26.7
11771,472598,12070,2026-09-11,Medium,Confirmed Fraud,2.7
11772,472636,2779,2025-09-06,Critical,Confirmed Fraud,8.4
11773,472663,29209,2026-10-25,Medium,Confirmed Fraud,61.3
11774,472698,40199,2025-09-14,Critical,Closed - No Fraud,5.8
11775,472715,13743,2026-07-15,Medium,Confirmed Fraud,17.8
11776,472719,36377,2025-08-10,High,Confirmed Fraud,28.1
11777,472863,10043,2026-10-26,Low,Confirmed Fraud,5.1
11778,472878,17054,2025-03-06,Medium,Confirmed Fraud,4.0
11779,472883,34980,2026-02-06,High,Confirmed Fraud,5.0
11780,472952,12514,2025-05-15,Critical,False Positive,13.4
11781,473011,5299,2025-06-09,Medium,Confirmed Fraud,2.9
11782,473034,34738,2025-07-09,High,Confirmed Fraud,50.8
11783,473081,14878,2026-07-07,Medium,Confirmed Fraud,34.3
11784,473108,16841,2026-12-22,Medium,Confirmed Fraud,20.9
11785,473125,43757,2025-03-16,High,Confirmed Fraud,29.5
11786,473128,45889,2025-08-04,High,Confirmed Fraud,5.6
11787,473189,14780,2025-07-08,Medium,Confirmed Fraud,44.4
11788,473192,48515,2025-05-17,High,Confirmed Fraud,7.5
11789,473372,25179,2025-07-21,High,Confirmed Fraud,10.2
11790,473386,1534,2025-05-29,Critical,Confirmed Fraud,10.2
11791,473418,1537,2025-09-26,Medium,Confirmed Fraud,11.3
11792,473441,33065,2025-03-19,High,Confirmed Fraud,27.4
11793,473453,31138,2025-06-02,High,Closed - No Fraud,12.1
11794,473482,23124,2026-06-05,Medium,Closed - No Fraud,7.1
11795,473516,45020,2025-07-08,Medium,Confirmed Fraud,13.6
11796,473557,22504,2025-08-11,Medium,Confirmed Fraud,17.1
11797,473558,26166,2025-04-07,High,Confirmed Fraud,5.3
11798,473601,2359,2026-01-25,High,False Positive,6.2
11799,473864,714,2025-10-28,Low,Under Review,11.5
11800,473888,9603,2026-03-02,Medium,Confirmed Fraud,11.8
11801,473890,459,2025-04-21,High,Confirmed Fraud,4.8
11802,473963,12690,2025-05-04,Low,Confirmed Fraud,20.4
11803,473972,30714,2026-01-20,High,Confirmed Fraud,3.8
11804,474008,592,2026-12-28,Medium,Confirmed Fraud,14.4
11805,474042,30203,2026-09-22,High,Confirmed Fraud,52.2
11806,474051,30280,2026-09-21,High,Closed - No Fraud,15.8
11807,474081,49080,2025-06-01,Medium,Confirmed Fraud,6.6
11808,474084,43545,2025-03-26,High,Confirmed Fraud,7.4
11809,474200,43116,2026-10-29,High,Confirmed Fraud,7.8
11810,474235,28884,2025-10-11,High,Confirmed Fraud,9.4
11811,474270,34682,2026-09-27,Low,Confirmed Fraud,15.2
11812,474354,18196,2025-07-30,High,Under Review,4.0
11813,474397,9969,2026-12-28,High,Confirmed Fraud,4.3
11814,474413,40939,2025-05-07,High,Confirmed Fraud,2.8
11815,474458,42400,2026-06-06,Medium,Under Review,4.5
11816,474536,47735,2025-06-27,Medium,Confirmed Fraud,15.1
11817,474553,37524,2026-03-26,High,Under Review,11.5
11818,474563,37954,2026-10-08,High,Confirmed Fraud,11.4
11819,474615,40238,2026-08-02,Critical,Under Review,4.3
11820,474657,2418,2025-12-04,High,False Positive,31.8
11821,474718,13162,2025-03-24,Medium,Under Review,9.1
11822,474781,46595,2026-03-09,Low,Confirmed Fraud,15.9
11823,474799,7667,2026-03-15,Low,Confirmed Fraud,22.3
11824,474803,791,2025-03-22,Medium,Closed - No Fraud,2.5
11825,474901,34608,2025-12-07,Medium,Under Review,14.1
11826,474960,46057,2025-08-25,High,Confirmed Fraud,5.4
11827,474988,29324,2026-06-28,Medium,False Positive,20.2
11828,474990,41437,2025-10-24,Low,Closed - No Fraud,5.4
11829,475016,25226,2025-02-15,Critical,Confirmed Fraud,39.5
11830,475064,37407,2025-01-16,Critical,False Positive,3.1
11831,475108,2450,2025-09-24,High,Confirmed Fraud,2.0
11832,475122,7115,2026-06-26,High,Confirmed Fraud,5.5
11833,475185,1831,2026-11-19,Critical,Confirmed Fraud,108.0
11834,475253,1426,2026-01-10,High,Under Review,4.0
11835,475273,47223,2026-02-02,High,Confirmed Fraud,32.6
11836,475299,10127,2026-09-27,High,Under Review,4.6
11837,475302,40248,2026-12-25,Medium,Confirmed Fraud,8.2
11838,475345,32573,2026-08-02,High,False Positive,7.0
11839,475357,18312,2025-01-11,Critical,Confirmed Fraud,61.4
11840,475377,49382,2025-12-10,Medium,Confirmed Fraud,3.4
11841,475398,35219,2025-02-11,Critical,Confirmed Fraud,9.8
11842,475409,18584,2026-05-22,High,False Positive,3.6
11843,475451,7187,2026-10-19,Medium,Confirmed Fraud,6.6
11844,475486,44207,2026-10-21,Medium,Confirmed Fraud,41.0
11845,475498,16388,2025-04-09,High,Confirmed Fraud,22.2
11846,475512,17011,2026-06-18,Medium,Confirmed Fraud,22.0
11847,475526,585,2026-10-04,High,Confirmed Fraud,9.8
11848,475577,6548,2026-01-15,High,Confirmed Fraud,7.7
11849,475631,18260,2025-11-14,Medium,Confirmed Fraud,3.9
11850,475691,31354,2025-01-23,High,Confirmed Fraud,45.9
11851,475708,33532,2025-04-21,Medium,Under Review,24.2
11852,475742,49365,2025-03-15,High,Confirmed Fraud,11.8
11853,475780,14975,2026-04-05,High,Confirmed Fraud,14.2
11854,475819,48169,2025-06-22,Medium,Confirmed Fraud,6.6
11855,476018,2098,2026-10-27,High,Confirmed Fraud,7.8
11856,476056,21629,2025-04-18,Medium,Confirmed Fraud,20.3
11857,476084,9570,2025-11-04,High,Confirmed Fraud,18.5
11858,476097,45495,2025-07-17,High,Confirmed Fraud,10.0
11859,476152,5127,2025-12-30,High,Confirmed Fraud,3.3
11860,476224,28029,2025-03-02,Critical,Confirmed Fraud,26.8
11861,476283,37955,2025-08-30,Medium,Closed - No Fraud,12.8
11862,476302,25827,2025-05-13,Medium,Confirmed Fraud,4.4
11863,476438,26076,2025-01-06,Medium,False Positive,40.4
11864,476456,26314,2025-12-28,High,False Positive,9.5
11865,476477,49869,2026-02-22,High,Confirmed Fraud,12.9
11866,476521,4411,2025-10-28,Medium,False Positive,41.7
11867,476529,29658,2025-02-10,Low,Confirmed Fraud,19.7
11868,476542,44306,2025-07-28,Medium,Confirmed Fraud,57.5
11869,476601,8967,2026-10-28,Medium,False Positive,14.9
11870,476632,37320,2026-07-07,High,Closed - No Fraud,27.7
11871,476730,41647,2025-01-23,Medium,Confirmed Fraud,39.7
11872,476776,3736,2026-02-10,High,Confirmed Fraud,17.8
11873,476834,5667,2025-08-02,Medium,Confirmed Fraud,35.2
11874,476843,39111,2026-03-20,High,Confirmed Fraud,8.7
11875,476856,32573,2026-02-13,Low,False Positive,85.6
11876,476893,13319,2026-06-08,Medium,Confirmed Fraud,23.0
11877,476918,38420,2025-06-19,Medium,Confirmed Fraud,27.7
11878,476947,4514,2025-10-27,Low,Confirmed Fraud,20.2
11879,477057,25266,2025-10-26,High,Confirmed Fraud,20.2
11880,477092,38306,2026-07-16,High,Confirmed Fraud,8.4
11881,477098,29137,2026-05-21,Medium,Confirmed Fraud,8.7
11882,477166,33288,2025-01-19,Medium,False Positive,20.4
11883,477204,45464,2026-01-29,High,Confirmed Fraud,57.9
11884,477234,17327,2026-09-30,High,Confirmed Fraud,10.9
11885,477247,22543,2025-06-21,High,Under Review,15.2
11886,477264,27618,2025-07-19,Medium,Confirmed Fraud,7.1
11887,477295,9236,2026-07-13,Critical,Confirmed Fraud,6.6
11888,477353,6013,2026-01-19,Critical,Confirmed Fraud,2.4
11889,477367,12022,2025-06-29,High,Confirmed Fraud,10.6
11890,477431,45493,2026-03-29,Medium,Confirmed Fraud,27.1
11891,477438,8349,2025-09-09,Medium,Confirmed Fraud,5.0
11892,477439,11126,2026-04-23,Medium,Confirmed Fraud,31.7
11893,477482,37371,2025-05-17,High,False Positive,9.3
11894,477587,41440,2025-11-09,Medium,Confirmed Fraud,4.7
11895,477618,25503,2026-10-08,Medium,Confirmed Fraud,3.8
11896,477630,49913,2026-03-31,High,Confirmed Fraud,8.3
11897,477680,48870,2026-09-28,Low,Confirmed Fraud,5.2
11898,477692,22034,2025-08-12,Low,Confirmed Fraud,7.8
11899,477698,33876,2026-08-09,High,Confirmed Fraud,32.5
11900,477717,15070,2025-07-18,Medium,Confirmed Fraud,42.9
11901,477807,4614,2025-12-01,Medium,Closed - No Fraud,3.0
11902,477858,4952,2025-05-11,Low,Confirmed Fraud,26.7
11903,477874,746,2025-08-11,High,Confirmed Fraud,19.9
11904,477884,39038,2025-01-10,High,Closed - No Fraud,22.1
11905,477889,4064,2026-02-16,High,Confirmed Fraud,18.9
11906,477905,26726,2026-09-29,Low,Confirmed Fraud,28.7
11907,477914,10178,2025-04-30,Medium,Under Review,17.9
11908,477928,41367,2026-07-15,Medium,Confirmed Fraud,15.0
11909,478012,23735,2025-05-19,High,Confirmed Fraud,16.5
11910,478063,28191,2026-06-18,Medium,Confirmed Fraud,19.2
11911,478095,16568,2026-08-20,Medium,False Positive,33.8
11912,478096,17750,2025-06-08,Low,False Positive,2.9
11913,478110,7862,2025-09-10,Medium,False Positive,13.4
11914,478163,26889,2025-03-10,High,Closed - No Fraud,8.4
11915,478166,23914,2026-05-23,High,Confirmed Fraud,10.5
11916,478171,14123,2025-06-19,High,Confirmed Fraud,17.7
11917,478192,6657,2025-02-19,Medium,Confirmed Fraud,3.4
11918,478288,23817,2026-02-18,High,Closed - No Fraud,3.0
11919,478295,212,2025-05-23,Medium,Confirmed Fraud,9.9
11920,478296,853,2026-06-07,Medium,Confirmed Fraud,12.7
11921,478300,13930,2025-12-07,High,Confirmed Fraud,32.7
11922,478333,13933,2026-07-16,Critical,Confirmed Fraud,3.2
11923,478347,4701,2025-02-19,Critical,Confirmed Fraud,6.0
11924,478385,46499,2025-05-30,Medium,Confirmed Fraud,3.6
11925,478466,31161,2025-05-03,High,Under Review,5.8
11926,478521,46965,2026-07-05,Medium,Under Review,16.4
11927,478537,47431,2026-03-02,High,Confirmed Fraud,24.0
11928,478546,22523,2026-07-15,Low,Under Review,23.2
11929,478599,29707,2026-03-10,Medium,Confirmed Fraud,11.3
11930,478612,45179,2025-01-21,High,Confirmed Fraud,2.0
11931,478635,32807,2025-06-27,Medium,Confirmed Fraud,12.8
11932,478637,40566,2026-12-25,Medium,Confirmed Fraud,5.5
11933,478638,30668,2026-01-01,Critical,Under Review,8.0
11934,478653,22976,2026-12-31,High,False Positive,10.8
11935,478661,24417,2026-11-20,Medium,Closed - No Fraud,28.1
11936,478699,34095,2025-09-09,Medium,False Positive,4.5
11937,478824,338,2026-02-27,Critical,Confirmed Fraud,11.3
11938,478831,2483,2026-07-06,Medium,Confirmed Fraud,18.5
11939,478903,560,2025-07-19,Critical,Confirmed Fraud,22.8
11940,479028,20752,2026-11-16,High,Confirmed Fraud,16.3
11941,479150,31067,2025-08-26,High,Confirmed Fraud,11.3
11942,479155,46427,2025-03-09,Medium,Confirmed Fraud,14.3
11943,479183,9302,2025-07-14,Medium,Closed - No Fraud,9.6
11944,479199,33909,2026-05-29,Critical,Confirmed Fraud,4.9
11945,479209,11708,2025-10-24,High,Confirmed Fraud,13.8
11946,479218,21344,2025-04-14,Critical,Confirmed Fraud,17.8
11947,479230,20428,2025-10-28,High,Under Review,4.1
11948,479295,4348,2026-12-16,Critical,Confirmed Fraud,3.0
11949,479333,13996,2026-03-19,Medium,Confirmed Fraud,29.3
11950,479368,377,2025-01-23,Critical,False Positive,33.2
11951,479401,40531,2026-01-29,Medium,Confirmed Fraud,10.0
11952,479441,17756,2026-02-26,Medium,Confirmed Fraud,4.1
11953,479484,39893,2025-07-28,High,Closed - No Fraud,4.5
11954,479493,24670,2025-03-07,Low,Closed - No Fraud,9.2
11955,479554,2871,2025-05-21,High,Under Review,13.6
11956,479641,44894,2026-04-13,Medium,Confirmed Fraud,15.0
11957,479679,31750,2025-12-19,High,Confirmed Fraud,8.0
11958,479805,22069,2025-08-24,High,False Positive,12.1
11959,479937,32269,2025-08-07,Critical,Confirmed Fraud,10.9
11960,479987,11108,2025-05-07,Low,Closed - No Fraud,24.1
11961,480053,5706,2026-12-18,Low,Under Review,4.5
11962,480107,3933,2025-03-20,Critical,Confirmed Fraud,10.7
11963,480219,1180,2026-08-31,High,Closed - No Fraud,9.6
11964,480226,45590,2025-05-13,High,False Positive,3.9
11965,480259,6056,2025-02-03,Medium,Confirmed Fraud,20.2
11966,480270,5130,2025-03-17,Medium,Confirmed Fraud,39.0
11967,480279,4695,2026-08-04,High,Closed - No Fraud,5.5
11968,480284,25090,2026-04-03,Medium,Closed - No Fraud,4.6
11969,480341,36219,2026-10-22,Critical,Confirmed Fraud,29.2
11970,480515,39685,2026-06-08,High,Confirmed Fraud,19.1
11971,480523,17893,2025-09-23,Medium,Confirmed Fraud,7.5
11972,480578,13600,2025-12-31,Low,Confirmed Fraud,5.4
11973,480752,2332,2026-11-24,High,Confirmed Fraud,10.4
11974,480765,30608,2025-12-20,Critical,Confirmed Fraud,2.4
11975,480769,23748,2025-12-23,Medium,False Positive,4.7
11976,480827,45428,2025-01-17,Critical,Confirmed Fraud,40.2
11977,480841,7962,2025-12-22,Medium,Confirmed Fraud,11.9
11978,480884,47081,2025-07-17,Medium,Confirmed Fraud,23.3
11979,480920,18744,2025-05-23,High,Confirmed Fraud,4.2
11980,481038,19295,2026-06-06,Medium,Confirmed Fraud,6.0
11981,481063,81,2025-01-03,High,Confirmed Fraud,8.6
11982,481106,46541,2026-03-23,Low,Confirmed Fraud,5.5
11983,481116,28859,2026-10-29,Low,Confirmed Fraud,20.7
11984,481229,21030,2025-01-30,Medium,Confirmed Fraud,12.6
11985,481238,1856,2025-06-21,High,Confirmed Fraud,7.3
11986,481240,32166,2026-06-16,Low,Confirmed Fraud,12.8
11987,481248,49428,2025-01-16,Low,Confirmed Fraud,14.1
11988,481291,6485,2025-04-14,High,Confirmed Fraud,65.9
11989,481312,33552,2026-12-01,Medium,Confirmed Fraud,35.6
11990,481325,14090,2025-10-09,Low,Confirmed Fraud,22.1
11991,481367,9461,2026-10-03,Critical,Confirmed Fraud,4.6
11992,481375,23313,2025-10-21,Medium,Confirmed Fraud,4.2
11993,481539,33140,2025-09-12,High,Confirmed Fraud,17.2
11994,481541,20462,2025-10-28,Critical,Under Review,23.1
11995,481545,44005,2026-01-21,Low,Confirmed Fraud,9.8
11996,481557,42431,2026-01-18,Critical,Confirmed Fraud,7.1
11997,481584,17411,2026-06-08,High,Closed - No Fraud,4.4
11998,481733,2466,2026-03-26,High,Confirmed Fraud,7.2
11999,481801,43904,2025-05-07,Medium,Confirmed Fraud,6.6
12000,481822,16053,2026-08-12,Critical,Confirmed Fraud,13.9
12001,481838,15326,2025-05-19,High,Confirmed Fraud,4.3
12002,481878,18415,2025-10-18,Critical,Closed - No Fraud,9.5
12003,482023,46386,2025-01-16,High,False Positive,35.2
12004,482087,42957,2025-11-24,Medium,Under Review,21.6
12005,482159,19391,2026-04-17,High,Under Review,5.9
12006,482195,20382,2025-04-22,Low,Closed - No Fraud,15.6
12007,482218,33808,2025-03-02,High,Confirmed Fraud,10.6
12008,482250,39753,2026-03-03,Medium,Confirmed Fraud,9.2
12009,482276,25173,2025-11-20,Low,Closed - No Fraud,7.7
12010,482339,1906,2026-08-04,Critical,False Positive,14.0
12011,482380,21293,2026-05-25,High,Under Review,24.6
12012,482395,20523,2025-11-01,Medium,Confirmed Fraud,6.6
12013,482453,41020,2026-05-15,Critical,Confirmed Fraud,5.9
12014,482473,49570,2025-08-18,Critical,Confirmed Fraud,13.3
12015,482593,18509,2025-10-03,Critical,Closed - No Fraud,45.5
12016,482668,34061,2025-07-15,Medium,Confirmed Fraud,1.7
12017,482754,19744,2025-07-17,Medium,Confirmed Fraud,5.3
12018,482755,12988,2025-06-01,Low,Confirmed Fraud,15.8
12019,482757,3231,2026-02-04,Critical,Confirmed Fraud,3.1
12020,482765,27053,2026-09-09,High,Under Review,21.2
12021,482773,20997,2025-02-02,Medium,False Positive,3.2
12022,482784,27862,2026-01-30,Low,Confirmed Fraud,9.4
12023,482817,17797,2025-12-14,Low,Confirmed Fraud,12.0
12024,482818,43465,2025-06-10,Critical,Confirmed Fraud,6.7
12025,482902,18756,2026-03-27,Medium,Confirmed Fraud,9.1
12026,482921,19939,2025-10-02,High,Confirmed Fraud,1.7
12027,483005,46292,2026-05-02,Low,Confirmed Fraud,10.1
12028,483009,43900,2025-05-17,High,Under Review,5.5
12029,483042,21351,2025-08-08,Medium,Closed - No Fraud,6.8
12030,483094,24702,2026-04-09,High,Confirmed Fraud,10.9
12031,483115,48052,2025-08-11,Medium,Under Review,7.8
12032,483123,9878,2026-05-28,Critical,Confirmed Fraud,5.7
12033,483144,41598,2025-05-01,High,Confirmed Fraud,4.9
12034,483201,6347,2025-08-14,High,Confirmed Fraud,3.1
12035,483216,42890,2026-07-05,High,Confirmed Fraud,42.2
12036,483227,33629,2026-06-12,High,Confirmed Fraud,19.8
12037,483239,28910,2026-09-19,High,Closed - No Fraud,21.3
12038,483420,30333,2026-01-25,Low,Confirmed Fraud,3.2
12039,483422,30747,2025-04-15,Low,Confirmed Fraud,38.1
12040,483424,33397,2026-04-01,Critical,Confirmed Fraud,38.1
12041,483467,29808,2026-07-17,Critical,Confirmed Fraud,7.6
12042,483485,5784,2025-04-07,Medium,Under Review,35.5
12043,483520,28932,2025-12-01,Critical,Closed - No Fraud,4.4
12044,483574,29778,2026-12-25,Medium,Confirmed Fraud,3.3
12045,483581,322,2026-09-21,High,Confirmed Fraud,5.2
12046,483589,33108,2025-01-02,Medium,Confirmed Fraud,10.6
12047,483599,32855,2025-03-14,Medium,Closed - No Fraud,10.3
12048,483616,39892,2026-04-17,Low,Confirmed Fraud,18.6
12049,483656,4508,2025-09-03,Critical,Confirmed Fraud,75.0
12050,483714,7267,2025-06-28,Medium,Confirmed Fraud,26.2
12051,483748,30237,2025-06-16,Medium,Confirmed Fraud,6.9
12052,483796,34322,2026-06-03,High,Confirmed Fraud,6.1
12053,483806,39750,2026-11-23,Medium,Confirmed Fraud,91.8
12054,483833,3809,2025-10-06,High,Confirmed Fraud,24.0
12055,483841,47953,2025-04-07,Low,Closed - No Fraud,1.0
12056,483963,30881,2025-06-10,High,Confirmed Fraud,11.7
12057,483974,36127,2026-09-02,High,False Positive,21.4
12058,484066,46788,2026-06-15,Medium,Confirmed Fraud,31.7
12059,484078,15443,2026-06-30,High,Confirmed Fraud,5.6
12060,484163,46232,2025-03-11,High,Confirmed Fraud,15.1
12061,484184,49001,2025-01-12,Low,False Positive,17.7
12062,484398,43562,2026-09-07,Medium,Confirmed Fraud,8.9
12063,484440,41570,2026-04-18,High,False Positive,31.7
12064,484448,45698,2025-12-27,High,Under Review,5.1
12065,484459,8698,2026-01-22,High,Confirmed Fraud,5.9
12066,484553,40479,2025-01-03,Low,Under Review,11.0
12067,484594,47359,2026-08-09,Medium,Confirmed Fraud,6.9
12068,484643,41272,2026-04-26,Critical,Confirmed Fraud,19.4
12069,484651,3943,2026-01-19,Critical,Confirmed Fraud,10.7
12070,484671,49236,2026-10-13,High,Confirmed Fraud,16.3
12071,484763,15011,2025-12-15,High,False Positive,58.0
12072,484788,1329,2026-05-15,High,Confirmed Fraud,3.7
12073,484852,22333,2025-07-06,High,Confirmed Fraud,1.7
12074,484882,28500,2026-03-24,High,Confirmed Fraud,10.4
12075,484905,39363,2025-05-20,High,Confirmed Fraud,4.3
12076,484913,18825,2026-11-21,High,Confirmed Fraud,7.8
12077,484972,26635,2025-09-04,High,Closed - No Fraud,41.1
12078,485104,48718,2025-02-14,Medium,Confirmed Fraud,7.5
12079,485180,49643,2026-01-15,Medium,Closed - No Fraud,17.5
12080,485189,36,2026-07-07,Critical,Confirmed Fraud,5.1
12081,485195,24560,2025-08-02,Medium,False Positive,20.5
12082,485243,29673,2025-12-17,Critical,Confirmed Fraud,15.8
12083,485250,12961,2025-06-20,High,Confirmed Fraud,18.2
12084,485265,35548,2026-01-16,Medium,Confirmed Fraud,12.9
12085,485302,31626,2026-09-05,High,Confirmed Fraud,60.8
12086,485307,11520,2026-06-18,Low,Confirmed Fraud,18.6
12087,485332,20276,2026-11-04,High,Under Review,9.3
12088,485335,28932,2026-03-06,Medium,Closed - No Fraud,4.5
12089,485339,48097,2025-01-29,High,Confirmed Fraud,7.3
12090,485366,34153,2025-03-22,Medium,Under Review,3.6
12091,485368,1181,2025-12-21,High,False Positive,12.1
12092,485416,28207,2026-10-16,Low,Confirmed Fraud,25.7
12093,485417,33761,2025-07-07,Medium,Confirmed Fraud,10.5
12094,485470,30879,2025-08-01,Medium,Confirmed Fraud,14.4
12095,485487,14738,2026-03-05,Critical,False Positive,25.2
12096,485512,8084,2025-07-24,High,Confirmed Fraud,28.1
12097,485556,16585,2025-09-18,Critical,Confirmed Fraud,7.7
12098,485581,37965,2025-06-07,Medium,Confirmed Fraud,30.1
12099,485594,41263,2026-05-21,Medium,Confirmed Fraud,4.2
12100,485605,33244,2025-07-28,Low,Confirmed Fraud,30.3
12101,485647,524,2025-01-01,Medium,False Positive,8.8
12102,485683,29942,2025-07-16,Medium,False Positive,12.1
12103,485719,1760,2025-02-26,Medium,Confirmed Fraud,11.3
12104,485724,32368,2026-02-21,Critical,Confirmed Fraud,9.9
12105,485742,4442,2025-10-02,High,Confirmed Fraud,9.9
12106,485753,29056,2025-12-29,High,Closed - No Fraud,26.5
12107,485773,11486,2026-07-12,Medium,Confirmed Fraud,7.6
12108,485776,23308,2025-10-22,Medium,Confirmed Fraud,18.1
12109,485846,24267,2025-01-03,Medium,Confirmed Fraud,6.0
12110,485929,2773,2025-05-31,Medium,Closed - No Fraud,3.8
12111,485939,48026,2025-01-16,High,Confirmed Fraud,14.0
12112,485942,45764,2025-03-30,High,Confirmed Fraud,8.6
12113,486068,31225,2026-10-03,High,Closed - No Fraud,10.7
12114,486081,10653,2025-11-20,Critical,Under Review,4.3
12115,486098,39715,2026-10-26,Medium,Confirmed Fraud,8.3
12116,486136,45990,2025-06-23,Low,Confirmed Fraud,25.9
12117,486141,6858,2025-11-24,Medium,False Positive,19.4
12118,486159,5109,2025-11-07,High,Closed - No Fraud,14.0
12119,486196,46690,2025-11-14,High,Confirmed Fraud,15.9
12120,486305,13772,2026-10-09,Medium,Confirmed Fraud,14.9
12121,486323,26780,2025-05-26,Low,Closed - No Fraud,35.8
12122,486350,30706,2026-05-26,High,False Positive,11.5
12123,486382,35059,2026-02-14,Low,Confirmed Fraud,5.8
12124,486399,843,2026-04-17,High,Under Review,24.0
12125,486458,20948,2026-03-31,High,Closed - No Fraud,9.3
12126,486554,3968,2025-10-02,Critical,Confirmed Fraud,4.8
12127,486609,11270,2026-10-10,Medium,False Positive,52.5
12128,486659,28148,2025-05-21,High,Confirmed Fraud,4.8
12129,486710,35749,2026-03-27,Low,Confirmed Fraud,22.2
12130,486712,7229,2026-02-22,High,Confirmed Fraud,17.7
12131,486743,36120,2025-05-13,Critical,Confirmed Fraud,5.5
12132,486772,36830,2025-06-25,High,Confirmed Fraud,9.1
12133,486827,471,2025-06-20,Medium,Confirmed Fraud,23.3
12134,486849,10189,2026-07-22,High,Confirmed Fraud,17.5
12135,486859,21506,2025-12-10,Medium,Confirmed Fraud,5.0
12136,486976,5074,2025-03-25,Critical,Confirmed Fraud,5.7
12137,486997,11810,2026-11-02,High,False Positive,10.0
12138,487028,35096,2026-07-19,High,Confirmed Fraud,6.8
12139,487038,46319,2026-02-15,High,Confirmed Fraud,6.5
12140,487129,8731,2025-01-18,Medium,Confirmed Fraud,9.7
12141,487135,43197,2026-04-25,High,Closed - No Fraud,15.7
12142,487196,44431,2025-09-29,High,Confirmed Fraud,5.0
12143,487225,2086,2025-02-08,Medium,Confirmed Fraud,43.2
12144,487246,7481,2025-02-25,Low,Closed - No Fraud,11.3
12145,487259,44334,2025-10-01,Critical,Confirmed Fraud,35.3
12146,487345,18570,2025-10-24,Low,Confirmed Fraud,8.3
12147,487374,31900,2026-05-08,Medium,Confirmed Fraud,2.5
12148,487384,32933,2026-06-16,High,Confirmed Fraud,16.3
12149,487395,27846,2025-01-15,Medium,Confirmed Fraud,41.9
12150,487417,32393,2025-02-06,High,Confirmed Fraud,11.6
12151,487424,7047,2025-07-23,Medium,Confirmed Fraud,11.2
12152,487474,26207,2026-07-07,High,Under Review,7.4
12153,487561,33546,2025-02-20,High,Confirmed Fraud,8.3
12154,487562,43914,2025-06-12,High,Confirmed Fraud,4.6
12155,487621,43164,2025-02-26,High,False Positive,12.1
12156,487651,13804,2026-08-20,Medium,Confirmed Fraud,16.6
12157,487653,36755,2025-03-28,Critical,Confirmed Fraud,3.8
12158,487660,6095,2025-09-20,Low,Confirmed Fraud,11.5
12159,487664,16006,2026-02-18,High,Confirmed Fraud,15.2
12160,487676,17148,2025-06-01,Low,Confirmed Fraud,13.2
12161,487733,44634,2025-12-11,Medium,Closed - No Fraud,7.6
12162,487739,32544,2026-04-15,Medium,Closed - No Fraud,6.5
12163,487747,30129,2026-02-15,Medium,Under Review,27.0
12164,487748,17684,2026-10-07,Critical,False Positive,4.6
12165,487782,26735,2026-08-13,Low,Closed - No Fraud,22.0
12166,487793,29768,2026-02-10,Medium,Confirmed Fraud,5.1
12167,487800,15299,2025-04-28,High,Under Review,24.3
12168,487816,34613,2025-03-03,High,Closed - No Fraud,48.8
12169,487836,17111,2025-11-22,Critical,Confirmed Fraud,10.1
12170,487908,19265,2025-04-09,Medium,Confirmed Fraud,11.1
12171,487946,39763,2025-03-18,High,Under Review,8.9
12172,488023,47557,2026-10-09,High,Confirmed Fraud,5.4
12173,488028,33625,2025-04-28,Critical,Confirmed Fraud,6.1
12174,488031,30810,2025-02-03,Critical,Confirmed Fraud,10.8
12175,488079,40409,2025-06-05,High,Closed - No Fraud,34.1
12176,488085,45693,2025-06-11,Low,Confirmed Fraud,6.5
12177,488115,3135,2025-03-04,Medium,Confirmed Fraud,14.8
12178,488228,19920,2025-11-20,High,Confirmed Fraud,21.0
12179,488351,27709,2025-08-02,Medium,Confirmed Fraud,1.3
12180,488366,47589,2025-02-13,Medium,Under Review,5.5
12181,488371,6214,2026-12-21,High,Confirmed Fraud,13.0
12182,488398,25246,2025-05-23,High,Confirmed Fraud,6.2
12183,488431,16997,2025-06-15,High,Confirmed Fraud,12.2
12184,488433,24165,2025-08-03,Low,Confirmed Fraud,20.6
12185,488449,14586,2025-02-07,Low,Confirmed Fraud,39.9
12186,488466,5503,2026-07-05,Critical,Confirmed Fraud,3.2
12187,488621,49335,2025-11-01,High,Confirmed Fraud,19.3
12188,488649,20409,2025-01-17,High,Confirmed Fraud,3.6
12189,488671,32746,2026-01-24,Medium,Confirmed Fraud,16.6
12190,488726,34628,2025-10-23,High,Confirmed Fraud,63.0
12191,488729,22685,2025-03-12,High,Confirmed Fraud,2.8
12192,488749,23198,2025-09-27,High,Confirmed Fraud,11.7
12193,488764,24269,2026-11-23,Medium,Confirmed Fraud,16.3
12194,488788,38087,2025-12-11,Critical,Under Review,6.8
12195,488850,33224,2025-06-20,Critical,Confirmed Fraud,12.5
12196,488903,36670,2025-03-24,Medium,Closed - No Fraud,10.9
12197,488927,35387,2026-02-12,High,Confirmed Fraud,19.6
12198,488929,22054,2026-05-06,Medium,False Positive,7.2
12199,488964,23385,2026-02-09,High,Confirmed Fraud,6.3
12200,489068,28696,2025-09-12,High,Confirmed Fraud,4.5
12201,489160,35289,2026-03-25,Medium,Confirmed Fraud,14.1
12202,489163,23392,2025-10-13,Medium,Confirmed Fraud,14.7
12203,489178,15149,2026-11-29,Medium,Closed - No Fraud,7.9
12204,489188,29788,2025-05-23,High,Confirmed Fraud,7.0
12205,489191,33200,2026-12-04,Low,Confirmed Fraud,19.8
12206,489208,38100,2026-06-30,Low,Closed - No Fraud,14.8
12207,489210,8590,2026-08-10,High,Confirmed Fraud,6.2
12208,489249,27896,2025-11-18,Medium,Confirmed Fraud,10.9
12209,489410,308,2026-05-18,Critical,Closed - No Fraud,6.6
12210,489420,48250,2025-03-26,Medium,Confirmed Fraud,8.7
12211,489467,34710,2025-03-19,High,Confirmed Fraud,20.1
12212,489494,31065,2026-02-21,High,False Positive,19.1
12213,489544,888,2025-05-17,High,Confirmed Fraud,2.4
12214,489615,45579,2025-05-20,Medium,Confirmed Fraud,5.6
12215,489666,9025,2025-02-14,Critical,Confirmed Fraud,9.0
12216,489712,45931,2026-02-25,High,Confirmed Fraud,6.3
12217,489730,31135,2025-07-25,Critical,Confirmed Fraud,28.2
12218,489801,20403,2025-02-10,Critical,Confirmed Fraud,53.4
12219,489841,29382,2025-01-21,High,Confirmed Fraud,4.8
12220,489850,18847,2026-08-22,High,False Positive,14.1
12221,489897,17531,2025-09-12,Medium,Confirmed Fraud,12.0
12222,489913,22607,2025-09-01,High,Confirmed Fraud,26.4
12223,489918,1072,2026-09-17,Medium,Confirmed Fraud,4.0
12224,489994,6359,2026-07-25,Medium,Confirmed Fraud,11.7
12225,490068,24438,2026-08-14,Critical,Confirmed Fraud,5.1
12226,490091,13545,2025-10-11,Medium,Confirmed Fraud,19.6
12227,490134,35872,2025-07-31,High,Confirmed Fraud,14.6
12228,490141,7154,2025-04-29,Low,Confirmed Fraud,10.1
12229,490144,11203,2025-06-12,Critical,Confirmed Fraud,11.3
12230,490168,22239,2025-10-09,Critical,Confirmed Fraud,4.9
12231,490169,29212,2025-01-17,Medium,Confirmed Fraud,4.6
12232,490176,14524,2026-10-02,Medium,Confirmed Fraud,14.3
12233,490195,5172,2025-09-12,Critical,Confirmed Fraud,7.8
12234,490299,29949,2026-05-28,Critical,Confirmed Fraud,4.5
12235,490443,28692,2025-01-01,High,Confirmed Fraud,25.0
12236,490499,11254,2026-10-05,Low,Confirmed Fraud,71.9
12237,490522,46059,2026-09-26,High,Closed - No Fraud,7.0
12238,490533,16858,2025-01-17,Critical,Confirmed Fraud,1.6
12239,490550,8458,2026-03-17,High,Confirmed Fraud,4.1
12240,490682,36109,2025-02-08,Critical,Confirmed Fraud,47.9
12241,490721,10883,2025-04-27,Critical,Confirmed Fraud,3.5
12242,490807,38310,2025-01-22,Medium,Confirmed Fraud,15.5
12243,490818,27308,2026-09-23,High,Confirmed Fraud,8.9
12244,490829,25060,2026-03-03,Medium,Closed - No Fraud,27.7
12245,491000,40960,2026-07-19,Medium,Confirmed Fraud,5.7
12246,491022,25255,2026-01-12,Critical,Closed - No Fraud,16.2
12247,491057,37819,2025-10-19,High,Confirmed Fraud,11.4
12248,491068,30298,2026-08-17,High,Closed - No Fraud,4.9
12249,491080,3102,2026-10-09,High,Under Review,8.2
12250,491097,6151,2026-05-15,Medium,Confirmed Fraud,11.6
12251,491139,26393,2025-10-03,High,Confirmed Fraud,4.0
12252,491178,19016,2026-10-25,Medium,Confirmed Fraud,3.9
12253,491228,35456,2025-12-19,Medium,Confirmed Fraud,5.0
12254,491263,32184,2025-05-08,Medium,Confirmed Fraud,9.7
12255,491315,14950,2025-05-11,High,Closed - No Fraud,3.1
12256,491353,8675,2026-11-05,Medium,Under Review,9.0
12257,491396,30810,2026-04-09,Low,False Positive,3.2
12258,491506,2209,2025-10-10,Low,Confirmed Fraud,13.8
12259,491569,43810,2026-03-07,Medium,Confirmed Fraud,13.8
12260,491584,25858,2026-08-25,High,Closed - No Fraud,25.5
12261,491634,35766,2025-09-02,Critical,Confirmed Fraud,3.7
12262,491651,29915,2025-10-14,Low,Confirmed Fraud,13.8
12263,491679,25960,2025-01-29,High,Confirmed Fraud,10.1
12264,491716,12809,2025-11-19,High,Confirmed Fraud,11.5
12265,491736,41093,2026-08-27,High,Closed - No Fraud,6.0
12266,491748,6745,2025-12-22,High,Closed - No Fraud,5.5
12267,491753,35177,2025-02-10,Medium,Confirmed Fraud,7.2
12268,491828,9023,2025-06-09,Medium,Confirmed Fraud,10.8
12269,491858,7393,2026-12-08,Medium,Confirmed Fraud,15.1
12270,491962,19024,2026-07-09,Critical,Under Review,7.7
12271,491978,39398,2025-11-30,Medium,False Positive,8.4
12272,491979,25954,2025-04-28,Medium,Confirmed Fraud,4.6
12273,492035,9303,2026-08-18,Medium,Confirmed Fraud,28.8
12274,492039,45164,2025-08-26,High,Under Review,10.8
12275,492156,46430,2026-01-24,Medium,False Positive,24.3
12276,492180,6225,2026-02-19,Medium,Confirmed Fraud,31.3
12277,492202,31078,2025-04-06,Medium,Confirmed Fraud,22.8
12278,492294,5533,2025-09-05,Medium,Confirmed Fraud,22.5
12279,492399,30162,2026-06-13,Medium,Confirmed Fraud,14.2
12280,492440,29659,2025-10-28,Medium,Confirmed Fraud,21.9
12281,492596,6999,2026-10-07,High,Confirmed Fraud,10.6
12282,492611,16644,2025-09-13,Medium,Under Review,8.8
12283,492714,30867,2025-05-25,High,Confirmed Fraud,3.5
12284,492715,7386,2025-08-16,High,Confirmed Fraud,6.4
12285,492718,19118,2025-11-28,Medium,Confirmed Fraud,21.0
12286,492745,5609,2025-01-23,High,Confirmed Fraud,43.6
12287,492754,44891,2026-04-04,High,Confirmed Fraud,16.5
12288,492771,49665,2026-03-10,High,False Positive,3.7
12289,492776,37718,2026-01-16,High,Confirmed Fraud,5.3
12290,492795,35126,2026-07-03,Medium,Confirmed Fraud,14.6
12291,492801,9192,2026-12-12,High,Confirmed Fraud,19.9
12292,492821,35670,2025-09-02,Medium,False Positive,13.9
12293,492857,858,2025-05-29,Medium,Under Review,13.4
12294,492876,44902,2026-12-04,Medium,Closed - No Fraud,21.4
12295,492908,24811,2025-06-07,Critical,Closed - No Fraud,11.3
12296,492911,26522,2025-01-25,Medium,Closed - No Fraud,11.6
12297,492937,3147,2026-10-02,High,Confirmed Fraud,1.3
12298,492953,19948,2025-10-24,Critical,Confirmed Fraud,1.4
12299,493003,39439,2025-07-16,High,Confirmed Fraud,5.7
12300,493008,40349,2026-10-15,High,Confirmed Fraud,12.8
12301,493033,6510,2025-04-23,Low,Confirmed Fraud,12.5
12302,493054,18553,2026-02-25,High,Confirmed Fraud,5.6
12303,493099,27354,2026-07-29,Critical,Under Review,4.9
12304,493171,41144,2025-06-14,High,Confirmed Fraud,6.4
12305,493214,41931,2025-06-26,High,Confirmed Fraud,38.6
12306,493224,1188,2026-12-12,High,Confirmed Fraud,12.0
12307,493258,32247,2025-01-22,Critical,Under Review,24.9
12308,493283,23019,2025-04-05,Low,Confirmed Fraud,4.2
12309,493333,31729,2025-05-17,Medium,False Positive,19.9
12310,493356,35261,2026-04-30,Critical,Confirmed Fraud,4.6
12311,493363,8613,2025-02-23,High,Confirmed Fraud,15.5
12312,493366,49570,2026-12-04,Critical,Closed - No Fraud,21.7
12313,493391,49517,2026-02-11,Medium,Confirmed Fraud,12.8
12314,493510,48430,2025-03-09,Critical,Closed - No Fraud,11.3
12315,493538,34731,2026-03-13,High,Confirmed Fraud,23.9
12316,493548,2649,2025-12-13,High,Confirmed Fraud,2.7
12317,493651,24663,2026-01-27,Critical,Confirmed Fraud,18.7
12318,493669,31181,2025-04-30,High,Closed - No Fraud,8.5
12319,493678,40377,2025-06-04,Medium,Closed - No Fraud,34.8
12320,493696,45506,2026-09-18,High,Under Review,14.7
12321,493700,40420,2025-09-11,High,Confirmed Fraud,8.9
12322,493709,40301,2026-04-26,Low,Confirmed Fraud,13.8
12323,493757,5395,2026-03-13,High,Under Review,31.7
12324,493760,24785,2025-02-15,Medium,Confirmed Fraud,13.9
12325,493773,19059,2025-06-10,High,Confirmed Fraud,48.6
12326,493794,33429,2025-08-01,Critical,False Positive,3.4
12327,493829,38376,2025-03-06,Low,Confirmed Fraud,6.0
12328,493882,44432,2025-09-28,High,Confirmed Fraud,51.5
12329,494002,29699,2026-10-28,Medium,Confirmed Fraud,5.4
12330,494029,36551,2026-06-02,Medium,Closed - No Fraud,15.3
12331,494067,4714,2026-03-29,Critical,Closed - No Fraud,15.2
12332,494147,16323,2026-12-27,Medium,Confirmed Fraud,17.7
12333,494192,23491,2025-02-27,Critical,Confirmed Fraud,8.7
12334,494207,27589,2025-02-13,Medium,Confirmed Fraud,12.2
12335,494221,4881,2025-11-04,Low,Confirmed Fraud,22.7
12336,494231,25098,2025-08-15,Low,Confirmed Fraud,41.8
12337,494249,45098,2025-06-21,High,Confirmed Fraud,8.7
12338,494267,19558,2025-01-08,Low,Confirmed Fraud,19.5
12339,494419,35067,2026-10-12,Low,Confirmed Fraud,8.0
12340,494436,24825,2025-08-09,High,Confirmed Fraud,11.3
12341,494440,47761,2025-10-15,Medium,Confirmed Fraud,3.7
12342,494473,46784,2025-07-27,Critical,Confirmed Fraud,26.4
12343,494477,28831,2025-01-30,Medium,Confirmed Fraud,6.6
12344,494484,5617,2025-07-26,Medium,Confirmed Fraud,12.2
12345,494551,27933,2026-03-29,High,Confirmed Fraud,9.9
12346,494560,33468,2026-08-14,High,Under Review,15.3
12347,494581,21236,2025-03-03,Critical,Confirmed Fraud,2.2
12348,494691,14794,2026-07-26,High,Closed - No Fraud,7.9
12349,494697,32966,2025-01-10,High,Confirmed Fraud,2.8
12350,494754,32470,2025-09-17,High,Under Review,5.9
12351,494756,36836,2025-01-21,Medium,Confirmed Fraud,8.8
12352,494787,12801,2025-03-17,High,Under Review,8.3
12353,494830,2090,2026-02-20,Critical,Confirmed Fraud,11.3
12354,494896,4713,2025-04-01,Critical,Confirmed Fraud,12.2
12355,494908,34931,2025-06-18,High,Confirmed Fraud,5.5
12356,495002,38581,2026-07-15,Medium,Under Review,1.7
12357,495088,22095,2025-01-20,Critical,Closed - No Fraud,11.5
12358,495257,44688,2025-04-09,High,Confirmed Fraud,5.2
12359,495376,8474,2025-03-19,Critical,Confirmed Fraud,6.2
12360,495428,19070,2025-07-27,Medium,Confirmed Fraud,6.5
12361,495440,5566,2026-10-14,Medium,Confirmed Fraud,6.7
12362,495450,16530,2025-09-26,Medium,Confirmed Fraud,10.0
12363,495475,39286,2026-05-25,High,Confirmed Fraud,13.9
12364,495509,22507,2025-10-29,Low,Confirmed Fraud,7.3
12365,495590,10068,2025-09-09,Medium,False Positive,35.2
12366,495619,10395,2026-03-06,Medium,Confirmed Fraud,31.6
12367,495685,9236,2026-07-18,High,Closed - No Fraud,7.4
12368,495742,7194,2026-05-02,Critical,Confirmed Fraud,17.5
12369,495774,8788,2025-10-12,High,Confirmed Fraud,28.8
12370,495823,13182,2026-12-19,Medium,Confirmed Fraud,18.8
12371,495988,11387,2025-01-08,Medium,Closed - No Fraud,6.3
12372,495991,40521,2026-01-22,Medium,Confirmed Fraud,16.0
12373,496010,4534,2025-03-08,Low,Confirmed Fraud,22.5
12374,496084,5469,2026-06-17,High,Closed - No Fraud,54.0
12375,496086,44527,2026-06-11,Medium,Confirmed Fraud,11.7
12376,496087,18929,2025-11-29,High,Confirmed Fraud,6.4
12377,496099,22970,2025-01-31,Medium,Confirmed Fraud,3.1
12378,496145,22077,2026-04-20,High,Closed - No Fraud,11.5
12379,496155,15402,2025-07-30,High,Confirmed Fraud,9.6
12380,496193,31791,2026-10-20,Critical,Confirmed Fraud,12.8
12381,496220,1080,2025-12-29,Critical,Confirmed Fraud,17.5
12382,496240,2827,2025-01-07,High,Under Review,4.3
12383,496254,12510,2025-11-20,Medium,Confirmed Fraud,10.5
12384,496338,7848,2025-05-17,High,Confirmed Fraud,17.4
12385,496367,44216,2025-11-14,High,False Positive,22.3
12386,496380,27900,2025-11-27,Medium,False Positive,25.2
12387,496386,39366,2026-09-16,High,Closed - No Fraud,31.5
12388,496389,1326,2026-05-13,Medium,Under Review,8.8
12389,496493,5990,2026-03-30,Medium,Confirmed Fraud,17.2
12390,496515,3405,2025-06-20,Low,Confirmed Fraud,8.1
12391,496546,16346,2025-04-04,High,Confirmed Fraud,8.4
12392,496552,12100,2025-12-18,Critical,Confirmed Fraud,6.7
12393,496557,45370,2026-08-22,High,Confirmed Fraud,18.1
12394,496569,37824,2025-10-18,Medium,Confirmed Fraud,5.9
12395,496573,44322,2025-06-05,Low,Confirmed Fraud,39.7
12396,496665,10691,2025-02-16,High,Confirmed Fraud,7.8
12397,496695,42608,2025-11-05,High,Confirmed Fraud,11.2
12398,496712,48892,2025-05-19,High,Confirmed Fraud,30.4
12399,496751,17529,2026-12-21,High,Confirmed Fraud,49.3
12400,496763,37229,2026-10-06,Low,Confirmed Fraud,10.4
12401,496827,19033,2025-03-24,Medium,Confirmed Fraud,11.2
12402,496849,11680,2025-08-20,Medium,Confirmed Fraud,18.9
12403,496851,32632,2025-07-23,High,Confirmed Fraud,8.4
12404,496906,45011,2026-05-18,High,Confirmed Fraud,4.6
12405,496942,44387,2026-03-01,Low,Under Review,6.6
12406,497004,3586,2026-01-11,High,Confirmed Fraud,6.7
12407,497093,46771,2026-03-16,High,Confirmed Fraud,17.3
12408,497131,32084,2025-07-02,High,Confirmed Fraud,30.2
12409,497172,41330,2026-03-14,Critical,False Positive,5.1
12410,497182,11491,2026-02-25,High,Confirmed Fraud,7.0
12411,497232,43097,2025-06-18,High,Closed - No Fraud,3.4
12412,497323,7477,2025-09-23,Low,Under Review,4.4
12413,497384,19054,2026-07-03,Low,Confirmed Fraud,5.2
12414,497462,9362,2025-04-12,High,Under Review,36.0
12415,497500,33539,2025-11-20,Medium,False Positive,6.8
12416,497541,9362,2025-03-05,High,Confirmed Fraud,5.1
12417,497550,4879,2026-02-09,Critical,Under Review,22.8
12418,497602,44606,2026-12-09,Medium,Closed - No Fraud,4.4
12419,497621,10176,2026-12-21,High,Confirmed Fraud,5.3
12420,497631,11272,2026-01-28,Medium,Closed - No Fraud,16.5
12421,497654,34331,2025-06-02,High,Confirmed Fraud,15.4
12422,497665,27637,2026-08-23,Medium,Confirmed Fraud,2.2
12423,497681,32706,2026-11-24,High,False Positive,15.3
12424,497699,49593,2025-05-12,Medium,Confirmed Fraud,5.1
12425,497732,46014,2025-05-08,High,Confirmed Fraud,26.1
12426,497733,25970,2025-07-21,Medium,Confirmed Fraud,8.2
12427,497740,25862,2026-05-10,Medium,Confirmed Fraud,20.5
12428,497873,10210,2025-09-30,High,Under Review,3.6
12429,497948,742,2025-04-11,Medium,Confirmed Fraud,21.4
12430,497974,15916,2025-05-25,Medium,False Positive,8.3
12431,498066,32554,2026-10-28,High,False Positive,34.4
12432,498068,37818,2025-01-25,Medium,Confirmed Fraud,42.1
12433,498069,19217,2025-03-22,Low,Confirmed Fraud,4.0
12434,498076,21339,2025-01-15,High,Under Review,9.3
12435,498084,35397,2026-08-04,Low,Confirmed Fraud,24.9
12436,498090,22964,2026-06-27,High,False Positive,15.6
12437,498096,40005,2026-06-10,Medium,Confirmed Fraud,4.1
12438,498100,28294,2025-09-20,High,Under Review,10.9
12439,498140,20166,2025-08-26,Medium,Confirmed Fraud,4.8
12440,498207,1363,2026-03-04,High,Confirmed Fraud,6.7
12441,498239,32263,2025-10-17,Low,Confirmed Fraud,5.6
12442,498348,12530,2025-07-16,Critical,Confirmed Fraud,17.2
12443,498352,40356,2026-06-23,High,Under Review,3.6
12444,498369,47783,2026-12-12,High,Under Review,2.9
12445,498420,24390,2026-09-22,High,Confirmed Fraud,10.5
12446,498481,44418,2026-07-03,Critical,Under Review,3.4
12447,498488,1,2026-03-19,High,Closed - No Fraud,15.6
12448,498494,34219,2025-05-04,High,Confirmed Fraud,9.0
12449,498533,13141,2025-04-25,High,Closed - No Fraud,10.3
12450,498562,12402,2025-06-09,Medium,Confirmed Fraud,37.7
12451,498571,20623,2026-03-16,Medium,Confirmed Fraud,7.3
12452,498671,18193,2026-03-15,Critical,Confirmed Fraud,15.0
12453,498684,3629,2026-07-19,Low,Confirmed Fraud,26.8
12454,498722,3948,2026-01-15,Medium,Confirmed Fraud,15.2
12455,498728,17088,2026-01-03,High,Confirmed Fraud,9.6
12456,498782,6832,2025-10-02,Medium,Confirmed Fraud,23.0
12457,498805,15513,2025-05-16,Medium,Confirmed Fraud,4.1
12458,498838,6891,2025-08-30,High,False Positive,3.4
12459,498841,594,2026-12-24,High,Confirmed Fraud,8.4
12460,498858,2675,2026-11-21,Low,Confirmed Fraud,11.7
12461,498871,26411,2026-07-08,Critical,Confirmed Fraud,5.9
12462,498916,22600,2026-10-22,High,Under Review,5.2
12463,498946,26500,2026-01-24,Medium,Confirmed Fraud,12.3
12464,498964,43701,2025-07-01,Medium,Closed - No Fraud,18.4
12465,498965,38602,2025-11-12,Medium,Under Review,16.6
12466,499009,28292,2025-07-13,Medium,Confirmed Fraud,7.5
12467,499031,49636,2025-09-07,Low,Confirmed Fraud,6.2
12468,499048,42761,2026-02-05,Medium,Confirmed Fraud,14.2
12469,499049,20095,2025-01-16,High,Confirmed Fraud,3.7
12470,499088,19434,2025-12-02,High,Confirmed Fraud,1.5
12471,499160,2624,2025-12-24,High,Confirmed Fraud,4.5
12472,499181,1269,2025-07-17,High,False Positive,3.1
12473,499194,32772,2025-11-22,Low,Confirmed Fraud,6.0
12474,499278,32296,2025-11-07,Critical,Confirmed Fraud,35.8
12475,499323,31676,2026-02-14,High,Confirmed Fraud,23.6
12476,499573,36843,2026-02-17,High,Confirmed Fraud,10.1
12477,499614,34291,2025-08-01,Medium,Confirmed Fraud,82.8
12478,499616,3797,2026-12-21,High,Confirmed Fraud,21.8
12479,499643,17749,2025-12-21,High,False Positive,55.1
12480,499675,9200,2025-02-11,High,Confirmed Fraud,2.1
12481,499694,47506,2025-04-07,Medium,False Positive,12.7
12482,499770,42418,2025-02-11,High,Confirmed Fraud,4.2
12483,499886,30856,2025-06-15,High,Confirmed Fraud,11.6
12484,499915,1808,2025-04-18,High,Confirmed Fraud,19.5
12485,499925,3287,2025-10-23,Medium,Closed - No Fraud,10.3
12486,499990,25995,2025-11-12,High,Confirmed Fraud,14.1
